law_code,source_id,group_legal_name,category_code,special_management,special_organic,match_kind,match_pattern,status,reviewed_by,source_url,note
ish,RJ_04_031,ジクロルベンジジン及びその塩,tokka_class_1,1,0,name_regex,ジクロロベンジジン|ジクロルベンジジン|ジクロロビフェニル.*(ジアミン|ジアンモニウム),reviewed,Ameyanagi,https://laws.e-gov.go.jp/law/347CO0000000318,"別表第3第1号1。3,3'-ジクロロビフェニル-4,4'-ジイルジアミン系の塩を含む"
ish,RJ_04_031,アルフア－ナフチルアミン及びその塩,tokka_class_1,1,0,name_regex,1-ナフチルアミン|α-ナフチルアミン|ナフタレン-1-アミン|1-ナフタレンアミン|1-アミノナフタレン|ナフタレン-1-イルアミン|ナフタレン-1-アンモニウム,reviewed,Ameyanagi,https://laws.e-gov.go.jp/law/347CO0000000318,別表第3第1号2
ish,RJ_04_031,オルト－トリジン及びその塩,tokka_class_1,1,0,name_regex,"ジメチルベンジジン|o-トリジン|オルト-トリジン|3,3'-ジメチルビフェニル.*(ジアミン|ジアンモニウム)|トリジン",reviewed,Ameyanagi,https://laws.e-gov.go.jp/law/347CO0000000318,別表第3第1号4
ish,RJ_04_031,ジアニシジン及びその塩,tokka_class_1,1,0,name_regex,ジアニシジン|ジメトキシベンジジン|ジメトキシビフェニル.*(ジアミン|ジアンモニウム),reviewed,Ameyanagi,https://laws.e-gov.go.jp/law/347CO0000000318,別表第3第1号5
ish,RJ_04_031,ベンゾトリクロリド,tokka_class_1,1,0,name_regex,ベンゾトリクロリド|ベンジリジン=トリクロリド|トリクロロメチル\)?ベンゼン,reviewed,Ameyanagi,https://laws.e-gov.go.jp/law/347CO0000000318,別表第3第1号7。含有率0.5 %超が対象
ish,RJ_04_031,塩素化ビフェニル（別名ＰＣＢ）,tokka_class_1,0,0,name_regex,"(?i)クロロビフェニル|クロロ-1,1'-ビフェニル|PCB|ポリ塩化ビフェニル|塩素化ビフェニル|chlorobiphenyl",reviewed,Ameyanagi,https://laws.e-gov.go.jp/law/347CO0000000318,別表第3第1号3。特化則38条の4で特別管理物質から除外（塩素化ビフェニル等を除く）
ish,RJ_04_031,ベリリウム及びその化合物,tokka_class_1,1,0,name_regex,(?i)ベリリウム|ベリラート|beryll,reviewed,Ameyanagi,https://laws.e-gov.go.jp/law/347CO0000000318,別表第3第1号6
ish,RJ_04_031,アルキル水銀化合物,tokka_class_2,0,0,name_regex,(メチル|エチル)\)水銀|ジ(メチル|エチル)水銀|(メチル|エチル)水銀|エタニド.*メルクラート|チメロサール,reviewed,Ameyanagi,https://laws.e-gov.go.jp/law/347CO0000000318,別表第3第2号3（アルキル基がメチル基又はエチル基）
ish,RJ_04_031,水銀及びその無機化合物,tokka_class_2,0,0,name_regex,(?i)水銀|メルクラート|メルクリ|mercur,reviewed,Ameyanagi,https://laws.e-gov.go.jp/law/347CO0000000318,別表第3第2号22（硫化水銀を除く）。アルキル水銀化合物は第2号3の別ルール; 特管群（クロム酸11・重クロム酸21・砒素27の2・コバルト13の2）と同時一致した場合は厳格側（特管）が優先
ish,RJ_04_031,重クロム酸及びその塩,tokka_class_2,1,0,name_regex,(?i)二クロム酸|重クロム酸|ジクロマート|ジクロム酸|ヘプタオキシド二クロム|dichromate,reviewed,Ameyanagi,https://laws.e-gov.go.jp/law/347CO0000000318,別表第3第2号21
ish,RJ_04_031,クロム酸及びその塩,tokka_class_2,1,0,name_regex,(?i)^亜クロム酸亜鉛$|(?<!亜)クロム酸|(?<!亜)クロマート|三酸化クロム|酸化クロム\(VI\)|クロム\(VI\)|(?<!sub)chromate|ジオキソクロム|クロミル|酸化亜鉛クロム|ピグメントレッド104,reviewed,Ameyanagi,https://laws.e-gov.go.jp/law/347CO0000000318,別表第3第2号11。三酸化クロム（無水クロム酸）・塩化クロミル・C.I.ピグメントレッド104（クロム酸鉛系）を含む；12018-19-8 亜クロム酸亜鉛を含む。NITE-CHRIP物質ページで区分確認（2026-08-29）
ish,RJ_04_031,ニッケルカルボニル,tokka_class_2,1,0,name_regex,ニッケルカルボニル|テトラカルボニルニッケル|カルボニルニッケル,reviewed,Ameyanagi,https://laws.e-gov.go.jp/law/347CO0000000318,別表第3第2号24
ish,RJ_04_031,ニッケル化合物（２４に掲げる物を除き、粉状の物に限る。）,tokka_class_2,1,0,name_regex,(?i)ニッケル|ニッケラート|nickel|ピグメントイエロー53,reviewed,Ameyanagi,https://laws.e-gov.go.jp/law/347CO0000000318,別表第3第2号23の3。粉状の物に限る。C.I.ピグメントイエロー53（ニッケル・アンチモン・チタン系）を含む
ish,RJ_04_031,インジウム化合物,tokka_class_2,1,0,name_regex,(?i)インジウム|indium,reviewed,Ameyanagi,https://laws.e-gov.go.jp/law/347CO0000000318,別表第3第2号3の2
ish,RJ_04_031,カドミウム及びその化合物,tokka_class_2,0,0,name_regex,(?i)カドミウム|カドマート|cadmium|ピグメントイエロー35|ピグメント(レッド|レッド)108,reviewed,Ameyanagi,https://laws.e-gov.go.jp/law/347CO0000000318,"別表第3第2号10。砒素化合物（第2号27の2, 特管）と同時一致した場合は特管側が優先"
ish,RJ_04_031,コバルト及びその無機化合物,tokka_class_2,1,0,name_regex,(?i)^コバルトクロロフィリンナトリウム$|^(?!.*(?:クロロフィリン|ナフテン酸|樹脂酸|ロジン酸|ステアリン|オクタン酸|エチルヘキサン酸|ネオデカン|アセチルアセトナト|ジチオカルバ|カルバモジチオ|酢酸|アセタート|オキサラート|シュウ酸|クエン酸|ギ酸|安息香酸|ベンゾアート))(?=.*(?:コバルト|コバルタート|cobalt|ピグメントブルー28|ピグメントブルー72)),reviewed,Ameyanagi,https://laws.e-gov.go.jp/law/347CO0000000318,別表第3第2号13の2。無機化合物に限る（クロロフィリン・有機酸塩等の有機コバルトは除外; アンミン/シアノ錯体・スピネルは無機）；11005-93-9 はNITE上コバルト及びその無機化合物として収載。NITE-CHRIP物質ページで区分確認（2026-08-29）
ish,RJ_04_031,砒素及びその化合物（アルシン及び砒化ガリウムを除く。）,tokka_class_2,1,0,name_regex,(?i)^(?!アルシン$)(?!.*(?:砒化ガリウム|ヒ化ガリウム|galliumarsenide))(?=.*(?:ヒ素|砒素|ヒ酸|ヒ化|アルシン|アルシノ|アルソン|アルソノ|アルソナート|アルサン|ナルサジニン|キサルシン|アルシナート|アルソニウム|アルサ|アルセ|砒|arsen|arson|arsin|ピグメントグリーン21)),reviewed,Ameyanagi,https://laws.e-gov.go.jp/law/347CO0000000318,別表第3第2号27の2。アルシン及び砒化ガリウムは法文で除外（ガリウムヒ素リン等の混晶はNITE特化則リストに収載されているため対象のまま）。C.I.ピグメントグリーン21（亜ヒ酸酢酸銅）を含む
ish,RJ_04_031,マンガン及びその化合物,tokka_class_2,0,0,name_regex,(?i)^ピグメントレッド115$|^アビエチン酸マグネシウム$|マンガン|マンガナート|manganese|ピグメントブラック26,reviewed,Ameyanagi,https://laws.e-gov.go.jp/law/347CO0000000318,別表第3第2号33。C.I.ピグメントブラック26（マンガンフェライト）を含む；6358-40-3 ピグメントレッド115、54675-76-2（NITE名称はマグネシウム表記だがEC/RISCADはアビエチン酸マンガン）。NITE-CHRIP物質ページで区分確認（2026-08-29）
ish,RJ_04_031,五酸化バナジウム,tokka_class_2,0,0,name_regex,(?i)^五酸化(二)?バナジウム|^酸化バナジウム\(V\)|^バナジウムペントキシド|^(di)?vanadiumpentoxide|^vanadium\(V\)oxide,reviewed,Ameyanagi,https://laws.e-gov.go.jp/law/347CO0000000318,別表第3第2号13
ish,RJ_04_031,三酸化二アンチモン,tokka_class_2,1,0,name_regex,(?i)^三酸化(二)?アンチモン|^酸化アンチモン\(III\)|^三酸化アンチモン|^(di)?antimonytrioxide|^antimony\(III\)oxide,reviewed,Ameyanagi,https://laws.e-gov.go.jp/law/347CO0000000318,別表第3第2号15の2
ish,RJ_04_031,塩化ビニル,tokka_class_2,1,0,name_regex,^クロロエチレン$|^塩化ビニル$,reviewed,Ameyanagi,https://laws.e-gov.go.jp/law/347CO0000000318,別表第3第2号6
ish,RJ_04_031,エチレンオキシド,tokka_class_2,1,0,name_regex,^オキシラン$|^エチレンオキシド$|^酸化エチレン$,reviewed,Ameyanagi,https://laws.e-gov.go.jp/law/347CO0000000318,別表第3第2号5
ish,RJ_04_031,酸化プロピレン,tokka_class_2,1,0,name_regex,^2-メチルオキシラン$|^酸化プロピレン$|^プロピレンオキシド$,reviewed,Ameyanagi,https://laws.e-gov.go.jp/law/347CO0000000318,別表第3第2号15
ish,RJ_04_031,エチレンイミン,tokka_class_2,1,0,name_regex,^アジリジン$|^エチレンイミン$,reviewed,Ameyanagi,https://laws.e-gov.go.jp/law/347CO0000000318,別表第3第2号4
ish,RJ_04_031,四塩化炭素,tokka_class_2,1,1,name_regex,^テトラクロロメタン$|^四塩化炭素$,reviewed,Ameyanagi,https://laws.e-gov.go.jp/law/347CO0000000318,別表第3第2号18の2。特別有機溶剤
ish,RJ_04_031,トリクロロエチレン,tokka_class_2,1,1,name_regex,"^1,1,2-トリクロロエテン$|^トリクロロエチレン$|^トリクロロエテン$",reviewed,Ameyanagi,https://laws.e-gov.go.jp/law/347CO0000000318,別表第3第2号22の5。特別有機溶剤
ish,RJ_04_031,テトラクロロエチレン（別名パークロルエチレン）,tokka_class_2,1,1,name_regex,^ペルクロロエテン$|^テトラクロロエチレン$|^テトラクロロエテン$,reviewed,Ameyanagi,https://laws.e-gov.go.jp/law/347CO0000000318,別表第3第2号22の4。特別有機溶剤
ish,RJ_04_031,１，１，２，２－テトラクロロエタン（別名四塩化アセチレン）,tokka_class_2,1,1,name_regex,"^1,1,2,2-テトラクロロエタン$",reviewed,Ameyanagi,https://laws.e-gov.go.jp/law/347CO0000000318,別表第3第2号22の3。特別有機溶剤
ish,RJ_04_031,１，２－ジクロロエタン（別名二塩化エチレン）,tokka_class_2,1,1,name_regex,"^1,2-ジクロロエタン$",reviewed,Ameyanagi,https://laws.e-gov.go.jp/law/347CO0000000318,別表第3第2号18の4。特別有機溶剤
ish,RJ_04_031,ジクロロメタン（別名二塩化メチレン）,tokka_class_2,1,1,name_regex,^ジクロロメタン$|^塩化メチレン$,reviewed,Ameyanagi,https://laws.e-gov.go.jp/law/347CO0000000318,別表第3第2号19の3。特別有機溶剤
ish,RJ_04_031,臭化メチル,tokka_class_2,0,0,name_regex,^ブロモメタン$|^臭化メチル$,reviewed,Ameyanagi,https://laws.e-gov.go.jp/law/347CO0000000318,別表第3第2号20
ish,RJ_04_031,沃化メチル,tokka_class_2,0,0,name_regex,^ヨードメタン$|^ヨウ化メチル$|^ヨウ化メタン$,reviewed,Ameyanagi,https://laws.e-gov.go.jp/law/347CO0000000318,別表第3第2号34
ish,RJ_04_031,硫酸ジメチル,tokka_class_2,0,0,name_regex,^ジメチル=スルファート$|^硫酸ジメチル$|^ジメチル硫酸$,reviewed,Ameyanagi,https://laws.e-gov.go.jp/law/347CO0000000318,別表第3第2号36
ish,RJ_04_031,ペンタクロルフェノール（別名ＰＣＰ）及びそのナトリウム塩,tokka_class_2,0,0,name_regex,ペンタクロロフェノール|ペンタクロロフェノラート|ペンタクロルフェノール,reviewed,Ameyanagi,https://laws.e-gov.go.jp/law/347CO0000000318,別表第3第2号31
ish,RJ_04_031,トリレンジイソシアネート,tokka_class_2,0,0,name_regex,ジイソシアナト.*メチルベンゼン|ジイソシアナトトルエン|トリレンジイソシアネート|トルエンジイソシアネート|トリレンジイソシアナート,reviewed,Ameyanagi,https://laws.e-gov.go.jp/law/347CO0000000318,別表第3第2号23
ish,RJ_04_031,オルト－フタロジニトリル,tokka_class_2,0,0,name_regex,"^o-フタロニトリル$|フタロジニトリル|^1,2-ベンゼンジカルボニトリル$|^ベンゼン-1,2-ジカルボニトリル$",reviewed,Ameyanagi,https://laws.e-gov.go.jp/law/347CO0000000318,別表第3第2号9
ish,RJ_04_031,オルト－トルイジン,tokka_class_2,1,0,name_regex,^o-トルイジン$|^2-メチルアニリン$|^2-アミノトルエン$,reviewed,Ameyanagi,https://laws.e-gov.go.jp/law/347CO0000000318,別表第3第2号8の2
ish,RJ_04_031,パラ－ニトロクロルベンゼン,tokka_class_2,0,0,name_regex,^p-ニトロクロロベンゼン$|^1-クロロ-4-ニトロベンゼン$|^4-クロロニトロベンゼン$|^p-クロロニトロベンゼン$,reviewed,Ameyanagi,https://laws.e-gov.go.jp/law/347CO0000000318,別表第3第2号27
ish,RJ_04_031,パラ－ジメチルアミノアゾベンゼン,tokka_class_2,1,0,name_regex,^p-ジメチルアミノアゾベンゼン$|ジメチルアミノアゾベンゼン|ジメチルアミノフェニル\)ジアゼニル\]ベンゼン,reviewed,Ameyanagi,https://laws.e-gov.go.jp/law/347CO0000000318,別表第3第2号26
ish,RJ_04_031,３，３’－ジクロロ－４，４’－ジアミノジフェニルメタン,tokka_class_2,1,0,name_regex,"ジクロロ-4,4'-メチレンジアニリン|ジクロロ.*ジアミノジフェニルメタン|メチレンビス\(2-クロロアニリン\)|MOCA",reviewed,Ameyanagi,https://laws.e-gov.go.jp/law/347CO0000000318,別表第3第2号19
ish,RJ_04_031,ジメチル－２，２－ジクロロビニルホスフェイト（ＤＤＶＰ）,tokka_class_2,1,0,name_regex,"リン酸ジメチル=2,2-ジクロロビニル|ジクロロビニル.*ホスフ|DDVP|ジクロルボス",reviewed,Ameyanagi,https://laws.e-gov.go.jp/law/347CO0000000318,別表第3第2号19の4
ish,RJ_04_031,ベータ－プロピオラクトン,tokka_class_2,1,0,name_regex,^β-プロピオラクトン$|^オキセタン-2-オン$|^2-オキセタノン$,reviewed,Ameyanagi,https://laws.e-gov.go.jp/law/347CO0000000318,別表第3第2号29
ish,RJ_04_031,ニトログリコール,tokka_class_2,0,0,name_regex,^二硝酸エチレングリコール$|^ニトログリコール$|^エチレングリコールジニトラート$,reviewed,Ameyanagi,https://laws.e-gov.go.jp/law/347CO0000000318,別表第3第2号25
ish,RJ_04_031,オーラミン,tokka_class_2,1,0,name_regex,"オーラミン|カルボンイミドイルビス\[N,N-ジメチル\]ベンゼンアミン|カルボンイミドイルビス\(N,N-ジメチルアニリン\)|イミノメチレン\)ビス\(N,N-ジメチルアニリン\)",reviewed,Ameyanagi,https://laws.e-gov.go.jp/law/347CO0000000318,別表第3第2号8
ish,RJ_04_031,マゼンタ,tokka_class_2,1,0,name_regex,"マゼンタ|ベーシックバイオレット14|イミノ-3-メチルシクロヘキサ-2,5-ジエン-1-イリデン|イミノ-2,5-シクロヘキサジエン-1-イリデン\)メチル\]-2-メチルベンゼンアミン",reviewed,Ameyanagi,https://laws.e-gov.go.jp/law/347CO0000000318,別表第3第2号32
ish,RJ_04_031,コールタール,tokka_class_2,1,0,name_regex,コールタール,reviewed,Ameyanagi,https://laws.e-gov.go.jp/law/347CO0000000318,別表第3第2号14。含有率5 %超が対象
ish,RJ_04_031,リフラクトリーセラミックファイバー,tokka_class_2,1,0,name_regex,リフラクトリーセラミック|セラミックファイバー,reviewed,Ameyanagi,https://laws.e-gov.go.jp/law/347CO0000000318,別表第3第2号34の3
ish,RJ_04_031,弗化水素,tokka_class_2,0,0,name_regex,^フッ化水素,reviewed,Ameyanagi,https://laws.e-gov.go.jp/law/347CO0000000318,別表第3第2号28。フッ化水素酸を含む。含有率5 %超が対象
ish,RJ_04_031,塩素,tokka_class_2,0,0,name_regex,^二塩素$|^塩素$,reviewed,Ameyanagi,https://laws.e-gov.go.jp/law/347CO0000000318,別表第3第2号7
ish,RJ_04_031,硫化水素,tokka_class_2,0,0,name_regex,^硫化水素|^二硫化二水素$|^三硫化四水素$|^五硫化四水素$|^八硫化二水素$|λ\(6\)-スルファン,reviewed,Ameyanagi,https://laws.e-gov.go.jp/law/347CO0000000318,別表第3第2号35。多硫化水素を含む
ish,RJ_04_031,ベンゼン,tokka_class_2,1,0,name_regex,^\(\(2\)H6\)ベンゼン$|^ベンゼン$|^ベンゼン-d6$,reviewed,Ameyanagi,https://laws.e-gov.go.jp/law/347CO0000000318,別表第3第2号30。含有率は容量1 %超
ish,RJ_04_031,溶接ヒューム,tokka_class_2,0,0,name_regex,(?i)溶接ヒューム|welding,reviewed,Ameyanagi,https://laws.e-gov.go.jp/law/347CO0000000318,別表第3第2号34の2
ish,RJ_04_031,塩化水素,tokka_class_3,0,0,name_regex,^塩酸$|^塩化水素$,reviewed,Ameyanagi,https://laws.e-gov.go.jp/law/347CO0000000318,別表第3第3号3
ish,RJ_04_031,アンモニア,tokka_class_3,0,0,name_regex,^水酸化アンモニウム$|^アンモニア水$|^アンモニア$,reviewed,Ameyanagi,https://laws.e-gov.go.jp/law/347CO0000000318,別表第3第3号1
ish,RJ_04_041,キシレン,organic_type_2,,,name_regex,^(o|m|p)-キシレン$|^キシレン$|ジメチルベンゼン$,reviewed,Ameyanagi,https://laws.e-gov.go.jp/law/347CO0000000318,別表第6の2第11号（異性体）
ish,RJ_04_041,クレゾール,organic_type_2,,,name_regex,^(o|m|p)-クレゾール$|^クレゾール$|^[234]-メチルフェノール$,reviewed,Ameyanagi,https://laws.e-gov.go.jp/law/347CO0000000318,別表第6の2第12号（異性体）
ish,RJ_04_041,メチルシクロヘキサノール,organic_type_2,,,name_regex,メチルシクロヘキサノール$|メチルシクロヘキサン-1-オール$,reviewed,Ameyanagi,https://laws.e-gov.go.jp/law/347CO0000000318,別表第6の2第45号（異性体）
ish,RJ_04_041,メチルシクロヘキサノン,organic_type_2,,,name_regex,メチルシクロヘキサノン$|メチルシクロヘキサン-1-オン$,reviewed,Ameyanagi,https://laws.e-gov.go.jp/law/347CO0000000318,別表第6の2第46号（異性体）
ish,RJ_04_041,コールタールナフサ（ソルベントナフサを含む。）,organic_type_3,,,name_regex,ソルベントナフサ|コールタールナフサ,reviewed,Ameyanagi,https://laws.e-gov.go.jp/law/347CO0000000318,別表第6の2第49号
ish,RJ_04_041,ミネラルスピリツト（ミネラルシンナー、ペトロリウムスピリツト、ホワイトスピリツト及びミネラルターペンを含む。）,organic_type_3,,,name_regex,ストッダード溶剤|ミネラルスピリット|ホワイトスピリット|ミネラルターペン,reviewed,Ameyanagi,https://laws.e-gov.go.jp/law/347CO0000000318,別表第6の2第54号
ish,RJ_04_041,石油ナフサ,organic_type_3,,,name_regex,水素化精製軽質留出物\(石油\)|石油ナフサ|軽質留出物,reviewed,Ameyanagi,https://laws.e-gov.go.jp/law/347CO0000000318,別表第6の2第51号（石油系溶剤・第三種。品名の特定は要確認）
poison_control,RJ_03_001,四アルキル鉛,specific_poison,,,name_regex,テトラ(メチル|エチル|プロピル|ブチル)(鉛|プルンバン)|四アルキル鉛|四エチル鉛|四メチル鉛|(トリメチル|トリエチル|ジメチル|ジエチル)(エチル|メチル)?鉛,reviewed,Ameyanagi,https://laws.e-gov.go.jp/law/325AC0000000303,法律別表第3の2
poison_control,RJ_03_001,モノフルオール酢酸塩類及びこれを含有する製剤,specific_poison,,,name_regex,(?<!トリ)(?<!ジ)フルオロ酢酸(ナトリウム|カリウム|カルシウム|アンモニウム|バリウム|マグネシウム|リチウム|亜鉛|銀|銅|の.*塩)|(ナトリウム|カリウム|カルシウム|アンモニウム|バリウム|マグネシウム|リチウム|亜鉛|銀|銅)=(?<!トリ)(?<!ジ)フルオロアセタート|モノフルオ(ロ|ール)酢酸(ナトリウム|カリウム|カルシウム|アンモニウム|.*塩$),reviewed,Ameyanagi,https://laws.e-gov.go.jp/law/340CO0000000002,指定令第3条第1項第8号（塩類のみ; モノフルオール酢酸・同アミド・アニリド類は各自の行）
poison_control,RJ_03_001,無機シアン化合物及びこれを含有する製剤,poison,,,name_regex,(?i)^(?!.*(?:フェロシアン|フェリシアン|ヘキサシアニド鉄|ヘキサシアノ鉄|ヘキサシアニドフェラート|ヘキサシアノフェラート|紺青|プルシアン|ferrocyan|ferricyan|ferrate|^有機シアン|(アセチル|ベンゾイル|フロイル|アシル|ベンジル)=?シアニド|ベンジルシアニド|コビンアミド))(?=.*(?:シアン化(?!ビニル|アリル|ベンジル|メチル|エチル|プロピル|ブチル|フェニル|ビス)|シアニド|シアノ(水銀|金|銀|銅|亜鉛|カドミウム|ニッケル|コバルト|白金|パラジウム)(\([IV]+\))?酸|テトラシアノ|ヘキサシアノ|ヘキサシアニド|ジシアニド|プルンバン.*カルボニトリル|フッ化シアン|塩化シアン|臭化シアン|ヨウ化シアン|cyanide|\(cyano-C\)|argentate)),reviewed,Ameyanagi,https://laws.e-gov.go.jp/law/340CO0000000002,指定令第1条第8号。紺青・フェリシアン塩・フェロシアン塩を除く
poison_control,RJ_03_001,セレン化合物及びこれを含有する製剤,poison,,,name_regex,(?i)セレン|セレナ|セレニド|セレノ|セラン|セロン|セラニル|セレネニル|セレニン|selen,reviewed,Ameyanagi,https://laws.e-gov.go.jp/law/340CO0000000002,指定令第1条第1項第18号。ハ（硫黄・カドミウム・セレンから成る焼結物）は除外: Cd-S-Se焼結顔料は焼結物であれば非該当
poison_control,RJ_03_001,砒素化合物及びこれを含有する製剤,poison,,,name_regex,"(?i)^(?!.*(?:砒化ガリウム|ヒ化ガリウム|galliumarsenide|砒化インジウム|ヒ化インジウム|indiumarsenide|ゲルマニウム.*セレン|セレン.*ゲルマニウム|メチルアルソン酸(カルシウム|鉄)|メタンアルソン酸(カルシウム|鉄)|カルシウム=ビス\(水素=メチルアルソナート\)|鉄.*メチルアルソナート|arsonicacid,methyl-,(calcium|iron)))(?=.*(?:ヒ素|砒素|ヒ酸|ヒ化|アルシン|アルシノ|アルソン|アルソノ|アルソナート|アルサン|ナルサジニン|キサルシン|アルシナート|アルソニウム|アルサ|アルセ|砒|ピグメントグリーン21|arsen|arson|arsin))",reviewed,Ameyanagi,https://laws.e-gov.go.jp/law/340CO0000000002,指定令第1条第1項第23号。ニ・ホ（メタンアルソン酸カルシウム・鉄）は劇物（第2条第98号の6/7）の別ルール; 砒化ガリウム等の除外を反映
poison_control,RJ_03_001,メタンアルソン酸カルシウム及びこれを含有する製剤,deleterious,,,name_regex,^カルシウム=ビス\(水素=メチルアルソナート\)$|メタンアルソン酸カルシウム|メチルアルソン酸カルシウム,reviewed,Ameyanagi,https://laws.e-gov.go.jp/law/340CO0000000002,指定令第2条第1項第98号の6（第1条第23号ニで砒素化合物から除外）
poison_control,RJ_03_001,メタンアルソン酸鉄及びこれを含有する製剤,deleterious,,,name_regex,^二鉄\(3\+\)=トリ\(メチルアルソナート\)$|メタンアルソン酸鉄|メチルアルソン酸鉄,reviewed,Ameyanagi,https://laws.e-gov.go.jp/law/340CO0000000002,指定令第2条第1項第98号の7（第1条第23号ホで砒素化合物から除外）
poison_control,RJ_03_001,水銀化合物及びこれを含有する製剤,poison,,,name_regex,(?i)^(?!.*(?:塩化水銀\(I\)|塩化第一水銀|アミノ塩化|オレイン酸水銀|チメロサール|エタニド.*メルクラート|二塩化二水銀|メルブロミン))(?=.*(?:水銀|メルクラート|メルクリ|mercur)),reviewed,Ameyanagi,https://laws.e-gov.go.jp/law/340CO0000000002,指定令第1条第17号。塩化第一水銀等（劇物）を除く
poison_control,RJ_03_001,ジニトロクレゾール,poison,,,name_regex,ジニトロ(-(o|m|p)-|オルト|メタ|パラ)?クレゾール$,reviewed,Ameyanagi,https://laws.e-gov.go.jp/law/325AC0000000303,法律別表第1の10（製剤は指定令第1条第1項第11号）
poison_control,RJ_03_001,ジニトロクレゾール塩類及びこれを含有する製剤,poison,,,name_regex,^(?=.*ジニトロ)(?=.*(メチル.*(フェノラート|フェノキシド)|クレゾラート|クレゾール.*(塩|ナトリウム|カリウム|アンモニウム))),reviewed,Ameyanagi,https://laws.e-gov.go.jp/law/340CO0000000002,指定令第1条第1項第12号（塩類のみ; ビナパクリル等のエステルは除く）
poison_control,RJ_03_001,ニコチン塩類及びこれを含有する製剤,poison,,,name_regex,ニコチン(?!酸|アミド)|メチルピロリジン-2-イル[\]\)]ピリジン,reviewed,Ameyanagi,https://laws.e-gov.go.jp/law/340CO0000000002,指定令第1条第21号（法律別表第1の19）
poison_control,RJ_03_001,ストリキニーネ、その塩類及びこれらのいずれかを含有する製剤,poison,,,name_regex,ストリキニーネ|ストリクニン|ストリキニジン,reviewed,Ameyanagi,https://laws.e-gov.go.jp/law/340CO0000000002,指定令第1条第17号の2
poison_control,RJ_03_001,１，１’－ジメチル－４，４’－ジピリジニウムヒドロキシド、その塩類及びこれらのいずれかを含有する製剤,poison,,,name_regex,"1,1'-ジメチル.?\[?4,4'-ビピリジン|ジメチル-4,4'-ビピリジン-1,1'-ジイウム|ジメチル\[4,4'-ビピリジン\]-1,1'-ジイウム|ジメチル-4,4'-ジピリジニウム|パラコート|paraquat",reviewed,Ameyanagi,https://laws.e-gov.go.jp/law/340CO0000000002,指定令第1条第15号の2
poison_control,RJ_03_001,１－（４－フルオロフェニル）プロパン－２－アミン、その塩類及びこれらのいずれかを含有する製剤,poison,,,name_regex,フルオロフェニル\)プロパン-2-アミン,reviewed,Ameyanagi,https://laws.e-gov.go.jp/law/340CO0000000002,指定令第1条第24号の4
poison_control,RJ_03_001,５－イソシアナト－１－（イソシアナトメチル）－１，３，３－トリメチルシクロヘキサン及びこれを含有する製剤,poison,,,name_regex,イソシアナトメチル.*トリメチルシクロヘキ|イソホロンジイソシアナート|IPDI,reviewed,Ameyanagi,https://laws.e-gov.go.jp/law/340CO0000000002,指定令第1条第1号の8
poison_control,RJ_03_001,エチルパラニトロフェニルチオノベンゼンホスホネイト（別名ＥＰＮ）,poison,,,name_regex,^O-エチル=O-\(4-ニトロフェニル\)=(\([RS]\)-)?フェニルホスホノチオアート$|エチルパラニトロフェニルチオノベンゼンホスホネイト|(?<![A-Z])EPN(?![A-Z]),reviewed,Ameyanagi,https://laws.e-gov.go.jp/law/325AC0000000303,"法律別表第1の1（パラチオン=O,O-ジエチル体は特定毒物の別行）"
poison_control,RJ_03_001,三―（ジメトキシホスフイニルオキシ）―Ｎ―メチル―シス―クロトナミド及びこれを含有する製剤,deleterious,,,name_regex,リン酸ジメチル=\(E\)-1-メチル-2-\(N-メチルカルバモイル\)ビニル|ジメトキシホスフィニルオキシ\)-N-メチル.*クロトナミド|モノクロトホス,reviewed,Ameyanagi,https://laws.e-gov.go.jp/law/340CO0000000002,指定令第2条第1項第59号の2（別名モノクロトホス）。現行指定令では劇物（第1条に該当項なし）
poison_control,RJ_03_001,弗化水素,poison,,,name_regex,^フッ化水素(酸)?$,reviewed,Ameyanagi,https://laws.e-gov.go.jp/law/325AC0000000303,法律別表第1の22（弗化水素アンモニウム=一水素二弗化アンモニウムは第2条第10号の2 劇物）
poison_control,RJ_03_001,重クロム酸塩類及びこれを含有する製剤,deleterious,,,name_regex,(?i)二クロム酸|重クロム酸|ジクロマート|dichromate,reviewed,Ameyanagi,https://laws.e-gov.go.jp/law/340CO0000000002,指定令第2条第1項第60号
poison_control,RJ_03_001,クロム酸塩類及びこれを含有する製剤,deleterious,,,name_regex,(?i)(?<!亜)(?<!シアノ)クロム酸|(?<!シアニド)(?<!亜)クロマート|三酸化クロム|(?<!sub)chromate|酸化亜鉛クロム|ピグメントイエロー34|ピグメントレッド104,reviewed,Ameyanagi,https://laws.e-gov.go.jp/law/340CO0000000002,指定令第2条第1項第26号（クロム酸鉛70 %以下を除く）
poison_control,RJ_03_001,無機亜鉛塩類,deleterious,,,name_regex,(?i)^(?!.*(?:炭酸亜鉛|雷酸亜鉛|六水酸化(錫|スズ)亜鉛|ヘキサヒドロキ[シソ].*(スズ|錫).*亜鉛|亜鉛=ヘキサヒドロキシドスタンナート))(?=.*(?:亜鉛|zinc)),reviewed,Ameyanagi,https://laws.e-gov.go.jp/law/340CO0000000002,指定令第2条第1項第1号（除外: 炭酸亜鉛・雷酸亜鉛・焼結した硫化亜鉛(II)・六水酸化錫亜鉛。硫化亜鉛は焼結物のみ除外）
poison_control,RJ_03_001,アンチモン化合物及びこれを含有する製剤,deleterious,,,name_regex,(?i)アンチモン|アンチモナート|アンチモネート|スチビン|スチバ|スチボ|スチビ|antimon,reviewed,Ameyanagi,https://laws.e-gov.go.jp/law/340CO0000000002,指定令第2条第1項第7号
poison_control,RJ_03_001,カドミウム化合物,deleterious,,,name_regex,(?i)カドミウム|カドマート|cadmium|ピグメントイエロー35,reviewed,Ameyanagi,https://laws.e-gov.go.jp/law/340CO0000000002,指定令第2条第1項第22号（硫黄・カドミウム・セレンから成る焼結物を除く; ピグメントイエロー35=硫化カドミウム亜鉛はセレンを含まず該当）
poison_control,RJ_03_001,可溶性ウラン化合物及びこれを含有する製剤,deleterious,,,name_regex,(?i)ウラン|ウラニル|uran,reviewed,Ameyanagi,https://laws.e-gov.go.jp/law/340CO0000000002,指定令第2条第1項第11号
poison_control,RJ_03_001,鉛化合物,deleterious,,,name_regex,"(?i)^(?!.*(?:四酸化三鉛|ヒドロキシ炭酸鉛|(?<!亜)硫酸鉛))(?=.*(?:(?<!亜)鉛|プルンバート|プルンバン|プルンビン|プルンベタン|ナマリ|^lead|lead,))",reviewed,Ameyanagi,https://laws.e-gov.go.jp/law/340CO0000000002,指定令第2条第1項第77号（四アルキル鉛は特定毒物規則で先に処理）
poison_control,RJ_03_001,無機銅塩類,deleterious,,,name_regex,(?i)^(?!.*(?:雷銅))(?=.*(?:銅|copper)),reviewed,Ameyanagi,https://laws.e-gov.go.jp/law/340CO0000000002,指定令第2条第1項第72号
poison_control,RJ_03_001,ジブチル（ジクロロ）スタンナン及びこれを含有する製剤,poison,,,name_regex,^ジブタン-1-イル\(ジクロロ\)スタンナン$|^ジブチル\(ジクロロ\)スタンナン$|^ジクロロジブチルスズ$|^二塩化ジブチルスズ$,reviewed,Ameyanagi,https://laws.e-gov.go.jp/law/340CO0000000002,指定令第1条第1項第13号の3
poison_control,RJ_03_001,ブチル（トリクロロ）スタンナン及びこれを含有する製剤,deleterious,,,name_regex,^ブチルトリクロロスズ$|^ブチル\(トリクロロ\)スタンナン$|^三塩化ブチルスズ$,reviewed,Ameyanagi,https://laws.e-gov.go.jp/law/340CO0000000002,指定令第2条第1項第85号の5
poison_control,RJ_03_001,水酸化トリアリール錫、その塩類及びこれらの無水物並びにこれらのいずれかを含有する製剤,deleterious,,,name_regex,トリフェニル(スズ|スタンナ|スタンニル)|\(トリフェニル\)スタンナ|ビス\(トリフェニルスズ\),reviewed,Ameyanagi,https://laws.e-gov.go.jp/law/340CO0000000002,指定令第2条第1項第66号（トリフェニル錫の水酸化物・塩（アセタート/クロリド/フルオリド等）・無水物（酸化物）; ジフルオロ(トリフェニル)スタンナート塩を含む）
poison_control,RJ_03_001,水酸化トリアルキル錫、その塩類及びこれらの無水物並びにこれらのいずれかを含有する製剤,deleterious,,,name_regex,^\(ジメチルアミノ\)\(トリメチル\)スタンナン$|^(?!.*(?:フェニル|トリル|ナフチル|ジメチルアミノ\)\(トリメチル\)スタンナン))(?=.*(?:トリ(?:メチル|エチル|プロピル|ブチル|ブタン-1-イル|ペンチル|ヘキシル|オクチル|シクロヘキシル)(スズ|スタンナ|スタンニル)|\(トリ(?:メチル|エチル|プロピル|ブチル|ブタン-1-イル|ペンチル|ヘキシル|オクチル|シクロヘキシル)\)スタンナン|トリ(?:メチル|エチル|プロピル|ブチル|ブタン-1-イル|ペンチル|ヘキシル|オクチル|シクロヘキシル)\((クロロ|ブロモ|フルオロ|ヨード)\)スタンナン|トリ(?:メチル|エチル|プロピル|ブチル|ブタン-1-イル|ペンチル|ヘキシル|オクチル|シクロヘキシル)\{.*\}スタンナン|ヘキサ(?:メチル|エチル|プロピル|ブチル|ブタン-1-イル|ペンチル|ヘキシル|オクチル|シクロヘキシル)ジスタン(ノキサン|ナチアン))),reviewed,Ameyanagi,https://laws.e-gov.go.jp/law/340CO0000000002,"指定令第2条第1項第67号（トリブチル/トリメチル/トリエチル/トリペンチル/トリオクチル/トリシクロヘキシル錫の水酸化物・ハロゲン化物等の塩・無水物（ジスタンノキサン, ジスタンナチアン）; 酸化フエンブタスズ=第1条第24号の7 毒物はフェニル除外で回避）；993-50-0 は第67号として収載。NITE-CHRIP物質ページで区分確認（2026-08-29）"
poison_control,RJ_03_001,無機錫塩類,deleterious,,,name_regex,"(?i)^(?!.*(?:(メチル|エチル|ブチル|ブタン-1-イル|プロピル|ペンチル|オクチル|フェニル|シクロヘキシル)[^,]*(スズ|スタンナ|スタンノ)|スタンナン|スタンノキサン|スタンナチアン|スタンナノール))(?=.*(?:スズ|錫|スタンナ|スタンノ|^tin))",reviewed,Ameyanagi,https://laws.e-gov.go.jp/law/340CO0000000002,指定令第2条第1項第69号。有機錫（水酸化トリアルキル錫67号・トリアリール錫66号・ブチル(トリクロロ)スタンナン85号の5・ジブチル(ジクロロ)スタンナン第1条13号の3）は別ルール
poison_control,RJ_03_001,無機銀塩類,deleterious,,,name_regex,(?i)^(?!.*(?:塩化銀|雷酸銀|水銀))(?=.*(?:銀|silver|argent)),reviewed,Ameyanagi,https://laws.e-gov.go.jp/law/340CO0000000002,指定令第2条第1項第24号
poison_control,RJ_03_001,無機金塩類,deleterious,,,name_regex,(?i)(硫化|塩化|臭化|シアン化|硝酸|酸化)金|金酸|金\(I|金(カリウム|ナトリウム)|オーラート|aurate|gold,reviewed,Ameyanagi,https://laws.e-gov.go.jp/law/340CO0000000002,指定令第2条第1項第23号
poison_control,RJ_03_001,バリウム化合物,deleterious,,,name_regex,(?i)^(?!.*(?:硫酸バリウム))(?=.*(?:バリウム|バラート|barium)),reviewed,Ameyanagi,https://laws.e-gov.go.jp/law/340CO0000000002,指定令第2条第1項第79号
poison_control,RJ_03_001,亜硝酸塩類,deleterious,,,name_regex,^亜硝酸(?!(n-|イソ|第三|tert-|sec-)?(メチル|エチル|プロピル|ブチル|ペンチル|アミル|ヘキシル))|(アミン|アンモニウム)=?(モノ)?ニトリット|ニトリト,reviewed,Ameyanagi,https://laws.e-gov.go.jp/law/340CO0000000002,指定令第2条第1項第2号
poison_control,RJ_03_001,塩素酸塩類及びこれを含有する製剤,deleterious,,,name_regex,(?i)^塩素酸|chlorate,reviewed,Ameyanagi,https://laws.e-gov.go.jp/law/340CO0000000002,指定令第2条第1項第18号
poison_control,RJ_03_001,蓚酸塩類及びこれを含有する製剤,deleterious,,,name_regex,(?i)^(?!シュウ酸(二水和物|・?水和物)?$)(?=.*(?:シュウ酸|蓚酸|オキサラート|オキサラト|エタン二酸|oxalat)),reviewed,Ameyanagi,https://laws.e-gov.go.jp/law/340CO0000000002,指定令第2条第1項第62号（蓚酸として10 %以下を除く）
poison_control,RJ_03_001,ヒドロキシルアミン塩類及びこれを含有する製剤,deleterious,,,name_regex,ヒドロキシルアミン|ヒドロキシルアンモニウム,reviewed,Ameyanagi,https://laws.e-gov.go.jp/law/340CO0000000002,指定令第2条第1項第82号
poison_control,RJ_03_001,硅弗化水素酸塩類及びこれを含有する製剤,deleterious,,,name_regex,^(?!ケイフッ化水素酸$|ヘキサフルオロケイ酸$)(?=.*(?:ヘキサフルオロケイ酸|ヘキサフルオリドケイ酸|六フッ化ケイ酸|ケイフッ化|ヘキサフルオロシリケート|フルオロケイ酸|フッ化ケイ素酸)),reviewed,Ameyanagi,https://laws.e-gov.go.jp/law/340CO0000000002,指定令第2条第1項第30号
poison_control,RJ_03_001,硼弗化水素酸及びその塩類,deleterious,,,name_regex,(?i)テトラフルオロホウ酸|四フッ化ホウ酸|ホウフッ化|テトラフルオロボラ|フルオロボラ|フルオロホウ酸|テトラフルオロボレート|tetrafluoroborate,reviewed,Ameyanagi,https://laws.e-gov.go.jp/law/340CO0000000002,指定令第2条第1項第96号
poison_control,RJ_03_001,ピクリン酸塩類,deleterious,,,name_regex,"ピクリン酸|ピクラート|2,4,6-トリニトロフェノ",reviewed,Ameyanagi,https://laws.e-gov.go.jp/law/340CO0000000002,指定令第2条第1項第80号（爆発薬を除く）
poison_control,RJ_03_001,トルイジン,deleterious,,,name_regex,^(o|m|p)-トルイジン$|^[234]-メチルアニリン$|^トルイジン$,reviewed,Ameyanagi,https://laws.e-gov.go.jp/law/325AC0000000303,法律別表第2の61（遊離塩基; 塩類は指定令第2条第1項第75号）
poison_control,RJ_03_001,トルイジン塩類,deleterious,,,name_regex,トルイジン.*(塩|化合物|スルファート|クロリド)|トルイジニウム|^[234]-メチルアニリン.*(塩酸|一塩酸塩|塩$|スルファート)|メチルアニリニウム,reviewed,Ameyanagi,https://laws.e-gov.go.jp/law/340CO0000000002,指定令第2条第1項第75号。遊離塩基（o/m/p-トルイジン）は法別表第2の61の別ルール
poison_control,RJ_03_001,アニリン塩類,deleterious,,,name_regex,^アニリン.*(塩|スルファート|クロリド|アセタート)|アニリニウム|^ジアニリン=|^アニリン$,reviewed,Ameyanagi,https://laws.e-gov.go.jp/law/340CO0000000002,指定令第2条第1項第4号（法律別表第2の3 アニリン）
poison_control,RJ_03_001,フェニレンジアミン及びその塩類,deleterious,,,name_regex,"^(o|m|p)-フェニレンジアミン|^[1-4],[1-4]-フェニレンジアミン|^ベンゼン-1,[234]-ジアミン|フェニレンジアミン=?二?塩酸塩|フェニレンジアンモニウム",reviewed,Ameyanagi,https://laws.e-gov.go.jp/law/340CO0000000002,指定令第2条第1項第84号（パラフエニレンジアミンは法別表第2の67）。メチル置換体はトルイレンジアミン（別ルール）
poison_control,RJ_03_001,トルイレンジアミン及びその塩類,deleterious,,,name_regex,"トルイレンジアミン|トルエンジアミン|ジアミノトルエン|メチルベンゼン-.*ジアミン|メチル-1,3-ベンゼンジアミン|メチル-1,[234]-フェニレンジアミン",reviewed,Ameyanagi,https://laws.e-gov.go.jp/law/340CO0000000002,指定令第2条第1項第76号
poison_control,RJ_03_001,Ｎ－アルキルアニリン及びその塩類,deleterious,,,name_regex,"^N-(イソ|sec-|tert-|n-)?(メチル|エチル|プロピル|ブチル|ペンチル|ヘキシル|オクチル|アリル).*アニリン|^N,N-ジ(メチル|エチル|プロピル|ブチル).*アニリン|^\(N-(メチル|エチル)\).*アニリン|^N-\(.*イル\)アニリン|^N-[^,]*イルアニリン",reviewed,Ameyanagi,https://laws.e-gov.go.jp/law/340CO0000000002,指定令第2条第1項第5号
poison_control,RJ_03_001,Ｎ－アルキルトルイジン及びその塩類,deleterious,,,name_regex,"^N-(メチル|エチル).*トルイジン|^N,N-ジ(メチル|エチル).*トルイジン|^N-(イソ)?(メチル|エチル|プロピル|ブチル|tert-ブチル|ペンチル)-[234]-メチルアニリン|^[234]-メチル-N-(イソ)?(メチル|エチル|プロピル|ブチル)アニリン|^ar,N-ジ(メチル|エチル)アニリン",reviewed,Ameyanagi,https://laws.e-gov.go.jp/law/340CO0000000002,指定令第2条第1項第6号
poison_control,RJ_03_001,ペンタクロルフェノール塩類及びこれを含有する製剤,deleterious,,,name_regex,ペンタクロロフェノ,reviewed,Ameyanagi,https://laws.e-gov.go.jp/law/340CO0000000002,指定令第2条第1項第95号
poison_control,RJ_03_001,１，１’－イミノジ（オクタメチレン）ジグアニジン（別名イミノクタジン）、その塩類及びこれらのいずれかを含有する製剤,deleterious,,,name_regex,グアザチン|イミノジ\(オクタメチレン\)ジグアニジン|イミノクタジン|アンモニウムジイルジオクタン.*ジグアニジニウム,reviewed,Ameyanagi,https://laws.e-gov.go.jp/law/340CO0000000002,指定令第2条第1項第10号の3
poison_control,RJ_03_001,１－（４－メトキシフェニル）ピペラジン、その塩類及びこれらのいずれかを含有する製剤,deleterious,,,name_regex,メトキシフェニル\)ピペラジン,reviewed,Ameyanagi,https://laws.e-gov.go.jp/law/340CO0000000002,指定令第2条第1項（メトキシフェニルピペラジン塩類）
poison_control,RJ_03_001,（Ｓ）－２，３，５，６－テトラヒドロ－６－フェニルイミダゾ［２，１－ｂ］チアゾール、その塩類及びこれらのいずれかを含有する製剤,deleterious,,,name_regex,"フェニル.*テトラヒドロイミダゾ\[2,1-b\]|レバミゾール",reviewed,Ameyanagi,https://laws.e-gov.go.jp/law/340CO0000000002,指定令第2条第1項第71号の3（6.8 %以下を除く）
poison_control,RJ_03_001,１，３－ジカルバモイルチオ－２－（Ｎ，Ｎ－ジメチルアミノ）－プロパン、その塩類及びこれらのいずれかを含有する製剤,deleterious,,,name_regex,"ジメチルアミノ\)プロパン-1,3-ジイル\]?=ビス\(チオカルバマート\)|ジカルバモイルチオ|カルタップ",reviewed,Ameyanagi,https://laws.e-gov.go.jp/law/340CO0000000002,指定令第2条第1項第38号の3（2 %以下を除く）
poison_control,RJ_03_001,酢酸タリウム及びこれを含有する製剤,deleterious,,,name_regex,(?i)^酢酸タリウム|thalliumacetate,reviewed,Ameyanagi,https://laws.e-gov.go.jp/law/340CO0000000002,指定令第2条第1項第30号の4
poison_control,RJ_03_001,硝酸タリウム,deleterious,,,name_regex,(?i)^硝酸タリウム|thallium.*nitrate,reviewed,Ameyanagi,https://laws.e-gov.go.jp/law/325AC0000000303,法律別表第2の52（製剤は指定令第2条第1項第64号; 0.3%以下着色着味製剤を除く）
poison_control,RJ_03_001,硫酸タリウム,deleterious,,,name_regex,(?i)^硫酸タリウム|thallium.*sulfate,reviewed,Ameyanagi,https://laws.e-gov.go.jp/law/325AC0000000303,法律別表第2の90（製剤は指定令第2条第1項第105号; 0.3%以下着色着味製剤を除く）
poison_control,RJ_03_001,塩化水素,deleterious,,,name_regex,^塩酸$,reviewed,Ameyanagi,https://laws.e-gov.go.jp/law/325AC0000000303,法律別表第2の8（塩酸＝塩化水素水溶液；10 %以下を除く）
poison_control,RJ_03_001,ブロム水素,deleterious,,,name_regex,^臭化水素$|^ブロモ水素$|^臭化水素酸$,reviewed,Ameyanagi,https://laws.e-gov.go.jp/law/325AC0000000303,法律別表第2の73
poison_control,RJ_03_001,クロルエチル,deleterious,,,name_regex,^塩化エチル$|^クロロエタン$,reviewed,Ameyanagi,https://laws.e-gov.go.jp/law/325AC0000000303,法律別表第2の16
poison_control,RJ_03_001,クロルメチル,deleterious,,,name_regex,^塩化メチル$|^クロロメタン$,reviewed,Ameyanagi,https://laws.e-gov.go.jp/law/325AC0000000303,法律別表第2の19
poison_control,RJ_03_001,ブロムエチル,deleterious,,,name_regex,^臭化エチル$|^ブロモエタン$,reviewed,Ameyanagi,https://laws.e-gov.go.jp/law/325AC0000000303,法律別表第2の72
poison_control,RJ_03_001,ブロムメチル,deleterious,,,name_regex,^臭化メチル$|^ブロモメタン$,reviewed,Ameyanagi,https://laws.e-gov.go.jp/law/325AC0000000303,法律別表第2の74
poison_control,RJ_03_001,ジメチル硫酸,deleterious,,,name_regex,^ジメチル=スルファート$|^硫酸ジメチル$|^ジメチル硫酸$,reviewed,Ameyanagi,https://laws.e-gov.go.jp/law/325AC0000000303,法律別表第2の47
poison_control,RJ_03_001,ジブロムクロルプロパン（別名ＤＢＣＰ）,deleterious,,,name_regex,"^1,2-ジブロモ-3-クロロプロパン$|DBCP",reviewed,Ameyanagi,https://laws.e-gov.go.jp/law/325AC0000000303,法律別表第2の36
poison_control,RJ_03_001,Ｎ－メチル－１－ナフチルカルバメート,deleterious,,,name_regex,メチルカルバミン酸1-ナフチル|メチル-1-ナフチルカルバメート|カルバリル|1-ナフチル=N-メチルカルバマート,reviewed,Ameyanagi,https://laws.e-gov.go.jp/law/325AC0000000303,法律別表第2の85
poison_control,RJ_03_001,ジメチル－４－メチルメルカプト－３－メチルフエニルチオホスフエイト,deleterious,,,name_regex,"チオリン酸O,O-ジメチル-O-\[3-メチル-4-\(メチルチオ\)フェニル\]|フェンチオン|MPP",reviewed,Ameyanagi,https://laws.e-gov.go.jp/law/325AC0000000303,法律別表第2の46
poison_control,RJ_03_001,ジニトロフエノール及びこれを含有する製剤,poison,,,name_regex,ジニトロフェノール$|ジニトロフェノラート$,reviewed,Ameyanagi,https://laws.e-gov.go.jp/law/340CO0000000002,指定令第2条第1項（ジニトロフエノール）；毒物（指定令第1条第12号の2）。劇物項は製剤の濃度除外のみ
poison_control,RJ_03_001,エピクロルヒドリン及びこれを含有する製剤,deleterious,,,name_regex,クロロメチル\)オキシラン|エピクロロヒドリン|エピクロルヒドリン,reviewed,Ameyanagi,https://laws.e-gov.go.jp/law/340CO0000000002,指定令第2条第1項（エピクロルヒドリン）
poison_control,RJ_03_001,ヘキサメチレンジイソシアナート及びこれを含有する製剤,deleterious,,,name_regex,ジイソシアナトヘキサン|ヘキサメチレン=ジイソシアナート|ヘキサメチレンジイソシアナート,reviewed,Ameyanagi,https://laws.e-gov.go.jp/law/340CO0000000002,指定令第2条第1項（ヘキサメチレンジイソシアナート）
poison_control,RJ_03_001,エチレンジアミン及びこれを含有する製剤,deleterious,,,name_regex,"^エチレンジアミン$|^エタン-1,2-ジアミン$",reviewed,Ameyanagi,https://laws.e-gov.go.jp/law/340CO0000000002,指定令第2条第1項（エチレンジアミン）
poison_control,RJ_03_001,１，３－ジクロロプロペン及びこれを含有する製剤,deleterious,,,name_regex,"1,3-ジクロロプロパ-1-エン|1,3-ジクロロプロペン",reviewed,Ameyanagi,https://laws.e-gov.go.jp/law/340CO0000000002,"指定令第2条第1項（1,3-ジクロルプロペン）"
poison_control,RJ_03_001,２－ターシャリーブチル－５－メチルフエノール及びこれを含有する製剤,deleterious,,,name_regex,tert-ブチル-5-メチルフェノール,reviewed,Ameyanagi,https://laws.e-gov.go.jp/law/340CO0000000002,指定令第2条第1項
poison_control,RJ_03_001,２－セカンダリーブチルフエニル－Ｎ－メチルカルバメート（別名ＢＰＭＣ）及びこれを含有する製剤,deleterious,,,name_regex,メチルカルバミン酸2-(sec-)?ブチルフェニル|ブチルフェニル=N-メチルカルバマート|フェノブカルブ|BPMC,reviewed,Ameyanagi,https://laws.e-gov.go.jp/law/340CO0000000002,指定令第2条第1項（BPMC；2 %以下を除く）
poison_control,RJ_03_001,燐化アルミニウム,poison,,,name_regex,^リン化アルミニウム$,reviewed,Ameyanagi,https://laws.e-gov.go.jp/law/325AC0000000303,法律別表第1（燐化アルミニウムとその分解促進剤とを含有する製剤は特定毒物）
poison_control,RJ_03_001,黄燐,poison,,,name_regex,^四リン$|^黄リン$|^白リン$|^リン$,reviewed,Ameyanagi,https://laws.e-gov.go.jp/law/325AC0000000303,法律別表第1の2（NITE名「リン」CAS 7723-14-0 は黄燐の行）
poison_control,RJ_03_001,７－ブロモ－６－クロロ－３－［３－［３－ヒドロキシ－２－ピペリジル］－２－オキソプロピル］－４（３Ｈ）－キナゾリノン（ハロフジノン）,poison,,,name_regex,ブロモ-6-クロロ-3-.*ピペリジル.*キナゾリン|ハロフジノン,reviewed,Ameyanagi,https://laws.e-gov.go.jp/law/340CO0000000002,指定令第1条第24号の5
poison_control,RJ_03_001,ジエチル－Ｓ－（エチルチオエチル）－ジチオホスフエイト（ジスルホトン）,poison,,,name_regex,"ジチオリン酸O,O-ジエチル-S-\(2-エチルチオエチル\)|ジスルホトン",reviewed,Ameyanagi,https://laws.e-gov.go.jp/law/340CO0000000002,指定令第1条（5 %以下を除く）
poison_control,RJ_03_001,ジエチル－四－メチルスルフイニルフエニル－チオホスフエイト（フェンスルホチオン）,poison,,,name_regex,"チオリン酸O,O-ジエチル-O-\[4-\(メチルスルフィニル\)フェニル\]|フェンスルホチオン",reviewed,Ameyanagi,https://laws.e-gov.go.jp/law/340CO0000000002,指定令第1条（3 %以下を除く）
poison_control,RJ_03_001,キシレン及びこれを含有する製剤,deleterious,,,name_regex,^(o|m|p)-キシレン$|^キシレン$,reviewed,Ameyanagi,https://laws.e-gov.go.jp/law/340CO0000000002,指定令第2条第1項（キシレン）
poison_control,RJ_03_001,クレゾール,deleterious,,,name_regex,^(o|m|p)-クレゾール$|^クレゾール$,reviewed,Ameyanagi,https://laws.e-gov.go.jp/law/325AC0000000303,法律別表第2の15（5 %以下を除く）
poison_control,RJ_03_001,アンモニア,deleterious,,,name_regex,^水酸化アンモニウム$|^アンモニア水$,reviewed,Ameyanagi,https://laws.e-gov.go.jp/law/325AC0000000303,法律別表第2の4（10 %以下を除く）
poison_control,RJ_03_001,硫化燐,poison,,,name_regex,硫化(二|四)?リン$,reviewed,Ameyanagi,https://laws.e-gov.go.jp/law/325AC0000000303,法律別表第2の91；毒物（法律別表第1の27）。劇物項は製剤の濃度除外のみ
poison_control,RJ_03_001,水酸化カリウム,deleterious,,,name_regex,(?i)^水酸化カリウム|potassium(deuter|hydr)oxide,reviewed,Ameyanagi,https://laws.e-gov.go.jp/law/325AC0000000303,法律別表第2の53（5 %以下を除く）
poison_control,RJ_03_001,硫化ナトリウム及びこれを含有する製剤,deleterious,,,name_regex,^硫化ナトリウム,reviewed,Ameyanagi,https://laws.e-gov.go.jp/law/340CO0000000002,指定令第2条第1項
poison_control,RJ_03_001,弗化アンモニウム及びこれを含有する製剤,deleterious,,,name_regex,^フッ化アンモニウム$|^一水素二フッ化アンモニウム,reviewed,Ameyanagi,https://laws.e-gov.go.jp/law/340CO0000000002,指定令第2条第1項（フッ化アンモニウム）
poison_control,RJ_03_001,三塩化硼素及びこれを含有する製剤,poison,,,name_regex,^三塩化ホウ素$,reviewed,Ameyanagi,https://laws.e-gov.go.jp/law/340CO0000000002,指定令第2条第1項；毒物（指定令第1条第6号の11）。劇物項は製剤の濃度除外のみ
poison_control,RJ_03_001,アルミン酸ナトリウム,deleterious,,,name_regex,^アルミン酸ナトリウム$,reviewed,Ameyanagi,https://laws.e-gov.go.jp/law/340CO0000000002,指定令第2条第1項
poison_control,RJ_03_001,クロトンアルデヒド及びこれを含有する製剤,poison,,,name_regex,^ブタ-2-エナール$|クロトンアルデヒド,reviewed,Ameyanagi,https://laws.e-gov.go.jp/law/340CO0000000002,指定令第2条第1項；毒物（指定令第1条第6号の2）。劇物項は製剤の濃度除外のみ
poison_control,RJ_03_001,ヘキサメチレンジアミン及びこれを含有する製剤,deleterious,,,name_regex,"ヘキサン-1,6-ジイルジアミン|ヘキサメチレンジアミン",reviewed,Ameyanagi,https://laws.e-gov.go.jp/law/340CO0000000002,指定令第2条第1項
poison_control,RJ_03_001,キシリレンジアミン及びこれを含有する製剤,deleterious,,,name_regex,キシリレンジアミン,reviewed,Ameyanagi,https://laws.e-gov.go.jp/law/340CO0000000002,指定令第2条第1項
poison_control,RJ_03_001,ジエチレントリアミン及びこれを含有する製剤,deleterious,,,name_regex,"アミノエチル\)-1,2-エタンジアミン|ジエチレントリアミン",reviewed,Ameyanagi,https://laws.e-gov.go.jp/law/340CO0000000002,指定令第2条第1項
poison_control,RJ_03_001,３－アミノ－１－プロパノール及びこれを含有する製剤,deleterious,,,name_regex,^3-アミノ-1-プロパノール$|^3-アミノプロパン-1-オール$,reviewed,Ameyanagi,https://laws.e-gov.go.jp/law/340CO0000000002,指定令第2条第1項（1 %以下を除く）
poison_control,RJ_03_001,クロロプレン及びこれを含有する製剤,deleterious,,,name_regex,"^2-クロロ-1,3-ブタジエン$|クロロプレン",reviewed,Ameyanagi,https://laws.e-gov.go.jp/law/340CO0000000002,指定令第2条第1項
poison_control,RJ_03_001,チオフエノール及びこれを含有する製剤,deleterious,,,name_regex,^チオフェノール$|^ベンゼンチオール$,reviewed,Ameyanagi,https://laws.e-gov.go.jp/law/340CO0000000002,指定令第2条第1項
poison_control,RJ_03_001,ノニルフエノール及びこれを含有する製剤,deleterious,,,name_regex,ノニルフェノール,reviewed,Ameyanagi,https://laws.e-gov.go.jp/law/340CO0000000002,指定令第2条第1項
poison_control,RJ_03_001,トリクロルヒドロキシエチルジメチルホスホネイト（トリクロルホン）,deleterious,,,name_regex,トリクロロ-1-ヒドロキシエチルホスホナート|トリクロルホン,reviewed,Ameyanagi,https://laws.e-gov.go.jp/law/325AC0000000303,法律別表第2の59
poison_control,RJ_03_001,クロルピリホス及びこれを含有する製剤,deleterious,,,name_regex,トリクロロ-2-ピリジル|クロルピリホス,reviewed,Ameyanagi,https://laws.e-gov.go.jp/law/340CO0000000002,指定令第2条第1項
poison_control,RJ_03_001,ジメチルジブロムジクロルエチルホスフエイト（ナレド）,deleterious,,,name_regex,"ジブロモ-2,2-ジクロロエチル=ジメチル|ナレド",reviewed,Ameyanagi,https://laws.e-gov.go.jp/law/325AC0000000303,法律別表第2の42
poison_control,RJ_03_001,ジメチルジチオホスホリルフエニル酢酸エチル（フェントエート）,deleterious,,,name_regex,ジメトキシホスホロチオイル\)スルファニル\]\(フェニル\)アセタート|フェントエート,reviewed,Ameyanagi,https://laws.e-gov.go.jp/law/325AC0000000303,法律別表第2の41
poison_control,RJ_03_001,テトラエチルメチレンビスジチオホスフエイト（エチオン）,deleterious,,,name_regex,"ビス\(ジチオリン酸\)S,S'-メチレン|エチオン",reviewed,Ameyanagi,https://laws.e-gov.go.jp/law/325AC0000000303,法律別表第2の56
poison_control,RJ_03_001,Ｏ－エチル－Ｏ－四－メチルチオフエニル－Ｓ－プロピルジチオホスフエイト（スルプロホス）,deleterious,,,name_regex,ジチオリン酸O-エチル-O-\(4-メチルチオフェニル\)-S-n-プロピル|スルプロホス,reviewed,Ameyanagi,https://laws.e-gov.go.jp/law/340CO0000000002,指定令第2条第1項（3 %以下を除く）
poison_control,RJ_03_001,アナバシン、その塩類及びこれらのいずれかを含有する製剤,deleterious,,,name_regex,ピペリジン-2-イル\]ピリジン|アナバシン,reviewed,Ameyanagi,https://laws.e-gov.go.jp/law/340CO0000000002,指定令第2条第1項第83号
poison_control,RJ_03_001,クロルジメホルム、その塩類及びこれらのいずれかを含有する製剤,deleterious,,,name_regex,クロロ-2-メチルフェニル\)イミノ\]メチル\}ジメチルアミン|クロルジメホルム,reviewed,Ameyanagi,https://laws.e-gov.go.jp/law/340CO0000000002,指定令第2条第1項第99号の2
poison_control,RJ_03_001,イソプロピル（オキシ）フエニル－Ｎ－メチルカルバメート類,deleterious,,,name_regex,イソプロピル(オキシ)?フェニル=メチルカルバマート|メチルカルバミン酸-?2-イソプロピル(オキシ)?フェニル|プロポクスル,reviewed,Ameyanagi,https://laws.e-gov.go.jp/law/340CO0000000002,指定令第2条第1項（1〜1.5 %以下を除く）
poison_control,RJ_03_001,メチルイソチオシアネート及びこれを含有する製剤,deleterious,,,name_regex,イソチオシアナトメタン|メチルイソチオシアナート,reviewed,Ameyanagi,https://laws.e-gov.go.jp/law/340CO0000000002,指定令第2条第1項
poison_control,RJ_03_001,２－（ジメチルアミノ）エチル＝メタクリラート及びこれを含有する製剤,deleterious,,,name_regex,ジメチルアミノ\)エチル=メタクリラート,reviewed,Ameyanagi,https://laws.e-gov.go.jp/law/340CO0000000002,指定令第2条第1項
poison_control,RJ_03_001,スルホナール,deleterious,,,name_regex,ビス\(エチルスルホニル\)プロパン|スルホナール,reviewed,Ameyanagi,https://laws.e-gov.go.jp/law/325AC0000000303,法律別表第2の55・84
poison_control,RJ_03_001,エマメクチン、その塩類及びこれらのいずれかを含有する製剤,deleterious,,,name_regex,デオキシ-4''-\(メチルアミノ\)アベルメクチン|エマメクチン,reviewed,Ameyanagi,https://laws.e-gov.go.jp/law/340CO0000000002,指定令第2条第1項第15号の3（2 %以下を除く）
poison_control,RJ_03_001,フェナザキン及びこれを含有する製剤,deleterious,,,name_regex,フェナザキン|ブチルフェニル\)エトキシ\]キナゾリン,reviewed,Ameyanagi,https://laws.e-gov.go.jp/law/340CO0000000002,指定令第2条第1項（19.4 %以下を除く）
poison_control,RJ_03_001,２，４，５－トリクロルフエノキシ酢酸エステル類,deleterious,,,name_regex,トリクロロフェノキシ\)アセタート|トリクロ(ロ|ル)フェノキシ酢酸.*エステル,reviewed,Ameyanagi,https://laws.e-gov.go.jp/law/340CO0000000002,指定令第2条第1項第74号の2
poison_control,RJ_03_001,ヘプタクロール／クロルデン類,deleterious,,,name_regex,ノナクロロトリシクロ\[5\.2\.1\.0|ヘプタクロロ\[10-\(14\)C\]トリシクロ|ヘキサクロロトリシクロ\[5\.2\.1\.0|ヘプタクロル|クロルデン,reviewed,Ameyanagi,https://laws.e-gov.go.jp/law/325AC0000000303,法律別表第2の79
poison_control,RJ_03_001,ヘキサクロルシクロヘキサン（リンデン）,deleterious,,,name_regex,ヘキサクロロシクロヘキサン|リンデン,reviewed,Ameyanagi,https://laws.e-gov.go.jp/law/325AC0000000303,法律別表第2の76
poison_control,RJ_03_001,ジノカップ及びこれを含有する製剤,deleterious,,,name_regex,(?i)dinitrophenylcrotonate|ジニトロ-6-\(オクタン-2-イル\)フェニル|ジニトロメチルヘプチルフェニルクロトナート|ジノカップ,reviewed,Ameyanagi,https://laws.e-gov.go.jp/law/340CO0000000002,指定令第2条第1項
poison_control,RJ_03_001,５－メトキシ－Ｎ，Ｎ－ジメチルトリプタミン、その塩類及びこれらのいずれかを含有する製剤,deleterious,,,name_regex,"メトキシ-1H-インドール-3-イル\)エチル\]ジメチルアミン|メトキシ-N,N-ジメチルトリプタミン",reviewed,Ameyanagi,https://laws.e-gov.go.jp/law/340CO0000000002,指定令第2条第1項第100号の12
poison_control,RJ_03_001,ブラストサイジンＳ塩類及びこれを含有する製剤,deleterious,,,name_regex,ブラストサイジン|アミノ-2-オキソピリミジン-1\(2H\)-イル\]-3-\[\(S\)-3-アミノ-5-\(1-メチルグアニジノ\),reviewed,Ameyanagi,https://laws.e-gov.go.jp/law/340CO0000000002,指定令第2条第1項第87号
poison_control,RJ_03_001,硫酸パラジメチルアミノフエニルジアゾニウム、その塩類及びこれらのいずれかを含有する製剤,deleterious,,,name_regex,ジメチルアミノ\)フェニル\]ジアゼンスルホ|フェナミノスルフ,reviewed,Ameyanagi,https://laws.e-gov.go.jp/law/340CO0000000002,指定令第2条第1項第106号
poison_control,RJ_03_001,有機シアン化合物及びこれを含有する製剤,deleterious,,,name_regex,"(?i)^(?!.*ジチイン-2,3-ジカルボニトリル)(?=.*(?:(?<!イソ)(シアノ|ニトリル|シアナミド|シアナイド|シアニダート|シアンヒドリン|有機シアン)|cyano|nitrile|cyanohydrin|(アセチル|ベンゾイル|フロイル|ベンジル)=?シアニド|ベンジルシアニド|ジシアニドコビンアミド))",reviewed,Ameyanagi,https://laws.e-gov.go.jp/law/340CO0000000002,指定令第2条第1項第32号（アシル/ベンジルシアニドを含む; ジチアノン=第1条第10号の5 毒物は除外）
poison_control,RJ_03_001,アバメクチン及びこれを含有する製剤,poison,,,name_regex,"^アバメクチン$|^アベルメクチンB1[ab]?$|^\(1'R,2S,4'S,5S,6R,8'R,10'E,12'S,13'S,14'E,16'E,20'R,21'R,24'S\)-(6-\[\(S\)-sec-ブチル\]|21',24'-ジヒドロキシ-6-イソプロピル)",reviewed,Ameyanagi,https://laws.e-gov.go.jp/law/340CO0000000002,指定令第1条第1項第1号の4（アバメクチン=アベルメクチンB1a/B1b混合物; 1.8%以下製剤は第2条第4号の2 劇物の別ルール）
poison_control,RJ_03_001,アバメクチン一・八％以下を含有する製剤,deleterious,,,name_regex,^アバメクチン1\.8%以下を含有する製剤$,reviewed,Ameyanagi,https://laws.e-gov.go.jp/law/340CO0000000002,指定令第2条第1項第4号の2
poison_control,RJ_03_001,塩化水素と硫酸とを含有する製剤,deleterious,,,name_regex,^塩化水素と硫酸とを含有する製剤$,reviewed,Ameyanagi,https://laws.e-gov.go.jp/law/340CO0000000002,指定令第2条第1項第16号の2（合計10%以下を除く）
poison_control,RJ_03_001,燐化アルミニウムとその分解促進剤とを含有する製剤,specific_poison,,,name_regex,^(燐|リン)化アルミニウムと.+を含有する製剤$,reviewed,Ameyanagi,https://laws.e-gov.go.jp/law/340CO0000000002,指定令第3条第1項第10号（分解促進剤=カルバミン酸アンモニウム製剤; 第1条第29号にも掲載、特定毒物が優先）
poison_control,RJ_03_001,燐化水素及びこれを含有する製剤,poison,,,name_regex,^ホスファン$|^ホスフィン$|^(燐|リン)化水素$,reviewed,Ameyanagi,https://laws.e-gov.go.jp/law/340CO0000000002,指定令第1条第1項第30号
poison_control,RJ_03_001,三弗化硼素及びこれを含有する製剤,poison,,,name_regex,^三フッ化ホウ素$|^三弗化硼素$|^トリフルオロボラン$,reviewed,Ameyanagi,https://laws.e-gov.go.jp/law/340CO0000000002,指定令第1条第1項第6号の14
poison_control,RJ_03_001,オルトケイ酸テトラメチル及びこれを含有する製剤,poison,,,name_regex,^テトラメトキシシラン$|^オルトケイ酸テトラメチル$|^ケイ酸テトラメチル$,reviewed,Ameyanagi,https://laws.e-gov.go.jp/law/340CO0000000002,指定令第1条第1項第5号の2
poison_control,RJ_03_001,ビス（四―イソシアナトシクロヘキシル）メタン及びこれを含有する製剤,poison,,,name_regex,ビス\(4-イソシアナトシクロヘキサン-1-イル\)メタン|ビス\(4-イソシアナトシクロヘキシル\)メタン|メチレンビス\(4-シクロヘキシルイソシアナート\),reviewed,Ameyanagi,https://laws.e-gov.go.jp/law/340CO0000000002,指定令第1条第1項第22号の2
poison_control,RJ_03_001,二―ヒドロキシプロピル＝アクリラート及びこれを含有する製剤,poison,,,name_regex,"^2-ヒドロキシプロピル=アクリラート$|^アクリル酸2-ヒドロキシプロピル$|^アクリル酸とプロパン-1,2-ジオールのモノエステル$",reviewed,Ameyanagi,https://laws.e-gov.go.jp/law/340CO0000000002,指定令第1条第1項第23号の4（CAS 25584-83-2 はヒドロキシプロピルアクリラート異性体混合物）
poison_control,RJ_03_001,モノゲルマン及びこれを含有する製剤,deleterious,,,name_regex,^ゲルマン$|^モノゲルマン$|^水素化ゲルマニウム$,reviewed,Ameyanagi,https://laws.e-gov.go.jp/law/340CO0000000002,指定令第2条第1項第100号の20
poison_control,RJ_03_001,二―セカンダリ―ブチルフエノール及びこれを含有する製剤,deleterious,,,name_regex,^2-sec-ブチルフェノール$|^2-\(ブタン-2-イル\)フェノール$,reviewed,Ameyanagi,https://laws.e-gov.go.jp/law/340CO0000000002,指定令第2条第1項第85号の8
poison_control,RJ_03_001,一―ビニル―二―ピロリドン及びこれを含有する製剤,deleterious,,,name_regex,^N-ビニル-2-ピロリドン$|^1-ビニル-2-ピロリドン$|^1-エテニルピロリジン-2-オン$,reviewed,Ameyanagi,https://laws.e-gov.go.jp/law/340CO0000000002,指定令第2条第1項第82号の2（10%以下を除く）
poison_control,RJ_03_001,ベンゾイル＝クロリド及びこれを含有する製剤,deleterious,,,name_regex,^塩化ベンゾイル$|^ベンゾイル=クロリド$|^ベンゾイルクロリド$,reviewed,Ameyanagi,https://laws.e-gov.go.jp/law/340CO0000000002,指定令第2条第1項第92号の4（0.05%以下を除く）
poison_control,RJ_03_001,クロロアセチルクロライド及びこれを含有する製剤,deleterious,,,name_regex,^クロロアセチルクロリド$|^クロロアセチルクロライド$|^クロロアセチル=クロリド$|^塩化クロロアセチル$,reviewed,Ameyanagi,https://laws.e-gov.go.jp/law/340CO0000000002,指定令第2条第1項第28号の2
poison_control,RJ_03_001,モノクロル酢酸,deleterious,,,name_regex,^クロロ酢酸$|^モノクロロ酢酸$|^モノクロル酢酸$|^クロロエタン酸$,reviewed,Ameyanagi,https://laws.e-gov.go.jp/law/325AC0000000303,法律別表第2の86
poison_control,RJ_03_001,二―クロルエチルトリメチルアンモニウム塩類及びこれを含有する製剤,deleterious,,,name_regex,\(2-クロロエチル\)\(トリメチル\)アンモニウム|クロルエチルトリメチルアンモニウム|クロロコリン|クロルメコート,reviewed,Ameyanagi,https://laws.e-gov.go.jp/law/340CO0000000002,指定令第2条第1項第26号の2
poison_control,RJ_03_001,ジ（二―クロルイソプロピル）エーテル及びこれを含有する製剤,deleterious,,,name_regex,^ビス\(1-メチル-2-クロルエチル\)エーテル$|^ビス\(2-クロロ-1-メチルエチル\)エーテル$|ジ\(2-クロルイソプロピル\)エーテル|ジクロロジイソプロピルエーテル|オキシビス\(1-クロロプロパン\),reviewed,Ameyanagi,https://laws.e-gov.go.jp/law/340CO0000000002,指定令第2条第1項第40号の3
poison_control,RJ_03_001,亜硝酸三級ブチル及びこれを含有する製剤,deleterious,,,name_regex,^tert-ブチル=ニトリット$|^亜硝酸(tert-|第三|三級)ブチル$,reviewed,Ameyanagi,https://laws.e-gov.go.jp/law/340CO0000000002,指定令第2条第1項第2号の2
poison_control,RJ_03_001,ジエチル―（二・四―ジクロルフエニル）―チオホスフエイト,deleterious,,,name_regex,"^ジエチル=2,4-ジクロロフェニル=チオホスファート$|^O,O-ジエチル=O-\(2,4-ジクロロフェニル\)=ホスホロチオアート$|ジクロフェンチオン",reviewed,Ameyanagi,https://laws.e-gov.go.jp/law/325AC0000000303,法律別表第2の24（製剤は指定令第2条第1項第36号）
poison_control,RJ_03_001,二・二′―ジピリジリウム―一・一′―エチレンジブロミド,deleterious,,,name_regex,"ジヒドロジピリド\[1,2-a:2',1'-c\]ピラジン-5,8-ジイウム=ジブロミド|ジクワットジブロミド|ジピリジリウム-1,1'-エチレンジブロミド",reviewed,Ameyanagi,https://laws.e-gov.go.jp/law/325AC0000000303,法律別表第2の34（別名ジクワット; 製剤は指定令第2条第1項第47号）
poison_control,RJ_03_001,二―チオ―三・五―ジメチルテトラヒドロ―一・三・五―チアジアジン及びこれを含有する製剤,deleterious,,,name_regex,"^3,5-ジメチル-1,3,5-チアジアジナン-2-チオン$|^2-チオ-3,5-ジメチルテトラヒドロ-1,3,5-チアジアジン$|ダゾメット",reviewed,Ameyanagi,https://laws.e-gov.go.jp/law/340CO0000000002,指定令第2条第1項第69号の4（別名ダゾメット）
poison_control,RJ_03_001,二・三―ジ―（ジエチルジチオホスホロ）―パラジオキサン,deleterious,,,name_regex,"^S,S'-1,4-ジオキサン-2,3-ジイル=O,O,O',O'-テトラエチル=ビス\(ホスホロジチオアート\)$|ジオキサチオン|ジエチルジチオホスホロ\)-パラジオキサン",reviewed,Ameyanagi,https://laws.e-gov.go.jp/law/325AC0000000303,法律別表第2の30（別名ジオキサチオン; 製剤は指定令第2条第1項第42号）
poison_control,RJ_03_001,ジメチルメチルカルバミルエチルチオエチルオホスフエイト,deleterious,,,name_regex,\(N-メチルカルバモイル\)エチルチオ\]エチル|バミドチオン,reviewed,Ameyanagi,https://laws.e-gov.go.jp/law/325AC0000000303,法律別表第2の44（別名バミドチオン; 製剤は指定令第2条第1項第57号）
poison_control,RJ_03_001,ジエチル―Ｓ―（二―オキソ―六―クロルベンゾオキサゾロメチル）―ジチオホスフエイト及びこれを含有する製剤,deleterious,,,name_regex,"6-クロロ-2,3-ジヒドロ-2-オキソベンゾオキサゾリニル\)メチル|ホサロン",reviewed,Ameyanagi,https://laws.e-gov.go.jp/law/340CO0000000002,劇物（指定令第2条第1項第34号の2；2.2 %以下を除く）；指定令第2条第1項第34号の2（別名ホサロン; 2.2%以下を除く）
poison_control,RJ_03_001,Ｏ・Ｏ′―ジエチル＝Ｏ″―（二―キノキサリニル）＝チオホスフアート（別名キナルホス）及びこれを含有する製剤,deleterious,,,name_regex,ジエチル-O-2-キノキサリニル|キノキサリン-2-イル=.*(チオホスファート|ホスホロチオアート)|キナルホス,reviewed,Ameyanagi,https://laws.e-gov.go.jp/law/340CO0000000002,指定令第2条第1項第34号の3
poison_control,RJ_03_001,エチルジフエニルジチオホスフエイト及びこれを含有する製剤,deleterious,,,name_regex,"ジチオリン酸O-エチル-S,S-ジフェニル|エディフェンホス|エチルジフェニルジチオホスフ",reviewed,Ameyanagi,https://laws.e-gov.go.jp/law/340CO0000000002,指定令第2条第1項第13号の2（別名エディフェンホス; 2%以下を除く）
poison_control,RJ_03_001,二―メチルビフエニル―三―イルメチル＝（一ＲＳ・二ＲＳ）―二―（Ｚ）―（二―クロロ―三・三・三―トリフルオロ―一―プロペニル）―三・三―ジメチルシクロプロパンカルボキシラート及びこれを含有する製剤,deleterious,,,name_regex,"ビフェニル-3-イルメチル=\(Z\)-3-\(2-クロロ-3,3,3-トリフルオロ-1-プロペニル\)-2,2-ジメチルシクロプロパンカルボキシラート|ビフェントリン",reviewed,Ameyanagi,https://laws.e-gov.go.jp/law/340CO0000000002,指定令第2条第1項第100号の3（別名ビフェントリン; 2%以下を除く）
poison_control,RJ_03_001,ｔ―ブチル＝（Ｅ）―四―（一・三―ジメチル―五―フエノキシ―四―ピラゾリルメチレンアミノオキシメチル）ベンゾアート及びこれを含有する製剤,deleterious,,,name_regex,"1,3-ジメチル-5-フェノキシ-4-ピラゾリル\)メチリデン\]アミノオキシ|フェンピロキシマート",reviewed,Ameyanagi,https://laws.e-gov.go.jp/law/340CO0000000002,指定令第2条第1項第85号の4（別名フェンピロキシマート; 5%以下を除く）
poison_control,RJ_03_001,三―（ジフルオロメチル）―一―メチル―Ｎ―［（三Ｒ）―一・一・三―トリメチル―二・三―ジヒドロ―一Ｈ―インデン―四―イル］―一Ｈ―ピラゾール―四―カルボキサミド及びこれを含有する製剤,deleterious,,,name_regex,"^3-\(ジフルオロメチル\)-1-メチル-N-\[\(3?R\)-1,1,3-トリメチル-2,3-ジヒドロ-1H-インデン-4-イル\]-1H-ピラゾール-4-カルボキサミド$|インピルフルキサム",reviewed,Ameyanagi,https://laws.e-gov.go.jp/law/340CO0000000002,指定令第2条第1項第47号の3（3%以下を除く）
poison_control,RJ_03_001,四―クロロ―二―フルオロ―五―［（ＲＳ）―（二・二・二―トリフルオロエチル）スルフイニル］フエニル＝五―［（トリフルオロメチル）チオ］ペンチル＝エーテル（別名フルペンチオフエノツクス）及びこれを含有する製剤,deleterious,,,name_regex,フルペンチオフェノックス|フルペンチオフエノツクス,reviewed,Ameyanagi,https://laws.e-gov.go.jp/law/340CO0000000002,指定令第2条第1項第28号の15
poison_control,RJ_03_001,二―ｔ―ブチル―五―（四―ｔ―ブチルベンジルチオ）―四―クロロピリダジン―三（二Ｈ）―オン及びこれを含有する製剤,deleterious,,,name_regex,2-tert-ブチル-5-\(4-tert-ブチルベンジルチオ\)-4-クロロ|ピリダベン,reviewed,Ameyanagi,https://laws.e-gov.go.jp/law/340CO0000000002,指定令第2条第1項第85号の10（別名ピリダベン）
poison_control,RJ_03_001,二・四―ジクロル―六―ニトロフエノール、その塩類及びこれらのいずれかを含有する製剤,deleterious,,,name_regex,"2,4-ジクロロ-6-ニトロフェノ(ール|ラート)|2,4-ジクロル-6-ニトロフェノール",reviewed,Ameyanagi,https://laws.e-gov.go.jp/law/340CO0000000002,指定令第2条第1項第40号の5
poison_control,RJ_03_001,モネンシン、その塩類及びこれらのいずれかを含有する製剤,deleterious,,,name_regex,"^ナトリウム=\(2S,3R,4S\)-4-\(\(2S,5R,7S,8R,9S\)-2-\{|モネンシン",reviewed,Ameyanagi,https://laws.e-gov.go.jp/law/340CO0000000002,指定令第2条第1項第100号の19（CAS 22373-78-0 モネンシンナトリウム; 8%以下を除く）
poison_control,RJ_03_001,ラサロシド、その塩類及びこれらのいずれかを含有する製剤,deleterious,,,name_regex,"^ナトリウム=6-\(\(3R,4S,5S,7R\)-7-\{|ラサロシド",reviewed,Ameyanagi,https://laws.e-gov.go.jp/law/340CO0000000002,指定令第2条第1項第102号の3（CAS 25999-20-6 ラサロシドナトリウム; 2%以下を除く）
poison_control,RJ_03_001,サリノマイシン、その塩類及びこれらのいずれかを含有する製剤,deleterious,,,name_regex,"^ナトリウム=\(R\)-2-\{\(2R,5S,6R\)-6-\[|サリノマイシン",reviewed,Ameyanagi,https://laws.e-gov.go.jp/law/340CO0000000002,指定令第2条第1項第30号の5（CAS 55721-31-8 サリノマイシンナトリウム; 1%以下を除く）
poison_control,RJ_03_001,センデユラマイシン、その塩類及びこれらのいずれかを含有する製剤,deleterious,,,name_regex,"^ナトリウム=\(\(2R,3S,4S,5R,6R\)-2,4-ジヒドロキシ-6-\{|セ[ンム]デ[ュユ]ラマイシン",reviewed,Ameyanagi,https://laws.e-gov.go.jp/law/340CO0000000002,指定令第2条第1項第69号の3（CAS 119068-77-8 センデュラマイシンナトリウム; 0.5%以下を除く）
poison_control,RJ_03_001,ジクロルジニトロメタン及びこれを含有する製剤,deleterious,,,name_regex,ジクロロ\(ジニトロ\)メタン|ジクロルジニトロメタン|ジクロロジニトロメタン,reviewed,Ameyanagi,https://laws.e-gov.go.jp/law/340CO0000000002,指定令第2条第1項第40号の4
poison_control,RJ_03_001,沃化メチル及びこれを含有する製剤,deleterious,,,name_regex,(?i)^iodo\(2H3\)methane$|^\(2H3\)ヨードメタン$|^ヨードメタン-d3$|^ヨウ化メチル-d3$,reviewed,Ameyanagi,https://laws.e-gov.go.jp/law/340CO0000000002,指定令第2条第1項第102号の2（重水素化体）
poison_control,RJ_03_001,蓚酸,deleterious,,,name_regex,^シュウ酸(二水和物|・?二?水和物)?$,reviewed,Ameyanagi,https://laws.e-gov.go.jp/law/325AC0000000303,法律別表第2の49（製剤は指定令第2条第1項第61号; 10%以下を除く）
poison_control,RJ_03_001,硅弗化水素酸,deleterious,,,name_regex,^ケイフッ化水素酸$|^ヘキサフルオロケイ酸$|^ヘキサフルオリドケイ酸$,reviewed,Ameyanagi,https://laws.e-gov.go.jp/law/325AC0000000303,法律別表第2の21（塩類は指定令第2条第1項第30号の別ルール）
poison_control,RJ_03_001,Ｌ―二―アミノ―四―〔（ヒドロキシ）（メチル）ホスフイノイル〕ブチリル―Ｌ―アラニル―Ｌ―アラニン、その塩類及びこれらのいずれかを含有する製剤,deleterious,,,name_regex,アミノ-4-\[ヒドロキシ\(メチル\)ホスホリル\]ブタノイル\}-L-アラニル-L-アラニナート|ホスフィノイル\]ブチリル-L-アラニル-L-アラニン|ビアラホス|ビアラフォス,reviewed,Ameyanagi,https://laws.e-gov.go.jp/law/340CO0000000002,指定令第2条第1項第4号の6（別名ビアラホス; CAS 71048-99-2 はナトリウム塩; 19%以下を除く）
fire_service,RJ_17_001,有機過酸化物,hazmat_class_5,,,name_regex,^(?!.*(?:ペルオキ[シソ]二硫酸|ペルオキ[シソ]ホウ酸|ペルオキ[シソ]ほう酸))(?=.*(?:ペルオキシ|ペルオキソ|過酸化(ベンゾイル|ジ|ラウロイル|ケトン|メチルエチルケトン|アセチル|クメン)|過酢酸|ヒドロペルオキシド)),reviewed,Ameyanagi,https://laws.e-gov.go.jp/law/323AC1000000186,別表第1 第5類第1号（ペルオキソ二硫酸塩類・ペルオキソほう酸塩類は第1類の別ルール）
fire_service,RJ_17_001,硝酸エステル類,hazmat_class_5,,,name_regex,(グリコール|グリセリン|エチレン|プロピレン|ペンタエリトリット|セルロース|セルロス).*(ニトラート|硝酸|ニトロ)|^(二|三)?硝酸(n-)?(メチル|エチル|プロピル|ブチル|ペンチル|イソ|エチレングリコール|グリセリン)|ニトロセルロース|ニトログリセリン|ニトログリコール,reviewed,Ameyanagi,https://laws.e-gov.go.jp/law/323AC1000000186,別表第1 第5類第1号
fire_service,RJ_17_001,ニトロ化合物,hazmat_class_5,,,name_regex,トリニトロトルエン|トリニトロフェノール|ピクリン酸|ジニトロベンゼン|トリニトロベンゼン|ジニトロトルエン|テトリル|トリニトロレゾルシン,reviewed,Ameyanagi,https://laws.e-gov.go.jp/law/323AC1000000186,別表第1 第5類第2号
fire_service,RJ_17_001,アゾ化合物,hazmat_class_5,,,name_regex,アゾビス|アゾジカルボンアミド|アゾジカルボナミド,reviewed,Ameyanagi,https://laws.e-gov.go.jp/law/323AC1000000186,別表第1 第5類第4号
fire_service,RJ_17_001,ジアゾ化合物,hazmat_class_5,,,name_regex,ジアゾジニトロフェノール|ジアゾニウム|(?<!チア)(?<!オキサ)(?<!ア)ジアゾ(?!ール|ロ|リ|ン),reviewed,Ameyanagi,https://laws.e-gov.go.jp/law/323AC1000000186,別表第1 第5類第5号
fire_service,RJ_17_001,ヒドロキシルアミン塩類,hazmat_class_5,,,name_regex,ヒドロキシルアミン.*(塩|スルファート|クロリド)|ヒドロキシルアンモニウム,reviewed,Ameyanagi,https://laws.e-gov.go.jp/law/323AC1000000186,別表第1 第5類第9号
fire_service,RJ_17_001,ヒドロキシルアミン,hazmat_class_5,,,name_regex,^ヒドロキシルアミン$,reviewed,Ameyanagi,https://laws.e-gov.go.jp/law/323AC1000000186,別表第1 第5類第8号
fire_service,RJ_17_001,金属のアジ化物,hazmat_class_5,,,name_regex,^(二|三)?アジ化(ナトリウム|カリウム|鉛|銀|バリウム|銅|リチウム|カルシウム),reviewed,Ameyanagi,https://laws.e-gov.go.jp/law/323AC1000000186,別表第1 第5類第10号（政令）
fire_service,RJ_17_001,過塩素酸,hazmat_class_6,,,name_regex,^過塩素酸$,reviewed,Ameyanagi,https://laws.e-gov.go.jp/law/323AC1000000186,別表第1 第6類第1号
fire_service,RJ_17_001,過酸化水素,hazmat_class_6,,,name_regex,^過酸化水素$,reviewed,Ameyanagi,https://laws.e-gov.go.jp/law/323AC1000000186,別表第1 第6類第2号
fire_service,RJ_17_001,硝酸,hazmat_class_6,,,name_regex,^硝酸$|^発煙硝酸$,reviewed,Ameyanagi,https://laws.e-gov.go.jp/law/323AC1000000186,別表第1 第6類第3号
fire_service,RJ_17_001,ハロゲン間化合物,hazmat_class_6,,,name_regex,^(三|五)フッ化(臭素|ヨウ素)$|^ハロゲン間化合物,reviewed,Ameyanagi,https://laws.e-gov.go.jp/law/323AC1000000186,別表第1 第6類第4号（政令）
fire_service,RJ_17_001,塩素酸塩類,hazmat_class_1,,,name_regex,^塩素酸.+,reviewed,Ameyanagi,https://laws.e-gov.go.jp/law/323AC1000000186,別表第1 第1類第1号
fire_service,RJ_17_001,過塩素酸塩類,hazmat_class_1,,,name_regex,^過塩素酸.+,reviewed,Ameyanagi,https://laws.e-gov.go.jp/law/323AC1000000186,別表第1 第1類第2号
fire_service,RJ_17_001,無機過酸化物,hazmat_class_1,,,name_regex,^(超)?過酸化(ナトリウム|カリウム|カルシウム|バリウム|マグネシウム|リチウム|亜鉛|ストロンチウム),reviewed,Ameyanagi,https://laws.e-gov.go.jp/law/323AC1000000186,別表第1 第1類第3号
fire_service,RJ_17_001,亜塩素酸塩類,hazmat_class_1,,,name_regex,^亜塩素酸.+,reviewed,Ameyanagi,https://laws.e-gov.go.jp/law/323AC1000000186,別表第1 第1類第4号
fire_service,RJ_17_001,臭素酸塩類,hazmat_class_1,,,name_regex,^臭素酸.+,reviewed,Ameyanagi,https://laws.e-gov.go.jp/law/323AC1000000186,別表第1 第1類第5号
fire_service,RJ_17_001,硝酸塩類,hazmat_class_1,,,name_regex,^((二|三|四)?硝酸|(ビス|トリス)\(硝酸\))(?!(n-|イソ)?(メチル|エチル|プロピル|ブチル|ペンチル|アミル)|エステル|ヒドラジン|グアニジン$|エチレングリコール|ジエチレングリコール|プロピレングリコール|グリセリン|セルロ|ペンタエリ)(?=.),reviewed,Ameyanagi,https://laws.e-gov.go.jp/law/323AC1000000186,別表第1 第1類第6号（硝酸そのものは第6類、硝酸エステル類は第5類、硝酸ヒドラジン/グアニジンは第5類）
fire_service,RJ_17_001,よう素酸塩類,hazmat_class_1,,,name_regex,^(よう|ヨウ)素酸.+,reviewed,Ameyanagi,https://laws.e-gov.go.jp/law/323AC1000000186,別表第1 第1類第7号
fire_service,RJ_17_001,過マンガン酸塩類,hazmat_class_1,,,name_regex,^過マンガン酸.+,reviewed,Ameyanagi,https://laws.e-gov.go.jp/law/323AC1000000186,別表第1 第1類第8号
fire_service,RJ_17_001,重クロム酸塩類,hazmat_class_1,,,name_regex,^(ヘプタオキシド)?(二|重)クロム酸.+|^ジクロマート|=ジクロマート$,reviewed,Ameyanagi,https://laws.e-gov.go.jp/law/323AC1000000186,別表第1 第1類第9号
fire_service,RJ_17_001,過よう素酸塩類,hazmat_class_1,,,name_regex,^過(よう|ヨウ)素酸.+,reviewed,Ameyanagi,https://laws.e-gov.go.jp/law/323AC1000000186,別表第1 第1類第10号（政令）
fire_service,RJ_17_001,過よう素酸,hazmat_class_1,,,name_regex,^過(よう|ヨウ)素酸$,reviewed,Ameyanagi,https://laws.e-gov.go.jp/law/323AC1000000186,別表第1 第1類第10号（危険物の規制に関する政令第1条第2号）
fire_service,RJ_17_001,亜硝酸塩類,hazmat_class_1,,,name_regex,^亜硝酸(?!(n-|イソ|sec-|tert-|第三)?(メチル|エチル|プロピル|ブチル|ペンチル|アミル|ヘキシル)).+,reviewed,Ameyanagi,https://laws.e-gov.go.jp/law/323AC1000000186,別表第1 第1類第10号（危険物の規制に関する政令第1条第4号）; 亜硝酸エステルは対象外
fire_service,RJ_17_001,次亜塩素酸塩類,hazmat_class_1,,,name_regex,^(二)?次亜塩素酸.+,reviewed,Ameyanagi,https://laws.e-gov.go.jp/law/323AC1000000186,別表第1 第1類第10号（危険物の規制に関する政令第1条第5号）
fire_service,RJ_17_001,ペルオキソ二硫酸塩類,hazmat_class_1,,,name_regex,^ペルオキ[シソ]二硫酸.+,reviewed,Ameyanagi,https://laws.e-gov.go.jp/law/323AC1000000186,別表第1 第1類第10号（危険物の規制に関する政令第1条第7号）
fire_service,RJ_17_001,ペルオキソほう酸塩類,hazmat_class_1,,,name_regex,^ペルオキ[シソ](ホウ|ほう|硼)酸.+,reviewed,Ameyanagi,https://laws.e-gov.go.jp/law/323AC1000000186,別表第1 第1類第10号（危険物の規制に関する政令第1条第8号）
fire_service,RJ_17_001,硫化りん,hazmat_class_2,,,name_regex,^(三硫化四|五硫化二|七硫化四)リン$|^硫化リン$,reviewed,Ameyanagi,https://laws.e-gov.go.jp/law/323AC1000000186,別表第1 第2類第1号
fire_service,RJ_17_001,赤りん,hazmat_class_2,,,name_regex,^赤リン$,reviewed,Ameyanagi,https://laws.e-gov.go.jp/law/323AC1000000186,別表第1 第2類第2号
fire_service,RJ_17_001,硫黄,hazmat_class_2,,,name_regex,^硫黄$,reviewed,Ameyanagi,https://laws.e-gov.go.jp/law/323AC1000000186,別表第1 第2類第3号
fire_service,RJ_17_001,カリウム,hazmat_class_3,,,name_regex,^カリウム$,reviewed,Ameyanagi,https://laws.e-gov.go.jp/law/323AC1000000186,別表第1 第3類第1号
fire_service,RJ_17_001,ナトリウム,hazmat_class_3,,,name_regex,^ナトリウム$,reviewed,Ameyanagi,https://laws.e-gov.go.jp/law/323AC1000000186,別表第1 第3類第2号
fire_service,RJ_17_001,アルキルアルミニウム,hazmat_class_3,,,name_regex,^(トリ|ジ)(メチル|エチル|イソブチル|プロピル|ブチル|オクチル|ヘキシル).*アルミニウム|^(ジ|トリ)?(クロロ|ブロモ)\((ジ|トリ)?(メチル|エチル|イソブチル|ブチル|オクチル)\)アルミニウム|(メチル|エチル|イソブチル|ブチル)アルミニウム(ジ|セスキ)?(クロリド|ブロミド)|アルキルアルミニウム,reviewed,Ameyanagi,https://laws.e-gov.go.jp/law/323AC1000000186,別表第1 第3類第3号
fire_service,RJ_17_001,アルキルリチウム,hazmat_class_3,,,name_regex,^(メチル|エチル|ブチル|sec-ブチル|tert-ブチル|フェニル)リチウム$|アルキルリチウム,reviewed,Ameyanagi,https://laws.e-gov.go.jp/law/323AC1000000186,別表第1 第3類第4号
fire_service,RJ_17_001,黄りん,hazmat_class_3,,,name_regex,^黄リン$|^白リン$,reviewed,Ameyanagi,https://laws.e-gov.go.jp/law/323AC1000000186,別表第1 第3類第5号
fire_service,RJ_17_001,アルカリ金属（カリウム及びナトリウムを除く。）及びアルカリ土類金属,hazmat_class_3,,,name_regex,^リチウム$,reviewed,Ameyanagi,https://laws.e-gov.go.jp/law/323AC1000000186,別表第1 第3類第6号（品名が一意なリチウム単体のみ; 他のアルカリ金属/アルカリ土類金属は未対応）
fire_service,RJ_17_001,金属の水素化物,hazmat_class_3,,,name_regex,^(四)?水素化(ナトリウム|リチウム|カルシウム|カリウム|アルミニウムリチウム|リチウムアルミニウム|ホウ素(ナトリウム|カリウム|リチウム)),reviewed,Ameyanagi,https://laws.e-gov.go.jp/law/323AC1000000186,別表第1 第3類第8号
fire_service,RJ_17_001,金属のりん化物,hazmat_class_3,,,name_regex,^(一|二|三)?リン化(一|二|三)?(カルシウム|亜鉛|アルミニウム|マグネシウム),reviewed,Ameyanagi,https://laws.e-gov.go.jp/law/323AC1000000186,別表第1 第3類第9号
fire_service,RJ_17_001,カルシウム又はアルミニウムの炭化物,hazmat_class_3,,,name_regex,^炭化(カルシウム|アルミニウム)$|^カルシウム=アセチリド$|^カルシウムカーバイド$,reviewed,Ameyanagi,https://laws.e-gov.go.jp/law/323AC1000000186,別表第1 第3類第10号
fire_service,RJ_17_001,塩素化けい素化合物,hazmat_class_3,,,name_regex,^トリクロロシラン$|^三塩化シラン$,reviewed,Ameyanagi,https://laws.e-gov.go.jp/law/323AC1000000186,別表第1 第3類第11号（政令）
fire_service,RJ_17_001,特殊引火物,hazmat_class_4,,,name_regex,^ジエチルエーテル$|^エチルエーテル$|^二硫化炭素$|^アセトアルデヒド$|^酸化プロピレン$|^2-メチルオキシラン$,reviewed,Ameyanagi,https://laws.e-gov.go.jp/law/323AC1000000186,別表第1 第4類第1号
fire_service,RJ_17_001,アルコール類,hazmat_class_4,,,name_regex,^メタノール$|^エタノール$|^プロパン-1-オール$|^1-プロパノール$|^プロパン-2-オール$|^2-プロパノール$|^イソプロピルアルコール$,reviewed,Ameyanagi,https://laws.e-gov.go.jp/law/323AC1000000186,別表第1 第4類第3号
fire_service,RJ_17_001,第一石油類,hazmat_class_4,,,name_regex,^ガソリン$|^ベンゼン$|^トルエン$|^アセトン$|^メチルエチルケトン$|^ブタン-2-オン$|^酢酸エチル$|^ヘキサン$|^ヘプタン$|^シクロヘキサン$|^ピリジン$|^酢酸メチル$|^テトラヒドロフラン$,reviewed,Ameyanagi,https://laws.e-gov.go.jp/law/323AC1000000186,別表第1 第4類第2号
fire_service,RJ_17_001,第二石油類,hazmat_class_4,,,name_regex,^灯油$|^軽油$|^(o|m|p)-キシレン$|^キシレン$|^酢酸$|^クロロベンゼン$|^スチレン$|^エチルベンゼン$|^ブタン-1-オール$|^1-ブタノール$|^酢酸ブチル$|^ギ酸$,reviewed,Ameyanagi,https://laws.e-gov.go.jp/law/323AC1000000186,別表第1 第4類第4号
fire_service,RJ_17_001,第三石油類,hazmat_class_4,,,name_regex,"^重油$|^クレオソート油$|^アニリン$|^ニトロベンゼン$|^エチレングリコール$|^エタン-1,2-ジオール$|^グリセリン$|^プロパン-1,2,3-トリオール$",reviewed,Ameyanagi,https://laws.e-gov.go.jp/law/323AC1000000186,別表第1 第4類第5号
poison_control,RJ_03_001,三―ジメチルジチオホスホリル―Ｓ―メチル―五―メトキシ―一・三・四―チアジアゾリン―二―オン及びこれを含有する製剤,deleterious,,,name_regex,"^ジチオリン酸S-\(2,3-ジヒドロ-5-メトキシ-2-オキソ-1,3,4-チアジアゾール-3-イル\)メチル-O,O-ジメチル$|^メチダチオン$|^DMTP$",draft,,https://laws.e-gov.go.jp/law/340CO0000000002,"指定令第2条（劇物）。法文はチアジアゾリン-2-オン表記、NITE名は互変異性体のチアジアゾール-3-イル表記（メチダチオン, CAS 950-37-8）。同一物質であることを要確認"
poison_control,RJ_03_001,ジメチルエチルメルカプトエチルチオホスフエイト（別名メチルジメトン）,specific_poison,,,name_regex,"^S-\[2-\(エチルスルファニル\)エチル\]=O,O-ジメチル=ホスホロチオアート$|デメトン-S-メチル|demeton-S-methyl",draft,,https://laws.e-gov.go.jp/law/325AC0000000303,法律別表第1の12（毒物）・別表第3の4（特定毒物）メチルジメトン。NITEは919-86-8（デメトン-S-メチル）を本条項の物質として収載。O/S異性体混合物（8022-00-2）との同一性を要確認
prtr,RJ_02_002,カドミウム及びその化合物,specific_first_class,,,name_regex,(?i)\A(?=.*(?:カドミウム|カドマート|cadmium|cadmate)),draft,,https://laws.e-gov.go.jp/law/412CO0000000138,政令番号1-099（管理番号75）。カドミウム元素名（英名cadmium/陰イオン形cadmate・カドマートを含む）を含む名称を特定第一種とする。Cd化合物と第一種元素の複塩は本規則が先に立ち、より厳しい特定第一種側に寄せる。
prtr,RJ_02_002,六価クロム化合物,specific_first_class,,,name_regex,(?i)\A(?=.*(?:クロム酸|二クロム酸|三酸化クロム|クロム\(VI\)|クロム\(6\+\)|chromate|dichromat|chromicacid|chromiumtrioxide|chromium\(VI\))),draft,,https://laws.e-gov.go.jp/law/412CO0000000138,政令番号1-112（管理番号88）。六価クロムはクロム酸/二クロム酸/三酸化クロム/chromate/dichromate 等の六価を明示する語に限定して特定第一種とし、1-111（クロム及び三価クロム化合物・第一種）側の正規表現はこれらを否定先読みで除外する。有機配位子クロマート錯体（三価）は本語彙に入れていない。
prtr,RJ_02_002,ニッケル化合物,specific_first_class,,,name_regex,(?i)\A(?=.*(?:ニッケル|ニッケラート|nickel))(?!.*(?:\Aニッケル\Z|\ANickel\Z)),draft,,https://laws.e-gov.go.jp/law/412CO0000000138,政令番号1-355（管理番号309）。ニッケル化合物は特定第一種。単体金属ニッケルは別掲1-354（第一種）なので、名称が「ニッケル」「Nickel」のみの行は否定先読みで除外する。
prtr,RJ_02_002,砒素及びその無機化合物,specific_first_class,,,name_regex,(?i)\A(?=.*(?:砒|ヒ素|ひ素|ヒ酸|亜ヒ酸|ヒ化|アルシン|アルサ|アルセ|アルソ|arsen)),draft,,https://laws.e-gov.go.jp/law/412CO0000000138,政令番号1-378（管理番号332）。「砒素及びその無機化合物」。ヒ酸塩・亜ヒ酸塩・ヒ化物・アルシン類を含める。名称から有機砒素化合物（無機に限る、の除外側）を判別できない場合があり、その残差は註記どまり。
prtr,RJ_02_002,ベリリウム及びその化合物,specific_first_class,,,name_regex,"(?i)\A(?=.*(?:ベリリウム|beryll|beryl|Bertrandite|[(,]Be\d))",draft,,https://laws.e-gov.go.jp/law/412CO0000000138,政令番号1-444（管理番号394）。ベリリウム及びその化合物（鉱物名Beryl等の英名を含む）。
prtr,RJ_02_002,鉛及びその化合物,specific_first_class,,,name_regex,(?i)\A(?=.*(?:(?<![亜黒])鉛|プルンバ|プルンビ|ナマリ酸|lead|plumb)),draft,,https://laws.e-gov.go.jp/law/412CO0000000138,政令番号1-353（管理番号697）。鉛及びその化合物。亜鉛・黒鉛を後読みで除外し、プルンバン/plumbate等の有機鉛・鉛酸塩も含める。
prtr,RJ_02_002,ビス（トリブチルスズ）＝オキシド,specific_first_class,,,name_regex,"(?i)\A(?=.*(?:1,1,1,3,3,3-ヘキサブタン-1-イルジスタンノキサン|ヘキサブチルジスタンノキサン|ビス\(トリブチルスズ\)=オキシド|bis\(tributyltin\)oxide|酸化トリブチルスズ))",draft,,https://laws.e-gov.go.jp/law/412CO0000000138,政令番号1-375（管理番号706）。ビス（トリブチルスズ）＝オキシドのみ特定第一種。NITE公式名称は「１，１，１，３，３，３－ヘキサブタン－１－イルジスタンノキサン」（CAS 56-35-9）なのでその名称も明示する。1-274（有機スズ化合物）は「ビス（トリブチルスズ）＝オキシドを除く。」ので、当該名称をこの規則が先取りする。
prtr,RJ_02_002,ポリ塩化ビフェニル（別名ＰＣＢ）,specific_first_class,,,name_regex,(?i)\A(?=.*(?:クロロビフェニル|ポリ塩化ビフェニル|chlorobiphenyl|polychlorinatedbiphenyl|PCB|アロクロール|カネクロール)),draft,,https://laws.e-gov.go.jp/law/412CO0000000138,政令番号1-459（管理番号406）。ポリ塩化ビフェニル。塩素化ビフェニル個別異性体名（〜クロロビフェニル）と商品名（アロクロール/カネクロール）を含める。
prtr,RJ_02_002,ダイオキシン類,specific_first_class,,,name_regex,(?i)\A(?=.*(?:ダイオキシン|クロロジベンゾ|chlorodibenzo)),draft,,https://laws.e-gov.go.jp/law/412CO0000000138,"政令番号1-278（管理番号243）。ダイオキシン類。塩素化を明示する「クロロジベンゾ〜」に限定し、非塩素のジベンゾフラン誘導体（例：ジベンゾ[b,d]フラン-4-イルボラン＝ほう素化合物）を巻き込まない。"
prtr,RJ_02_002,トルイジン,specific_first_class,,,name_regex,(?i)\A(?=.*(?:\A(\d+-|o-|m-|p-|オルト-|メタ-|パラ-)?トルイジン(一?塩酸塩|=一?塩酸塩)?\Z)),draft,,https://laws.e-gov.go.jp/law/412CO0000000138,政令番号1-346（管理番号）。トルイジン（特定第一種）。o-/m-/p-の異性体名と塩酸塩のみを対象とする全名称一致にし、トルイジン骨格を含む別掲の農薬名（例：2-096 ベンフルラリン＝第二種）を巻き込まない。
prtr,RJ_02_002,石綿,specific_first_class,,,name_regex,(?i)\A(?=.*(?:石綿|asbest|クリソタイル|クロシドライト|アモサイト|アンソフィライト|トレモライト|アクチノライト|chrysotile|crocidolite|amosite|tremolite|actinolite|anthophyllite)),draft,,https://laws.e-gov.go.jp/law/412CO0000000138,政令番号1-051（管理番号33）。石綿（6鉱物種の和名・英名）。
prtr,RJ_02_002,亜鉛の水溶性化合物,first_class,,,name_regex,"(?i)\A(?!(?=.*(?:カドミウム|カドマート|cadmium|cadmate)))(?!(?=.*(?:クロム酸|二クロム酸|三酸化クロム|クロム\(VI\)|クロム\(6\+\)|chromate|dichromat|chromicacid|chromiumtrioxide|chromium\(VI\))))(?!(?=.*(?:ニッケル|ニッケラート|nickel))(?!.*(?:\Aニッケル\Z|\ANickel\Z)))(?!(?=.*(?:砒|ヒ素|ひ素|ヒ酸|亜ヒ酸|ヒ化|アルシン|アルサ|アルセ|アルソ|arsen)))(?!(?=.*(?:ベリリウム|beryll|beryl|Bertrandite|[(,]Be\d)))(?!(?=.*(?:(?<![亜黒])鉛|プルンバ|プルンビ|ナマリ酸|lead|plumb)))(?!(?=.*(?:1,1,1,3,3,3-ヘキサブタン-1-イルジスタンノキサン|ヘキサブチルジスタンノキサン|ビス\(トリブチルスズ\)=オキシド|bis\(tributyltin\)oxide|酸化トリブチルスズ)))(?!(?=.*(?:クロロビフェニル|ポリ塩化ビフェニル|chlorobiphenyl|polychlorinatedbiphenyl|PCB|アロクロール|カネクロール)))(?!(?=.*(?:ダイオキシン|クロロジベンゾ|chlorodibenzo)))(?!(?=.*(?:\A(\d+-|o-|m-|p-|オルト-|メタ-|パラ-)?トルイジン(一?塩酸塩|=一?塩酸塩)?\Z)))(?!(?=.*(?:石綿|asbest|クリソタイル|クロシドライト|アモサイト|アンソフィライト|トレモライト|アクチノライト|chrysotile|crocidolite|amosite|tremolite|actinolite|anthophyllite)))(?=.*(?:亜鉛|zinc|ジンケート|zincate))",draft,,https://laws.e-gov.go.jp/law/412CO0000000138,政令番号1-001（管理番号1）。亜鉛の水溶性化合物。名称から水溶性は判定できないため亜鉛含有名称を一括で第一種とする（化管法の亜鉛関連掲名は1-001/1-002/1-370等いずれも第一種なので区分の誤りは生じない）。特定第一種元素（Cd/Ni/Pb/Be/As/六価Cr等）との複塩は先頭の特定第一種規則が優先する。
prtr,RJ_02_002,アンチモン及びその化合物,first_class,,,name_regex,"(?i)\A(?!(?=.*(?:カドミウム|カドマート|cadmium|cadmate)))(?!(?=.*(?:クロム酸|二クロム酸|三酸化クロム|クロム\(VI\)|クロム\(6\+\)|chromate|dichromat|chromicacid|chromiumtrioxide|chromium\(VI\))))(?!(?=.*(?:ニッケル|ニッケラート|nickel))(?!.*(?:\Aニッケル\Z|\ANickel\Z)))(?!(?=.*(?:砒|ヒ素|ひ素|ヒ酸|亜ヒ酸|ヒ化|アルシン|アルサ|アルセ|アルソ|arsen)))(?!(?=.*(?:ベリリウム|beryll|beryl|Bertrandite|[(,]Be\d)))(?!(?=.*(?:(?<![亜黒])鉛|プルンバ|プルンビ|ナマリ酸|lead|plumb)))(?!(?=.*(?:1,1,1,3,3,3-ヘキサブタン-1-イルジスタンノキサン|ヘキサブチルジスタンノキサン|ビス\(トリブチルスズ\)=オキシド|bis\(tributyltin\)oxide|酸化トリブチルスズ)))(?!(?=.*(?:クロロビフェニル|ポリ塩化ビフェニル|chlorobiphenyl|polychlorinatedbiphenyl|PCB|アロクロール|カネクロール)))(?!(?=.*(?:ダイオキシン|クロロジベンゾ|chlorodibenzo)))(?!(?=.*(?:\A(\d+-|o-|m-|p-|オルト-|メタ-|パラ-)?トルイジン(一?塩酸塩|=一?塩酸塩)?\Z)))(?!(?=.*(?:石綿|asbest|クリソタイル|クロシドライト|アモサイト|アンソフィライト|トレモライト|アクチノライト|chrysotile|crocidolite|amosite|tremolite|actinolite|anthophyllite)))(?=.*(?:アンチモン|スチバ|スチビ|スチボ|アンチモナート|antimon|stiba|stibi))",draft,,https://laws.e-gov.go.jp/law/412CO0000000138,政令番号1-048（管理番号31）。アンチモン及びその化合物（有機アンチモンのスチバン/スチビン類、アンチモン酸塩を含む）。
prtr,RJ_02_002,インジウム及びその化合物,first_class,,,name_regex,"(?i)\A(?!(?=.*(?:カドミウム|カドマート|cadmium|cadmate)))(?!(?=.*(?:クロム酸|二クロム酸|三酸化クロム|クロム\(VI\)|クロム\(6\+\)|chromate|dichromat|chromicacid|chromiumtrioxide|chromium\(VI\))))(?!(?=.*(?:ニッケル|ニッケラート|nickel))(?!.*(?:\Aニッケル\Z|\ANickel\Z)))(?!(?=.*(?:砒|ヒ素|ひ素|ヒ酸|亜ヒ酸|ヒ化|アルシン|アルサ|アルセ|アルソ|arsen)))(?!(?=.*(?:ベリリウム|beryll|beryl|Bertrandite|[(,]Be\d)))(?!(?=.*(?:(?<![亜黒])鉛|プルンバ|プルンビ|ナマリ酸|lead|plumb)))(?!(?=.*(?:1,1,1,3,3,3-ヘキサブタン-1-イルジスタンノキサン|ヘキサブチルジスタンノキサン|ビス\(トリブチルスズ\)=オキシド|bis\(tributyltin\)oxide|酸化トリブチルスズ)))(?!(?=.*(?:クロロビフェニル|ポリ塩化ビフェニル|chlorobiphenyl|polychlorinatedbiphenyl|PCB|アロクロール|カネクロール)))(?!(?=.*(?:ダイオキシン|クロロジベンゾ|chlorodibenzo)))(?!(?=.*(?:\A(\d+-|o-|m-|p-|オルト-|メタ-|パラ-)?トルイジン(一?塩酸塩|=一?塩酸塩)?\Z)))(?!(?=.*(?:石綿|asbest|クリソタイル|クロシドライト|アモサイト|アンソフィライト|トレモライト|アクチノライト|chrysotile|crocidolite|amosite|tremolite|actinolite|anthophyllite)))(?=.*(?:インジウム|indium))",draft,,https://laws.e-gov.go.jp/law/412CO0000000138,政令番号1-062（管理番号44）。インジウム及びその化合物。
prtr,RJ_02_002,銀及びその水溶性化合物,first_class,,,name_regex,"(?i)\A(?!(?=.*(?:カドミウム|カドマート|cadmium|cadmate)))(?!(?=.*(?:クロム酸|二クロム酸|三酸化クロム|クロム\(VI\)|クロム\(6\+\)|chromate|dichromat|chromicacid|chromiumtrioxide|chromium\(VI\))))(?!(?=.*(?:ニッケル|ニッケラート|nickel))(?!.*(?:\Aニッケル\Z|\ANickel\Z)))(?!(?=.*(?:砒|ヒ素|ひ素|ヒ酸|亜ヒ酸|ヒ化|アルシン|アルサ|アルセ|アルソ|arsen)))(?!(?=.*(?:ベリリウム|beryll|beryl|Bertrandite|[(,]Be\d)))(?!(?=.*(?:(?<![亜黒])鉛|プルンバ|プルンビ|ナマリ酸|lead|plumb)))(?!(?=.*(?:1,1,1,3,3,3-ヘキサブタン-1-イルジスタンノキサン|ヘキサブチルジスタンノキサン|ビス\(トリブチルスズ\)=オキシド|bis\(tributyltin\)oxide|酸化トリブチルスズ)))(?!(?=.*(?:クロロビフェニル|ポリ塩化ビフェニル|chlorobiphenyl|polychlorinatedbiphenyl|PCB|アロクロール|カネクロール)))(?!(?=.*(?:ダイオキシン|クロロジベンゾ|chlorodibenzo)))(?!(?=.*(?:\A(\d+-|o-|m-|p-|オルト-|メタ-|パラ-)?トルイジン(一?塩酸塩|=一?塩酸塩)?\Z)))(?!(?=.*(?:石綿|asbest|クリソタイル|クロシドライト|アモサイト|アンソフィライト|トレモライト|アクチノライト|chrysotile|crocidolite|amosite|tremolite|actinolite|anthophyllite)))(?=.*(?:(?<!水)銀|silver|argent))",draft,,https://laws.e-gov.go.jp/law/412CO0000000138,政令番号1-105（管理番号82）。銀及びその水溶性化合物。「水銀」を後読みで除外。水溶性の限定は名称から判定できないため銀含有名称を一括で第一種とする（化管法に銀の別区分掲名はない）。
prtr,RJ_02_002,クロム及び三価クロム化合物,first_class,,,name_regex,"(?i)\A(?!(?=.*(?:カドミウム|カドマート|cadmium|cadmate)))(?!(?=.*(?:クロム酸|二クロム酸|三酸化クロム|クロム\(VI\)|クロム\(6\+\)|chromate|dichromat|chromicacid|chromiumtrioxide|chromium\(VI\))))(?!(?=.*(?:ニッケル|ニッケラート|nickel))(?!.*(?:\Aニッケル\Z|\ANickel\Z)))(?!(?=.*(?:砒|ヒ素|ひ素|ヒ酸|亜ヒ酸|ヒ化|アルシン|アルサ|アルセ|アルソ|arsen)))(?!(?=.*(?:ベリリウム|beryll|beryl|Bertrandite|[(,]Be\d)))(?!(?=.*(?:(?<![亜黒])鉛|プルンバ|プルンビ|ナマリ酸|lead|plumb)))(?!(?=.*(?:1,1,1,3,3,3-ヘキサブタン-1-イルジスタンノキサン|ヘキサブチルジスタンノキサン|ビス\(トリブチルスズ\)=オキシド|bis\(tributyltin\)oxide|酸化トリブチルスズ)))(?!(?=.*(?:クロロビフェニル|ポリ塩化ビフェニル|chlorobiphenyl|polychlorinatedbiphenyl|PCB|アロクロール|カネクロール)))(?!(?=.*(?:ダイオキシン|クロロジベンゾ|chlorodibenzo)))(?!(?=.*(?:\A(\d+-|o-|m-|p-|オルト-|メタ-|パラ-)?トルイジン(一?塩酸塩|=一?塩酸塩)?\Z)))(?!(?=.*(?:石綿|asbest|クリソタイル|クロシドライト|アモサイト|アンソフィライト|トレモライト|アクチノライト|chrysotile|crocidolite|amosite|tremolite|actinolite|anthophyllite)))(?=.*(?:クロム|chrom|クロマート))",draft,,https://laws.e-gov.go.jp/law/412CO0000000138,政令番号1-111（管理番号87）。クロム及び三価クロム化合物。六価クロム（1-112・特定第一種）の語彙（クロム酸/二クロム酸/三酸化クロム/chromate/dichromate等）は冒頭の否定先読みで除外され、六価側が特定第一種として先に一致する。
prtr,RJ_02_002,コバルト及びその化合物,first_class,,,name_regex,"(?i)\A(?!(?=.*(?:カドミウム|カドマート|cadmium|cadmate)))(?!(?=.*(?:クロム酸|二クロム酸|三酸化クロム|クロム\(VI\)|クロム\(6\+\)|chromate|dichromat|chromicacid|chromiumtrioxide|chromium\(VI\))))(?!(?=.*(?:ニッケル|ニッケラート|nickel))(?!.*(?:\Aニッケル\Z|\ANickel\Z)))(?!(?=.*(?:砒|ヒ素|ひ素|ヒ酸|亜ヒ酸|ヒ化|アルシン|アルサ|アルセ|アルソ|arsen)))(?!(?=.*(?:ベリリウム|beryll|beryl|Bertrandite|[(,]Be\d)))(?!(?=.*(?:(?<![亜黒])鉛|プルンバ|プルンビ|ナマリ酸|lead|plumb)))(?!(?=.*(?:1,1,1,3,3,3-ヘキサブタン-1-イルジスタンノキサン|ヘキサブチルジスタンノキサン|ビス\(トリブチルスズ\)=オキシド|bis\(tributyltin\)oxide|酸化トリブチルスズ)))(?!(?=.*(?:クロロビフェニル|ポリ塩化ビフェニル|chlorobiphenyl|polychlorinatedbiphenyl|PCB|アロクロール|カネクロール)))(?!(?=.*(?:ダイオキシン|クロロジベンゾ|chlorodibenzo)))(?!(?=.*(?:\A(\d+-|o-|m-|p-|オルト-|メタ-|パラ-)?トルイジン(一?塩酸塩|=一?塩酸塩)?\Z)))(?!(?=.*(?:石綿|asbest|クリソタイル|クロシドライト|アモサイト|アンソフィライト|トレモライト|アクチノライト|chrysotile|crocidolite|amosite|tremolite|actinolite|anthophyllite)))(?=.*(?:コバルト|コバルタート|コバラミン|cobalt|cobalamin|ビタミンB12))",draft,,https://laws.e-gov.go.jp/law/412CO0000000138,政令番号1-156（管理番号132）。コバルト及びその化合物（コバルタート錯陰イオンを含む）。
prtr,RJ_02_002,水銀及びその化合物,first_class,,,name_regex,"(?i)\A(?!(?=.*(?:カドミウム|カドマート|cadmium|cadmate)))(?!(?=.*(?:クロム酸|二クロム酸|三酸化クロム|クロム\(VI\)|クロム\(6\+\)|chromate|dichromat|chromicacid|chromiumtrioxide|chromium\(VI\))))(?!(?=.*(?:ニッケル|ニッケラート|nickel))(?!.*(?:\Aニッケル\Z|\ANickel\Z)))(?!(?=.*(?:砒|ヒ素|ひ素|ヒ酸|亜ヒ酸|ヒ化|アルシン|アルサ|アルセ|アルソ|arsen)))(?!(?=.*(?:ベリリウム|beryll|beryl|Bertrandite|[(,]Be\d)))(?!(?=.*(?:(?<![亜黒])鉛|プルンバ|プルンビ|ナマリ酸|lead|plumb)))(?!(?=.*(?:1,1,1,3,3,3-ヘキサブタン-1-イルジスタンノキサン|ヘキサブチルジスタンノキサン|ビス\(トリブチルスズ\)=オキシド|bis\(tributyltin\)oxide|酸化トリブチルスズ)))(?!(?=.*(?:クロロビフェニル|ポリ塩化ビフェニル|chlorobiphenyl|polychlorinatedbiphenyl|PCB|アロクロール|カネクロール)))(?!(?=.*(?:ダイオキシン|クロロジベンゾ|chlorodibenzo)))(?!(?=.*(?:\A(\d+-|o-|m-|p-|オルト-|メタ-|パラ-)?トルイジン(一?塩酸塩|=一?塩酸塩)?\Z)))(?!(?=.*(?:石綿|asbest|クリソタイル|クロシドライト|アモサイト|アンソフィライト|トレモライト|アクチノライト|chrysotile|crocidolite|amosite|tremolite|actinolite|anthophyllite)))(?=.*(?:水銀|メルクラ|メルクリ|mercur|merodrin))",draft,,https://laws.e-gov.go.jp/law/412CO0000000138,政令番号1-272（管理番号237）。水銀及びその化合物（有機水銀・水銀酸塩を含む）。
prtr,RJ_02_002,有機スズ化合物（ビス（トリブチルスズ）＝オキシドを除く。）,first_class,,,name_regex,"(?i)\A(?!(?=.*(?:カドミウム|カドマート|cadmium|cadmate)))(?!(?=.*(?:クロム酸|二クロム酸|三酸化クロム|クロム\(VI\)|クロム\(6\+\)|chromate|dichromat|chromicacid|chromiumtrioxide|chromium\(VI\))))(?!(?=.*(?:ニッケル|ニッケラート|nickel))(?!.*(?:\Aニッケル\Z|\ANickel\Z)))(?!(?=.*(?:砒|ヒ素|ひ素|ヒ酸|亜ヒ酸|ヒ化|アルシン|アルサ|アルセ|アルソ|arsen)))(?!(?=.*(?:ベリリウム|beryll|beryl|Bertrandite|[(,]Be\d)))(?!(?=.*(?:(?<![亜黒])鉛|プルンバ|プルンビ|ナマリ酸|lead|plumb)))(?!(?=.*(?:1,1,1,3,3,3-ヘキサブタン-1-イルジスタンノキサン|ヘキサブチルジスタンノキサン|ビス\(トリブチルスズ\)=オキシド|bis\(tributyltin\)oxide|酸化トリブチルスズ)))(?!(?=.*(?:クロロビフェニル|ポリ塩化ビフェニル|chlorobiphenyl|polychlorinatedbiphenyl|PCB|アロクロール|カネクロール)))(?!(?=.*(?:ダイオキシン|クロロジベンゾ|chlorodibenzo)))(?!(?=.*(?:\A(\d+-|o-|m-|p-|オルト-|メタ-|パラ-)?トルイジン(一?塩酸塩|=一?塩酸塩)?\Z)))(?!(?=.*(?:石綿|asbest|クリソタイル|クロシドライト|アモサイト|アンソフィライト|トレモライト|アクチノライト|chrysotile|crocidolite|amosite|tremolite|actinolite|anthophyllite)))(?=.*(?:スズ|スタン|スタニ|スタネ|スタノ|スナンナ|錫|stann|butyltin|phenyltin|methyltin|octyltin|cyhexatin|メチルチン|ブチルチン|オクチルチン))",draft,,https://laws.e-gov.go.jp/law/412CO0000000138,政令番号1-274（管理番号664）。有機スズ化合物（ビス（トリブチルスズ）＝オキシドを除く。）。除外物質は1-375の特定第一種規則が先に一致するため本規則には残らない。無機スズか有機スズかは名称から常に判別できないが、化管法のスズ掲名は本群と1-375のみ。
prtr,RJ_02_002,セリウム及びその化合物,first_class,,,name_regex,"(?i)\A(?!(?=.*(?:カドミウム|カドマート|cadmium|cadmate)))(?!(?=.*(?:クロム酸|二クロム酸|三酸化クロム|クロム\(VI\)|クロム\(6\+\)|chromate|dichromat|chromicacid|chromiumtrioxide|chromium\(VI\))))(?!(?=.*(?:ニッケル|ニッケラート|nickel))(?!.*(?:\Aニッケル\Z|\ANickel\Z)))(?!(?=.*(?:砒|ヒ素|ひ素|ヒ酸|亜ヒ酸|ヒ化|アルシン|アルサ|アルセ|アルソ|arsen)))(?!(?=.*(?:ベリリウム|beryll|beryl|Bertrandite|[(,]Be\d)))(?!(?=.*(?:(?<![亜黒])鉛|プルンバ|プルンビ|ナマリ酸|lead|plumb)))(?!(?=.*(?:1,1,1,3,3,3-ヘキサブタン-1-イルジスタンノキサン|ヘキサブチルジスタンノキサン|ビス\(トリブチルスズ\)=オキシド|bis\(tributyltin\)oxide|酸化トリブチルスズ)))(?!(?=.*(?:クロロビフェニル|ポリ塩化ビフェニル|chlorobiphenyl|polychlorinatedbiphenyl|PCB|アロクロール|カネクロール)))(?!(?=.*(?:ダイオキシン|クロロジベンゾ|chlorodibenzo)))(?!(?=.*(?:\A(\d+-|o-|m-|p-|オルト-|メタ-|パラ-)?トルイジン(一?塩酸塩|=一?塩酸塩)?\Z)))(?!(?=.*(?:石綿|asbest|クリソタイル|クロシドライト|アモサイト|アンソフィライト|トレモライト|アクチノライト|chrysotile|crocidolite|amosite|tremolite|actinolite|anthophyllite)))(?=.*(?:セリウム|cerium|Cerate\())",draft,,https://laws.e-gov.go.jp/law/412CO0000000138,政令番号1-276（管理番号665）。セリウム及びその化合物。
prtr,RJ_02_002,セレン及びその化合物,first_class,,,name_regex,"(?i)\A(?!(?=.*(?:カドミウム|カドマート|cadmium|cadmate)))(?!(?=.*(?:クロム酸|二クロム酸|三酸化クロム|クロム\(VI\)|クロム\(6\+\)|chromate|dichromat|chromicacid|chromiumtrioxide|chromium\(VI\))))(?!(?=.*(?:ニッケル|ニッケラート|nickel))(?!.*(?:\Aニッケル\Z|\ANickel\Z)))(?!(?=.*(?:砒|ヒ素|ひ素|ヒ酸|亜ヒ酸|ヒ化|アルシン|アルサ|アルセ|アルソ|arsen)))(?!(?=.*(?:ベリリウム|beryll|beryl|Bertrandite|[(,]Be\d)))(?!(?=.*(?:(?<![亜黒])鉛|プルンバ|プルンビ|ナマリ酸|lead|plumb)))(?!(?=.*(?:1,1,1,3,3,3-ヘキサブタン-1-イルジスタンノキサン|ヘキサブチルジスタンノキサン|ビス\(トリブチルスズ\)=オキシド|bis\(tributyltin\)oxide|酸化トリブチルスズ)))(?!(?=.*(?:クロロビフェニル|ポリ塩化ビフェニル|chlorobiphenyl|polychlorinatedbiphenyl|PCB|アロクロール|カネクロール)))(?!(?=.*(?:ダイオキシン|クロロジベンゾ|chlorodibenzo)))(?!(?=.*(?:\A(\d+-|o-|m-|p-|オルト-|メタ-|パラ-)?トルイジン(一?塩酸塩|=一?塩酸塩)?\Z)))(?!(?=.*(?:石綿|asbest|クリソタイル|クロシドライト|アモサイト|アンソフィライト|トレモライト|アクチノライト|chrysotile|crocidolite|amosite|tremolite|actinolite|anthophyllite)))(?=.*(?:セレン|セレナ|セレノ|セロン|セラン|セラニル|セレネ|セレニ|selen))",draft,,https://laws.e-gov.go.jp/law/412CO0000000138,政令番号1-277（管理番号242）。セレン及びその化合物（セレナゾール等の有機セレン、ジセラン類を含む）。
prtr,RJ_02_002,タリウム及びその化合物,first_class,,,name_regex,"(?i)\A(?!(?=.*(?:カドミウム|カドマート|cadmium|cadmate)))(?!(?=.*(?:クロム酸|二クロム酸|三酸化クロム|クロム\(VI\)|クロム\(6\+\)|chromate|dichromat|chromicacid|chromiumtrioxide|chromium\(VI\))))(?!(?=.*(?:ニッケル|ニッケラート|nickel))(?!.*(?:\Aニッケル\Z|\ANickel\Z)))(?!(?=.*(?:砒|ヒ素|ひ素|ヒ酸|亜ヒ酸|ヒ化|アルシン|アルサ|アルセ|アルソ|arsen)))(?!(?=.*(?:ベリリウム|beryll|beryl|Bertrandite|[(,]Be\d)))(?!(?=.*(?:(?<![亜黒])鉛|プルンバ|プルンビ|ナマリ酸|lead|plumb)))(?!(?=.*(?:1,1,1,3,3,3-ヘキサブタン-1-イルジスタンノキサン|ヘキサブチルジスタンノキサン|ビス\(トリブチルスズ\)=オキシド|bis\(tributyltin\)oxide|酸化トリブチルスズ)))(?!(?=.*(?:クロロビフェニル|ポリ塩化ビフェニル|chlorobiphenyl|polychlorinatedbiphenyl|PCB|アロクロール|カネクロール)))(?!(?=.*(?:ダイオキシン|クロロジベンゾ|chlorodibenzo)))(?!(?=.*(?:\A(\d+-|o-|m-|p-|オルト-|メタ-|パラ-)?トルイジン(一?塩酸塩|=一?塩酸塩)?\Z)))(?!(?=.*(?:石綿|asbest|クリソタイル|クロシドライト|アモサイト|アンソフィライト|トレモライト|アクチノライト|chrysotile|crocidolite|amosite|tremolite|actinolite|anthophyllite)))(?=.*(?:タリウム|thalli))",draft,,https://laws.e-gov.go.jp/law/412CO0000000138,政令番号1-279（管理番号666）。タリウム及びその化合物。
prtr,RJ_02_002,テルル及びその化合物,first_class,,,name_regex,"(?i)\A(?!(?=.*(?:カドミウム|カドマート|cadmium|cadmate)))(?!(?=.*(?:クロム酸|二クロム酸|三酸化クロム|クロム\(VI\)|クロム\(6\+\)|chromate|dichromat|chromicacid|chromiumtrioxide|chromium\(VI\))))(?!(?=.*(?:ニッケル|ニッケラート|nickel))(?!.*(?:\Aニッケル\Z|\ANickel\Z)))(?!(?=.*(?:砒|ヒ素|ひ素|ヒ酸|亜ヒ酸|ヒ化|アルシン|アルサ|アルセ|アルソ|arsen)))(?!(?=.*(?:ベリリウム|beryll|beryl|Bertrandite|[(,]Be\d)))(?!(?=.*(?:(?<![亜黒])鉛|プルンバ|プルンビ|ナマリ酸|lead|plumb)))(?!(?=.*(?:1,1,1,3,3,3-ヘキサブタン-1-イルジスタンノキサン|ヘキサブチルジスタンノキサン|ビス\(トリブチルスズ\)=オキシド|bis\(tributyltin\)oxide|酸化トリブチルスズ)))(?!(?=.*(?:クロロビフェニル|ポリ塩化ビフェニル|chlorobiphenyl|polychlorinatedbiphenyl|PCB|アロクロール|カネクロール)))(?!(?=.*(?:ダイオキシン|クロロジベンゾ|chlorodibenzo)))(?!(?=.*(?:\A(\d+-|o-|m-|p-|オルト-|メタ-|パラ-)?トルイジン(一?塩酸塩|=一?塩酸塩)?\Z)))(?!(?=.*(?:石綿|asbest|クリソタイル|クロシドライト|アモサイト|アンソフィライト|トレモライト|アクチノライト|chrysotile|crocidolite|amosite|tremolite|actinolite|anthophyllite)))(?=.*(?:テルル|テラニル|テラン|テルラ|テルロ|テルリ|tellur))",draft,,https://laws.e-gov.go.jp/law/412CO0000000138,政令番号1-311（管理番号679）。テルル及びその化合物。
prtr,RJ_02_002,銅水溶性塩（錯塩を除く。）,first_class,,,name_regex,"(?i)\A(?!(?=.*(?:カドミウム|カドマート|cadmium|cadmate)))(?!(?=.*(?:クロム酸|二クロム酸|三酸化クロム|クロム\(VI\)|クロム\(6\+\)|chromate|dichromat|chromicacid|chromiumtrioxide|chromium\(VI\))))(?!(?=.*(?:ニッケル|ニッケラート|nickel))(?!.*(?:\Aニッケル\Z|\ANickel\Z)))(?!(?=.*(?:砒|ヒ素|ひ素|ヒ酸|亜ヒ酸|ヒ化|アルシン|アルサ|アルセ|アルソ|arsen)))(?!(?=.*(?:ベリリウム|beryll|beryl|Bertrandite|[(,]Be\d)))(?!(?=.*(?:(?<![亜黒])鉛|プルンバ|プルンビ|ナマリ酸|lead|plumb)))(?!(?=.*(?:1,1,1,3,3,3-ヘキサブタン-1-イルジスタンノキサン|ヘキサブチルジスタンノキサン|ビス\(トリブチルスズ\)=オキシド|bis\(tributyltin\)oxide|酸化トリブチルスズ)))(?!(?=.*(?:クロロビフェニル|ポリ塩化ビフェニル|chlorobiphenyl|polychlorinatedbiphenyl|PCB|アロクロール|カネクロール)))(?!(?=.*(?:ダイオキシン|クロロジベンゾ|chlorodibenzo)))(?!(?=.*(?:\A(\d+-|o-|m-|p-|オルト-|メタ-|パラ-)?トルイジン(一?塩酸塩|=一?塩酸塩)?\Z)))(?!(?=.*(?:石綿|asbest|クリソタイル|クロシドライト|アモサイト|アンソフィライト|トレモライト|アクチノライト|chrysotile|crocidolite|amosite|tremolite|actinolite|anthophyllite)))(?=.*(?:銅|クプラート|copper|cupr))",draft,,https://laws.e-gov.go.jp/law/412CO0000000138,政令番号1-314（管理番号272）。銅水溶性塩（錯塩を除く。）。水溶性・錯塩の別は名称から判定できないため銅含有名称を一括で第一種とする（化管法の銅掲名は本群と1-283チオシアン酸銅で、いずれも第一種）。
prtr,RJ_02_002,バナジウム化合物,first_class,,,name_regex,"(?i)\A(?!(?=.*(?:カドミウム|カドマート|cadmium|cadmate)))(?!(?=.*(?:クロム酸|二クロム酸|三酸化クロム|クロム\(VI\)|クロム\(6\+\)|chromate|dichromat|chromicacid|chromiumtrioxide|chromium\(VI\))))(?!(?=.*(?:ニッケル|ニッケラート|nickel))(?!.*(?:\Aニッケル\Z|\ANickel\Z)))(?!(?=.*(?:砒|ヒ素|ひ素|ヒ酸|亜ヒ酸|ヒ化|アルシン|アルサ|アルセ|アルソ|arsen)))(?!(?=.*(?:ベリリウム|beryll|beryl|Bertrandite|[(,]Be\d)))(?!(?=.*(?:(?<![亜黒])鉛|プルンバ|プルンビ|ナマリ酸|lead|plumb)))(?!(?=.*(?:1,1,1,3,3,3-ヘキサブタン-1-イルジスタンノキサン|ヘキサブチルジスタンノキサン|ビス\(トリブチルスズ\)=オキシド|bis\(tributyltin\)oxide|酸化トリブチルスズ)))(?!(?=.*(?:クロロビフェニル|ポリ塩化ビフェニル|chlorobiphenyl|polychlorinatedbiphenyl|PCB|アロクロール|カネクロール)))(?!(?=.*(?:ダイオキシン|クロロジベンゾ|chlorodibenzo)))(?!(?=.*(?:\A(\d+-|o-|m-|p-|オルト-|メタ-|パラ-)?トルイジン(一?塩酸塩|=一?塩酸塩)?\Z)))(?!(?=.*(?:石綿|asbest|クリソタイル|クロシドライト|アモサイト|アンソフィライト|トレモライト|アクチノライト|chrysotile|crocidolite|amosite|tremolite|actinolite|anthophyllite)))(?=.*(?:バナジウム|バナジン|バナダート|vanad))",draft,,https://laws.e-gov.go.jp/law/412CO0000000138,政令番号1-363（管理番号321）。バナジウム化合物。
prtr,RJ_02_002,ほう素化合物,first_class,,,name_regex,"(?i)\A(?!(?=.*(?:カドミウム|カドマート|cadmium|cadmate)))(?!(?=.*(?:クロム酸|二クロム酸|三酸化クロム|クロム\(VI\)|クロム\(6\+\)|chromate|dichromat|chromicacid|chromiumtrioxide|chromium\(VI\))))(?!(?=.*(?:ニッケル|ニッケラート|nickel))(?!.*(?:\Aニッケル\Z|\ANickel\Z)))(?!(?=.*(?:砒|ヒ素|ひ素|ヒ酸|亜ヒ酸|ヒ化|アルシン|アルサ|アルセ|アルソ|arsen)))(?!(?=.*(?:ベリリウム|beryll|beryl|Bertrandite|[(,]Be\d)))(?!(?=.*(?:(?<![亜黒])鉛|プルンバ|プルンビ|ナマリ酸|lead|plumb)))(?!(?=.*(?:1,1,1,3,3,3-ヘキサブタン-1-イルジスタンノキサン|ヘキサブチルジスタンノキサン|ビス\(トリブチルスズ\)=オキシド|bis\(tributyltin\)oxide|酸化トリブチルスズ)))(?!(?=.*(?:クロロビフェニル|ポリ塩化ビフェニル|chlorobiphenyl|polychlorinatedbiphenyl|PCB|アロクロール|カネクロール)))(?!(?=.*(?:ダイオキシン|クロロジベンゾ|chlorodibenzo)))(?!(?=.*(?:\A(\d+-|o-|m-|p-|オルト-|メタ-|パラ-)?トルイジン(一?塩酸塩|=一?塩酸塩)?\Z)))(?!(?=.*(?:石綿|asbest|クリソタイル|クロシドライト|アモサイト|アンソフィライト|トレモライト|アクチノライト|chrysotile|crocidolite|amosite|tremolite|actinolite|anthophyllite)))(?=.*(?:ほう素|ホウ素|ホウ化|ほう化|ホウ酸|ほう酸|ホウ砂|ホウフッ化|ほうフッ化|ホウケイ酸|ほうけい酸|ホウ化|ボラン|ボラ|ボリル|ボリ|ボロ|ボレート|boron|borate|boric|boran|borid|borin|borol|borax|ulexite|colemanite))",draft,,https://laws.e-gov.go.jp/law/412CO0000000138,政令番号1-458（管理番号405）。ほう素化合物（ホウ酸塩・ホウ化物・ボラン/ボロラン/ボロナート等の有機ほう素を含む）。
prtr,RJ_02_002,マンガン及びその化合物,first_class,,,name_regex,"(?i)\A(?!(?=.*(?:カドミウム|カドマート|cadmium|cadmate)))(?!(?=.*(?:クロム酸|二クロム酸|三酸化クロム|クロム\(VI\)|クロム\(6\+\)|chromate|dichromat|chromicacid|chromiumtrioxide|chromium\(VI\))))(?!(?=.*(?:ニッケル|ニッケラート|nickel))(?!.*(?:\Aニッケル\Z|\ANickel\Z)))(?!(?=.*(?:砒|ヒ素|ひ素|ヒ酸|亜ヒ酸|ヒ化|アルシン|アルサ|アルセ|アルソ|arsen)))(?!(?=.*(?:ベリリウム|beryll|beryl|Bertrandite|[(,]Be\d)))(?!(?=.*(?:(?<![亜黒])鉛|プルンバ|プルンビ|ナマリ酸|lead|plumb)))(?!(?=.*(?:1,1,1,3,3,3-ヘキサブタン-1-イルジスタンノキサン|ヘキサブチルジスタンノキサン|ビス\(トリブチルスズ\)=オキシド|bis\(tributyltin\)oxide|酸化トリブチルスズ)))(?!(?=.*(?:クロロビフェニル|ポリ塩化ビフェニル|chlorobiphenyl|polychlorinatedbiphenyl|PCB|アロクロール|カネクロール)))(?!(?=.*(?:ダイオキシン|クロロジベンゾ|chlorodibenzo)))(?!(?=.*(?:\A(\d+-|o-|m-|p-|オルト-|メタ-|パラ-)?トルイジン(一?塩酸塩|=一?塩酸塩)?\Z)))(?!(?=.*(?:石綿|asbest|クリソタイル|クロシドライト|アモサイト|アンソフィライト|トレモライト|アクチノライト|chrysotile|crocidolite|amosite|tremolite|actinolite|anthophyllite)))(?=.*(?:マンガン|マンガナート|mangan))",draft,,https://laws.e-gov.go.jp/law/412CO0000000138,政令番号1-465（管理番号412）。マンガン及びその化合物。
prtr,RJ_02_002,モリブデン及びその化合物,first_class,,,name_regex,"(?i)\A(?!(?=.*(?:カドミウム|カドマート|cadmium|cadmate)))(?!(?=.*(?:クロム酸|二クロム酸|三酸化クロム|クロム\(VI\)|クロム\(6\+\)|chromate|dichromat|chromicacid|chromiumtrioxide|chromium\(VI\))))(?!(?=.*(?:ニッケル|ニッケラート|nickel))(?!.*(?:\Aニッケル\Z|\ANickel\Z)))(?!(?=.*(?:砒|ヒ素|ひ素|ヒ酸|亜ヒ酸|ヒ化|アルシン|アルサ|アルセ|アルソ|arsen)))(?!(?=.*(?:ベリリウム|beryll|beryl|Bertrandite|[(,]Be\d)))(?!(?=.*(?:(?<![亜黒])鉛|プルンバ|プルンビ|ナマリ酸|lead|plumb)))(?!(?=.*(?:1,1,1,3,3,3-ヘキサブタン-1-イルジスタンノキサン|ヘキサブチルジスタンノキサン|ビス\(トリブチルスズ\)=オキシド|bis\(tributyltin\)oxide|酸化トリブチルスズ)))(?!(?=.*(?:クロロビフェニル|ポリ塩化ビフェニル|chlorobiphenyl|polychlorinatedbiphenyl|PCB|アロクロール|カネクロール)))(?!(?=.*(?:ダイオキシン|クロロジベンゾ|chlorodibenzo)))(?!(?=.*(?:\A(\d+-|o-|m-|p-|オルト-|メタ-|パラ-)?トルイジン(一?塩酸塩|=一?塩酸塩)?\Z)))(?!(?=.*(?:石綿|asbest|クリソタイル|クロシドライト|アモサイト|アンソフィライト|トレモライト|アクチノライト|chrysotile|crocidolite|amosite|tremolite|actinolite|anthophyllite)))(?=.*(?:モリブデン|モリブダート|モリブド|molybd))",draft,,https://laws.e-gov.go.jp/law/412CO0000000138,政令番号1-505（管理番号453）。モリブデン及びその化合物（モリブダート/モリブドりん酸を含む）。
prtr,RJ_02_002,無機シアン化合物（錯塩及びシアン酸塩を除く。）,first_class,,,name_regex,"(?i)\A(?!(?=.*(?:カドミウム|カドマート|cadmium|cadmate)))(?!(?=.*(?:クロム酸|二クロム酸|三酸化クロム|クロム\(VI\)|クロム\(6\+\)|chromate|dichromat|chromicacid|chromiumtrioxide|chromium\(VI\))))(?!(?=.*(?:ニッケル|ニッケラート|nickel))(?!.*(?:\Aニッケル\Z|\ANickel\Z)))(?!(?=.*(?:砒|ヒ素|ひ素|ヒ酸|亜ヒ酸|ヒ化|アルシン|アルサ|アルセ|アルソ|arsen)))(?!(?=.*(?:ベリリウム|beryll|beryl|Bertrandite|[(,]Be\d)))(?!(?=.*(?:(?<![亜黒])鉛|プルンバ|プルンビ|ナマリ酸|lead|plumb)))(?!(?=.*(?:1,1,1,3,3,3-ヘキサブタン-1-イルジスタンノキサン|ヘキサブチルジスタンノキサン|ビス\(トリブチルスズ\)=オキシド|bis\(tributyltin\)oxide|酸化トリブチルスズ)))(?!(?=.*(?:クロロビフェニル|ポリ塩化ビフェニル|chlorobiphenyl|polychlorinatedbiphenyl|PCB|アロクロール|カネクロール)))(?!(?=.*(?:ダイオキシン|クロロジベンゾ|chlorodibenzo)))(?!(?=.*(?:\A(\d+-|o-|m-|p-|オルト-|メタ-|パラ-)?トルイジン(一?塩酸塩|=一?塩酸塩)?\Z)))(?!(?=.*(?:石綿|asbest|クリソタイル|クロシドライト|アモサイト|アンソフィライト|トレモライト|アクチノライト|chrysotile|crocidolite|amosite|tremolite|actinolite|anthophyllite)))(?=.*(?:シアン化|塩化シアン|臭化シアン|ヨウ化シアン|cyanide|cyanogenchloride))(?!.*(?:シアン酸|cyanate|フェロシアン|フェリシアン|ヘキサシアニド|ferrocyanide|ferricyanide|シアニド.{0,12}アート))",draft,,https://laws.e-gov.go.jp/law/412CO0000000138,政令番号1-164（管理番号144）。無機シアン化合物（錯塩及びシアン酸塩を除く。）。「シアン化」「cyanide」を要求し、除外規定に対応してシアン酸塩（cyanate）とフェロ/フェリシアン・ヘキサシアニド錯塩を否定先読みで外す。有機ニトリル（シアノ〜）は語彙に含めない。
prtr,RJ_02_002,ふっ化水素及びその水溶性塩,first_class,,,name_regex,"(?i)\A(?!(?=.*(?:カドミウム|カドマート|cadmium|cadmate)))(?!(?=.*(?:クロム酸|二クロム酸|三酸化クロム|クロム\(VI\)|クロム\(6\+\)|chromate|dichromat|chromicacid|chromiumtrioxide|chromium\(VI\))))(?!(?=.*(?:ニッケル|ニッケラート|nickel))(?!.*(?:\Aニッケル\Z|\ANickel\Z)))(?!(?=.*(?:砒|ヒ素|ひ素|ヒ酸|亜ヒ酸|ヒ化|アルシン|アルサ|アルセ|アルソ|arsen)))(?!(?=.*(?:ベリリウム|beryll|beryl|Bertrandite|[(,]Be\d)))(?!(?=.*(?:(?<![亜黒])鉛|プルンバ|プルンビ|ナマリ酸|lead|plumb)))(?!(?=.*(?:1,1,1,3,3,3-ヘキサブタン-1-イルジスタンノキサン|ヘキサブチルジスタンノキサン|ビス\(トリブチルスズ\)=オキシド|bis\(tributyltin\)oxide|酸化トリブチルスズ)))(?!(?=.*(?:クロロビフェニル|ポリ塩化ビフェニル|chlorobiphenyl|polychlorinatedbiphenyl|PCB|アロクロール|カネクロール)))(?!(?=.*(?:ダイオキシン|クロロジベンゾ|chlorodibenzo)))(?!(?=.*(?:\A(\d+-|o-|m-|p-|オルト-|メタ-|パラ-)?トルイジン(一?塩酸塩|=一?塩酸塩)?\Z)))(?!(?=.*(?:石綿|asbest|クリソタイル|クロシドライト|アモサイト|アンソフィライト|トレモライト|アクチノライト|chrysotile|crocidolite|amosite|tremolite|actinolite|anthophyllite)))(?=.*(?:ふっ化水素|フッ化水素|ふっ化アンモニウム|ふっ化ナトリウム|ふっ化カリウム|二ふっ化|けいふっ化|ケイフッ化|ヘキサフルオロけい酸|hydrogenfluoride|hydrofluoric|ammoniumfluoride|sodiumfluoride|potassiumfluoride|bifluoride|fluorosilicate|hexafluorosilicate|silicofluoride|(ふっ化|フッ化)(水素|アンモニウム|ナトリウム|カリウム|セシウム|ルビジウム|リチウム|バリウム|ストロンチウム|カルシウム|マグネシウム)))",draft,,https://laws.e-gov.go.jp/law/412CO0000000138,政令番号1-414（管理番号374）。ふっ化水素及びその水溶性塩。水溶性塩に相当する語（ふっ化水素/ふっ化アンモニウム・ナトリウム・カリウム/二ふっ化物/けいふっ化物）に限定し、有機フッ素化合物や難溶性金属ふっ化物へは広げない。
prtr,RJ_02_002,炭化けい素,first_class,,,name_regex,"(?i)\A(?!(?=.*(?:カドミウム|カドマート|cadmium|cadmate)))(?!(?=.*(?:クロム酸|二クロム酸|三酸化クロム|クロム\(VI\)|クロム\(6\+\)|chromate|dichromat|chromicacid|chromiumtrioxide|chromium\(VI\))))(?!(?=.*(?:ニッケル|ニッケラート|nickel))(?!.*(?:\Aニッケル\Z|\ANickel\Z)))(?!(?=.*(?:砒|ヒ素|ひ素|ヒ酸|亜ヒ酸|ヒ化|アルシン|アルサ|アルセ|アルソ|arsen)))(?!(?=.*(?:ベリリウム|beryll|beryl|Bertrandite|[(,]Be\d)))(?!(?=.*(?:(?<![亜黒])鉛|プルンバ|プルンビ|ナマリ酸|lead|plumb)))(?!(?=.*(?:1,1,1,3,3,3-ヘキサブタン-1-イルジスタンノキサン|ヘキサブチルジスタンノキサン|ビス\(トリブチルスズ\)=オキシド|bis\(tributyltin\)oxide|酸化トリブチルスズ)))(?!(?=.*(?:クロロビフェニル|ポリ塩化ビフェニル|chlorobiphenyl|polychlorinatedbiphenyl|PCB|アロクロール|カネクロール)))(?!(?=.*(?:ダイオキシン|クロロジベンゾ|chlorodibenzo)))(?!(?=.*(?:\A(\d+-|o-|m-|p-|オルト-|メタ-|パラ-)?トルイジン(一?塩酸塩|=一?塩酸塩)?\Z)))(?!(?=.*(?:石綿|asbest|クリソタイル|クロシドライト|アモサイト|アンソフィライト|トレモライト|アクチノライト|chrysotile|crocidolite|amosite|tremolite|actinolite|anthophyllite)))(?=.*(?:炭化ケイ素|炭化けい素|siliconcarbide|carborundum))",draft,,https://laws.e-gov.go.jp/law/412CO0000000138,政令番号1-280（管理番号667）。炭化けい素。NITE名称の表記ゆれ（炭化ケイ素／Siliconcarbide）を吸収する。
prtr,RJ_02_002,ペルオキソ二硫酸の水溶性塩,first_class,,,name_regex,"(?i)\A(?!(?=.*(?:カドミウム|カドマート|cadmium|cadmate)))(?!(?=.*(?:クロム酸|二クロム酸|三酸化クロム|クロム\(VI\)|クロム\(6\+\)|chromate|dichromat|chromicacid|chromiumtrioxide|chromium\(VI\))))(?!(?=.*(?:ニッケル|ニッケラート|nickel))(?!.*(?:\Aニッケル\Z|\ANickel\Z)))(?!(?=.*(?:砒|ヒ素|ひ素|ヒ酸|亜ヒ酸|ヒ化|アルシン|アルサ|アルセ|アルソ|arsen)))(?!(?=.*(?:ベリリウム|beryll|beryl|Bertrandite|[(,]Be\d)))(?!(?=.*(?:(?<![亜黒])鉛|プルンバ|プルンビ|ナマリ酸|lead|plumb)))(?!(?=.*(?:1,1,1,3,3,3-ヘキサブタン-1-イルジスタンノキサン|ヘキサブチルジスタンノキサン|ビス\(トリブチルスズ\)=オキシド|bis\(tributyltin\)oxide|酸化トリブチルスズ)))(?!(?=.*(?:クロロビフェニル|ポリ塩化ビフェニル|chlorobiphenyl|polychlorinatedbiphenyl|PCB|アロクロール|カネクロール)))(?!(?=.*(?:ダイオキシン|クロロジベンゾ|chlorodibenzo)))(?!(?=.*(?:\A(\d+-|o-|m-|p-|オルト-|メタ-|パラ-)?トルイジン(一?塩酸塩|=一?塩酸塩)?\Z)))(?!(?=.*(?:石綿|asbest|クリソタイル|クロシドライト|アモサイト|アンソフィライト|トレモライト|アクチノライト|chrysotile|crocidolite|amosite|tremolite|actinolite|anthophyllite)))(?=.*(?:ペルオキソ二硫酸|ペルオキシ二硫酸|過硫酸|peroxodisulf|peroxydisulf|persulfat))",draft,,https://laws.e-gov.go.jp/law/412CO0000000138,政令番号1-445（管理番号395）。ペルオキソ二硫酸の水溶性塩。水溶性の限定は名称から判定できない旨を註記に留める。
prtr,RJ_02_002,ペルフルオロオクタン酸（別名ＰＦＯＡ）及びその塩,first_class,,,name_regex,"(?i)\A(?!(?=.*(?:カドミウム|カドマート|cadmium|cadmate)))(?!(?=.*(?:クロム酸|二クロム酸|三酸化クロム|クロム\(VI\)|クロム\(6\+\)|chromate|dichromat|chromicacid|chromiumtrioxide|chromium\(VI\))))(?!(?=.*(?:ニッケル|ニッケラート|nickel))(?!.*(?:\Aニッケル\Z|\ANickel\Z)))(?!(?=.*(?:砒|ヒ素|ひ素|ヒ酸|亜ヒ酸|ヒ化|アルシン|アルサ|アルセ|アルソ|arsen)))(?!(?=.*(?:ベリリウム|beryll|beryl|Bertrandite|[(,]Be\d)))(?!(?=.*(?:(?<![亜黒])鉛|プルンバ|プルンビ|ナマリ酸|lead|plumb)))(?!(?=.*(?:1,1,1,3,3,3-ヘキサブタン-1-イルジスタンノキサン|ヘキサブチルジスタンノキサン|ビス\(トリブチルスズ\)=オキシド|bis\(tributyltin\)oxide|酸化トリブチルスズ)))(?!(?=.*(?:クロロビフェニル|ポリ塩化ビフェニル|chlorobiphenyl|polychlorinatedbiphenyl|PCB|アロクロール|カネクロール)))(?!(?=.*(?:ダイオキシン|クロロジベンゾ|chlorodibenzo)))(?!(?=.*(?:\A(\d+-|o-|m-|p-|オルト-|メタ-|パラ-)?トルイジン(一?塩酸塩|=一?塩酸塩)?\Z)))(?!(?=.*(?:石綿|asbest|クリソタイル|クロシドライト|アモサイト|アンソフィライト|トレモライト|アクチノライト|chrysotile|crocidolite|amosite|tremolite|actinolite|anthophyllite)))(?=.*(?:ペルフルオロオクタン酸|ペンタデカフルオロ.{0,20}オクタ|perfluorooctanoic|PFOA|pentadecafluorooctano))",draft,,https://laws.e-gov.go.jp/law/412CO0000000138,政令番号1-446（管理番号733）。ペルフルオロオクタン酸（別名ＰＦＯＡ）及びその塩。C8カルボン酸に一致する語（ペンタデカフルオロオクタノアート＝PFOA陰イオン）に限定し、鎖長混合のペルフルオロ脂肪酸には広げない。
prtr,RJ_02_002,ペルフルオロ（オクタン－１－スルホン酸）（別名ＰＦＯＳ）,first_class,,,name_regex,"(?i)\A(?!(?=.*(?:カドミウム|カドマート|cadmium|cadmate)))(?!(?=.*(?:クロム酸|二クロム酸|三酸化クロム|クロム\(VI\)|クロム\(6\+\)|chromate|dichromat|chromicacid|chromiumtrioxide|chromium\(VI\))))(?!(?=.*(?:ニッケル|ニッケラート|nickel))(?!.*(?:\Aニッケル\Z|\ANickel\Z)))(?!(?=.*(?:砒|ヒ素|ひ素|ヒ酸|亜ヒ酸|ヒ化|アルシン|アルサ|アルセ|アルソ|arsen)))(?!(?=.*(?:ベリリウム|beryll|beryl|Bertrandite|[(,]Be\d)))(?!(?=.*(?:(?<![亜黒])鉛|プルンバ|プルンビ|ナマリ酸|lead|plumb)))(?!(?=.*(?:1,1,1,3,3,3-ヘキサブタン-1-イルジスタンノキサン|ヘキサブチルジスタンノキサン|ビス\(トリブチルスズ\)=オキシド|bis\(tributyltin\)oxide|酸化トリブチルスズ)))(?!(?=.*(?:クロロビフェニル|ポリ塩化ビフェニル|chlorobiphenyl|polychlorinatedbiphenyl|PCB|アロクロール|カネクロール)))(?!(?=.*(?:ダイオキシン|クロロジベンゾ|chlorodibenzo)))(?!(?=.*(?:\A(\d+-|o-|m-|p-|オルト-|メタ-|パラ-)?トルイジン(一?塩酸塩|=一?塩酸塩)?\Z)))(?!(?=.*(?:石綿|asbest|クリソタイル|クロシドライト|アモサイト|アンソフィライト|トレモライト|アクチノライト|chrysotile|crocidolite|amosite|tremolite|actinolite|anthophyllite)))(?=.*(?:ペルフルオロオクタン-1-スルホ|ペルフルオロ（オクタン－１－スルホン酸）|perfluorooctanesulfon|PFOS|ヘプタデカフルオロオクタン-1-スルホ))",draft,,https://laws.e-gov.go.jp/law/412CO0000000138,政令番号1-447（管理番号）。ペルフルオロ（オクタン－１－スルホン酸）（別名ＰＦＯＳ）。C8スルホン酸に一致する語に限定。
prtr,RJ_02_002,過塩素酸並びにそのアンモニウム塩、カリウム塩、ナトリウム塩、マグネシウム塩及びリチウム塩,first_class,,,name_regex,"(?i)\A(?!(?=.*(?:カドミウム|カドマート|cadmium|cadmate)))(?!(?=.*(?:クロム酸|二クロム酸|三酸化クロム|クロム\(VI\)|クロム\(6\+\)|chromate|dichromat|chromicacid|chromiumtrioxide|chromium\(VI\))))(?!(?=.*(?:ニッケル|ニッケラート|nickel))(?!.*(?:\Aニッケル\Z|\ANickel\Z)))(?!(?=.*(?:砒|ヒ素|ひ素|ヒ酸|亜ヒ酸|ヒ化|アルシン|アルサ|アルセ|アルソ|arsen)))(?!(?=.*(?:ベリリウム|beryll|beryl|Bertrandite|[(,]Be\d)))(?!(?=.*(?:(?<![亜黒])鉛|プルンバ|プルンビ|ナマリ酸|lead|plumb)))(?!(?=.*(?:1,1,1,3,3,3-ヘキサブタン-1-イルジスタンノキサン|ヘキサブチルジスタンノキサン|ビス\(トリブチルスズ\)=オキシド|bis\(tributyltin\)oxide|酸化トリブチルスズ)))(?!(?=.*(?:クロロビフェニル|ポリ塩化ビフェニル|chlorobiphenyl|polychlorinatedbiphenyl|PCB|アロクロール|カネクロール)))(?!(?=.*(?:ダイオキシン|クロロジベンゾ|chlorodibenzo)))(?!(?=.*(?:\A(\d+-|o-|m-|p-|オルト-|メタ-|パラ-)?トルイジン(一?塩酸塩|=一?塩酸塩)?\Z)))(?!(?=.*(?:石綿|asbest|クリソタイル|クロシドライト|アモサイト|アンソフィライト|トレモライト|アクチノライト|chrysotile|crocidolite|amosite|tremolite|actinolite|anthophyllite)))(?=.*(?:過塩素酸|perchloricacid))(?=.*(?:アンモニウム|カリウム|ナトリウム|マグネシウム|リチウム|ammonium|potassium|sodium|magnesium|lithium|\A過塩素酸(・?[一二三四五六七八九十]?水和物)?\Z))",draft,,https://laws.e-gov.go.jp/law/412CO0000000138,政令番号1-097。過塩素酸並びにそのアンモニウム塩、カリウム塩、ナトリウム塩、マグネシウム塩及びリチウム塩。塩の限定は名称中の対イオンで判断でき、他の対イオン（有機カチオン塩）は掲名外だが区分は第一種で変わらない旨を註記に留める。
prtr,RJ_02_002,ニトリロ三酢酸及びそのナトリウム塩,first_class,,,name_regex,"(?i)\A(?!(?=.*(?:カドミウム|カドマート|cadmium|cadmate)))(?!(?=.*(?:クロム酸|二クロム酸|三酸化クロム|クロム\(VI\)|クロム\(6\+\)|chromate|dichromat|chromicacid|chromiumtrioxide|chromium\(VI\))))(?!(?=.*(?:ニッケル|ニッケラート|nickel))(?!.*(?:\Aニッケル\Z|\ANickel\Z)))(?!(?=.*(?:砒|ヒ素|ひ素|ヒ酸|亜ヒ酸|ヒ化|アルシン|アルサ|アルセ|アルソ|arsen)))(?!(?=.*(?:ベリリウム|beryll|beryl|Bertrandite|[(,]Be\d)))(?!(?=.*(?:(?<![亜黒])鉛|プルンバ|プルンビ|ナマリ酸|lead|plumb)))(?!(?=.*(?:1,1,1,3,3,3-ヘキサブタン-1-イルジスタンノキサン|ヘキサブチルジスタンノキサン|ビス\(トリブチルスズ\)=オキシド|bis\(tributyltin\)oxide|酸化トリブチルスズ)))(?!(?=.*(?:クロロビフェニル|ポリ塩化ビフェニル|chlorobiphenyl|polychlorinatedbiphenyl|PCB|アロクロール|カネクロール)))(?!(?=.*(?:ダイオキシン|クロロジベンゾ|chlorodibenzo)))(?!(?=.*(?:\A(\d+-|o-|m-|p-|オルト-|メタ-|パラ-)?トルイジン(一?塩酸塩|=一?塩酸塩)?\Z)))(?!(?=.*(?:石綿|asbest|クリソタイル|クロシドライト|アモサイト|アンソフィライト|トレモライト|アクチノライト|chrysotile|crocidolite|amosite|tremolite|actinolite|anthophyllite)))(?=.*(?:ニトリロ三酢酸|ニトリロトリ酢酸|ニトリロトリスアセタート|ニトリロトリアセタート|nitrilotriacet))",draft,,https://laws.e-gov.go.jp/law/412CO0000000138,政令番号1-356（管理番号698）。ニトリロ三酢酸及びそのナトリウム塩。
prtr,RJ_02_002,エチレンジアミン四酢酸並びにそのカリウム塩及びナトリウム塩,first_class,,,name_regex,"(?i)\A(?!(?=.*(?:カドミウム|カドマート|cadmium|cadmate)))(?!(?=.*(?:クロム酸|二クロム酸|三酸化クロム|クロム\(VI\)|クロム\(6\+\)|chromate|dichromat|chromicacid|chromiumtrioxide|chromium\(VI\))))(?!(?=.*(?:ニッケル|ニッケラート|nickel))(?!.*(?:\Aニッケル\Z|\ANickel\Z)))(?!(?=.*(?:砒|ヒ素|ひ素|ヒ酸|亜ヒ酸|ヒ化|アルシン|アルサ|アルセ|アルソ|arsen)))(?!(?=.*(?:ベリリウム|beryll|beryl|Bertrandite|[(,]Be\d)))(?!(?=.*(?:(?<![亜黒])鉛|プルンバ|プルンビ|ナマリ酸|lead|plumb)))(?!(?=.*(?:1,1,1,3,3,3-ヘキサブタン-1-イルジスタンノキサン|ヘキサブチルジスタンノキサン|ビス\(トリブチルスズ\)=オキシド|bis\(tributyltin\)oxide|酸化トリブチルスズ)))(?!(?=.*(?:クロロビフェニル|ポリ塩化ビフェニル|chlorobiphenyl|polychlorinatedbiphenyl|PCB|アロクロール|カネクロール)))(?!(?=.*(?:ダイオキシン|クロロジベンゾ|chlorodibenzo)))(?!(?=.*(?:\A(\d+-|o-|m-|p-|オルト-|メタ-|パラ-)?トルイジン(一?塩酸塩|=一?塩酸塩)?\Z)))(?!(?=.*(?:石綿|asbest|クリソタイル|クロシドライト|アモサイト|アンソフィライト|トレモライト|アクチノライト|chrysotile|crocidolite|amosite|tremolite|actinolite|anthophyllite)))(?=.*(?:エチレンジアミン四酢酸|エチレンジアミンテトラアセタート|エチレンジニトリロ.{0,20}アセタト|エタン-1,2-ジイルビス\[\(カルボキシメチル\)イミノ\]|edetic|edta))",draft,,https://laws.e-gov.go.jp/law/412CO0000000138,政令番号1-080。エチレンジアミン四酢酸並びにそのカリウム塩及びナトリウム塩。金属錯体（EDTA金属塩）は先行する各金属規則が一致する場合がある。
prtr,RJ_02_002,塩化パラフィン（炭素数が１０から１３までのもの及びその混合物に限る。）,first_class,,,name_regex,"(?i)\A(?!(?=.*(?:カドミウム|カドマート|cadmium|cadmate)))(?!(?=.*(?:クロム酸|二クロム酸|三酸化クロム|クロム\(VI\)|クロム\(6\+\)|chromate|dichromat|chromicacid|chromiumtrioxide|chromium\(VI\))))(?!(?=.*(?:ニッケル|ニッケラート|nickel))(?!.*(?:\Aニッケル\Z|\ANickel\Z)))(?!(?=.*(?:砒|ヒ素|ひ素|ヒ酸|亜ヒ酸|ヒ化|アルシン|アルサ|アルセ|アルソ|arsen)))(?!(?=.*(?:ベリリウム|beryll|beryl|Bertrandite|[(,]Be\d)))(?!(?=.*(?:(?<![亜黒])鉛|プルンバ|プルンビ|ナマリ酸|lead|plumb)))(?!(?=.*(?:1,1,1,3,3,3-ヘキサブタン-1-イルジスタンノキサン|ヘキサブチルジスタンノキサン|ビス\(トリブチルスズ\)=オキシド|bis\(tributyltin\)oxide|酸化トリブチルスズ)))(?!(?=.*(?:クロロビフェニル|ポリ塩化ビフェニル|chlorobiphenyl|polychlorinatedbiphenyl|PCB|アロクロール|カネクロール)))(?!(?=.*(?:ダイオキシン|クロロジベンゾ|chlorodibenzo)))(?!(?=.*(?:\A(\d+-|o-|m-|p-|オルト-|メタ-|パラ-)?トルイジン(一?塩酸塩|=一?塩酸塩)?\Z)))(?!(?=.*(?:石綿|asbest|クリソタイル|クロシドライト|アモサイト|アンソフィライト|トレモライト|アクチノライト|chrysotile|crocidolite|amosite|tremolite|actinolite|anthophyllite)))(?=.*(?:塩化パラフィン|chlorinatedparaffin|クロロパラフィン|クロロアルカン|chloroalkane|塩素化パラフィン|パラフィンワックス.{0,24}塩化物|クロロ(デカン|ウンデカン|ドデカン|トリデカン)))(?!.*(?:直鎖))",draft,,https://laws.e-gov.go.jp/law/412CO0000000138,政令番号1-089（管理番号72）。塩化パラフィン（炭素数が１０から１３までのもの及びその混合物に限る。）。炭素数は名称から判定できないことが多いため「塩化パラフィン」を本群に寄せ、C14〜17の別掲1-090は「塩化直鎖パラフィン」の語で先に切り分ける。
prtr,RJ_02_002,塩化直鎖パラフィン（炭素数が１４から１７までのもの及びその混合物に限る。）,first_class,,,name_regex,"(?i)\A(?!(?=.*(?:カドミウム|カドマート|cadmium|cadmate)))(?!(?=.*(?:クロム酸|二クロム酸|三酸化クロム|クロム\(VI\)|クロム\(6\+\)|chromate|dichromat|chromicacid|chromiumtrioxide|chromium\(VI\))))(?!(?=.*(?:ニッケル|ニッケラート|nickel))(?!.*(?:\Aニッケル\Z|\ANickel\Z)))(?!(?=.*(?:砒|ヒ素|ひ素|ヒ酸|亜ヒ酸|ヒ化|アルシン|アルサ|アルセ|アルソ|arsen)))(?!(?=.*(?:ベリリウム|beryll|beryl|Bertrandite|[(,]Be\d)))(?!(?=.*(?:(?<![亜黒])鉛|プルンバ|プルンビ|ナマリ酸|lead|plumb)))(?!(?=.*(?:1,1,1,3,3,3-ヘキサブタン-1-イルジスタンノキサン|ヘキサブチルジスタンノキサン|ビス\(トリブチルスズ\)=オキシド|bis\(tributyltin\)oxide|酸化トリブチルスズ)))(?!(?=.*(?:クロロビフェニル|ポリ塩化ビフェニル|chlorobiphenyl|polychlorinatedbiphenyl|PCB|アロクロール|カネクロール)))(?!(?=.*(?:ダイオキシン|クロロジベンゾ|chlorodibenzo)))(?!(?=.*(?:\A(\d+-|o-|m-|p-|オルト-|メタ-|パラ-)?トルイジン(一?塩酸塩|=一?塩酸塩)?\Z)))(?!(?=.*(?:石綿|asbest|クリソタイル|クロシドライト|アモサイト|アンソフィライト|トレモライト|アクチノライト|chrysotile|crocidolite|amosite|tremolite|actinolite|anthophyllite)))(?=.*(?:塩化直鎖パラフィン|クロロ(テトラデカン|ペンタデカン|ヘキサデカン|ヘプタデカン)|(テトラデカン|ペンタデカン|ヘキサデカン|ヘプタデカン),\d+-chloro|chloro(tetradecane|pentadecane|hexadecane|heptadecane)))",draft,,https://laws.e-gov.go.jp/law/412CO0000000138,政令番号1-090（管理番号597）。塩化直鎖パラフィン（炭素数が１４から１７までのもの及びその混合物に限る。）。C14〜17の直鎖クロロアルカン名称に限定する。
prtr,RJ_02_002,直鎖アルキルベンゼンスルホン酸及びその塩（アルキル基の炭素数が１０から１４までのもの及びその混合物に限る。）,first_class,,,name_regex,"(?i)\A(?!(?=.*(?:カドミウム|カドマート|cadmium|cadmate)))(?!(?=.*(?:クロム酸|二クロム酸|三酸化クロム|クロム\(VI\)|クロム\(6\+\)|chromate|dichromat|chromicacid|chromiumtrioxide|chromium\(VI\))))(?!(?=.*(?:ニッケル|ニッケラート|nickel))(?!.*(?:\Aニッケル\Z|\ANickel\Z)))(?!(?=.*(?:砒|ヒ素|ひ素|ヒ酸|亜ヒ酸|ヒ化|アルシン|アルサ|アルセ|アルソ|arsen)))(?!(?=.*(?:ベリリウム|beryll|beryl|Bertrandite|[(,]Be\d)))(?!(?=.*(?:(?<![亜黒])鉛|プルンバ|プルンビ|ナマリ酸|lead|plumb)))(?!(?=.*(?:1,1,1,3,3,3-ヘキサブタン-1-イルジスタンノキサン|ヘキサブチルジスタンノキサン|ビス\(トリブチルスズ\)=オキシド|bis\(tributyltin\)oxide|酸化トリブチルスズ)))(?!(?=.*(?:クロロビフェニル|ポリ塩化ビフェニル|chlorobiphenyl|polychlorinatedbiphenyl|PCB|アロクロール|カネクロール)))(?!(?=.*(?:ダイオキシン|クロロジベンゾ|chlorodibenzo)))(?!(?=.*(?:\A(\d+-|o-|m-|p-|オルト-|メタ-|パラ-)?トルイジン(一?塩酸塩|=一?塩酸塩)?\Z)))(?!(?=.*(?:石綿|asbest|クリソタイル|クロシドライト|アモサイト|アンソフィライト|トレモライト|アクチノライト|chrysotile|crocidolite|amosite|tremolite|actinolite|anthophyllite)))(?=.*(?:ベンゼンスルホ))(?=.*(?:デシル|ウンデシル|ドデシル|トリデシル|テトラデシル|アルキル|dodecylbenzene|decylbenzene|alkylbenzene))",draft,,https://laws.e-gov.go.jp/law/412CO0000000138,政令番号1-045（管理番号30）。直鎖アルキルベンゼンスルホン酸及びその塩（アルキル基の炭素数が１０から１４までのもの及びその混合物に限る。）。C10〜14に対応するアルキル名（デシル〜テトラデシル）またはアルキル混合表記を要求する。直鎖／分枝の別は名称から判定できない場合がある。
prtr,RJ_02_002,アルキルフェノール（アルキル基の炭素数が９のものに限る。）,first_class,,,name_regex,"(?i)\A(?!(?=.*(?:カドミウム|カドマート|cadmium|cadmate)))(?!(?=.*(?:クロム酸|二クロム酸|三酸化クロム|クロム\(VI\)|クロム\(6\+\)|chromate|dichromat|chromicacid|chromiumtrioxide|chromium\(VI\))))(?!(?=.*(?:ニッケル|ニッケラート|nickel))(?!.*(?:\Aニッケル\Z|\ANickel\Z)))(?!(?=.*(?:砒|ヒ素|ひ素|ヒ酸|亜ヒ酸|ヒ化|アルシン|アルサ|アルセ|アルソ|arsen)))(?!(?=.*(?:ベリリウム|beryll|beryl|Bertrandite|[(,]Be\d)))(?!(?=.*(?:(?<![亜黒])鉛|プルンバ|プルンビ|ナマリ酸|lead|plumb)))(?!(?=.*(?:1,1,1,3,3,3-ヘキサブタン-1-イルジスタンノキサン|ヘキサブチルジスタンノキサン|ビス\(トリブチルスズ\)=オキシド|bis\(tributyltin\)oxide|酸化トリブチルスズ)))(?!(?=.*(?:クロロビフェニル|ポリ塩化ビフェニル|chlorobiphenyl|polychlorinatedbiphenyl|PCB|アロクロール|カネクロール)))(?!(?=.*(?:ダイオキシン|クロロジベンゾ|chlorodibenzo)))(?!(?=.*(?:\A(\d+-|o-|m-|p-|オルト-|メタ-|パラ-)?トルイジン(一?塩酸塩|=一?塩酸塩)?\Z)))(?!(?=.*(?:石綿|asbest|クリソタイル|クロシドライト|アモサイト|アンソフィライト|トレモライト|アクチノライト|chrysotile|crocidolite|amosite|tremolite|actinolite|anthophyllite)))(?=.*(?:ノニルフェノ|ノニルフェニル|nonylphenol|ノナン-\d+-イル\)?フェノール|(メチルオクタン-\d+-イル|メチルオクチル|ジメチルヘプタン-\d+-イル|ジメチルヘプチル|トリメチルヘキサン-\d+-イル|トリメチルヘキシル|テトラメチルペンタン-3-イル|エチルヘプチル|プロピルヘキシル|ノニル\(分岐型\))\)?フェノール))(?!.*(?:ポリ\(オキシ|オキシエチレン|フェノキシ|エトキシ))",draft,,https://laws.e-gov.go.jp/law/412CO0000000138,政令番号1-042（管理番号320）。アルキルフェノール（アルキル基の炭素数が９のものに限る。）。C9＝ノニル/ノナニルの語に限定し、そのポリオキシエチレンエーテル（1-462）は否定先読みで分離する。
prtr,RJ_02_002,パラ－アルキルフェノール（アルキル基の炭素数が８のものに限る。）,first_class,,,name_regex,"(?i)\A(?!(?=.*(?:カドミウム|カドマート|cadmium|cadmate)))(?!(?=.*(?:クロム酸|二クロム酸|三酸化クロム|クロム\(VI\)|クロム\(6\+\)|chromate|dichromat|chromicacid|chromiumtrioxide|chromium\(VI\))))(?!(?=.*(?:ニッケル|ニッケラート|nickel))(?!.*(?:\Aニッケル\Z|\ANickel\Z)))(?!(?=.*(?:砒|ヒ素|ひ素|ヒ酸|亜ヒ酸|ヒ化|アルシン|アルサ|アルセ|アルソ|arsen)))(?!(?=.*(?:ベリリウム|beryll|beryl|Bertrandite|[(,]Be\d)))(?!(?=.*(?:(?<![亜黒])鉛|プルンバ|プルンビ|ナマリ酸|lead|plumb)))(?!(?=.*(?:1,1,1,3,3,3-ヘキサブタン-1-イルジスタンノキサン|ヘキサブチルジスタンノキサン|ビス\(トリブチルスズ\)=オキシド|bis\(tributyltin\)oxide|酸化トリブチルスズ)))(?!(?=.*(?:クロロビフェニル|ポリ塩化ビフェニル|chlorobiphenyl|polychlorinatedbiphenyl|PCB|アロクロール|カネクロール)))(?!(?=.*(?:ダイオキシン|クロロジベンゾ|chlorodibenzo)))(?!(?=.*(?:\A(\d+-|o-|m-|p-|オルト-|メタ-|パラ-)?トルイジン(一?塩酸塩|=一?塩酸塩)?\Z)))(?!(?=.*(?:石綿|asbest|クリソタイル|クロシドライト|アモサイト|アンソフィライト|トレモライト|アクチノライト|chrysotile|crocidolite|amosite|tremolite|actinolite|anthophyllite)))(?=.*(?:オクチルフェノ|オクチルフェニル|octylphenol|(オクタン-1-イル|1-メチルヘプチル|1-エチルヘキシル|1-プロピルペンチル|2,4,4-トリメチルペンタン-2-イル|1,1,3,3-テトラメチルブチル)\)?フェノール))(?!.*(?:ポリ\(オキシ|オキシエチレン|フェノキシ|エトキシ))",draft,,https://laws.e-gov.go.jp/law/412CO0000000138,政令番号1-043（管理番号74）。パラ－アルキルフェノール（アルキル基の炭素数が８のものに限る。）。C8＝オクチルの語に限定し、そのポリオキシエチレンエーテル（1-461）は否定先読みで分離する。
prtr,RJ_02_002,ポリ（オキシエチレン）＝アルキルフェニルエーテル（アルキル基の炭素数が８のものに限る。）,first_class,,,name_regex,"(?i)\A(?!(?=.*(?:カドミウム|カドマート|cadmium|cadmate)))(?!(?=.*(?:クロム酸|二クロム酸|三酸化クロム|クロム\(VI\)|クロム\(6\+\)|chromate|dichromat|chromicacid|chromiumtrioxide|chromium\(VI\))))(?!(?=.*(?:ニッケル|ニッケラート|nickel))(?!.*(?:\Aニッケル\Z|\ANickel\Z)))(?!(?=.*(?:砒|ヒ素|ひ素|ヒ酸|亜ヒ酸|ヒ化|アルシン|アルサ|アルセ|アルソ|arsen)))(?!(?=.*(?:ベリリウム|beryll|beryl|Bertrandite|[(,]Be\d)))(?!(?=.*(?:(?<![亜黒])鉛|プルンバ|プルンビ|ナマリ酸|lead|plumb)))(?!(?=.*(?:1,1,1,3,3,3-ヘキサブタン-1-イルジスタンノキサン|ヘキサブチルジスタンノキサン|ビス\(トリブチルスズ\)=オキシド|bis\(tributyltin\)oxide|酸化トリブチルスズ)))(?!(?=.*(?:クロロビフェニル|ポリ塩化ビフェニル|chlorobiphenyl|polychlorinatedbiphenyl|PCB|アロクロール|カネクロール)))(?!(?=.*(?:ダイオキシン|クロロジベンゾ|chlorodibenzo)))(?!(?=.*(?:\A(\d+-|o-|m-|p-|オルト-|メタ-|パラ-)?トルイジン(一?塩酸塩|=一?塩酸塩)?\Z)))(?!(?=.*(?:石綿|asbest|クリソタイル|クロシドライト|アモサイト|アンソフィライト|トレモライト|アクチノライト|chrysotile|crocidolite|amosite|tremolite|actinolite|anthophyllite)))(?=.*(?:オクチルフェノキシ|オクチルフェニル=エーテル|オクチルフェニルエーテル|octylphenoxy|octylphenylether|オクチルフェノールのエトキシ|オクチルフェノールエトキシ|1,1,3,3-テトラメチルブチル\)フェニル|2,4,4-トリメチルペンタン-2-イル\)フェニル))",draft,,https://laws.e-gov.go.jp/law/412CO0000000138,政令番号1-461（管理番号408）。ポリ（オキシエチレン）＝アルキルフェニルエーテル（アルキル基の炭素数が８のものに限る。）。
prtr,RJ_02_002,ポリ（オキシエチレン）＝アルキルフェニルエーテル（アルキル基の炭素数が９のものに限る。）,first_class,,,name_regex,"(?i)\A(?!(?=.*(?:カドミウム|カドマート|cadmium|cadmate)))(?!(?=.*(?:クロム酸|二クロム酸|三酸化クロム|クロム\(VI\)|クロム\(6\+\)|chromate|dichromat|chromicacid|chromiumtrioxide|chromium\(VI\))))(?!(?=.*(?:ニッケル|ニッケラート|nickel))(?!.*(?:\Aニッケル\Z|\ANickel\Z)))(?!(?=.*(?:砒|ヒ素|ひ素|ヒ酸|亜ヒ酸|ヒ化|アルシン|アルサ|アルセ|アルソ|arsen)))(?!(?=.*(?:ベリリウム|beryll|beryl|Bertrandite|[(,]Be\d)))(?!(?=.*(?:(?<![亜黒])鉛|プルンバ|プルンビ|ナマリ酸|lead|plumb)))(?!(?=.*(?:1,1,1,3,3,3-ヘキサブタン-1-イルジスタンノキサン|ヘキサブチルジスタンノキサン|ビス\(トリブチルスズ\)=オキシド|bis\(tributyltin\)oxide|酸化トリブチルスズ)))(?!(?=.*(?:クロロビフェニル|ポリ塩化ビフェニル|chlorobiphenyl|polychlorinatedbiphenyl|PCB|アロクロール|カネクロール)))(?!(?=.*(?:ダイオキシン|クロロジベンゾ|chlorodibenzo)))(?!(?=.*(?:\A(\d+-|o-|m-|p-|オルト-|メタ-|パラ-)?トルイジン(一?塩酸塩|=一?塩酸塩)?\Z)))(?!(?=.*(?:石綿|asbest|クリソタイル|クロシドライト|アモサイト|アンソフィライト|トレモライト|アクチノライト|chrysotile|crocidolite|amosite|tremolite|actinolite|anthophyllite)))(?=.*(?:ノニルフェノキシ|ノニルフェニル=エーテル|ノニルフェニルエーテル|nonylphenoxy|nonylphenylether|ノニルフェノールのエトキシ|ノニルフェノールエトキシ|(トリメチルヘキサン-\d+-イル|ジメチルヘプタン-\d+-イル|メチルオクタン-\d+-イル|ノニル)\)フェノキシ))",draft,,https://laws.e-gov.go.jp/law/412CO0000000138,政令番号1-462（管理番号410）。ポリ（オキシエチレン）＝アルキルフェニルエーテル（アルキル基の炭素数が９のものに限る。）。
prtr,RJ_02_002,ポリ（オキシエチレン）＝ドデシルエーテル硫酸エステルナトリウム,first_class,,,name_regex,"(?i)\A(?!(?=.*(?:カドミウム|カドマート|cadmium|cadmate)))(?!(?=.*(?:クロム酸|二クロム酸|三酸化クロム|クロム\(VI\)|クロム\(6\+\)|chromate|dichromat|chromicacid|chromiumtrioxide|chromium\(VI\))))(?!(?=.*(?:ニッケル|ニッケラート|nickel))(?!.*(?:\Aニッケル\Z|\ANickel\Z)))(?!(?=.*(?:砒|ヒ素|ひ素|ヒ酸|亜ヒ酸|ヒ化|アルシン|アルサ|アルセ|アルソ|arsen)))(?!(?=.*(?:ベリリウム|beryll|beryl|Bertrandite|[(,]Be\d)))(?!(?=.*(?:(?<![亜黒])鉛|プルンバ|プルンビ|ナマリ酸|lead|plumb)))(?!(?=.*(?:1,1,1,3,3,3-ヘキサブタン-1-イルジスタンノキサン|ヘキサブチルジスタンノキサン|ビス\(トリブチルスズ\)=オキシド|bis\(tributyltin\)oxide|酸化トリブチルスズ)))(?!(?=.*(?:クロロビフェニル|ポリ塩化ビフェニル|chlorobiphenyl|polychlorinatedbiphenyl|PCB|アロクロール|カネクロール)))(?!(?=.*(?:ダイオキシン|クロロジベンゾ|chlorodibenzo)))(?!(?=.*(?:\A(\d+-|o-|m-|p-|オルト-|メタ-|パラ-)?トルイジン(一?塩酸塩|=一?塩酸塩)?\Z)))(?!(?=.*(?:石綿|asbest|クリソタイル|クロシドライト|アモサイト|アンソフィライト|トレモライト|アクチノライト|chrysotile|crocidolite|amosite|tremolite|actinolite|anthophyllite)))(?=.*(?:スルホオキシポリ\(オキシエチレン\)|エーテル硫酸エステルナトリウム|ラウレス硫酸|polyoxyethylenelaurylethersulfate|ドデシルエーテル硫酸))",draft,,https://laws.e-gov.go.jp/law/412CO0000000138,政令番号1-463（管理番号409）。ポリ（オキシエチレン）＝ドデシルエーテル硫酸エステルナトリウム。NITE名称のα-ヒドロ-ω-スルホオキシポリ(オキシエチレン)アルキルエーテル塩を本群に寄せる（アルキル鎖長混合表記のものは炭素数の限定を名称から確認できない）。
prtr,RJ_02_002,クレゾール,first_class,,,name_regex,"(?i)\A(?!(?=.*(?:カドミウム|カドマート|cadmium|cadmate)))(?!(?=.*(?:クロム酸|二クロム酸|三酸化クロム|クロム\(VI\)|クロム\(6\+\)|chromate|dichromat|chromicacid|chromiumtrioxide|chromium\(VI\))))(?!(?=.*(?:ニッケル|ニッケラート|nickel))(?!.*(?:\Aニッケル\Z|\ANickel\Z)))(?!(?=.*(?:砒|ヒ素|ひ素|ヒ酸|亜ヒ酸|ヒ化|アルシン|アルサ|アルセ|アルソ|arsen)))(?!(?=.*(?:ベリリウム|beryll|beryl|Bertrandite|[(,]Be\d)))(?!(?=.*(?:(?<![亜黒])鉛|プルンバ|プルンビ|ナマリ酸|lead|plumb)))(?!(?=.*(?:1,1,1,3,3,3-ヘキサブタン-1-イルジスタンノキサン|ヘキサブチルジスタンノキサン|ビス\(トリブチルスズ\)=オキシド|bis\(tributyltin\)oxide|酸化トリブチルスズ)))(?!(?=.*(?:クロロビフェニル|ポリ塩化ビフェニル|chlorobiphenyl|polychlorinatedbiphenyl|PCB|アロクロール|カネクロール)))(?!(?=.*(?:ダイオキシン|クロロジベンゾ|chlorodibenzo)))(?!(?=.*(?:\A(\d+-|o-|m-|p-|オルト-|メタ-|パラ-)?トルイジン(一?塩酸塩|=一?塩酸塩)?\Z)))(?!(?=.*(?:石綿|asbest|クリソタイル|クロシドライト|アモサイト|アンソフィライト|トレモライト|アクチノライト|chrysotile|crocidolite|amosite|tremolite|actinolite|anthophyllite)))(?=.*(?:\A(o|m|p|オルト|メタ|パラ|\d+)-クレゾール\Z|\Aクレゾール\Z))",draft,,https://laws.e-gov.go.jp/law/412CO0000000138,政令番号1-110。クレゾール。法令掲名は異性体を区別しないため、o-/m-/p-（及び混合物）の全名称一致で本群に寄せる。
prtr,RJ_02_002,ジニトロトルエン,first_class,,,name_regex,"(?i)\A(?!(?=.*(?:カドミウム|カドマート|cadmium|cadmate)))(?!(?=.*(?:クロム酸|二クロム酸|三酸化クロム|クロム\(VI\)|クロム\(6\+\)|chromate|dichromat|chromicacid|chromiumtrioxide|chromium\(VI\))))(?!(?=.*(?:ニッケル|ニッケラート|nickel))(?!.*(?:\Aニッケル\Z|\ANickel\Z)))(?!(?=.*(?:砒|ヒ素|ひ素|ヒ酸|亜ヒ酸|ヒ化|アルシン|アルサ|アルセ|アルソ|arsen)))(?!(?=.*(?:ベリリウム|beryll|beryl|Bertrandite|[(,]Be\d)))(?!(?=.*(?:(?<![亜黒])鉛|プルンバ|プルンビ|ナマリ酸|lead|plumb)))(?!(?=.*(?:1,1,1,3,3,3-ヘキサブタン-1-イルジスタンノキサン|ヘキサブチルジスタンノキサン|ビス\(トリブチルスズ\)=オキシド|bis\(tributyltin\)oxide|酸化トリブチルスズ)))(?!(?=.*(?:クロロビフェニル|ポリ塩化ビフェニル|chlorobiphenyl|polychlorinatedbiphenyl|PCB|アロクロール|カネクロール)))(?!(?=.*(?:ダイオキシン|クロロジベンゾ|chlorodibenzo)))(?!(?=.*(?:\A(\d+-|o-|m-|p-|オルト-|メタ-|パラ-)?トルイジン(一?塩酸塩|=一?塩酸塩)?\Z)))(?!(?=.*(?:石綿|asbest|クリソタイル|クロシドライト|アモサイト|アンソフィライト|トレモライト|アクチノライト|chrysotile|crocidolite|amosite|tremolite|actinolite|anthophyllite)))(?=.*(?:\A[\d,]+-ジニトロトルエン\Z|\Aジニトロトルエン\Z))",draft,,https://laws.e-gov.go.jp/law/412CO0000000138,政令番号1-227。ジニトロトルエン。位置異性体名の全名称一致。
prtr,RJ_02_002,ジクロロアニリン,first_class,,,name_regex,"(?i)\A(?!(?=.*(?:カドミウム|カドマート|cadmium|cadmate)))(?!(?=.*(?:クロム酸|二クロム酸|三酸化クロム|クロム\(VI\)|クロム\(6\+\)|chromate|dichromat|chromicacid|chromiumtrioxide|chromium\(VI\))))(?!(?=.*(?:ニッケル|ニッケラート|nickel))(?!.*(?:\Aニッケル\Z|\ANickel\Z)))(?!(?=.*(?:砒|ヒ素|ひ素|ヒ酸|亜ヒ酸|ヒ化|アルシン|アルサ|アルセ|アルソ|arsen)))(?!(?=.*(?:ベリリウム|beryll|beryl|Bertrandite|[(,]Be\d)))(?!(?=.*(?:(?<![亜黒])鉛|プルンバ|プルンビ|ナマリ酸|lead|plumb)))(?!(?=.*(?:1,1,1,3,3,3-ヘキサブタン-1-イルジスタンノキサン|ヘキサブチルジスタンノキサン|ビス\(トリブチルスズ\)=オキシド|bis\(tributyltin\)oxide|酸化トリブチルスズ)))(?!(?=.*(?:クロロビフェニル|ポリ塩化ビフェニル|chlorobiphenyl|polychlorinatedbiphenyl|PCB|アロクロール|カネクロール)))(?!(?=.*(?:ダイオキシン|クロロジベンゾ|chlorodibenzo)))(?!(?=.*(?:\A(\d+-|o-|m-|p-|オルト-|メタ-|パラ-)?トルイジン(一?塩酸塩|=一?塩酸塩)?\Z)))(?!(?=.*(?:石綿|asbest|クリソタイル|クロシドライト|アモサイト|アンソフィライト|トレモライト|アクチノライト|chrysotile|crocidolite|amosite|tremolite|actinolite|anthophyllite)))(?=.*(?:\A([\d,]+|o|m|p)-ジクロロアニリン\Z))",draft,,https://laws.e-gov.go.jp/law/412CO0000000138,政令番号1-180。ジクロロアニリン。位置異性体名の全名称一致。
prtr,RJ_02_002,クロロアニリン,first_class,,,name_regex,"(?i)\A(?!(?=.*(?:カドミウム|カドマート|cadmium|cadmate)))(?!(?=.*(?:クロム酸|二クロム酸|三酸化クロム|クロム\(VI\)|クロム\(6\+\)|chromate|dichromat|chromicacid|chromiumtrioxide|chromium\(VI\))))(?!(?=.*(?:ニッケル|ニッケラート|nickel))(?!.*(?:\Aニッケル\Z|\ANickel\Z)))(?!(?=.*(?:砒|ヒ素|ひ素|ヒ酸|亜ヒ酸|ヒ化|アルシン|アルサ|アルセ|アルソ|arsen)))(?!(?=.*(?:ベリリウム|beryll|beryl|Bertrandite|[(,]Be\d)))(?!(?=.*(?:(?<![亜黒])鉛|プルンバ|プルンビ|ナマリ酸|lead|plumb)))(?!(?=.*(?:1,1,1,3,3,3-ヘキサブタン-1-イルジスタンノキサン|ヘキサブチルジスタンノキサン|ビス\(トリブチルスズ\)=オキシド|bis\(tributyltin\)oxide|酸化トリブチルスズ)))(?!(?=.*(?:クロロビフェニル|ポリ塩化ビフェニル|chlorobiphenyl|polychlorinatedbiphenyl|PCB|アロクロール|カネクロール)))(?!(?=.*(?:ダイオキシン|クロロジベンゾ|chlorodibenzo)))(?!(?=.*(?:\A(\d+-|o-|m-|p-|オルト-|メタ-|パラ-)?トルイジン(一?塩酸塩|=一?塩酸塩)?\Z)))(?!(?=.*(?:石綿|asbest|クリソタイル|クロシドライト|アモサイト|アンソフィライト|トレモライト|アクチノライト|chrysotile|crocidolite|amosite|tremolite|actinolite|anthophyllite)))(?=.*(?:\A(\d+|o|m|p)-クロロアニリン\Z))",draft,,https://laws.e-gov.go.jp/law/412CO0000000138,政令番号1-113。クロロアニリン。位置異性体名の全名称一致。
prtr,RJ_02_002,フェニレンジアミン,first_class,,,name_regex,"(?i)\A(?!(?=.*(?:カドミウム|カドマート|cadmium|cadmate)))(?!(?=.*(?:クロム酸|二クロム酸|三酸化クロム|クロム\(VI\)|クロム\(6\+\)|chromate|dichromat|chromicacid|chromiumtrioxide|chromium\(VI\))))(?!(?=.*(?:ニッケル|ニッケラート|nickel))(?!.*(?:\Aニッケル\Z|\ANickel\Z)))(?!(?=.*(?:砒|ヒ素|ひ素|ヒ酸|亜ヒ酸|ヒ化|アルシン|アルサ|アルセ|アルソ|arsen)))(?!(?=.*(?:ベリリウム|beryll|beryl|Bertrandite|[(,]Be\d)))(?!(?=.*(?:(?<![亜黒])鉛|プルンバ|プルンビ|ナマリ酸|lead|plumb)))(?!(?=.*(?:1,1,1,3,3,3-ヘキサブタン-1-イルジスタンノキサン|ヘキサブチルジスタンノキサン|ビス\(トリブチルスズ\)=オキシド|bis\(tributyltin\)oxide|酸化トリブチルスズ)))(?!(?=.*(?:クロロビフェニル|ポリ塩化ビフェニル|chlorobiphenyl|polychlorinatedbiphenyl|PCB|アロクロール|カネクロール)))(?!(?=.*(?:ダイオキシン|クロロジベンゾ|chlorodibenzo)))(?!(?=.*(?:\A(\d+-|o-|m-|p-|オルト-|メタ-|パラ-)?トルイジン(一?塩酸塩|=一?塩酸塩)?\Z)))(?!(?=.*(?:石綿|asbest|クリソタイル|クロシドライト|アモサイト|アンソフィライト|トレモライト|アクチノライト|chrysotile|crocidolite|amosite|tremolite|actinolite|anthophyllite)))(?=.*(?:\A([\d,]+|o|m|p)-フェニレンジアミン\Z|\Aフェニレンジアミン\Z))(?!.*(?:メチル))",draft,,https://laws.e-gov.go.jp/law/412CO0000000138,政令番号1-390。フェニレンジアミン。位置異性体名の全名称一致。メチル置換体（トルエンジアミン＝2-077・第二種）は否定先読みで外し、区分の食い違いを避ける。
prtr,RJ_02_002,トリクロロベンゼン,first_class,,,name_regex,"(?i)\A(?!(?=.*(?:カドミウム|カドマート|cadmium|cadmate)))(?!(?=.*(?:クロム酸|二クロム酸|三酸化クロム|クロム\(VI\)|クロム\(6\+\)|chromate|dichromat|chromicacid|chromiumtrioxide|chromium\(VI\))))(?!(?=.*(?:ニッケル|ニッケラート|nickel))(?!.*(?:\Aニッケル\Z|\ANickel\Z)))(?!(?=.*(?:砒|ヒ素|ひ素|ヒ酸|亜ヒ酸|ヒ化|アルシン|アルサ|アルセ|アルソ|arsen)))(?!(?=.*(?:ベリリウム|beryll|beryl|Bertrandite|[(,]Be\d)))(?!(?=.*(?:(?<![亜黒])鉛|プルンバ|プルンビ|ナマリ酸|lead|plumb)))(?!(?=.*(?:1,1,1,3,3,3-ヘキサブタン-1-イルジスタンノキサン|ヘキサブチルジスタンノキサン|ビス\(トリブチルスズ\)=オキシド|bis\(tributyltin\)oxide|酸化トリブチルスズ)))(?!(?=.*(?:クロロビフェニル|ポリ塩化ビフェニル|chlorobiphenyl|polychlorinatedbiphenyl|PCB|アロクロール|カネクロール)))(?!(?=.*(?:ダイオキシン|クロロジベンゾ|chlorodibenzo)))(?!(?=.*(?:\A(\d+-|o-|m-|p-|オルト-|メタ-|パラ-)?トルイジン(一?塩酸塩|=一?塩酸塩)?\Z)))(?!(?=.*(?:石綿|asbest|クリソタイル|クロシドライト|アモサイト|アンソフィライト|トレモライト|アクチノライト|chrysotile|crocidolite|amosite|tremolite|actinolite|anthophyllite)))(?=.*(?:\A[\d,]+-トリクロロベンゼン\Z))",draft,,https://laws.e-gov.go.jp/law/412CO0000000138,政令番号1-332。トリクロロベンゼン。位置異性体名の全名称一致。
prtr,RJ_02_002,ジクロロベンゼン,first_class,,,name_regex,"(?i)\A(?!(?=.*(?:カドミウム|カドマート|cadmium|cadmate)))(?!(?=.*(?:クロム酸|二クロム酸|三酸化クロム|クロム\(VI\)|クロム\(6\+\)|chromate|dichromat|chromicacid|chromiumtrioxide|chromium\(VI\))))(?!(?=.*(?:ニッケル|ニッケラート|nickel))(?!.*(?:\Aニッケル\Z|\ANickel\Z)))(?!(?=.*(?:砒|ヒ素|ひ素|ヒ酸|亜ヒ酸|ヒ化|アルシン|アルサ|アルセ|アルソ|arsen)))(?!(?=.*(?:ベリリウム|beryll|beryl|Bertrandite|[(,]Be\d)))(?!(?=.*(?:(?<![亜黒])鉛|プルンバ|プルンビ|ナマリ酸|lead|plumb)))(?!(?=.*(?:1,1,1,3,3,3-ヘキサブタン-1-イルジスタンノキサン|ヘキサブチルジスタンノキサン|ビス\(トリブチルスズ\)=オキシド|bis\(tributyltin\)oxide|酸化トリブチルスズ)))(?!(?=.*(?:クロロビフェニル|ポリ塩化ビフェニル|chlorobiphenyl|polychlorinatedbiphenyl|PCB|アロクロール|カネクロール)))(?!(?=.*(?:ダイオキシン|クロロジベンゾ|chlorodibenzo)))(?!(?=.*(?:\A(\d+-|o-|m-|p-|オルト-|メタ-|パラ-)?トルイジン(一?塩酸塩|=一?塩酸塩)?\Z)))(?!(?=.*(?:石綿|asbest|クリソタイル|クロシドライト|アモサイト|アンソフィライト|トレモライト|アクチノライト|chrysotile|crocidolite|amosite|tremolite|actinolite|anthophyllite)))(?=.*(?:\A([\d,]+|o|m|p)-ジクロロベンゼン\Z|\A[\d,]+-ジクロロ\(\(2\)H\d\)ベンゼン\Z))",draft,,https://laws.e-gov.go.jp/law/412CO0000000138,政令番号1-208。ジクロロベンゼン。位置異性体名と重水素標識体の全名称一致。
prtr,RJ_02_002,トリメチルベンゼン,first_class,,,name_regex,"(?i)\A(?!(?=.*(?:カドミウム|カドマート|cadmium|cadmate)))(?!(?=.*(?:クロム酸|二クロム酸|三酸化クロム|クロム\(VI\)|クロム\(6\+\)|chromate|dichromat|chromicacid|chromiumtrioxide|chromium\(VI\))))(?!(?=.*(?:ニッケル|ニッケラート|nickel))(?!.*(?:\Aニッケル\Z|\ANickel\Z)))(?!(?=.*(?:砒|ヒ素|ひ素|ヒ酸|亜ヒ酸|ヒ化|アルシン|アルサ|アルセ|アルソ|arsen)))(?!(?=.*(?:ベリリウム|beryll|beryl|Bertrandite|[(,]Be\d)))(?!(?=.*(?:(?<![亜黒])鉛|プルンバ|プルンビ|ナマリ酸|lead|plumb)))(?!(?=.*(?:1,1,1,3,3,3-ヘキサブタン-1-イルジスタンノキサン|ヘキサブチルジスタンノキサン|ビス\(トリブチルスズ\)=オキシド|bis\(tributyltin\)oxide|酸化トリブチルスズ)))(?!(?=.*(?:クロロビフェニル|ポリ塩化ビフェニル|chlorobiphenyl|polychlorinatedbiphenyl|PCB|アロクロール|カネクロール)))(?!(?=.*(?:ダイオキシン|クロロジベンゾ|chlorodibenzo)))(?!(?=.*(?:\A(\d+-|o-|m-|p-|オルト-|メタ-|パラ-)?トルイジン(一?塩酸塩|=一?塩酸塩)?\Z)))(?!(?=.*(?:石綿|asbest|クリソタイル|クロシドライト|アモサイト|アンソフィライト|トレモライト|アクチノライト|chrysotile|crocidolite|amosite|tremolite|actinolite|anthophyllite)))(?=.*(?:\A[\d,]+-トリメチルベンゼン\Z))",draft,,https://laws.e-gov.go.jp/law/412CO0000000138,政令番号1-342。トリメチルベンゼン。位置異性体名の全名称一致。
prtr,RJ_02_002,メチルナフタレン,first_class,,,name_regex,"(?i)\A(?!(?=.*(?:カドミウム|カドマート|cadmium|cadmate)))(?!(?=.*(?:クロム酸|二クロム酸|三酸化クロム|クロム\(VI\)|クロム\(6\+\)|chromate|dichromat|chromicacid|chromiumtrioxide|chromium\(VI\))))(?!(?=.*(?:ニッケル|ニッケラート|nickel))(?!.*(?:\Aニッケル\Z|\ANickel\Z)))(?!(?=.*(?:砒|ヒ素|ひ素|ヒ酸|亜ヒ酸|ヒ化|アルシン|アルサ|アルセ|アルソ|arsen)))(?!(?=.*(?:ベリリウム|beryll|beryl|Bertrandite|[(,]Be\d)))(?!(?=.*(?:(?<![亜黒])鉛|プルンバ|プルンビ|ナマリ酸|lead|plumb)))(?!(?=.*(?:1,1,1,3,3,3-ヘキサブタン-1-イルジスタンノキサン|ヘキサブチルジスタンノキサン|ビス\(トリブチルスズ\)=オキシド|bis\(tributyltin\)oxide|酸化トリブチルスズ)))(?!(?=.*(?:クロロビフェニル|ポリ塩化ビフェニル|chlorobiphenyl|polychlorinatedbiphenyl|PCB|アロクロール|カネクロール)))(?!(?=.*(?:ダイオキシン|クロロジベンゾ|chlorodibenzo)))(?!(?=.*(?:\A(\d+-|o-|m-|p-|オルト-|メタ-|パラ-)?トルイジン(一?塩酸塩|=一?塩酸塩)?\Z)))(?!(?=.*(?:石綿|asbest|クリソタイル|クロシドライト|アモサイト|アンソフィライト|トレモライト|アクチノライト|chrysotile|crocidolite|amosite|tremolite|actinolite|anthophyllite)))(?=.*(?:\A[12]-メチルナフタレン\Z))",draft,,https://laws.e-gov.go.jp/law/412CO0000000138,政令番号1-486。メチルナフタレン。1-/2-異性体の全名称一致。
prtr,RJ_02_002,１，２－ジクロロエチレン,first_class,,,name_regex,"(?i)\A(?!(?=.*(?:カドミウム|カドマート|cadmium|cadmate)))(?!(?=.*(?:クロム酸|二クロム酸|三酸化クロム|クロム\(VI\)|クロム\(6\+\)|chromate|dichromat|chromicacid|chromiumtrioxide|chromium\(VI\))))(?!(?=.*(?:ニッケル|ニッケラート|nickel))(?!.*(?:\Aニッケル\Z|\ANickel\Z)))(?!(?=.*(?:砒|ヒ素|ひ素|ヒ酸|亜ヒ酸|ヒ化|アルシン|アルサ|アルセ|アルソ|arsen)))(?!(?=.*(?:ベリリウム|beryll|beryl|Bertrandite|[(,]Be\d)))(?!(?=.*(?:(?<![亜黒])鉛|プルンバ|プルンビ|ナマリ酸|lead|plumb)))(?!(?=.*(?:1,1,1,3,3,3-ヘキサブタン-1-イルジスタンノキサン|ヘキサブチルジスタンノキサン|ビス\(トリブチルスズ\)=オキシド|bis\(tributyltin\)oxide|酸化トリブチルスズ)))(?!(?=.*(?:クロロビフェニル|ポリ塩化ビフェニル|chlorobiphenyl|polychlorinatedbiphenyl|PCB|アロクロール|カネクロール)))(?!(?=.*(?:ダイオキシン|クロロジベンゾ|chlorodibenzo)))(?!(?=.*(?:\A(\d+-|o-|m-|p-|オルト-|メタ-|パラ-)?トルイジン(一?塩酸塩|=一?塩酸塩)?\Z)))(?!(?=.*(?:石綿|asbest|クリソタイル|クロシドライト|アモサイト|アンソフィライト|トレモライト|アクチノライト|chrysotile|crocidolite|amosite|tremolite|actinolite|anthophyllite)))(?=.*(?:\A(cis|trans|\(E\)|\(Z\))-1,2-ジクロロエチレン\Z|\A1,2-ジクロロエチレン\Z))",draft,,https://laws.e-gov.go.jp/law/412CO0000000138,政令番号1-183。１，２－ジクロロエチレン。cis/trans体の全名称一致。
prtr,RJ_02_002,ジメチル（１－フェニルエチル）ベンゼン,first_class,,,name_regex,"(?i)\A(?!(?=.*(?:カドミウム|カドマート|cadmium|cadmate)))(?!(?=.*(?:クロム酸|二クロム酸|三酸化クロム|クロム\(VI\)|クロム\(6\+\)|chromate|dichromat|chromicacid|chromiumtrioxide|chromium\(VI\))))(?!(?=.*(?:ニッケル|ニッケラート|nickel))(?!.*(?:\Aニッケル\Z|\ANickel\Z)))(?!(?=.*(?:砒|ヒ素|ひ素|ヒ酸|亜ヒ酸|ヒ化|アルシン|アルサ|アルセ|アルソ|arsen)))(?!(?=.*(?:ベリリウム|beryll|beryl|Bertrandite|[(,]Be\d)))(?!(?=.*(?:(?<![亜黒])鉛|プルンバ|プルンビ|ナマリ酸|lead|plumb)))(?!(?=.*(?:1,1,1,3,3,3-ヘキサブタン-1-イルジスタンノキサン|ヘキサブチルジスタンノキサン|ビス\(トリブチルスズ\)=オキシド|bis\(tributyltin\)oxide|酸化トリブチルスズ)))(?!(?=.*(?:クロロビフェニル|ポリ塩化ビフェニル|chlorobiphenyl|polychlorinatedbiphenyl|PCB|アロクロール|カネクロール)))(?!(?=.*(?:ダイオキシン|クロロジベンゾ|chlorodibenzo)))(?!(?=.*(?:\A(\d+-|o-|m-|p-|オルト-|メタ-|パラ-)?トルイジン(一?塩酸塩|=一?塩酸塩)?\Z)))(?!(?=.*(?:石綿|asbest|クリソタイル|クロシドライト|アモサイト|アンソフィライト|トレモライト|アクチノライト|chrysotile|crocidolite|amosite|tremolite|actinolite|anthophyllite)))(?=.*(?:[\d,]+-ジメチル(-\d+)?-?\(1-フェニルエチル\)ベンゼン))",draft,,https://laws.e-gov.go.jp/law/412CO0000000138,政令番号1-256。ジメチル（１－フェニルエチル）ベンゼン。置換位置違いの異性体名に一致させる。
prtr,RJ_02_002,テトラヒドロメチル無水フタル酸,first_class,,,name_regex,"(?i)\A(?!(?=.*(?:カドミウム|カドマート|cadmium|cadmate)))(?!(?=.*(?:クロム酸|二クロム酸|三酸化クロム|クロム\(VI\)|クロム\(6\+\)|chromate|dichromat|chromicacid|chromiumtrioxide|chromium\(VI\))))(?!(?=.*(?:ニッケル|ニッケラート|nickel))(?!.*(?:\Aニッケル\Z|\ANickel\Z)))(?!(?=.*(?:砒|ヒ素|ひ素|ヒ酸|亜ヒ酸|ヒ化|アルシン|アルサ|アルセ|アルソ|arsen)))(?!(?=.*(?:ベリリウム|beryll|beryl|Bertrandite|[(,]Be\d)))(?!(?=.*(?:(?<![亜黒])鉛|プルンバ|プルンビ|ナマリ酸|lead|plumb)))(?!(?=.*(?:1,1,1,3,3,3-ヘキサブタン-1-イルジスタンノキサン|ヘキサブチルジスタンノキサン|ビス\(トリブチルスズ\)=オキシド|bis\(tributyltin\)oxide|酸化トリブチルスズ)))(?!(?=.*(?:クロロビフェニル|ポリ塩化ビフェニル|chlorobiphenyl|polychlorinatedbiphenyl|PCB|アロクロール|カネクロール)))(?!(?=.*(?:ダイオキシン|クロロジベンゾ|chlorodibenzo)))(?!(?=.*(?:\A(\d+-|o-|m-|p-|オルト-|メタ-|パラ-)?トルイジン(一?塩酸塩|=一?塩酸塩)?\Z)))(?!(?=.*(?:石綿|asbest|クリソタイル|クロシドライト|アモサイト|アンソフィライト|トレモライト|アクチノライト|chrysotile|crocidolite|amosite|tremolite|actinolite|anthophyllite)))(?=.*(?:テトラヒドロ[\d,\-]*メチル無水フタル酸|メチル-3a,4,7,7a-テトラヒドロイソベンゾフラン-1,3-ジオン|メチル-\d?a?,?[\d,a]*-テトラヒドロイソベンゾフラン-1,3-ジオン))",draft,,https://laws.e-gov.go.jp/law/412CO0000000138,"政令番号1-303。テトラヒドロメチル無水フタル酸。慣用名（テトラヒドロ-n-メチル無水フタル酸）と体系名（メチル-3a,4,7,7a-テトラヒドロイソベンゾフラン-1,3-ジオン）の双方に一致させる。"
prtr,RJ_02_002,りん酸トリトリル,first_class,,,name_regex,"(?i)\A(?!(?=.*(?:カドミウム|カドマート|cadmium|cadmate)))(?!(?=.*(?:クロム酸|二クロム酸|三酸化クロム|クロム\(VI\)|クロム\(6\+\)|chromate|dichromat|chromicacid|chromiumtrioxide|chromium\(VI\))))(?!(?=.*(?:ニッケル|ニッケラート|nickel))(?!.*(?:\Aニッケル\Z|\ANickel\Z)))(?!(?=.*(?:砒|ヒ素|ひ素|ヒ酸|亜ヒ酸|ヒ化|アルシン|アルサ|アルセ|アルソ|arsen)))(?!(?=.*(?:ベリリウム|beryll|beryl|Bertrandite|[(,]Be\d)))(?!(?=.*(?:(?<![亜黒])鉛|プルンバ|プルンビ|ナマリ酸|lead|plumb)))(?!(?=.*(?:1,1,1,3,3,3-ヘキサブタン-1-イルジスタンノキサン|ヘキサブチルジスタンノキサン|ビス\(トリブチルスズ\)=オキシド|bis\(tributyltin\)oxide|酸化トリブチルスズ)))(?!(?=.*(?:クロロビフェニル|ポリ塩化ビフェニル|chlorobiphenyl|polychlorinatedbiphenyl|PCB|アロクロール|カネクロール)))(?!(?=.*(?:ダイオキシン|クロロジベンゾ|chlorodibenzo)))(?!(?=.*(?:\A(\d+-|o-|m-|p-|オルト-|メタ-|パラ-)?トルイジン(一?塩酸塩|=一?塩酸塩)?\Z)))(?!(?=.*(?:石綿|asbest|クリソタイル|クロシドライト|アモサイト|アンソフィライト|トレモライト|アクチノライト|chrysotile|crocidolite|amosite|tremolite|actinolite|anthophyllite)))(?=.*(?:トリル=ホスファート|りん酸トリトリル|トリクレジル=ホスファート|tricresylphosphate|tritolylphosphate))",draft,,https://laws.e-gov.go.jp/law/412CO0000000138,政令番号1-513。りん酸トリトリル。NITE名称のトリ-n-トリル＝ホスファート（及び混合トリル体）に一致させる。
prtr,RJ_02_002,（１－ヒドロキシエタン－１，１－ジイル）ジホスホン酸並びにそのカリウム塩及びナトリウム塩,first_class,,,name_regex,"(?i)\A(?!(?=.*(?:カドミウム|カドマート|cadmium|cadmate)))(?!(?=.*(?:クロム酸|二クロム酸|三酸化クロム|クロム\(VI\)|クロム\(6\+\)|chromate|dichromat|chromicacid|chromiumtrioxide|chromium\(VI\))))(?!(?=.*(?:ニッケル|ニッケラート|nickel))(?!.*(?:\Aニッケル\Z|\ANickel\Z)))(?!(?=.*(?:砒|ヒ素|ひ素|ヒ酸|亜ヒ酸|ヒ化|アルシン|アルサ|アルセ|アルソ|arsen)))(?!(?=.*(?:ベリリウム|beryll|beryl|Bertrandite|[(,]Be\d)))(?!(?=.*(?:(?<![亜黒])鉛|プルンバ|プルンビ|ナマリ酸|lead|plumb)))(?!(?=.*(?:1,1,1,3,3,3-ヘキサブタン-1-イルジスタンノキサン|ヘキサブチルジスタンノキサン|ビス\(トリブチルスズ\)=オキシド|bis\(tributyltin\)oxide|酸化トリブチルスズ)))(?!(?=.*(?:クロロビフェニル|ポリ塩化ビフェニル|chlorobiphenyl|polychlorinatedbiphenyl|PCB|アロクロール|カネクロール)))(?!(?=.*(?:ダイオキシン|クロロジベンゾ|chlorodibenzo)))(?!(?=.*(?:\A(\d+-|o-|m-|p-|オルト-|メタ-|パラ-)?トルイジン(一?塩酸塩|=一?塩酸塩)?\Z)))(?!(?=.*(?:石綿|asbest|クリソタイル|クロシドライト|アモサイト|アンソフィライト|トレモライト|アクチノライト|chrysotile|crocidolite|amosite|tremolite|actinolite|anthophyllite)))(?=.*(?:\(1-(ヒドロキシ|オキシド)エタン-1,1-ジイル\)(ビス|ジ)\(?ホスホ|1-ヒドロキシエタン-1,1-ジイル\)ジホスホン酸|エチドロン酸|etidronic))",draft,,https://laws.e-gov.go.jp/law/412CO0000000138,"政令番号1-380。（１－ヒドロキシエタン－１，１－ジイル）ジホスホン酸並びにそのカリウム塩及びナトリウム塩。NITE名称の「ビス（ホスホナート）」「ビス（ホスホン酸）」表記と脱プロトン形（1-オキシドエタン-1,1-ジイル）に一致させる。掲名はカリウム塩・ナトリウム塩に限られるが、対イオンが異なる塩も区分は第一種で変わらない。"
prtr,RJ_02_002,エチリデンノルボルネン,first_class,,,name_regex,"(?i)\A(?!(?=.*(?:カドミウム|カドマート|cadmium|cadmate)))(?!(?=.*(?:クロム酸|二クロム酸|三酸化クロム|クロム\(VI\)|クロム\(6\+\)|chromate|dichromat|chromicacid|chromiumtrioxide|chromium\(VI\))))(?!(?=.*(?:ニッケル|ニッケラート|nickel))(?!.*(?:\Aニッケル\Z|\ANickel\Z)))(?!(?=.*(?:砒|ヒ素|ひ素|ヒ酸|亜ヒ酸|ヒ化|アルシン|アルサ|アルセ|アルソ|arsen)))(?!(?=.*(?:ベリリウム|beryll|beryl|Bertrandite|[(,]Be\d)))(?!(?=.*(?:(?<![亜黒])鉛|プルンバ|プルンビ|ナマリ酸|lead|plumb)))(?!(?=.*(?:1,1,1,3,3,3-ヘキサブタン-1-イルジスタンノキサン|ヘキサブチルジスタンノキサン|ビス\(トリブチルスズ\)=オキシド|bis\(tributyltin\)oxide|酸化トリブチルスズ)))(?!(?=.*(?:クロロビフェニル|ポリ塩化ビフェニル|chlorobiphenyl|polychlorinatedbiphenyl|PCB|アロクロール|カネクロール)))(?!(?=.*(?:ダイオキシン|クロロジベンゾ|chlorodibenzo)))(?!(?=.*(?:\A(\d+-|o-|m-|p-|オルト-|メタ-|パラ-)?トルイジン(一?塩酸塩|=一?塩酸塩)?\Z)))(?!(?=.*(?:石綿|asbest|クリソタイル|クロシドライト|アモサイト|アンソフィライト|トレモライト|アクチノライト|chrysotile|crocidolite|amosite|tremolite|actinolite|anthophyllite)))(?=.*(?:エチリデンノルボルネン|エチリデン-2-ノルボルネン|エチリデンビシクロ\[2.2.1\]ヘプタ-2-エン))",draft,,https://laws.e-gov.go.jp/law/412CO0000000138,政令番号1-063。エチリデンノルボルネン。異性体・体系名表記に一致させる。
prtr,RJ_02_002,１，１’－ジメチル－４，４’－ビピリジニウム＝ジクロリド（別名パラコート又はパラコートジクロリド）,first_class,,,name_regex,"(?i)\A(?!(?=.*(?:カドミウム|カドマート|cadmium|cadmate)))(?!(?=.*(?:クロム酸|二クロム酸|三酸化クロム|クロム\(VI\)|クロム\(6\+\)|chromate|dichromat|chromicacid|chromiumtrioxide|chromium\(VI\))))(?!(?=.*(?:ニッケル|ニッケラート|nickel))(?!.*(?:\Aニッケル\Z|\ANickel\Z)))(?!(?=.*(?:砒|ヒ素|ひ素|ヒ酸|亜ヒ酸|ヒ化|アルシン|アルサ|アルセ|アルソ|arsen)))(?!(?=.*(?:ベリリウム|beryll|beryl|Bertrandite|[(,]Be\d)))(?!(?=.*(?:(?<![亜黒])鉛|プルンバ|プルンビ|ナマリ酸|lead|plumb)))(?!(?=.*(?:1,1,1,3,3,3-ヘキサブタン-1-イルジスタンノキサン|ヘキサブチルジスタンノキサン|ビス\(トリブチルスズ\)=オキシド|bis\(tributyltin\)oxide|酸化トリブチルスズ)))(?!(?=.*(?:クロロビフェニル|ポリ塩化ビフェニル|chlorobiphenyl|polychlorinatedbiphenyl|PCB|アロクロール|カネクロール)))(?!(?=.*(?:ダイオキシン|クロロジベンゾ|chlorodibenzo)))(?!(?=.*(?:\A(\d+-|o-|m-|p-|オルト-|メタ-|パラ-)?トルイジン(一?塩酸塩|=一?塩酸塩)?\Z)))(?!(?=.*(?:石綿|asbest|クリソタイル|クロシドライト|アモサイト|アンソフィライト|トレモライト|アクチノライト|chrysotile|crocidolite|amosite|tremolite|actinolite|anthophyllite)))(?=.*(?:ジメチル\[?4,4'-ビピリジン\]?-1,1'-ジイウム=ジクロリド|ジメチル-4,4'-ビピリジニウム=ジクロリド|パラコート))",draft,,https://laws.e-gov.go.jp/law/412CO0000000138,政令番号1-255。１，１’－ジメチル－４，４’－ビピリジニウム＝ジクロリド（別名パラコート）。水和物表記を含む。
prtr,RJ_02_002,１，１’－エチレン－２，２’－ビピリジニウム＝ジブロミド（別名ジクアトジブロミド又はジクワット）,first_class,,,name_regex,"(?i)\A(?!(?=.*(?:カドミウム|カドマート|cadmium|cadmate)))(?!(?=.*(?:クロム酸|二クロム酸|三酸化クロム|クロム\(VI\)|クロム\(6\+\)|chromate|dichromat|chromicacid|chromiumtrioxide|chromium\(VI\))))(?!(?=.*(?:ニッケル|ニッケラート|nickel))(?!.*(?:\Aニッケル\Z|\ANickel\Z)))(?!(?=.*(?:砒|ヒ素|ひ素|ヒ酸|亜ヒ酸|ヒ化|アルシン|アルサ|アルセ|アルソ|arsen)))(?!(?=.*(?:ベリリウム|beryll|beryl|Bertrandite|[(,]Be\d)))(?!(?=.*(?:(?<![亜黒])鉛|プルンバ|プルンビ|ナマリ酸|lead|plumb)))(?!(?=.*(?:1,1,1,3,3,3-ヘキサブタン-1-イルジスタンノキサン|ヘキサブチルジスタンノキサン|ビス\(トリブチルスズ\)=オキシド|bis\(tributyltin\)oxide|酸化トリブチルスズ)))(?!(?=.*(?:クロロビフェニル|ポリ塩化ビフェニル|chlorobiphenyl|polychlorinatedbiphenyl|PCB|アロクロール|カネクロール)))(?!(?=.*(?:ダイオキシン|クロロジベンゾ|chlorodibenzo)))(?!(?=.*(?:\A(\d+-|o-|m-|p-|オルト-|メタ-|パラ-)?トルイジン(一?塩酸塩|=一?塩酸塩)?\Z)))(?!(?=.*(?:石綿|asbest|クリソタイル|クロシドライト|アモサイト|アンソフィライト|トレモライト|アクチノライト|chrysotile|crocidolite|amosite|tremolite|actinolite|anthophyllite)))(?=.*(?:エチレン-2,2'-ビピリジニウム=ジブロミド|ジクアト|ジクワット))",draft,,https://laws.e-gov.go.jp/law/412CO0000000138,政令番号1-083。１，１’－エチレン－２，２’－ビピリジニウム＝ジブロミド（別名ジクワット）。水和物表記を含む。
prtr,RJ_02_002,アクリル酸及びその水溶性塩,first_class,,,name_regex,"(?i)\A(?!(?=.*(?:カドミウム|カドマート|cadmium|cadmate)))(?!(?=.*(?:クロム酸|二クロム酸|三酸化クロム|クロム\(VI\)|クロム\(6\+\)|chromate|dichromat|chromicacid|chromiumtrioxide|chromium\(VI\))))(?!(?=.*(?:ニッケル|ニッケラート|nickel))(?!.*(?:\Aニッケル\Z|\ANickel\Z)))(?!(?=.*(?:砒|ヒ素|ひ素|ヒ酸|亜ヒ酸|ヒ化|アルシン|アルサ|アルセ|アルソ|arsen)))(?!(?=.*(?:ベリリウム|beryll|beryl|Bertrandite|[(,]Be\d)))(?!(?=.*(?:(?<![亜黒])鉛|プルンバ|プルンビ|ナマリ酸|lead|plumb)))(?!(?=.*(?:1,1,1,3,3,3-ヘキサブタン-1-イルジスタンノキサン|ヘキサブチルジスタンノキサン|ビス\(トリブチルスズ\)=オキシド|bis\(tributyltin\)oxide|酸化トリブチルスズ)))(?!(?=.*(?:クロロビフェニル|ポリ塩化ビフェニル|chlorobiphenyl|polychlorinatedbiphenyl|PCB|アロクロール|カネクロール)))(?!(?=.*(?:ダイオキシン|クロロジベンゾ|chlorodibenzo)))(?!(?=.*(?:\A(\d+-|o-|m-|p-|オルト-|メタ-|パラ-)?トルイジン(一?塩酸塩|=一?塩酸塩)?\Z)))(?!(?=.*(?:石綿|asbest|クリソタイル|クロシドライト|アモサイト|アンソフィライト|トレモライト|アクチノライト|chrysotile|crocidolite|amosite|tremolite|actinolite|anthophyllite)))(?=.*(?:\Aアクリル酸\Z|\Aアクリル酸(ナトリウム|カリウム|アンモニウム|リチウム|カルシウム|マグネシウム|アルミニウム|亜鉛)\Z|\Aアクリル酸.{0,6}塩\Z))",draft,,https://laws.e-gov.go.jp/law/412CO0000000138,政令番号1-006（管理番号4）。アクリル酸及びその水溶性塩。アクリル酸本体と金属・アンモニウム塩の全名称一致に限定し、エステル（アクリル酸エチル等の別掲名）を巻き込まない。水溶性の限定は名称から判定できない。
prtr,RJ_02_002,エピクロロヒドリン,first_class,,,name_regex,"(?i)\A(?!(?=.*(?:カドミウム|カドマート|cadmium|cadmate)))(?!(?=.*(?:クロム酸|二クロム酸|三酸化クロム|クロム\(VI\)|クロム\(6\+\)|chromate|dichromat|chromicacid|chromiumtrioxide|chromium\(VI\))))(?!(?=.*(?:ニッケル|ニッケラート|nickel))(?!.*(?:\Aニッケル\Z|\ANickel\Z)))(?!(?=.*(?:砒|ヒ素|ひ素|ヒ酸|亜ヒ酸|ヒ化|アルシン|アルサ|アルセ|アルソ|arsen)))(?!(?=.*(?:ベリリウム|beryll|beryl|Bertrandite|[(,]Be\d)))(?!(?=.*(?:(?<![亜黒])鉛|プルンバ|プルンビ|ナマリ酸|lead|plumb)))(?!(?=.*(?:1,1,1,3,3,3-ヘキサブタン-1-イルジスタンノキサン|ヘキサブチルジスタンノキサン|ビス\(トリブチルスズ\)=オキシド|bis\(tributyltin\)oxide|酸化トリブチルスズ)))(?!(?=.*(?:クロロビフェニル|ポリ塩化ビフェニル|chlorobiphenyl|polychlorinatedbiphenyl|PCB|アロクロール|カネクロール)))(?!(?=.*(?:ダイオキシン|クロロジベンゾ|chlorodibenzo)))(?!(?=.*(?:\A(\d+-|o-|m-|p-|オルト-|メタ-|パラ-)?トルイジン(一?塩酸塩|=一?塩酸塩)?\Z)))(?!(?=.*(?:石綿|asbest|クリソタイル|クロシドライト|アモサイト|アンソフィライト|トレモライト|アクチノライト|chrysotile|crocidolite|amosite|tremolite|actinolite|anthophyllite)))(?=.*(?:\A(\((R|S)\)-)?2-\(クロロメチル\)オキシラン\Z|\Aエピクロロヒドリン\Z|\Aepichlorohydrin\Z))",draft,,https://laws.e-gov.go.jp/law/412CO0000000138,政令番号1-086。エピクロロヒドリン。体系名（2-(クロロメチル)オキシラン）と光学異性体表記に一致させる。
prtr,RJ_02_002,アルファ－アルキル－オメガ－ヒドロキシポリ（オキシエタン－１，２－ジイル）（アルキル基の炭素数が１６から１８までのもの及びその混合物であって、数平均分子量が１，０００未満のものに限る。）及びアルファ－アルケニル－オメガ－ヒドロキシポリ（オキシエタン－１，２－ジイル）（アルケニル基の炭素数が１６から１８までのもの及びその混合物であって、数平均分子量が１，０００未満のものに限る。）並びにこれらの混合物,first_class,,,name_regex,"(?i)\A(?!(?=.*(?:カドミウム|カドマート|cadmium|cadmate)))(?!(?=.*(?:クロム酸|二クロム酸|三酸化クロム|クロム\(VI\)|クロム\(6\+\)|chromate|dichromat|chromicacid|chromiumtrioxide|chromium\(VI\))))(?!(?=.*(?:ニッケル|ニッケラート|nickel))(?!.*(?:\Aニッケル\Z|\ANickel\Z)))(?!(?=.*(?:砒|ヒ素|ひ素|ヒ酸|亜ヒ酸|ヒ化|アルシン|アルサ|アルセ|アルソ|arsen)))(?!(?=.*(?:ベリリウム|beryll|beryl|Bertrandite|[(,]Be\d)))(?!(?=.*(?:(?<![亜黒])鉛|プルンバ|プルンビ|ナマリ酸|lead|plumb)))(?!(?=.*(?:1,1,1,3,3,3-ヘキサブタン-1-イルジスタンノキサン|ヘキサブチルジスタンノキサン|ビス\(トリブチルスズ\)=オキシド|bis\(tributyltin\)oxide|酸化トリブチルスズ)))(?!(?=.*(?:クロロビフェニル|ポリ塩化ビフェニル|chlorobiphenyl|polychlorinatedbiphenyl|PCB|アロクロール|カネクロール)))(?!(?=.*(?:ダイオキシン|クロロジベンゾ|chlorodibenzo)))(?!(?=.*(?:\A(\d+-|o-|m-|p-|オルト-|メタ-|パラ-)?トルイジン(一?塩酸塩|=一?塩酸塩)?\Z)))(?!(?=.*(?:石綿|asbest|クリソタイル|クロシドライト|アモサイト|アンソフィライト|トレモライト|アクチノライト|chrysotile|crocidolite|amosite|tremolite|actinolite|anthophyllite)))(?=.*(?:α-(ヘキサデシル|オクタデシル|イソオクタデシル|オクタデセニル)-ω-ヒドロキシポリ\(オキシ|α-ヒドロ-ω-\((ヘキサデシル|オクタデシル|イソオクタデシル|オクタデセニル)オキシ\)ポリ\(オキシ|α-ヒドロ-ω-\{\[\(Z\)-オクタデカ-9-エン-1-イル\]オキシ\}ポリ\(オキシ|α-ヒドロ-ω-\(オクタデカ-9-エン-1-イルオキシ\)ポリ\(オキシ))",draft,,https://laws.e-gov.go.jp/law/412CO0000000138,"政令番号1-039（管理番号578）。アルファ－アルキル－オメガ－ヒドロキシポリ（オキシエタン－１，２－ジイル）（アルキル基C16〜18）及びアルケニル体。C16/C18のアルキル・アルケニル名を持つポリ（オキシエチレン）付加物に限定する。数平均分子量1,000未満の限定は名称から判定できない。"
prtr,RJ_02_002,アルファ－アルキル－オメガ－ヒドロキシポリ（オキシエチレン）（アルキル基の炭素数が９から１１までのもの及びその混合物であって、数平均分子量が１，０００未満のものに限る。）,first_class,,,name_regex,"(?i)\A(?!(?=.*(?:カドミウム|カドマート|cadmium|cadmate)))(?!(?=.*(?:クロム酸|二クロム酸|三酸化クロム|クロム\(VI\)|クロム\(6\+\)|chromate|dichromat|chromicacid|chromiumtrioxide|chromium\(VI\))))(?!(?=.*(?:ニッケル|ニッケラート|nickel))(?!.*(?:\Aニッケル\Z|\ANickel\Z)))(?!(?=.*(?:砒|ヒ素|ひ素|ヒ酸|亜ヒ酸|ヒ化|アルシン|アルサ|アルセ|アルソ|arsen)))(?!(?=.*(?:ベリリウム|beryll|beryl|Bertrandite|[(,]Be\d)))(?!(?=.*(?:(?<![亜黒])鉛|プルンバ|プルンビ|ナマリ酸|lead|plumb)))(?!(?=.*(?:1,1,1,3,3,3-ヘキサブタン-1-イルジスタンノキサン|ヘキサブチルジスタンノキサン|ビス\(トリブチルスズ\)=オキシド|bis\(tributyltin\)oxide|酸化トリブチルスズ)))(?!(?=.*(?:クロロビフェニル|ポリ塩化ビフェニル|chlorobiphenyl|polychlorinatedbiphenyl|PCB|アロクロール|カネクロール)))(?!(?=.*(?:ダイオキシン|クロロジベンゾ|chlorodibenzo)))(?!(?=.*(?:\A(\d+-|o-|m-|p-|オルト-|メタ-|パラ-)?トルイジン(一?塩酸塩|=一?塩酸塩)?\Z)))(?!(?=.*(?:石綿|asbest|クリソタイル|クロシドライト|アモサイト|アンソフィライト|トレモライト|アクチノライト|chrysotile|crocidolite|amosite|tremolite|actinolite|anthophyllite)))(?=.*(?:α-(ノニル|イソノニル|デシル|イソデシル|ウンデシル)-ω-ヒドロキシポリ\(オキシエチレン|α-ヒドロ-ω-\((ノニル|イソノニル|デシル|イソデシル|ウンデシル)オキシ\)ポリ\(オキシエチレン|アルファ-アルキル-オメガ-ヒドロキシポリ\(オキシエチレン|α-アルキル-ω-ヒドロキシポリ\(オキシエチレン))",draft,,https://laws.e-gov.go.jp/law/412CO0000000138,"政令番号1-041。アルファ－アルキル－オメガ－ヒドロキシポリ（オキシエチレン）（アルキル基の炭素数が９から１１）。数平均分子量1,000未満の限定は名称から判定できない。"
prtr,RJ_02_002,ポリ（オキシエチレン）＝アルキルエーテル（アルキル基の炭素数が１２から１５までのもの及びその混合物に限る。）,first_class,,,name_regex,"(?i)\A(?!(?=.*(?:カドミウム|カドマート|cadmium|cadmate)))(?!(?=.*(?:クロム酸|二クロム酸|三酸化クロム|クロム\(VI\)|クロム\(6\+\)|chromate|dichromat|chromicacid|chromiumtrioxide|chromium\(VI\))))(?!(?=.*(?:ニッケル|ニッケラート|nickel))(?!.*(?:\Aニッケル\Z|\ANickel\Z)))(?!(?=.*(?:砒|ヒ素|ひ素|ヒ酸|亜ヒ酸|ヒ化|アルシン|アルサ|アルセ|アルソ|arsen)))(?!(?=.*(?:ベリリウム|beryll|beryl|Bertrandite|[(,]Be\d)))(?!(?=.*(?:(?<![亜黒])鉛|プルンバ|プルンビ|ナマリ酸|lead|plumb)))(?!(?=.*(?:1,1,1,3,3,3-ヘキサブタン-1-イルジスタンノキサン|ヘキサブチルジスタンノキサン|ビス\(トリブチルスズ\)=オキシド|bis\(tributyltin\)oxide|酸化トリブチルスズ)))(?!(?=.*(?:クロロビフェニル|ポリ塩化ビフェニル|chlorobiphenyl|polychlorinatedbiphenyl|PCB|アロクロール|カネクロール)))(?!(?=.*(?:ダイオキシン|クロロジベンゾ|chlorodibenzo)))(?!(?=.*(?:\A(\d+-|o-|m-|p-|オルト-|メタ-|パラ-)?トルイジン(一?塩酸塩|=一?塩酸塩)?\Z)))(?!(?=.*(?:石綿|asbest|クリソタイル|クロシドライト|アモサイト|アンソフィライト|トレモライト|アクチノライト|chrysotile|crocidolite|amosite|tremolite|actinolite|anthophyllite)))(?=.*(?:ポリ\(オキシエチレン\)|ポリ\(オキシエタン-1,2-ジイル\)|エトキシ化.{0,10}アルコール|\A2-\((デシル|ウンデシル|ドデシル|トリデシル|テトラデシル|ペンタデシル|ヘキサデシル|オクタデシル)オキシ\)エタノール\Z|アルコール\(C=[\d~]+\)エトキシ化|エトキシ化プロポキシ化アルコール|alcoholsethoxylated|ethoxylatedalcohol|オキシ\)エトキシ\]エタノール|エトキシ\]エトキシ\}エタノール|(ジ|トリ|テトラ|ペンタ|ヘキサ|ヘプタ|オクタ|ノナ)オキサ[ァ-ヶ]*コサン-1-オール|ポリオキシアルキレン))",draft,,https://laws.e-gov.go.jp/law/412CO0000000138,政令番号1-460（管理番号407）。ポリ（オキシエチレン）＝アルキルエーテル（アルキル基の炭素数が１２から１５までのもの及びその混合物に限る。）。エトキシ化アルコール（脂肪アルコールエトキシレート）名称を本群に寄せる。炭素数の限定は名称の(C=…)表記がある場合のみ確認できる。
prtr,RJ_02_002,ナトリウム＝アルケンスルホナート（アルケンの炭素数が１４から１６までのもの及びその混合物に限る。）及びナトリウム＝ヒドロキシアルカンスルホナート（アルカンの炭素数が１４から１６までのもの及びその混合物に限る。）並びにこれらの混合物,first_class,,,name_regex,"(?i)\A(?!(?=.*(?:カドミウム|カドマート|cadmium|cadmate)))(?!(?=.*(?:クロム酸|二クロム酸|三酸化クロム|クロム\(VI\)|クロム\(6\+\)|chromate|dichromat|chromicacid|chromiumtrioxide|chromium\(VI\))))(?!(?=.*(?:ニッケル|ニッケラート|nickel))(?!.*(?:\Aニッケル\Z|\ANickel\Z)))(?!(?=.*(?:砒|ヒ素|ひ素|ヒ酸|亜ヒ酸|ヒ化|アルシン|アルサ|アルセ|アルソ|arsen)))(?!(?=.*(?:ベリリウム|beryll|beryl|Bertrandite|[(,]Be\d)))(?!(?=.*(?:(?<![亜黒])鉛|プルンバ|プルンビ|ナマリ酸|lead|plumb)))(?!(?=.*(?:1,1,1,3,3,3-ヘキサブタン-1-イルジスタンノキサン|ヘキサブチルジスタンノキサン|ビス\(トリブチルスズ\)=オキシド|bis\(tributyltin\)oxide|酸化トリブチルスズ)))(?!(?=.*(?:クロロビフェニル|ポリ塩化ビフェニル|chlorobiphenyl|polychlorinatedbiphenyl|PCB|アロクロール|カネクロール)))(?!(?=.*(?:ダイオキシン|クロロジベンゾ|chlorodibenzo)))(?!(?=.*(?:\A(\d+-|o-|m-|p-|オルト-|メタ-|パラ-)?トルイジン(一?塩酸塩|=一?塩酸塩)?\Z)))(?!(?=.*(?:石綿|asbest|クリソタイル|クロシドライト|アモサイト|アンソフィライト|トレモライト|アクチノライト|chrysotile|crocidolite|amosite|tremolite|actinolite|anthophyllite)))(?=.*(?:アルケンスルホナート|アルケンスルホン酸|ヒドロキシアルカンスルホナート|ヒドロキシスルホン酸|(テトラデカ|ペンタデカ|ヘキサデカ|テトラデセン|ペンタデセン|ヘキサデセン)[ンァ-ヶ\d,\-]{0,10}スルホ|アルケン\(C=14\)|アルカン\(C=14\)|ヒドロキシ.{0,14}スルホナート.{0,6}ナトリウム|ナトリウム=\d+-ヒドロキシ.{0,16}スルホナート))",draft,,https://laws.e-gov.go.jp/law/412CO0000000138,政令番号1-348（管理番号694）。ナトリウム＝アルケンスルホナート（C14〜16）及びナトリウム＝ヒドロキシアルカンスルホナート（C14〜16）。炭素数は名称に現れる場合のみ確認できる。
prtr,RJ_02_002,アルキル（ベンジル）（ジメチル）アンモニウムの塩（アルキル基の炭素数が１２から１６までのもの及びその混合物に限る。）,first_class,,,name_regex,"(?i)\A(?!(?=.*(?:カドミウム|カドマート|cadmium|cadmate)))(?!(?=.*(?:クロム酸|二クロム酸|三酸化クロム|クロム\(VI\)|クロム\(6\+\)|chromate|dichromat|chromicacid|chromiumtrioxide|chromium\(VI\))))(?!(?=.*(?:ニッケル|ニッケラート|nickel))(?!.*(?:\Aニッケル\Z|\ANickel\Z)))(?!(?=.*(?:砒|ヒ素|ひ素|ヒ酸|亜ヒ酸|ヒ化|アルシン|アルサ|アルセ|アルソ|arsen)))(?!(?=.*(?:ベリリウム|beryll|beryl|Bertrandite|[(,]Be\d)))(?!(?=.*(?:(?<![亜黒])鉛|プルンバ|プルンビ|ナマリ酸|lead|plumb)))(?!(?=.*(?:1,1,1,3,3,3-ヘキサブタン-1-イルジスタンノキサン|ヘキサブチルジスタンノキサン|ビス\(トリブチルスズ\)=オキシド|bis\(tributyltin\)oxide|酸化トリブチルスズ)))(?!(?=.*(?:クロロビフェニル|ポリ塩化ビフェニル|chlorobiphenyl|polychlorinatedbiphenyl|PCB|アロクロール|カネクロール)))(?!(?=.*(?:ダイオキシン|クロロジベンゾ|chlorodibenzo)))(?!(?=.*(?:\A(\d+-|o-|m-|p-|オルト-|メタ-|パラ-)?トルイジン(一?塩酸塩|=一?塩酸塩)?\Z)))(?!(?=.*(?:石綿|asbest|クリソタイル|クロシドライト|アモサイト|アンソフィライト|トレモライト|アクチノライト|chrysotile|crocidolite|amosite|tremolite|actinolite|anthophyllite)))(?=.*(?:ベンジル|benzyl))(?=.*(?:ジメチル|dimethyl))(?=.*(?:アンモニウム|アミニウム|ammonium))",draft,,https://laws.e-gov.go.jp/law/412CO0000000138,政令番号1-044（管理番号581）。アルキル（ベンジル）（ジメチル）アンモニウムの塩（アルキル基の炭素数が１２から１６までのもの及びその混合物に限る。）。ベンジル＋ジメチル＋アンモニウムの三条件を要求する。炭素数がC12〜16の外にある同型体（C8〜18混合表記等）も本群に寄せており、区分は第一種で変わらない。
prtr,RJ_02_002,ビス（アルキル）（ジメチル）アンモニウムの塩（アルキル基の構造が直鎖であり、かつ、当該アルキル基の炭素数が１２、１４、１６、１８又は２０のもの及びその混合物に限る。）,first_class,,,name_regex,"(?i)\A(?!(?=.*(?:カドミウム|カドマート|cadmium|cadmate)))(?!(?=.*(?:クロム酸|二クロム酸|三酸化クロム|クロム\(VI\)|クロム\(6\+\)|chromate|dichromat|chromicacid|chromiumtrioxide|chromium\(VI\))))(?!(?=.*(?:ニッケル|ニッケラート|nickel))(?!.*(?:\Aニッケル\Z|\ANickel\Z)))(?!(?=.*(?:砒|ヒ素|ひ素|ヒ酸|亜ヒ酸|ヒ化|アルシン|アルサ|アルセ|アルソ|arsen)))(?!(?=.*(?:ベリリウム|beryll|beryl|Bertrandite|[(,]Be\d)))(?!(?=.*(?:(?<![亜黒])鉛|プルンバ|プルンビ|ナマリ酸|lead|plumb)))(?!(?=.*(?:1,1,1,3,3,3-ヘキサブタン-1-イルジスタンノキサン|ヘキサブチルジスタンノキサン|ビス\(トリブチルスズ\)=オキシド|bis\(tributyltin\)oxide|酸化トリブチルスズ)))(?!(?=.*(?:クロロビフェニル|ポリ塩化ビフェニル|chlorobiphenyl|polychlorinatedbiphenyl|PCB|アロクロール|カネクロール)))(?!(?=.*(?:ダイオキシン|クロロジベンゾ|chlorodibenzo)))(?!(?=.*(?:\A(\d+-|o-|m-|p-|オルト-|メタ-|パラ-)?トルイジン(一?塩酸塩|=一?塩酸塩)?\Z)))(?!(?=.*(?:石綿|asbest|クリソタイル|クロシドライト|アモサイト|アンソフィライト|トレモライト|アクチノライト|chrysotile|crocidolite|amosite|tremolite|actinolite|anthophyllite)))(?=.*(?:ビス\(アルキル|ジアルキル\(C=|ジ(ドデシル|テトラデシル|ヘキサデシル|オクタデシル|イコシル)\(ジメチル\)|ジメチル\(ジ(ドデシル|テトラデシル|ヘキサデシル|オクタデシル|イコシル)\)|ジメチル-N,N-ジ(ドデカン|テトラデカン|ヘキサデカン|オクタデカン|イコサン)|(ドデシル|テトラデシル|ヘキサデシル|オクタデシル|イコシル)\((ジメチル)\)\((ドデシル|テトラデシル|ヘキサデシル|オクタデシル|イコシル)\)|ジメチル-N-(ドデシル|テトラデシル|ヘキサデシル|オクタデシル)|ビス\(水素化|ジ\(ココ-アルキル\)|ビス\(ココ-アルキル\)|ジ\(タロウ-アルキル\)|di(dodecyl|tetradecyl|hexadecyl|octadecyl)dimethylammonium|dimethyldi(dodecyl|tetradecyl|hexadecyl|octadecyl)ammonium|dodecyldimethyltetradecylammonium))(?=.*(?:アンモニウム|アミニウム|ammonium))",draft,,https://laws.e-gov.go.jp/law/412CO0000000138,政令番号1-365（管理番号700）。ビス（アルキル）（ジメチル）アンモニウムの塩（直鎖C12/14/16/18/20）。長鎖アルキル2本＋ジメチルの第四級アンモニウム名称に限定する（獣脂・ココアルキル等の混合表記を含む）。C10体は別掲1-224が先に一致する。
prtr,RJ_02_002,ジデシル（ジメチル）アンモニウムの塩,first_class,,,name_regex,"(?i)\A(?!(?=.*(?:カドミウム|カドマート|cadmium|cadmate)))(?!(?=.*(?:クロム酸|二クロム酸|三酸化クロム|クロム\(VI\)|クロム\(6\+\)|chromate|dichromat|chromicacid|chromiumtrioxide|chromium\(VI\))))(?!(?=.*(?:ニッケル|ニッケラート|nickel))(?!.*(?:\Aニッケル\Z|\ANickel\Z)))(?!(?=.*(?:砒|ヒ素|ひ素|ヒ酸|亜ヒ酸|ヒ化|アルシン|アルサ|アルセ|アルソ|arsen)))(?!(?=.*(?:ベリリウム|beryll|beryl|Bertrandite|[(,]Be\d)))(?!(?=.*(?:(?<![亜黒])鉛|プルンバ|プルンビ|ナマリ酸|lead|plumb)))(?!(?=.*(?:1,1,1,3,3,3-ヘキサブタン-1-イルジスタンノキサン|ヘキサブチルジスタンノキサン|ビス\(トリブチルスズ\)=オキシド|bis\(tributyltin\)oxide|酸化トリブチルスズ)))(?!(?=.*(?:クロロビフェニル|ポリ塩化ビフェニル|chlorobiphenyl|polychlorinatedbiphenyl|PCB|アロクロール|カネクロール)))(?!(?=.*(?:ダイオキシン|クロロジベンゾ|chlorodibenzo)))(?!(?=.*(?:\A(\d+-|o-|m-|p-|オルト-|メタ-|パラ-)?トルイジン(一?塩酸塩|=一?塩酸塩)?\Z)))(?!(?=.*(?:石綿|asbest|クリソタイル|クロシドライト|アモサイト|アンソフィライト|トレモライト|アクチノライト|chrysotile|crocidolite|amosite|tremolite|actinolite|anthophyllite)))(?=.*(?:ジデシル\(ジメチル\)アンモニウム|ジデカン-1-イル\(ジメチル\)アンモニウム|N-デシル-N,N-ジメチル.{0,4}デカ(ン|ン-1)-?アミニウム|didecyldimethylammonium|N-decyl-N,N-dimethyl))",draft,,https://laws.e-gov.go.jp/law/412CO0000000138,政令番号1-224（管理番号642）。ジデシル（ジメチル）アンモニウムの塩。
prtr,RJ_02_002,トリメチル（オクタデシル）アンモニウムの塩,first_class,,,name_regex,"(?i)\A(?!(?=.*(?:カドミウム|カドマート|cadmium|cadmate)))(?!(?=.*(?:クロム酸|二クロム酸|三酸化クロム|クロム\(VI\)|クロム\(6\+\)|chromate|dichromat|chromicacid|chromiumtrioxide|chromium\(VI\))))(?!(?=.*(?:ニッケル|ニッケラート|nickel))(?!.*(?:\Aニッケル\Z|\ANickel\Z)))(?!(?=.*(?:砒|ヒ素|ひ素|ヒ酸|亜ヒ酸|ヒ化|アルシン|アルサ|アルセ|アルソ|arsen)))(?!(?=.*(?:ベリリウム|beryll|beryl|Bertrandite|[(,]Be\d)))(?!(?=.*(?:(?<![亜黒])鉛|プルンバ|プルンビ|ナマリ酸|lead|plumb)))(?!(?=.*(?:1,1,1,3,3,3-ヘキサブタン-1-イルジスタンノキサン|ヘキサブチルジスタンノキサン|ビス\(トリブチルスズ\)=オキシド|bis\(tributyltin\)oxide|酸化トリブチルスズ)))(?!(?=.*(?:クロロビフェニル|ポリ塩化ビフェニル|chlorobiphenyl|polychlorinatedbiphenyl|PCB|アロクロール|カネクロール)))(?!(?=.*(?:ダイオキシン|クロロジベンゾ|chlorodibenzo)))(?!(?=.*(?:\A(\d+-|o-|m-|p-|オルト-|メタ-|パラ-)?トルイジン(一?塩酸塩|=一?塩酸塩)?\Z)))(?!(?=.*(?:石綿|asbest|クリソタイル|クロシドライト|アモサイト|アンソフィライト|トレモライト|アクチノライト|chrysotile|crocidolite|amosite|tremolite|actinolite|anthophyllite)))(?=.*(?:トリメチル\(オクタデシル\)アンモニウム|トリメチルオクタデカン-1-アミニウム|octadecyltrimethylammonium|トリメチル\(獣脂アルキル\)アンモニウム|アルキル\(C=1[4-8]~?1?[68]?\)\(トリメチル\)アンモニウム|\(ココ-アルキル\)\(トリメチル\)アンモニウム))",draft,,https://laws.e-gov.go.jp/law/412CO0000000138,政令番号1-339（管理番号688）。トリメチル（オクタデシル）アンモニウムの塩。獣脂・ココ・C14〜18混合アルキルのトリメチルアンモニウム塩も本群に寄せる（区分は第一種で変わらない）。
prtr,RJ_02_002,Ｎ，Ｎ，Ｎ－トリメチルドデカン－１－アミニウムの塩,first_class,,,name_regex,"(?i)\A(?!(?=.*(?:カドミウム|カドマート|cadmium|cadmate)))(?!(?=.*(?:クロム酸|二クロム酸|三酸化クロム|クロム\(VI\)|クロム\(6\+\)|chromate|dichromat|chromicacid|chromiumtrioxide|chromium\(VI\))))(?!(?=.*(?:ニッケル|ニッケラート|nickel))(?!.*(?:\Aニッケル\Z|\ANickel\Z)))(?!(?=.*(?:砒|ヒ素|ひ素|ヒ酸|亜ヒ酸|ヒ化|アルシン|アルサ|アルセ|アルソ|arsen)))(?!(?=.*(?:ベリリウム|beryll|beryl|Bertrandite|[(,]Be\d)))(?!(?=.*(?:(?<![亜黒])鉛|プルンバ|プルンビ|ナマリ酸|lead|plumb)))(?!(?=.*(?:1,1,1,3,3,3-ヘキサブタン-1-イルジスタンノキサン|ヘキサブチルジスタンノキサン|ビス\(トリブチルスズ\)=オキシド|bis\(tributyltin\)oxide|酸化トリブチルスズ)))(?!(?=.*(?:クロロビフェニル|ポリ塩化ビフェニル|chlorobiphenyl|polychlorinatedbiphenyl|PCB|アロクロール|カネクロール)))(?!(?=.*(?:ダイオキシン|クロロジベンゾ|chlorodibenzo)))(?!(?=.*(?:\A(\d+-|o-|m-|p-|オルト-|メタ-|パラ-)?トルイジン(一?塩酸塩|=一?塩酸塩)?\Z)))(?!(?=.*(?:石綿|asbest|クリソタイル|クロシドライト|アモサイト|アンソフィライト|トレモライト|アクチノライト|chrysotile|crocidolite|amosite|tremolite|actinolite|anthophyllite)))(?=.*(?:ドデシル\(トリメチル\)アンモニウム|トリメチルドデカン-1-アミニウム|dodecyltrimethylammonium))",draft,,https://laws.e-gov.go.jp/law/412CO0000000138,政令番号1-341（管理番号690）。Ｎ，Ｎ，Ｎ－トリメチルドデカン－１－アミニウムの塩。
prtr,RJ_02_002,ヘキサデシルトリメチルアンモニウム＝クロリド,first_class,,,name_regex,"(?i)\A(?!(?=.*(?:カドミウム|カドマート|cadmium|cadmate)))(?!(?=.*(?:クロム酸|二クロム酸|三酸化クロム|クロム\(VI\)|クロム\(6\+\)|chromate|dichromat|chromicacid|chromiumtrioxide|chromium\(VI\))))(?!(?=.*(?:ニッケル|ニッケラート|nickel))(?!.*(?:\Aニッケル\Z|\ANickel\Z)))(?!(?=.*(?:砒|ヒ素|ひ素|ヒ酸|亜ヒ酸|ヒ化|アルシン|アルサ|アルセ|アルソ|arsen)))(?!(?=.*(?:ベリリウム|beryll|beryl|Bertrandite|[(,]Be\d)))(?!(?=.*(?:(?<![亜黒])鉛|プルンバ|プルンビ|ナマリ酸|lead|plumb)))(?!(?=.*(?:1,1,1,3,3,3-ヘキサブタン-1-イルジスタンノキサン|ヘキサブチルジスタンノキサン|ビス\(トリブチルスズ\)=オキシド|bis\(tributyltin\)oxide|酸化トリブチルスズ)))(?!(?=.*(?:クロロビフェニル|ポリ塩化ビフェニル|chlorobiphenyl|polychlorinatedbiphenyl|PCB|アロクロール|カネクロール)))(?!(?=.*(?:ダイオキシン|クロロジベンゾ|chlorodibenzo)))(?!(?=.*(?:\A(\d+-|o-|m-|p-|オルト-|メタ-|パラ-)?トルイジン(一?塩酸塩|=一?塩酸塩)?\Z)))(?!(?=.*(?:石綿|asbest|クリソタイル|クロシドライト|アモサイト|アンソフィライト|トレモライト|アクチノライト|chrysotile|crocidolite|amosite|tremolite|actinolite|anthophyllite)))(?=.*(?:ヘキサデシル\(トリメチル\)アンモニウム|トリメチルヘキサデカン-1-アミニウム|hexadecyltrimethylammonium))",draft,,https://laws.e-gov.go.jp/law/412CO0000000138,政令番号1-431。ヘキサデシルトリメチルアンモニウム＝クロリド（塩化物以外の対イオン体も同一掲名に寄せる）。
prtr,RJ_02_002,Ｎ－エチル－Ｎ，Ｎ－ジメチルテトラデカン－１－アミニウムの塩,first_class,,,name_regex,"(?i)\A(?!(?=.*(?:カドミウム|カドマート|cadmium|cadmate)))(?!(?=.*(?:クロム酸|二クロム酸|三酸化クロム|クロム\(VI\)|クロム\(6\+\)|chromate|dichromat|chromicacid|chromiumtrioxide|chromium\(VI\))))(?!(?=.*(?:ニッケル|ニッケラート|nickel))(?!.*(?:\Aニッケル\Z|\ANickel\Z)))(?!(?=.*(?:砒|ヒ素|ひ素|ヒ酸|亜ヒ酸|ヒ化|アルシン|アルサ|アルセ|アルソ|arsen)))(?!(?=.*(?:ベリリウム|beryll|beryl|Bertrandite|[(,]Be\d)))(?!(?=.*(?:(?<![亜黒])鉛|プルンバ|プルンビ|ナマリ酸|lead|plumb)))(?!(?=.*(?:1,1,1,3,3,3-ヘキサブタン-1-イルジスタンノキサン|ヘキサブチルジスタンノキサン|ビス\(トリブチルスズ\)=オキシド|bis\(tributyltin\)oxide|酸化トリブチルスズ)))(?!(?=.*(?:クロロビフェニル|ポリ塩化ビフェニル|chlorobiphenyl|polychlorinatedbiphenyl|PCB|アロクロール|カネクロール)))(?!(?=.*(?:ダイオキシン|クロロジベンゾ|chlorodibenzo)))(?!(?=.*(?:\A(\d+-|o-|m-|p-|オルト-|メタ-|パラ-)?トルイジン(一?塩酸塩|=一?塩酸塩)?\Z)))(?!(?=.*(?:石綿|asbest|クリソタイル|クロシドライト|アモサイト|アンソフィライト|トレモライト|アクチノライト|chrysotile|crocidolite|amosite|tremolite|actinolite|anthophyllite)))(?=.*(?:エチル\(ジメチル\)\(テトラデシル\)アンモニウム|エチル.{0,8}ジメチル.{0,4}テトラデカン-1-アミニウム|アルキル\(C=1[24]~1[48]\)\(エチル\)ジメチルアンモニウム))",draft,,https://laws.e-gov.go.jp/law/412CO0000000138,政令番号1-067（管理番号593）。Ｎ－エチル－Ｎ，Ｎ－ジメチルテトラデカン－１－アミニウムの塩。
prtr,RJ_02_002,［（３－アルカンアミドプロピル）（ジメチル）アンモニオ］アセタート（アルカンの構造が直鎖であり、かつ、当該アルカンの炭素数が８、１０、１２、１４、１６又は１８のもの及びその混合物に限る。）及び（Ｚ）－［［３－（オクタデカ－９－エンアミド）プロピル］（ジメチル）アンモニオ］アセタート並びにこれらの混合物,first_class,,,name_regex,"(?i)\A(?!(?=.*(?:カドミウム|カドマート|cadmium|cadmate)))(?!(?=.*(?:クロム酸|二クロム酸|三酸化クロム|クロム\(VI\)|クロム\(6\+\)|chromate|dichromat|chromicacid|chromiumtrioxide|chromium\(VI\))))(?!(?=.*(?:ニッケル|ニッケラート|nickel))(?!.*(?:\Aニッケル\Z|\ANickel\Z)))(?!(?=.*(?:砒|ヒ素|ひ素|ヒ酸|亜ヒ酸|ヒ化|アルシン|アルサ|アルセ|アルソ|arsen)))(?!(?=.*(?:ベリリウム|beryll|beryl|Bertrandite|[(,]Be\d)))(?!(?=.*(?:(?<![亜黒])鉛|プルンバ|プルンビ|ナマリ酸|lead|plumb)))(?!(?=.*(?:1,1,1,3,3,3-ヘキサブタン-1-イルジスタンノキサン|ヘキサブチルジスタンノキサン|ビス\(トリブチルスズ\)=オキシド|bis\(tributyltin\)oxide|酸化トリブチルスズ)))(?!(?=.*(?:クロロビフェニル|ポリ塩化ビフェニル|chlorobiphenyl|polychlorinatedbiphenyl|PCB|アロクロール|カネクロール)))(?!(?=.*(?:ダイオキシン|クロロジベンゾ|chlorodibenzo)))(?!(?=.*(?:\A(\d+-|o-|m-|p-|オルト-|メタ-|パラ-)?トルイジン(一?塩酸塩|=一?塩酸塩)?\Z)))(?!(?=.*(?:石綿|asbest|クリソタイル|クロシドライト|アモサイト|アンソフィライト|トレモライト|アクチノライト|chrysotile|crocidolite|amosite|tremolite|actinolite|anthophyllite)))(?=.*(?:アミドプロピル))(?=.*(?:アンモニオ\]アセタート|アンモニオアセタート))",draft,,https://laws.e-gov.go.jp/law/412CO0000000138,政令番号1-035（管理番号574）。［（３－アルカンアミドプロピル）（ジメチル）アンモニオ］アセタート（直鎖C8/10/12/14/16/18及びオレアミド体）。アルカンアミドプロピル＋アンモニオアセタートの両条件を要求する。
prtr,RJ_02_002,（３－アルカンアミドプロピル）（メチル）［２－（アルカノイルオキシ）エチル］アンモニウム＝クロリド（アルカン及びアルカノイルの構造が直鎖であり、かつ、当該アルカン及び当該アルカノイルのそれぞれの炭素数が１４、１６又は１８のもの及びその混合物に限る。）,first_class,,,name_regex,"(?i)\A(?!(?=.*(?:カドミウム|カドマート|cadmium|cadmate)))(?!(?=.*(?:クロム酸|二クロム酸|三酸化クロム|クロム\(VI\)|クロム\(6\+\)|chromate|dichromat|chromicacid|chromiumtrioxide|chromium\(VI\))))(?!(?=.*(?:ニッケル|ニッケラート|nickel))(?!.*(?:\Aニッケル\Z|\ANickel\Z)))(?!(?=.*(?:砒|ヒ素|ひ素|ヒ酸|亜ヒ酸|ヒ化|アルシン|アルサ|アルセ|アルソ|arsen)))(?!(?=.*(?:ベリリウム|beryll|beryl|Bertrandite|[(,]Be\d)))(?!(?=.*(?:(?<![亜黒])鉛|プルンバ|プルンビ|ナマリ酸|lead|plumb)))(?!(?=.*(?:1,1,1,3,3,3-ヘキサブタン-1-イルジスタンノキサン|ヘキサブチルジスタンノキサン|ビス\(トリブチルスズ\)=オキシド|bis\(tributyltin\)oxide|酸化トリブチルスズ)))(?!(?=.*(?:クロロビフェニル|ポリ塩化ビフェニル|chlorobiphenyl|polychlorinatedbiphenyl|PCB|アロクロール|カネクロール)))(?!(?=.*(?:ダイオキシン|クロロジベンゾ|chlorodibenzo)))(?!(?=.*(?:\A(\d+-|o-|m-|p-|オルト-|メタ-|パラ-)?トルイジン(一?塩酸塩|=一?塩酸塩)?\Z)))(?!(?=.*(?:石綿|asbest|クリソタイル|クロシドライト|アモサイト|アンソフィライト|トレモライト|アクチノライト|chrysotile|crocidolite|amosite|tremolite|actinolite|anthophyllite)))(?=.*(?:アミドプロピル))(?=.*(?:アミノ\]エチル=|アンモニウム=クロリド|アルカノイルオキシ))",draft,,https://laws.e-gov.go.jp/law/412CO0000000138,政令番号1-036（管理番号575）。（３－アルカンアミドプロピル）（メチル）［２－（アルカノイルオキシ）エチル］アンモニウム＝クロリド（C14/16/18）。エステル型（〜アミノ]エチル＝アルカノアート塩）の名称を本群に寄せる。
prtr,RJ_02_002,アルカン－１－アミン（アルカンの構造が直鎖であり、かつ、当該アルカンの炭素数が８、１０、１２、１４、１６又は１８のもの及びその混合物に限る。）、（Ｚ）－オクタデカ－９－エン－１－アミン及び（９Ｚ，１２Ｚ）－オクタデカ－９，１２－ジエン－１－アミン並びにこれらの混合物,first_class,,,name_regex,"(?i)\A(?!(?=.*(?:カドミウム|カドマート|cadmium|cadmate)))(?!(?=.*(?:クロム酸|二クロム酸|三酸化クロム|クロム\(VI\)|クロム\(6\+\)|chromate|dichromat|chromicacid|chromiumtrioxide|chromium\(VI\))))(?!(?=.*(?:ニッケル|ニッケラート|nickel))(?!.*(?:\Aニッケル\Z|\ANickel\Z)))(?!(?=.*(?:砒|ヒ素|ひ素|ヒ酸|亜ヒ酸|ヒ化|アルシン|アルサ|アルセ|アルソ|arsen)))(?!(?=.*(?:ベリリウム|beryll|beryl|Bertrandite|[(,]Be\d)))(?!(?=.*(?:(?<![亜黒])鉛|プルンバ|プルンビ|ナマリ酸|lead|plumb)))(?!(?=.*(?:1,1,1,3,3,3-ヘキサブタン-1-イルジスタンノキサン|ヘキサブチルジスタンノキサン|ビス\(トリブチルスズ\)=オキシド|bis\(tributyltin\)oxide|酸化トリブチルスズ)))(?!(?=.*(?:クロロビフェニル|ポリ塩化ビフェニル|chlorobiphenyl|polychlorinatedbiphenyl|PCB|アロクロール|カネクロール)))(?!(?=.*(?:ダイオキシン|クロロジベンゾ|chlorodibenzo)))(?!(?=.*(?:\A(\d+-|o-|m-|p-|オルト-|メタ-|パラ-)?トルイジン(一?塩酸塩|=一?塩酸塩)?\Z)))(?!(?=.*(?:石綿|asbest|クリソタイル|クロシドライト|アモサイト|アンソフィライト|トレモライト|アクチノライト|chrysotile|crocidolite|amosite|tremolite|actinolite|anthophyllite)))(?=.*(?:\A(オクタン|デカン|ドデカン|テトラデカン|ヘキサデカン|オクタデカン)-1-アミン|\A1-(オクタン|デカン|ドデカン|テトラデカン|ヘキサデカン|オクタデカン)アミン|オクタデカ-9-エン-1-アミン|オクタデカ-9,12-ジエン-1-アミン|牛脂アルキルアミン|獣脂アルキルアミン|ココ-アルキルアミン|大豆アルキルアミン|アルキルアミン\(C=|オクタデセン-1-アミン|\A(オクチル|デシル|ドデシル|テトラデシル|ヘキサデシル|オクタデシル|オレイル)アミン))(?!.*(?:エトキシ化|オキシラン))",draft,,https://laws.e-gov.go.jp/law/412CO0000000138,政令番号1-037（管理番号576）。アルカン－１－アミン（直鎖C8/10/12/14/16/18）、（Ｚ）－オクタデカ－９－エン－１－アミン及び（９Ｚ，１２Ｚ）－オクタデカ－９，１２－ジエン－１－アミン。名称先頭が該当アルカン-1-アミンであることを要求し、Ｎ置換アミン（第一級以外）を巻き込まない。
prtr,RJ_02_002,アルカン－１－アミン（アルカンの構造が直鎖であり、かつ、当該アルカンの炭素数が８、１０、１２、１４、１６又は１８のもの及びその混合物に限る。）のオキシラン重付加物、（Ｚ）－オクタデカ－９－エン－１－アミンのオキシラン重付加物及び（９Ｚ，１２Ｚ）－オクタデカ－９，１２－ジエン－１－アミンのオキシラン重付加物の混合物,first_class,,,name_regex,"(?i)\A(?!(?=.*(?:カドミウム|カドマート|cadmium|cadmate)))(?!(?=.*(?:クロム酸|二クロム酸|三酸化クロム|クロム\(VI\)|クロム\(6\+\)|chromate|dichromat|chromicacid|chromiumtrioxide|chromium\(VI\))))(?!(?=.*(?:ニッケル|ニッケラート|nickel))(?!.*(?:\Aニッケル\Z|\ANickel\Z)))(?!(?=.*(?:砒|ヒ素|ひ素|ヒ酸|亜ヒ酸|ヒ化|アルシン|アルサ|アルセ|アルソ|arsen)))(?!(?=.*(?:ベリリウム|beryll|beryl|Bertrandite|[(,]Be\d)))(?!(?=.*(?:(?<![亜黒])鉛|プルンバ|プルンビ|ナマリ酸|lead|plumb)))(?!(?=.*(?:1,1,1,3,3,3-ヘキサブタン-1-イルジスタンノキサン|ヘキサブチルジスタンノキサン|ビス\(トリブチルスズ\)=オキシド|bis\(tributyltin\)oxide|酸化トリブチルスズ)))(?!(?=.*(?:クロロビフェニル|ポリ塩化ビフェニル|chlorobiphenyl|polychlorinatedbiphenyl|PCB|アロクロール|カネクロール)))(?!(?=.*(?:ダイオキシン|クロロジベンゾ|chlorodibenzo)))(?!(?=.*(?:\A(\d+-|o-|m-|p-|オルト-|メタ-|パラ-)?トルイジン(一?塩酸塩|=一?塩酸塩)?\Z)))(?!(?=.*(?:石綿|asbest|クリソタイル|クロシドライト|アモサイト|アンソフィライト|トレモライト|アクチノライト|chrysotile|crocidolite|amosite|tremolite|actinolite|anthophyllite)))(?=.*(?:アミン))(?=.*(?:オキシラン重付加|オキシラン付加|エトキシ化.{0,6}アミン|ethoxylatedamine|アミンのエトキシ))",draft,,https://laws.e-gov.go.jp/law/412CO0000000138,政令番号1-038（管理番号577）。アルカン－１－アミンのオキシラン重付加物等。
prtr,RJ_02_002,アルカノール（炭素数が１０のものに限る。）（別名デカノール）,first_class,,,name_regex,"(?i)\A(?!(?=.*(?:カドミウム|カドマート|cadmium|cadmate)))(?!(?=.*(?:クロム酸|二クロム酸|三酸化クロム|クロム\(VI\)|クロム\(6\+\)|chromate|dichromat|chromicacid|chromiumtrioxide|chromium\(VI\))))(?!(?=.*(?:ニッケル|ニッケラート|nickel))(?!.*(?:\Aニッケル\Z|\ANickel\Z)))(?!(?=.*(?:砒|ヒ素|ひ素|ヒ酸|亜ヒ酸|ヒ化|アルシン|アルサ|アルセ|アルソ|arsen)))(?!(?=.*(?:ベリリウム|beryll|beryl|Bertrandite|[(,]Be\d)))(?!(?=.*(?:(?<![亜黒])鉛|プルンバ|プルンビ|ナマリ酸|lead|plumb)))(?!(?=.*(?:1,1,1,3,3,3-ヘキサブタン-1-イルジスタンノキサン|ヘキサブチルジスタンノキサン|ビス\(トリブチルスズ\)=オキシド|bis\(tributyltin\)oxide|酸化トリブチルスズ)))(?!(?=.*(?:クロロビフェニル|ポリ塩化ビフェニル|chlorobiphenyl|polychlorinatedbiphenyl|PCB|アロクロール|カネクロール)))(?!(?=.*(?:ダイオキシン|クロロジベンゾ|chlorodibenzo)))(?!(?=.*(?:\A(\d+-|o-|m-|p-|オルト-|メタ-|パラ-)?トルイジン(一?塩酸塩|=一?塩酸塩)?\Z)))(?!(?=.*(?:石綿|asbest|クリソタイル|クロシドライト|アモサイト|アンソフィライト|トレモライト|アクチノライト|chrysotile|crocidolite|amosite|tremolite|actinolite|anthophyllite)))(?=.*(?:\A(\([\dRSrs,'\-]+\)-)?((\d+(,\d+)*-)?(ジ|トリ|テトラ|ペンタ)?(メチル|エチル|プロピル|イソプロピル|ブチル|イソブチル)-?)*(ペンタン|ヘキサン|ヘプタン|オクタン|ノナン|デカン)-\d+-オール\Z|\A(\([\dRSrs,'\-]+\)-)?([\d,]*-?(di|tri|tetra)?(methyl|ethyl|propyl|isopropyl|butyl|isobutyl))*(pentan|hexan|heptan|octan|nonan|decan)-\d+-ol\Z))",draft,,https://laws.e-gov.go.jp/law/412CO0000000138,政令番号1-034（管理番号257）。アルカノール（炭素数が１０のものに限る。）（別名デカノール）。正規表現では炭素数を数えられないため、名称全体が「（立体表示）＋アルキル置換基＋直鎖アルカン＋-n-オール」だけで構成される脂肪族アルカノールであることを要求する。化管法で個別掲名のない脂肪族アルカノールはこのC10群のみ（他のアルコールは単一物質として別掲され法令行結合で解決される）ため、本形状の未解決名称を本群に寄せた。本規則に一致する未解決CAS（156件）は主鎖＋置換基の炭素数を数えるとすべて炭素数10であることを確認済み。区分はいずれにせよ第一種。
prtr,RJ_02_002,Ｎ，Ｎ－ビス（２－ヒドロキシエチル）アルカンアミド（アルカンの構造が直鎖であり、かつ、当該アルカンの炭素数が８、１０、１２、１４、１６又は１８のもの及びその混合物に限る。）、（Ｚ）－Ｎ，Ｎ－ビス（２－ヒドロキシエチル）オクタデカ－９－エンアミド及び（９Ｚ，１２Ｚ）－Ｎ，Ｎ－ビス（２－ヒドロキシエチル）オクタデカ－９，１２－ジエンアミド並びにこれらの混合物,first_class,,,name_regex,"(?i)\A(?!(?=.*(?:カドミウム|カドマート|cadmium|cadmate)))(?!(?=.*(?:クロム酸|二クロム酸|三酸化クロム|クロム\(VI\)|クロム\(6\+\)|chromate|dichromat|chromicacid|chromiumtrioxide|chromium\(VI\))))(?!(?=.*(?:ニッケル|ニッケラート|nickel))(?!.*(?:\Aニッケル\Z|\ANickel\Z)))(?!(?=.*(?:砒|ヒ素|ひ素|ヒ酸|亜ヒ酸|ヒ化|アルシン|アルサ|アルセ|アルソ|arsen)))(?!(?=.*(?:ベリリウム|beryll|beryl|Bertrandite|[(,]Be\d)))(?!(?=.*(?:(?<![亜黒])鉛|プルンバ|プルンビ|ナマリ酸|lead|plumb)))(?!(?=.*(?:1,1,1,3,3,3-ヘキサブタン-1-イルジスタンノキサン|ヘキサブチルジスタンノキサン|ビス\(トリブチルスズ\)=オキシド|bis\(tributyltin\)oxide|酸化トリブチルスズ)))(?!(?=.*(?:クロロビフェニル|ポリ塩化ビフェニル|chlorobiphenyl|polychlorinatedbiphenyl|PCB|アロクロール|カネクロール)))(?!(?=.*(?:ダイオキシン|クロロジベンゾ|chlorodibenzo)))(?!(?=.*(?:\A(\d+-|o-|m-|p-|オルト-|メタ-|パラ-)?トルイジン(一?塩酸塩|=一?塩酸塩)?\Z)))(?!(?=.*(?:石綿|asbest|クリソタイル|クロシドライト|アモサイト|アンソフィライト|トレモライト|アクチノライト|chrysotile|crocidolite|amosite|tremolite|actinolite|anthophyllite)))(?=.*(?:N,N-ビス\((2-)?ヒドロキシエチル\)))(?=.*(?:アミド|アミン=|アルカンアミド))",draft,,https://laws.e-gov.go.jp/law/412CO0000000138,政令番号1-376（管理番号707）。Ｎ，Ｎ－ビス（２－ヒドロキシエチル）アルカンアミド（直鎖C8/10/12/14/16/18）及びオレイン酸・リノール酸アミド。脂肪酸鎖長の混合表記（C=8〜18等）も本群に寄せる。
prtr,RJ_02_002,２－（Ｎ－ドデシル－Ｎ，Ｎ－ジメチルアンモニオ）アセタート,first_class,,,name_regex,"(?i)\A(?!(?=.*(?:カドミウム|カドマート|cadmium|cadmate)))(?!(?=.*(?:クロム酸|二クロム酸|三酸化クロム|クロム\(VI\)|クロム\(6\+\)|chromate|dichromat|chromicacid|chromiumtrioxide|chromium\(VI\))))(?!(?=.*(?:ニッケル|ニッケラート|nickel))(?!.*(?:\Aニッケル\Z|\ANickel\Z)))(?!(?=.*(?:砒|ヒ素|ひ素|ヒ酸|亜ヒ酸|ヒ化|アルシン|アルサ|アルセ|アルソ|arsen)))(?!(?=.*(?:ベリリウム|beryll|beryl|Bertrandite|[(,]Be\d)))(?!(?=.*(?:(?<![亜黒])鉛|プルンバ|プルンビ|ナマリ酸|lead|plumb)))(?!(?=.*(?:1,1,1,3,3,3-ヘキサブタン-1-イルジスタンノキサン|ヘキサブチルジスタンノキサン|ビス\(トリブチルスズ\)=オキシド|bis\(tributyltin\)oxide|酸化トリブチルスズ)))(?!(?=.*(?:クロロビフェニル|ポリ塩化ビフェニル|chlorobiphenyl|polychlorinatedbiphenyl|PCB|アロクロール|カネクロール)))(?!(?=.*(?:ダイオキシン|クロロジベンゾ|chlorodibenzo)))(?!(?=.*(?:\A(\d+-|o-|m-|p-|オルト-|メタ-|パラ-)?トルイジン(一?塩酸塩|=一?塩酸塩)?\Z)))(?!(?=.*(?:石綿|asbest|クリソタイル|クロシドライト|アモサイト|アンソフィライト|トレモライト|アクチノライト|chrysotile|crocidolite|amosite|tremolite|actinolite|anthophyllite)))(?=.*(?:アルキル\(C=1[24]~1[468]\)\(ジメチル\)ベタイン|ドデシル-N,N-ジメチルアンモニオ\)アセタート|ドデシル\(ジメチル\)アンモニオ\]アセタート|ジメチルベタイン))",draft,,https://laws.e-gov.go.jp/law/412CO0000000138,政令番号1-317。２－（Ｎ－ドデシル－Ｎ，Ｎ－ジメチルアンモニオ）アセタート。アルキル（C12〜14/18）ジメチルベタインの混合表記を本群に寄せる。
prtr,RJ_02_002,１，２－エポキシ－３－（トリルオキシ）プロパン,second_class,,,name_regex,"(?i)\A(?!(?=.*(?:カドミウム|カドマート|cadmium|cadmate)))(?!(?=.*(?:クロム酸|二クロム酸|三酸化クロム|クロム\(VI\)|クロム\(6\+\)|chromate|dichromat|chromicacid|chromiumtrioxide|chromium\(VI\))))(?!(?=.*(?:ニッケル|ニッケラート|nickel))(?!.*(?:\Aニッケル\Z|\ANickel\Z)))(?!(?=.*(?:砒|ヒ素|ひ素|ヒ酸|亜ヒ酸|ヒ化|アルシン|アルサ|アルセ|アルソ|arsen)))(?!(?=.*(?:ベリリウム|beryll|beryl|Bertrandite|[(,]Be\d)))(?!(?=.*(?:(?<![亜黒])鉛|プルンバ|プルンビ|ナマリ酸|lead|plumb)))(?!(?=.*(?:1,1,1,3,3,3-ヘキサブタン-1-イルジスタンノキサン|ヘキサブチルジスタンノキサン|ビス\(トリブチルスズ\)=オキシド|bis\(tributyltin\)oxide|酸化トリブチルスズ)))(?!(?=.*(?:クロロビフェニル|ポリ塩化ビフェニル|chlorobiphenyl|polychlorinatedbiphenyl|PCB|アロクロール|カネクロール)))(?!(?=.*(?:ダイオキシン|クロロジベンゾ|chlorodibenzo)))(?!(?=.*(?:\A(\d+-|o-|m-|p-|オルト-|メタ-|パラ-)?トルイジン(一?塩酸塩|=一?塩酸塩)?\Z)))(?!(?=.*(?:石綿|asbest|クリソタイル|クロシドライト|アモサイト|アンソフィライト|トレモライト|アクチノライト|chrysotile|crocidolite|amosite|tremolite|actinolite|anthophyllite)))(?=.*(?:\A(\((R|S)\)-)?2-\[\(([omp]|[\d,]+-メチル)?-?(トリルオキシ|クレシルオキシ|メチルフェノキシ)\)メチル\]オキシラン\Z|\A1,2-エポキシ-3-\(トリルオキシ\)プロパン\Z))",draft,,https://laws.e-gov.go.jp/law/412CO0000000138,政令番号2-010。１，２－エポキシ－３－（トリルオキシ）プロパン（第二種）。体系名（2-[(トリルオキシ)メチル]オキシラン）の全名称一致。第一種のエピクロロヒドリン（1-086）とは別名称形なので重複しない。
prtr,RJ_02_002,トルエンジアミン,second_class,,,name_regex,"(?i)\A(?!(?=.*(?:カドミウム|カドマート|cadmium|cadmate)))(?!(?=.*(?:クロム酸|二クロム酸|三酸化クロム|クロム\(VI\)|クロム\(6\+\)|chromate|dichromat|chromicacid|chromiumtrioxide|chromium\(VI\))))(?!(?=.*(?:ニッケル|ニッケラート|nickel))(?!.*(?:\Aニッケル\Z|\ANickel\Z)))(?!(?=.*(?:砒|ヒ素|ひ素|ヒ酸|亜ヒ酸|ヒ化|アルシン|アルサ|アルセ|アルソ|arsen)))(?!(?=.*(?:ベリリウム|beryll|beryl|Bertrandite|[(,]Be\d)))(?!(?=.*(?:(?<![亜黒])鉛|プルンバ|プルンビ|ナマリ酸|lead|plumb)))(?!(?=.*(?:1,1,1,3,3,3-ヘキサブタン-1-イルジスタンノキサン|ヘキサブチルジスタンノキサン|ビス\(トリブチルスズ\)=オキシド|bis\(tributyltin\)oxide|酸化トリブチルスズ)))(?!(?=.*(?:クロロビフェニル|ポリ塩化ビフェニル|chlorobiphenyl|polychlorinatedbiphenyl|PCB|アロクロール|カネクロール)))(?!(?=.*(?:ダイオキシン|クロロジベンゾ|chlorodibenzo)))(?!(?=.*(?:\A(\d+-|o-|m-|p-|オルト-|メタ-|パラ-)?トルイジン(一?塩酸塩|=一?塩酸塩)?\Z)))(?!(?=.*(?:石綿|asbest|クリソタイル|クロシドライト|アモサイト|アンソフィライト|トレモライト|アクチノライト|chrysotile|crocidolite|amosite|tremolite|actinolite|anthophyllite)))(?=.*(?:\Aトルエンジアミン\Z|\A([\d,]+-|ar-)?メチルベンゼン-1,\d+-ジアミン\Z|\A[\d,]+-メチル-[\d,]+-フェニレンジアミン\Z|\A[\d,]+-ジアミノトルエン\Z))",draft,,https://laws.e-gov.go.jp/law/412CO0000000138,政令番号2-077。トルエンジアミン（第二種）。メチルベンゼンジアミン／メチルフェニレンジアミンの体系名を全名称一致で拾う。第一種のフェニレンジアミン（1-390）側はメチル置換体を否定先読みで除外しており、区分の食い違いは生じない。
prtr,RJ_02_002,臭素酸の水溶性塩,second_class,,,name_regex,"(?i)\A(?!(?=.*(?:カドミウム|カドマート|cadmium|cadmate)))(?!(?=.*(?:クロム酸|二クロム酸|三酸化クロム|クロム\(VI\)|クロム\(6\+\)|chromate|dichromat|chromicacid|chromiumtrioxide|chromium\(VI\))))(?!(?=.*(?:ニッケル|ニッケラート|nickel))(?!.*(?:\Aニッケル\Z|\ANickel\Z)))(?!(?=.*(?:砒|ヒ素|ひ素|ヒ酸|亜ヒ酸|ヒ化|アルシン|アルサ|アルセ|アルソ|arsen)))(?!(?=.*(?:ベリリウム|beryll|beryl|Bertrandite|[(,]Be\d)))(?!(?=.*(?:(?<![亜黒])鉛|プルンバ|プルンビ|ナマリ酸|lead|plumb)))(?!(?=.*(?:1,1,1,3,3,3-ヘキサブタン-1-イルジスタンノキサン|ヘキサブチルジスタンノキサン|ビス\(トリブチルスズ\)=オキシド|bis\(tributyltin\)oxide|酸化トリブチルスズ)))(?!(?=.*(?:クロロビフェニル|ポリ塩化ビフェニル|chlorobiphenyl|polychlorinatedbiphenyl|PCB|アロクロール|カネクロール)))(?!(?=.*(?:ダイオキシン|クロロジベンゾ|chlorodibenzo)))(?!(?=.*(?:\A(\d+-|o-|m-|p-|オルト-|メタ-|パラ-)?トルイジン(一?塩酸塩|=一?塩酸塩)?\Z)))(?!(?=.*(?:石綿|asbest|クリソタイル|クロシドライト|アモサイト|アンソフィライト|トレモライト|アクチノライト|chrysotile|crocidolite|amosite|tremolite|actinolite|anthophyllite)))(?=.*(?:臭素酸))(?!.*(?:亜鉛|アンチモン|インジウム|銀|クロム|コバルト|水銀|スズ|セリウム|セレン|タリウム|テルル|銅|バナジウム|ほう素|マンガン|モリブデン))",draft,,https://laws.e-gov.go.jp/law/412CO0000000138,政令番号2-066（管理番号235）。臭素酸の水溶性塩（第二種）。第一種の金属群と重複する複塩を否定先読みで外し、区分の食い違い（ambiguous）を避ける。水溶性の限定は名称から判定できない。
prtr,RJ_02_002,１，１’－［（１Ｒ，２Ｒ，３Ｓ，４Ｒ，５Ｒ，６Ｓ）－４－［［５－デオキシ－２－Ｏ－［２－デオキシ－２－（メチルアミノ）－アルファ－Ｌ－グルコピラノシル］－３－Ｃ－ホルミル－アルファ－Ｌ－リキソフラノシル］オキシ］－２，５，６－トリヒドロキシシクロヘキサン－１，３－ジイル］ジグアニジン（別名ストレプトマイシン）,first_class,,,name_regex,"(?i)^1,1'\-\[\(1R,2R,3S,4R,5R,6S\)\-4\-\(\{5\-デオキシ\-2\-O\-\[2\-デオキシ\-2\-\(メチルアミノ\)\-α\-L\-グルコピラノシル\]\-3\-C\-ホルミル\-α\-L\-リキソフラノシル\}オキシ\)\-2,5,6\-トリヒドロキシシクロヘキサン\-1,3\-ジイル\]ジグアニジン$",draft,,https://laws.e-gov.go.jp/law/412CO0000000138,政令番号1-292（管理番号671）。CAS 57-92-1。ストレプトマイシン。NITE名称はα/｛｝表記の同一IUPAC名（アルファ/［］表記の政令名称と同一物質）。
prtr,RJ_02_002,コバルト及びその化合物,first_class,,,name_regex,"(?i)^(?:Coα\-\[α\-\(5,6\-ジメチルベンゾイミダゾール\-1\-イル\)\]\-Coβ\-シアノコバミド|Coα\-\[α\-\(5,6\-ジメチルベンゾイミダゾール\-1\-イル\)\]\-Coβ\-アデノシルコバミド)$",draft,,https://laws.e-gov.go.jp/law/412CO0000000138,"政令番号1-156（管理番号132）。CAS 68-19-9, 13870-90-1。シアノコバラミン／アデノシルコバラミン（ビタミンB12類）はコバルト錯化合物であり「コバルト及びその化合物」に該当。"
prtr,RJ_02_002,コバルト及びその化合物,first_class,,,name_regex,(?i)^(?:C\.I\.ピグメントブルー28|C\.I\.ピグメントブルー72)$,draft,,https://laws.e-gov.go.jp/law/412CO0000000138,"政令番号1-156（管理番号132）。CAS 1345-16-0, 68186-87-8。C.I.ピグメントブルー28（コバルトアルミネート）／ブルー72（コバルト亜鉛アルミネート）はコバルト化合物。亜鉛は非水溶性のため1-001非該当。"
prtr,RJ_02_002,トリクロロトリフルオロエタン（別名ＣＦＣ－１１３）,first_class,,,name_regex,"(?i)^(?:1,1,2\-トリクロロ\-1,2,2\-トリフルオロエタン|1,1,1\-トリクロロ\-2,2,2\-トリフルオロエタン|トリクロロ\(トリフルオロ\)エタン)$",draft,,https://laws.e-gov.go.jp/law/412CO0000000138,"政令番号1-326（管理番号284）。CAS 76-13-1, 354-58-5, 26523-64-8。トリクロロトリフルオロエタン（CFC-113）。政令名称は位置番号を付さないため1,1,2-体・1,1,1-体（113a）・異性体混合物をいずれも含む。"
prtr,RJ_02_002,２－（４－メチルシクロヘキサ－３－エン－１－イル）プロパン－２－イル＝アセタート（別名酢酸テルピニル）,second_class,,,name_regex,(?i)^メンタ\-1\-エン\-8\-イル=アセタート$,draft,,https://laws.e-gov.go.jp/law/412CO0000000138,政令番号2-124（管理番号816）。CAS 80-26-2。メンタ-1-エン-8-イル=アセタート＝酢酸テルピニル（2-(4-メチルシクロヘキサ-3-エン-1-イル)プロパン-2-イル=アセタート）の別表記。
prtr,RJ_02_002,水銀及びその化合物,first_class,,,name_regex,(?i)^(?:8\-\(3'\-ヒドロキシマーキュリー\-2'\-メトキシプロピル\)\-3\-カルボキシクマリン|Mersalyl|Hydrargaphen)$,draft,,https://laws.e-gov.go.jp/law/412CO0000000138,"政令番号1-272（管理番号237）。CAS 86-36-2, 492-18-2, 14235-86-0。有機水銀化合物（ヒドロキシマーキュリー基を持つクマリン誘導体、マーサリル、ハイドラルガフェン）は「水銀及びその化合物」に該当。"
prtr,RJ_02_002,水銀及びその化合物,first_class,,,name_regex,(?i)^(?:ナトリウムアマルガム|カリウムアマルガム)$,draft,,https://laws.e-gov.go.jp/law/412CO0000000138,"政令番号1-272（管理番号237）。CAS 11110-52-4, 37340-23-1。ナトリウム／カリウムアマルガムは水銀合金であり「水銀及びその化合物」に該当。"
prtr,RJ_02_002,２－ターシャリ－ブチルシクロヘキシル＝アセタート,first_class,,,name_regex,"(?i)^(?:2\-tert\-ブチルシクロヘキシル=アセタート|rel\-\(1R,2R\)\-2\-tert\-ブチルシクロヘキシル=アセタート|rel\-\(1R,2S\)\-2\-tert\-ブチルシクロヘキシル=アセタート)$",draft,,https://laws.e-gov.go.jp/law/412CO0000000138,"政令番号1-405（管理番号713）。CAS 88-41-5, 20298-69-5, 20298-70-8。2-tert-ブチルシクロヘキシル=アセタート（tert＝ターシャリ表記差）及びそのシス／トランス（rel-(1R,2R)/(1R,2S)）立体異性体。"
prtr,RJ_02_002,４－ターシャリ－ブチルシクロヘキシル＝アセタート,first_class,,,name_regex,(?i)^4\-tert\-ブチルシクロヘキシル=アセタート$,draft,,https://laws.e-gov.go.jp/law/412CO0000000138,政令番号1-406（管理番号714）。CAS 32210-23-4。4-tert-ブチルシクロヘキシル=アセタート（tert＝ターシャリ表記差）。
prtr,RJ_02_002,オルト－ニトロトルエン,second_class,,,name_regex,(?i)^2\-ニトロトルエン$,draft,,https://laws.e-gov.go.jp/law/412CO0000000138,政令番号2-080（管理番号315）。CAS 88-72-2。2-ニトロトルエン＝オルト-ニトロトルエン。
prtr,RJ_02_002,ベンゼン－１，２，４，５－テトラカルボン酸,second_class,,,name_regex,"(?i)^1,2,4,5\-ベンゼンテトラカルボン酸$",draft,,https://laws.e-gov.go.jp/law/412CO0000000138,"政令番号2-117（管理番号814）。CAS 89-05-4。1,2,4,5-ベンゼンテトラカルボン酸＝ベンゼン-1,2,4,5-テトラカルボン酸（ピロメリット酸）。"
prtr,RJ_02_002,４－ヒドロキシ安息香酸プロピル（別名パラオキシ安息香酸プロピル）,second_class,,,name_regex,(?i)^プロピル=4\-ヒドロキシベンゾアート$,draft,,https://laws.e-gov.go.jp/law/412CO0000000138,政令番号2-085（管理番号794）。CAS 94-13-3。プロピル=4-ヒドロキシベンゾアート＝4-ヒドロキシ安息香酸プロピル。
prtr,RJ_02_002,キシレン,first_class,,,name_regex,(?i)^(?:o\-キシレン|p\-キシレン|m\-キシレン)$,draft,,https://laws.e-gov.go.jp/law/412CO0000000138,"政令番号1-103（管理番号80）。CAS 95-47-6, 106-42-3, 108-38-3。o-/m-/p-キシレンは政令名称「キシレン」（異性体を特定しない）に含まれる。"
prtr,RJ_02_002,１，３－ジクロロ－２－プロパノール,first_class,,,name_regex,"(?i)^1,3\-ジクロロプロパン\-2\-オール$",draft,,https://laws.e-gov.go.jp/law/412CO0000000138,"政令番号1-205（管理番号498）。CAS 96-23-1。1,3-ジクロロプロパン-2-オール＝1,3-ジクロロ-2-プロパノール。"
prtr,RJ_02_002,メチレンビス（４，１－フェニレン）＝ジイソシアネート,first_class,,,name_regex,(?i)^ビス\(4\-イソシアナトフェニル\)メタン$,draft,,https://laws.e-gov.go.jp/law/412CO0000000138,"政令番号1-498（管理番号448）。CAS 101-68-8。ビス(4-イソシアナトフェニル)メタン＝メチレンビス(4,1-フェニレン)=ジイソシアネート（MDI）。"
prtr,RJ_02_002,Ｎ，Ｎ－ジシクロヘキシルアミン,first_class,,,name_regex,(?i)^ジシクロヘキシルアミン$,draft,,https://laws.e-gov.go.jp/law/412CO0000000138,"政令番号1-216（管理番号188）。CAS 101-83-7。ジシクロヘキシルアミン＝N,N-ジシクロヘキシルアミン。"
prtr,RJ_02_002,アジピン酸ジ－２－エチルヘキシル,first_class,,,name_regex,(?i)^アジピン酸ビス\(2\-エチルヘキシル\)$,draft,,https://laws.e-gov.go.jp/law/412CO0000000138,政令番号1-014（管理番号567）。CAS 103-23-1。アジピン酸ビス(2-エチルヘキシル)＝アジピン酸ジ-2-エチルヘキシル。
prtr,RJ_02_002,２－フェノキシエチル＝イソブチレート,second_class,,,name_regex,(?i)^2\-フェノキシエチル=イソブチラート$,draft,,https://laws.e-gov.go.jp/law/412CO0000000138,政令番号2-089（管理番号796）。CAS 103-60-6。2-フェノキシエチル=イソブチラート＝2-フェノキシエチル=イソブチレート。
prtr,RJ_02_002,３－（４－イソプロピルフェニル）－２－メチルプロパナール,first_class,,,name_regex,(?i)^2\-メチル\-3\-\(p\-イソプロピルフェニル\)プロピオンアルデヒド$,draft,,https://laws.e-gov.go.jp/law/412CO0000000138,政令番号1-057（管理番号587）。CAS 103-95-7。2-メチル-3-(p-イソプロピルフェニル)プロピオンアルデヒド＝3-(4-イソプロピルフェニル)-2-メチルプロパナール。
prtr,RJ_02_002,２，４，４－トリメチルペンタ－１－エン及び２，４，４－トリメチルペンタ－２－エンの混合物,first_class,,,name_regex,"(?i)^(?:2,4,4\-トリメチル\-1\-ペンテン\[別名ジイソブチレン\]|ジイソブチレン|ジイソブチレン)$",draft,,https://laws.e-gov.go.jp/law/412CO0000000138,"政令番号1-343（管理番号692）。CAS 107-39-1, 107-40-4, 25167-70-8。ジイソブチレン（2,4,4-トリメチルペンタ-1-エン／-2-エン及びその混合物）。政令名称は両異性体の混合物を掲げ、NITEは各異性体CASも本行に紐付ける。"
prtr,RJ_02_002,Ｎ，Ｎ－ジメチルテトラデカン－１－アミン,second_class,,,name_regex,(?i)^N\-テトラデシルジメチルアミン$,draft,,https://laws.e-gov.go.jp/law/412CO0000000138,"政令番号2-062（管理番号783）。CAS 112-75-4。N-テトラデシルジメチルアミン＝N,N-ジメチルテトラデカン-1-アミン（第二種）。C12体(1-252)・C18体(1-248)とは炭素数で区別される単一物質。"
prtr,RJ_02_002,４－クロロフェニル＝２，４，５－トリクロロフェニル＝スルホン（別名テトラジホン）,second_class,,,name_regex,"(?i)^1,2,4\-トリクロロ\-5\-\[\(4\-クロロフェニル\)スルホニル\]ベンゼン$",draft,,https://laws.e-gov.go.jp/law/412CO0000000138,"政令番号2-029（管理番号770）。CAS 116-29-0。1,2,4-トリクロロ-5-[(4-クロロフェニル)スルホニル]ベンゼン＝テトラジホン。"
prtr,RJ_02_002,フタル酸ジトリデシル,second_class,,,name_regex,(?i)^ジトリデシル=フタラート$,draft,,https://laws.e-gov.go.jp/law/412CO0000000138,政令番号2-095（管理番号800）。CAS 119-06-2。ジトリデシル=フタラート＝フタル酸ジトリデシル。
prtr,RJ_02_002,サリチル酸メチル,first_class,,,name_regex,(?i)^メチル=2\-ヒドロキシベンゾアート$,draft,,https://laws.e-gov.go.jp/law/412CO0000000138,政令番号1-161（管理番号624）。CAS 119-36-8。メチル=2-ヒドロキシベンゾアート＝サリチル酸メチル。
prtr,RJ_02_002,７－メチル－３－メチレンオクタ－１，６－ジエン（別名ミルセン）,second_class,,,name_regex,"(?i)^7\-メチル\-3\-メチレン\-1,6\-オクタジエン$",draft,,https://laws.e-gov.go.jp/law/412CO0000000138,"政令番号2-130（管理番号819）。CAS 123-35-3。7-メチル-3-メチレン-1,6-オクタジエン＝ミルセン。"
prtr,RJ_02_002,ジブロモテトラフルオロエタン（別名ハロン－２４０２）,first_class,,,name_regex,"(?i)^(?:1,2\-ジブロモ\-1,1,2,2\-テトラフルオロエタン|1,1\-ジブロモ\-1,2,2,2\-テトラフルオロエタン|ジブロモ\(テトラフルオロ\)エタン)$",draft,,https://laws.e-gov.go.jp/law/412CO0000000138,"政令番号1-238（管理番号211）。CAS 124-73-2, 27336-23-8, 25497-30-7。ジブロモテトラフルオロエタン（ハロン-2402）。政令名称は位置番号を付さないため1,2-体・1,1-体・異性体混合物を含む。"
prtr,RJ_02_002,（１Ｒ，２Ｒ，４Ｒ）－１，７，７－トリメチルビシクロ［２．２．１］ヘプタン－２－イル＝アセタート及び（１Ｓ，２Ｓ，４Ｓ）－１，７，７－トリメチルビシクロ［２．２．１］ヘプタン－２－イル＝アセタートの混合物（別名イソボルニル＝アセテート）,second_class,,,name_regex,"(?i)^rel\-\(1R,2R,4R\)\-ボルナン\-2\-イル=アセタート$",draft,,https://laws.e-gov.go.jp/law/412CO0000000138,"政令番号2-075（管理番号789）。CAS 125-12-2。rel-(1R,2R,4R)-ボルナン-2-イル=アセタート＝イソボルニル=アセタート（(1R,2R,4R)体と(1S,2S,4S)体のラセミ混合物）。"
prtr,RJ_02_002,（Ｅ）－３－メチル－４－（２，６，６－トリメチルシクロヘキサ－２－エン－１－イル）ブタ－３－エン－２－オン,first_class,,,name_regex,"(?i)^3\-メチル\-4\-\(2,6,6\-トリメチルシクロヘキサ\-2\-エン\-1\-イル\)ブタ\-3\-エン\-2\-オン$",draft,,https://laws.e-gov.go.jp/law/412CO0000000138,政令番号1-485（管理番号744）。CAS 127-51-5。α-イソメチルヨノン。CAS 127-51-5は(E)体であり、NITE名称は幾何表記を省略した同一物質。
prtr,RJ_02_002,ビス（２－エチルヘキシル）＝（Ｚ）－ブタ－２－エンジオアート,first_class,,,name_regex,(?i)^ビス\(2\-エチルヘキシル\)=マレアート$,draft,,https://laws.e-gov.go.jp/law/412CO0000000138,政令番号1-368（管理番号702）。CAS 142-16-5。ビス(2-エチルヘキシル)=マレアート＝ビス(2-エチルヘキシル)=(Z)-ブタ-2-エンジオアート。
prtr,RJ_02_002,ピペラジン,first_class,,,name_regex,(?i)^ピペラジン=六水和物$,draft,,https://laws.e-gov.go.jp/law/412CO0000000138,政令番号1-384（管理番号341）。CAS 142-63-2。ピペラジン六水和物（水和物）。
prtr,RJ_02_002,ジクロロテトラフルオロエタン（別名ＣＦＣ－１１４）,first_class,,,name_regex,"(?i)^(?:1,1\-ジクロロ\-1,2,2,2\-テトラフルオロエタン|ジクロロ\(テトラフルオロ\)エタン)$",draft,,https://laws.e-gov.go.jp/law/412CO0000000138,"政令番号1-189（管理番号163）。CAS 374-07-2, 1320-37-2。ジクロロテトラフルオロエタン（CFC-114）。政令名称は位置番号を付さないため1,1-体（114a）・異性体混合物を含む。"
prtr,RJ_02_002,クロロトリフルオロエタン（別名ＨＣＦＣ－１３３）,first_class,,,name_regex,"(?i)^(?:1\-クロロ\-1,1,2\-トリフルオロエタン|1\-クロロ\-1,2,2\-トリフルオロエタン|クロロ\(トリフルオロ\)エタン)$",draft,,https://laws.e-gov.go.jp/law/412CO0000000138,"政令番号1-138（管理番号106）。CAS 421-04-5, 431-07-2, 1330-45-6。クロロトリフルオロエタン（HCFC-133）。政令名称は位置番号を付さないため1,1,2-/1,2,2-体・異性体混合物を含む。"
prtr,RJ_02_002,ジクロロペンタフルオロプロパン（別名ＨＣＦＣ－２２５）,first_class,,,name_regex,"(?i)^(?:1,2\-ジクロロ\-1,1,2,3,3\-ペンタフルオロプロパン|2,3\-ジクロロ\-1,1,1,2,3\-ペンタフルオロプロパン|3,3\-ジクロロ\-1,1,1,2,2\-ペンタフルオロプロパン|1,2\-ジクロロ\-1,1,3,3,3\-ペンタフルオロプロパン|1,3\-ジクロロ\-1,1,2,2,3\-ペンタフルオロプロパン|1,1\-ジクロロ\-1,2,2,3,3\-ペンタフルオロプロパン|1,1\-ジクロロ\-1,2,3,3,3\-ペンタフルオロプロパン|ジクロロ\(ペンタフルオロ\)プロパン|2,2\-ジクロロ\-1,1,1,3,3\-ペンタフルオロプロパン|1,3\-ジクロロ\-1,1,2,3,3\-ペンタフルオロプロパン)$",draft,,https://laws.e-gov.go.jp/law/412CO0000000138,"政令番号1-212（管理番号185）。CAS 422-44-6, 422-48-0, 422-56-0, 431-86-7, 507-55-1, 13474-88-9, 111512-56-2, 127564-92-5, 128903-21-9, 136013-79-1。ジクロロペンタフルオロプロパン（HCFC-225）。政令名称は位置番号を付さないため各位置異性体・異性体混合物を含む。"
prtr,RJ_02_002,２，２－ジメチル－３－メチリデンビシクロ［２．２．１］ヘプタン（別名カンフェン）,first_class,,,name_regex,"(?i)^(?:2,2\-ジメチル\-3\-メチレンビシクロ\[2\.2\.1\]ヘプタン|\(1R,4S\)\-2,2\-ジメチル\-3\-メチレンビシクロ\[2\.2\.1\]ヘプタン|\(1S,4R\)\-2,2\-ジメチル\-3\-メチレンビシクロ\[2\.2\.1\]ヘプタン)$",draft,,https://laws.e-gov.go.jp/law/412CO0000000138,"政令番号1-265（管理番号659）。CAS 565-00-4, 5794-03-6, 5794-04-7。カンフェン（2,2-ジメチル-3-メチレンビシクロ[2.2.1]ヘプタン）及びその(1R,4S)/(1S,4R)鏡像異性体。"
prtr,RJ_02_002,トリレンジイソシアネート,first_class,,,name_regex,"(?i)^(?:1,4\-ジイソシアナト\-2\-メチルベンゼン|ジイソシアナトトルエン|1,2\-ジイソシアナト\-3\-メチルベンゼン|1,2\-ジイソシアナト\-4\-メチルベンゼン|1,3\-ジイソシアナト\-5\-メチルベンゼン|2,4\(または6\)\-ジイソシアナトトルエン|1,2\-ジイソシアナトメチルベンゼン)$",draft,,https://laws.e-gov.go.jp/law/412CO0000000138,"政令番号1-345（管理番号298）。CAS 614-90-4, 1321-38-6, 7373-19-5, 13879-33-9, 14219-05-7, 26102-02-3, 35465-61-3。トリレンジイソシアネート（TDI）。ジイソシアナトメチルベンゼン各位置異性体・異性体混合物はいずれも政令名称に含まれる。"
prtr,RJ_02_002,無機シアン化合物（錯塩及びシアン酸塩を除く。）,first_class,,,name_regex,(?i)^(?:シアン酸アジド|ジシアニドパラジウム|トリシアニド鉄)$,draft,,https://laws.e-gov.go.jp/law/412CO0000000138,"政令番号1-164（管理番号144）。CAS 764-05-6, 2035-66-7, 5683-74-9。シアン酸アジド（NCN3）、ジシアニドパラジウム、トリシアニド鉄は錯塩・シアン酸塩でない無機シアン化合物。"
prtr,RJ_02_002,ほう素化合物,first_class,,,name_regex,"(?i)^(?:2,4,6\-trichloroborazine|Dichlorobis\(dimethylorthoborato\-O''\)titanium|Di\-mu\-chlorochlorotris\(dimethylorthoborato\-O''\)dialuminium|Phenol,3\(or4\)\-methyl\-,titanium\(4\+\)salt,2,8,9\-trioxa\-5\-aza\-1\-borabicyclo\[3\.3\.3\]undecanecomplexes|Phenol,4,4'\-\(1\-methylethylidene\)bis\-,polymerwith2\-\(chloromethyl\)oxirane,reactionproductswith2,4,6\-trimethoxyboroxin|Dibariumbis\[orthoborato\(3\-\)\]hexacosaoxononawolframate\(4\-\))$",draft,,https://laws.e-gov.go.jp/law/412CO0000000138,"政令番号1-458（管理番号405）。CAS 933-18-6, 52329-27-8, 68025-12-7, 68189-12-8, 68611-26-7, 99548-93-3。ほう素を含む化合物（トリクロロボラジン、オルトボラト錯体、ボラビシクロ錯体、ボロキシン反応生成物、オルトボラトタングステン酸塩）。"
prtr,RJ_02_002,ジシクロペンタジエン,first_class,,,name_regex,"(?i)^(?:rel\-\(1R,2R,6S,7S\)\-トリシクロ\[5\.2\.1\.0\(2,6\)\]デカ\-3,8\-ジエン|rel\-\(1R,2S,6R,7S\)\-トリシクロ\[5\.2\.1\.0\(2,6\)\]デカ\-3,8\-ジエン)$",draft,,https://laws.e-gov.go.jp/law/412CO0000000138,"政令番号1-217（管理番号190）。CAS 933-60-8, 1755-01-7。ジシクロペンタジエン（トリシクロ[5.2.1.0(2,6)]デカ-3,8-ジエン）のエンド／エキソ立体異性体。"
prtr,RJ_02_002,６，７，８，９，１０，１０－ヘキサクロロ－１，５，５ａ，６，９，９ａ－ヘキサヒドロ－６，９－メタノ－２，４，３－ベンゾジオキサチエピン＝３－オキシド（別名エンドスルファン又はベンゾエピン）,first_class,,,name_regex,"(?i)^(?:\(3s,5aR,6R,9S,9aS\)\-6,7,8,9,10,10\-ヘキサクロロ\-1,5,5a,6,9,9a\-ヘキサヒドロ\-3H\-6,9\-メタノ\-2,4,3\-ベンゾジオキサチエピン=3\-オキシド|\(3r,5aR,6R,9S,9aS\)\-6,7,8,9,10,10\-ヘキサクロロ\-1,5,5a,6,9,9a\-ヘキサヒドロ\-3H\-6,9\-メタノ\-2,4,3\-ベンゾジオキサチエピン=3\-オキシド)$",draft,,https://laws.e-gov.go.jp/law/412CO0000000138,"政令番号1-430（管理番号388）。CAS 959-98-8, 33213-65-9。エンドスルファンのα体(3s)／β体(3r)立体異性体。"
prtr,RJ_02_002,ヘキサンジヒドラジド,first_class,,,name_regex,(?i)^アジピン酸ジヒドラジド$,draft,,https://laws.e-gov.go.jp/law/412CO0000000138,政令番号1-437（管理番号727）。CAS 1071-93-8。アジピン酸ジヒドラジド＝ヘキサンジヒドラジド。
prtr,RJ_02_002,ベンゼン,specific_first_class,,,name_regex,(?i)^\(\(2\)H6\)ベンゼン$,draft,,https://laws.e-gov.go.jp/law/412CO0000000138,政令番号1-452（管理番号400）。CAS 1076-43-3。重水素化ベンゼン（ベンゼン-d6）はベンゼンの同位体標識体。
prtr,RJ_02_002,アニリン,first_class,,,name_regex,"(?i)^\[2,3,4,5,6\-2H5\]aniline$",draft,,https://laws.e-gov.go.jp/law/412CO0000000138,政令番号1-020（管理番号18）。CAS 4165-61-1。重水素化アニリン（アニリン-d5）はアニリンの同位体標識体。
prtr,RJ_02_002,シクロヘキサ－１－エン－１，２－ジカルボキシイミドメチル＝（１ＲＳ）－シス－トランス－２，２－ジメチル－３－（２－メチルプロパ－１－エニル）シクロプロパンカルボキシラート（別名テトラメトリン）,first_class,,,name_regex,"(?i)^(?:\(1,3\-ジオキソ\-1,3,4,5,6,7\-ヘキサヒドロ\-2H\-イソインドール\-2\-イル\)メチル=\(1R,3R\)\-2,2\-ジメチル\-3\-\(2\-メチルプロパ\-1\-エン\-1\-イル\)シクロプロパンカルボキシラート|\(1,3\-ジオキソ\-1,3,4,5,6,7\-ヘキサヒドロ\-2H\-イソインドール\-2\-イル\)メチル=rel\-\(1R,3S\)\-2,2\-ジメチル\-3\-\(2\-メチルプロパ\-1\-エン\-1\-イル\)シクロプロパンカルボキシラート|\(1,3\-ジオキソ\-1,3,4,5,6,7\-ヘキサヒドロ\-2H\-イソインドール\-2\-イル\)メチル=\(1S,3S\)\-2,2\-ジメチル\-3\-\(2\-メチルプロパ\-1\-エン\-1\-イル\)シクロプロパンカルボキシラート|\(1,3\-ジオキソ\-4,5,6,7\-テトラヒドロイソインドリン\-2\-イル\)メチル=2,2\-ジメチル\-3\-\(2\-メチルプロパ\-1\-エン\-1\-イル\)シクロプロパン\-1\-カルボキシラート|\(1,3\-ジオキソ\-1,3,4,5,6,7\-ヘキサヒドロ\-2H\-イソインドール\-2\-イル\)メチル=\(1R,3S\)\-2,2\-ジメチル\-3\-\(2\-メチルプロパ\-1\-エン\-1\-イル\)シクロプロパンカルボキシラート|\(1,3\-ジオキソ\-1,3,4,5,6,7\-ヘキサヒドロ\-2H\-イソインドール\-2\-イル\)メチル=\(1S,3R\)\-2,2\-ジメチル\-3\-\(2\-メチルプロパ\-1\-エン\-1\-イル\)シクロプロパンカルボキシラート|\(1,3\-ジオキソ\-1,3,4,5,6,7\-ヘキサヒドロ\-2H\-イソインドール\-2\-イル\)メチル=\(1R\)\-2,2\-ジメチル\-3\-\(2\-メチルプロパ\-1\-エン\-1\-イル\)シクロプロパンカルボキシラート)$",draft,,https://laws.e-gov.go.jp/law/412CO0000000138,"政令番号1-175（管理番号153）。CAS 1166-46-7, 1166-47-8, 1166-48-9, 5284-41-3, 51348-90-4, 51348-91-5, 548460-64-6。テトラメトリンの各立体異性体及び立体未指定体（シクロヘキサ-1-エン-1,2-ジカルボキシイミドメチル＝1,3-ジオキソ-ヘキサヒドロイソインドール-2-イルメチルの表記差）。"
prtr,RJ_02_002,ニッケル化合物,specific_first_class,,,name_regex,(?i)^ニッケロセン$,draft,,https://laws.e-gov.go.jp/law/412CO0000000138,政令番号1-355（管理番号309）。CAS 1271-28-9。ニッケロセン（ビス(シクロペンタジエニル)ニッケル）はニッケル化合物。
prtr,RJ_02_002,ニッケル化合物,specific_first_class,,,name_regex,(?i)^C\.I\.ピグメントイエロー53$,draft,,https://laws.e-gov.go.jp/law/412CO0000000138,政令番号1-355（管理番号309）。CAS 8007-18-9。C.I.ピグメントイエロー53（ニッケル・アンチモン・チタン複合酸化物）はニッケル化合物（特定第一種がアンチモン第一種より優先）。
prtr,RJ_02_002,鉛及びその化合物,specific_first_class,,,name_regex,"(?i)^(?:プルンボセン|3\-\(2\-メチル\-4,6\-ジニトロフェノキシ\)\-1λ\(2\),3λ\(2\)\-ジプルンボキサン\-1\-イル=ニトラート一水和物|1,3,2,4\-ジオキサジプルンベタン=2,4\-ジオキシド)$",draft,,https://laws.e-gov.go.jp/law/412CO0000000138,"政令番号1-353（管理番号697）。CAS 1294-74-2, 79357-62-3, 125454-11-7。プルンボセン、ジプルンボキサン誘導体、ジオキサジプルンベタン（プルンブ＝鉛）は鉛化合物。"
prtr,RJ_02_002,鉛及びその化合物,specific_first_class,,,name_regex,(?i)^(?:C\.I\.ピグメントイエロー34|C\.I\.ピグメントレッド104)$,draft,,https://laws.e-gov.go.jp/law/412CO0000000138,"政令番号1-353（管理番号697）。CAS 1344-37-2, 12656-85-8。C.I.ピグメントイエロー34（クロム酸鉛・硫酸鉛）／レッド104（クロム酸・モリブデン酸・硫酸鉛）は鉛化合物（六価クロム化合物1-112と同じ特定第一種）。"
prtr,RJ_02_002,鉛及びその化合物,specific_first_class,,,name_regex,"(?i)^Bariumalloy,base,Ba0\-100,Pb0\-100$",draft,,https://laws.e-gov.go.jp/law/412CO0000000138,政令番号1-353（管理番号697）。CAS 79393-68-3。バリウム－鉛合金は鉛を含む（鉛及びその化合物）。
prtr,RJ_02_002,マンガン及びその化合物,first_class,,,name_regex,(?i)^(?:Pyrochroite\(Mn\(OH\)2\)|Wolframite)$,draft,,https://laws.e-gov.go.jp/law/412CO0000000138,"政令番号1-465（管理番号412）。CAS 1310-97-0, 1332-08-7。パイロクロアイト（Mn(OH)2）、ウォルフラマイト（(Fe,Mn)WO4）はマンガン化合物。"
prtr,RJ_02_002,マンガン及びその化合物,first_class,,,name_regex,(?i)^C\.I\.ピグメントブラック26$,draft,,https://laws.e-gov.go.jp/law/412CO0000000138,政令番号1-465（管理番号412）。CAS 68186-94-7。C.I.ピグメントブラック26（マンガンフェライト）はマンガン化合物。
prtr,RJ_02_002,マンガン及びその化合物,first_class,,,name_regex,"(?i)^鋼\(DIN1\.5122,Mn1\.10\~1\.40\)$",draft,,https://laws.e-gov.go.jp/law/412CO0000000138,政令番号1-465（管理番号412）。CAS 39367-89-0。鋼（DIN1.5122、Mn1.10～1.40%）はマンガンを含む合金（マンガン及びその化合物）。
prtr,RJ_02_002,モリブデン及びその化合物,first_class,,,name_regex,(?i)^(?:ピグメントバイオレット\-3|ピグメントバイオレット\-1|ピグメントバイオレット\-2)$,draft,,https://laws.e-gov.go.jp/law/412CO0000000138,"政令番号1-505（管理番号453）。CAS 1325-82-2, 1326-03-0, 1326-04-1。ピグメントバイオレット1/2/3はリンタングストモリブデン酸レーキ顔料でモリブデン化合物。"
prtr,RJ_02_002,石綿,specific_first_class,,,name_regex,(?i)^アスベスト$,draft,,https://laws.e-gov.go.jp/law/412CO0000000138,政令番号1-051（管理番号33）。CAS 1332-21-4。アスベスト＝石綿。
prtr,RJ_02_002,カドミウム及びその化合物,specific_first_class,,,name_regex,(?i)^(?:C\.I\.ピグメントレッド108|C\.I\.ピグメントイエロー35)$,draft,,https://laws.e-gov.go.jp/law/412CO0000000138,"政令番号1-099（管理番号75）。CAS 58339-34-7, 8048-07-5。C.I.ピグメントレッド108（硫セレン化カドミウム）／イエロー35（硫化カドミウム亜鉛）はカドミウム化合物。"
prtr,RJ_02_002,クロム及び三価クロム化合物,first_class,,,name_regex,(?i)^C\.I\.ピグメントブラック28$,draft,,https://laws.e-gov.go.jp/law/412CO0000000138,政令番号1-111（管理番号87）。CAS 68186-91-4。C.I.ピグメントブラック28（銅クロマイトCuCr2O4、三価クロム）はクロム及び三価クロム化合物。
prtr,RJ_02_002,アルカン－１－アミン（アルカンの構造が直鎖であり、かつ、当該アルカンの炭素数が８、１０、１２、１４、１６又は１８のもの及びその混合物に限る。）のオキシラン重付加物、（Ｚ）－オクタデカ－９－エン－１－アミンのオキシラン重付加物及び（９Ｚ，１２Ｚ）－オクタデカ－９，１２－ジエン－１－アミンのオキシラン重付加物の混合物,first_class,,,name_regex,"(?i)^(?:2,2'\-\(ドデシルイミノ\)ビスエタノール|2,2'\-\(オクタデシルイミノ\)ジエタノール|2,2'\-\(オクチルイミノ\)ジエタノール|2,2'\-\(テトラデシルイミノ\)ビスエタノール|2,2'\-\(ヘキサデシルイミノ\)ビスエタノール|オクタデカン\-1\-アミン・オキシラン重合物|オクタン\-1\-アミン・オキシラン重合物)$",draft,,https://laws.e-gov.go.jp/law/412CO0000000138,"政令番号1-038（管理番号577）。CAS 1541-67-9, 10213-78-2, 15520-05-5, 18924-66-8, 18924-67-9, 9003-93-4, 29933-69-5。2,2'-(アルキルイミノ)ジエタノール（C8/C12/C14/C16/C18）及びアルカン-1-アミン(C8/C18)・オキシラン重合物はアルカン-1-アミン（直鎖・炭素数8～18偶数）のオキシラン重付加物。"
prtr,RJ_02_002,アルカン－１－アミン（アルカンの構造が直鎖であり、かつ、当該アルカンの炭素数が８、１０、１２、１４、１６又は１８のもの及びその混合物に限る。）のオキシラン重付加物、（Ｚ）－オクタデカ－９－エン－１－アミンのオキシラン重付加物及び（９Ｚ，１２Ｚ）－オクタデカ－９，１２－ジエン－１－アミンのオキシラン重付加物の混合物,first_class,,,name_regex,"(?i)^(?:2,2'\-イミノジエタノールのN\-ココ=アルキル誘導体|2,2'\-イミノジエタノールのN\-獣脂アルキル誘導体|2,2'\-イミノジエタノールのN\-\(大豆アルキル\)誘導体|2,2'\-イミノジエタノールのN\-\(水素化獣脂アルキル\)誘導体|Amines,C8\-18andC18\-unsatd\.alkyl,ethoxylated|2,2'\-\(アルキル\(C=12\~18\)イミノ\)ジエタノール)$",draft,,https://laws.e-gov.go.jp/law/412CO0000000138,"政令番号1-038（管理番号577）。CAS 61791-31-9, 61791-44-4, 73246-96-5, 90367-28-5, 68439-72-5, 71786-60-2。ココ／獣脂／大豆アルキル（C8～C18偶数直鎖＋オレイル・リノレイル）及びC12～18アルキルのイミノジエタノール誘導体・エトキシ化物は本行のオキシラン重付加物混合物に該当。区分は鎖長によらず第一種のみ。"
prtr,RJ_02_002,テトラヒドロメチル無水フタル酸,first_class,,,name_regex,"(?i)^(?:rel\-\(3aR,7aS\)\-3a,4,7,7a\-テトラヒドロ\-5\-メチルイソベンゾフラン\-1,3\-ジオン|4\-メチルシクロヘキサ\-3\-エン\-1,2\-ジカルボン酸無水物|テトラヒドロ\-4\-メチルイソベンゾフラン\-1,3\-ジオン)$",draft,,https://laws.e-gov.go.jp/law/412CO0000000138,"政令番号1-303（管理番号265）。CAS 1694-82-2, 19438-64-3, 79313-15-8。テトラヒドロメチル無水フタル酸（4-メチルシクロヘキサ-3-エン-1,2-ジカルボン酸無水物／テトラヒドロ-4-メチルイソベンゾフラン-1,3-ジオン及びrel-(3aR,7aS)体）。"
prtr,RJ_02_002,水素化テルフェニル,first_class,,,name_regex,"(?i)^(?:3\-シクロヘキサン\-1\-イル\-1,1'\-ビフェニル|4\-シクロヘキサン\-1\-イル\-1,1'\-ビフェニル|2\-シクロヘキシルビフェニル)$",draft,,https://laws.e-gov.go.jp/law/412CO0000000138,"政令番号1-273（管理番号238）。CAS 1973-15-5, 3842-58-8, 10470-01-6。2-/3-/4-シクロヘキシルビフェニルは部分水素化テルフェニル（水素化テルフェニル）。"
prtr,RJ_02_002,１，２－エポキシ－３－（トリルオキシ）プロパン,second_class,,,name_regex,(?i)^(?:\[\(2\-メチルフェノキシ\)メチル\]オキシラン|2\-\[\(2\-トリルオキシ\)メチル\]オキシラン)$,draft,,https://laws.e-gov.go.jp/law/412CO0000000138,"政令番号2-010（管理番号476）。CAS 2210-79-9, 80076-45-5。[(2-メチルフェノキシ)メチル]オキシラン＝2-[(2-トリルオキシ)メチル]オキシラン＝1,2-エポキシ-3-(トリルオキシ)プロパン（o-クレジルグリシジルエーテル）。"
prtr,RJ_02_002,１，２－エポキシ－３－（トリルオキシ）プロパン,second_class,,,name_regex,(?i)^2\-\(クロロメチル\)オキシランとo\-クレゾールの反応生成物$,draft,,https://laws.e-gov.go.jp/law/412CO0000000138,"政令番号2-010（管理番号476）。CAS 1207615-50-6。2-(クロロメチル)オキシランとo-クレゾールの反応生成物はo-クレジルグリシジルエーテル（1,2-エポキシ-3-(トリルオキシ)プロパン）。"
prtr,RJ_02_002,Ｎ，Ｎ，Ｎ－トリメチルドデカン－１－アミニウムの塩,first_class,,,name_regex,"(?i)^(?:ラウリルトリメチルアミン\-2,4,5\-トリクロルフェノレート|1\-Dodecanaminium,N,N,N\-trimethyl\-,diphenylphosphate\(1:1\))$",draft,,https://laws.e-gov.go.jp/law/412CO0000000138,"政令番号1-341（管理番号690）。CAS 3054-66-8, 57244-96-9。ラウリル(ドデシル)トリメチルアンモニウムの2,4,5-トリクロロフェノラート／ジフェニルホスファート塩はN,N,N-トリメチルドデカン-1-アミニウムの塩。"
prtr,RJ_02_002,ポリ（オキシエチレン）＝アルキルエーテル（アルキル基の炭素数が１２から１５までのもの及びその混合物に限る。）,first_class,,,name_regex,"(?i)^(?:3,6,9,12,15,18,21,24,27\-ノナオキサノナトリアコンタン\-1\-オール|アルコール\(C=12\~13、直鎖型及び分枝型\)エトキシ化物)$",draft,,https://laws.e-gov.go.jp/law/412CO0000000138,"政令番号1-460（管理番号407）。CAS 3055-99-0, 160901-19-9。3,6,9,…-ノナオキサノナトリアコンタン-1-オール（ドデシル基＋EO9）及びC12～13アルコールエトキシ化物はポリ(オキシエチレン)=アルキルエーテル（アルキル基C12～15）。"
prtr,RJ_02_002,ポリ（オキシエチレン）＝ドデシルエーテル硫酸エステルナトリウム,first_class,,,name_regex,(?i)^(?:ナトリウム=2\-\[2\-\(ドデシルオキシ\)エトキシ\]エチル=スルファート|ナトリウム=2\-\(ドデシルオキシ\)エチル=スルファート)$,draft,,https://laws.e-gov.go.jp/law/412CO0000000138,"政令番号1-463（管理番号409）。CAS 3088-31-1, 15826-16-1。ナトリウム=2-[2-(ドデシルオキシ)エトキシ]エチル=スルファート／2-(ドデシルオキシ)エチル=スルファートはポリ(オキシエチレン)=ドデシルエーテル硫酸エステルナトリウム（EO=1,2）。"
prtr,RJ_02_002,ビス（アルキル）（ジメチル）アンモニウムの塩（アルキル基の構造が直鎖であり、かつ、当該アルキル基の炭素数が１２、１４、１６、１８又は２０のもの及びその混合物に限る。）,first_class,,,name_regex,"(?i)^(?:N\-ドデシル\-N,N\-ジメチルドデカン\-1\-アミニウム=クロリド|ドデシル\(ヘキサデシル\)\(ジメチル\)アンモニウム=ブロミド|ジメチル\(オクタデシル\)\(テトラデシル\)アンモニウム=ブロミド|ジメチル\(オクタデシル\)\(テトラデシル\)アンモニウム=クロリド|ジメチル\(ヘキサデシル\)\(テトラデシル\)アンモニウム=ブロミド|ヘキサデシル\(イコシル\)\(ジメチル\)アンモニウム=ブロミド|1\-Octadecanaminium,N,N\-dimethyl\-N\-octadecyl\-,sulfate\(1:1\))$",draft,,https://laws.e-gov.go.jp/law/412CO0000000138,"政令番号1-365（管理番号700）。CAS 3401-74-9, 16286-48-9, 63028-41-1, 114656-39-2, 125635-82-7, 134958-13-7, 123312-54-9。ジアルキル(C12/C14/C16/C18/C20直鎖)ジメチルアンモニウムのクロリド・ブロミド・スルファートはビス(アルキル)(ジメチル)アンモニウムの塩（炭素数12,14,16,18,20及びその混合物）。"
prtr,RJ_02_002,（１－ヒドロキシエタン－１，１－ジイル）ジホスホン酸並びにそのカリウム塩及びナトリウム塩,first_class,,,name_regex,"(?i)^四ナトリウム=\(1\-ヒドロキシ\-1,1\-エタンジイル\)ビス\(ホスホナート\)$",draft,,https://laws.e-gov.go.jp/law/412CO0000000138,"政令番号1-380（管理番号708）。CAS 3794-83-0。四ナトリウム=(1-ヒドロキシ-1,1-エタンジイル)ビス(ホスホナート)はHEDPのナトリウム塩。"
prtr,RJ_02_002,塩素酸並びにそのカリウム塩及びナトリウム塩,first_class,,,name_regex,(?i)^(?:塩素酸カリウム|塩素酸ナトリウム|塩素酸\(水溶液\))$,draft,,https://laws.e-gov.go.jp/law/412CO0000000138,"政令番号1-091（管理番号598）。CAS 3811-04-9, 7775-09-9, 7790-93-4。塩素酸カリウム・塩素酸ナトリウム・塩素酸（水溶液）は「塩素酸並びにそのカリウム塩及びナトリウム塩」。"
prtr,RJ_02_002,ナトリウム＝１－オキソ－１ラムダ（５）－ピリジン－２－チオラート,first_class,,,name_regex,(?i)^(?:2\-メルカプトピリジン\-N\-オキサイドナトリウム塩|ナトリウム=2\-チオキソピリジン\-1\(2H\)\-オラート)$,draft,,https://laws.e-gov.go.jp/law/412CO0000000138,"政令番号1-349（管理番号695）。CAS 3811-73-2, 15922-78-8。2-メルカプトピリジン-N-オキシドナトリウム塩／ナトリウム=2-チオキソピリジン-1(2H)-オラート＝ナトリウム=1-オキソ-1λ5-ピリジン-2-チオラート（ピリチオンナトリウム）。"
prtr,RJ_02_002,２－ブテナール,first_class,,,name_regex,(?i)^ブタ\-2\-エナール$,draft,,https://laws.e-gov.go.jp/law/412CO0000000138,政令番号1-415（管理番号375）。CAS 4170-30-3。ブタ-2-エナール＝2-ブテナール（クロトンアルデヒド）。
prtr,RJ_02_002,３－（３，３－ジメチルウレイド）フェニル＝ターシャリ－ブチルカルバマート（別名カルブチレート）,first_class,,,name_regex,"(?i)^3\-\(3,3\-ジメチルウレイド\)フェニル=tert\-ブチルカルバマート$",draft,,https://laws.e-gov.go.jp/law/412CO0000000138,"政令番号1-246（管理番号649）。CAS 4849-32-5。3-(3,3-ジメチルウレイド)フェニル=tert-ブチルカルバマート＝カルブチレート。"
prtr,RJ_02_002,アンチモン及びその化合物,first_class,,,name_regex,"(?i)^(?:ジフェニルジスチベン|トリス\(2,3\-ジブロモプロピル\)=アンチモニット|Pentasodium2\-\(2\-oxido\-3,5\-disulphonatophenoxy\)\-1,3,2\-benzodioxastibole\-4,6\-disulphonate|ジフェニルヨードニウムの4,4'\-ジアルキル\(C=10\~13\)誘導体=\(OC\-6\-11\)\-ヘキサフルオロアンチモネート\(1\-\)|Pyrargyrite\(SbAg3S3\))$",draft,,https://laws.e-gov.go.jp/law/412CO0000000138,"政令番号1-048（管理番号31）。CAS 5702-61-4, 13433-92-6, 23940-36-5, 1370442-66-2, 15123-77-0。ジフェニルジスチベン、アンチモニット、ベンゾジオキサスチボール錯体、ヘキサフルオロアンチモネート、パイラジャイライト（Ag3SbS3）はアンチモン化合物。"
prtr,RJ_02_002,アンチモン及びその化合物,first_class,,,name_regex,"(?i)^Magnesiumalloy,base,Mg0\-100,Sb0\-100$",draft,,https://laws.e-gov.go.jp/law/412CO0000000138,政令番号1-048（管理番号31）。CAS 37233-00-4。マグネシウム－アンチモン合金はアンチモンを含む（アンチモン及びその化合物）。
prtr,RJ_02_002,３－ターシャリ－ブチル－５－クロロ－６－メチルウラシル（別名ターバシル）,second_class,,,name_regex,(?i)^3\-t\-ブチル\-5\-クロロ\-6\-メチルウラシル$,draft,,https://laws.e-gov.go.jp/law/412CO0000000138,政令番号2-100（管理番号804）。CAS 5902-51-2。3-t-ブチル-5-クロロ-6-メチルウラシル＝ターバシル。
prtr,RJ_02_002,ナトリウム＝１，１’－ビフェニル－２－オラート,first_class,,,name_regex,(?i)^ナトリウム=ビフェニル\-2\-オラート四水和物$,draft,,https://laws.e-gov.go.jp/law/412CO0000000138,政令番号1-351（管理番号530）。CAS 6152-33-6。ナトリウム=ビフェニル-2-オラート四水和物（水和物）。
prtr,RJ_02_002,（４Ｓ，４ａＲ，５Ｓ，５ａＲ，６Ｓ，１２ａＳ）－４－（ジメチルアミノ）－３，５，６，１０，１２，１２ａ－ヘキサヒドロキシ－６－メチル－１，１１－ジオキソ－１，４，４ａ，５，５ａ，６，１１，１２ａ－オクタヒドロテトラセン－２－カルボキサミド（別名オキシテトラサイクリン）,first_class,,,name_regex,"(?i)^\(4S,4aR,5S,5aR,6S,12aS\)\-4\-\(ジメチルアミノ\)\-3,5,6,10,12,12a\-ヘキサヒドロキシ\-6\-メチル\-1,11\-ジオキソ\-1,4,4a,5,5a,6,11,12a\-オクタヒドロテトラセン\-2\-カルボキサミド二水和物$",draft,,https://laws.e-gov.go.jp/law/412CO0000000138,政令番号1-244（管理番号648）。CAS 6153-64-6。オキシテトラサイクリン二水和物（水和物）。
prtr,RJ_02_002,Ｎ－メチルジチオカルバミン酸ナトリウム（別名メタムナトリウム塩）,first_class,,,name_regex,"(?i)^Carbamodithioicacid,methyl\-,monosodiumsalt,dihydrate$",draft,,https://laws.e-gov.go.jp/law/412CO0000000138,政令番号1-480（管理番号740）。CAS 6734-80-1。N-メチルジチオカルバミン酸ナトリウム二水和物（メタムナトリウム塩の水和物）。
prtr,RJ_02_002,エチレンジアミン,first_class,,,name_regex,"(?i)^エタン\-1,2\-ジアミン一水和物$",draft,,https://laws.e-gov.go.jp/law/412CO0000000138,"政令番号1-079（管理番号59）。CAS 6780-13-8。エタン-1,2-ジアミン一水和物＝エチレンジアミンの水和物。"
prtr,RJ_02_002,Ｎ－メチルジデカン－１－イルアミン,first_class,,,name_regex,(?i)^N\-メチルジデシルアミン$,draft,,https://laws.e-gov.go.jp/law/412CO0000000138,政令番号1-481（管理番号741）。CAS 7396-58-9。N-メチルジデシルアミン＝N-メチルジデカン-1-イルアミン。
prtr,RJ_02_002,ふっ化水素及びその水溶性塩,first_class,,,name_regex,(?i)^フッ化ジルコニウム\(IV\)$,draft,,https://laws.e-gov.go.jp/law/412CO0000000138,政令番号1-414（管理番号374）。CAS 7783-64-4。フッ化ジルコニウム(IV)は水溶性ふっ化物塩。
prtr,RJ_02_002,砒素及びその無機化合物,specific_first_class,,,name_regex,(?i)^(?:Pentahydroxyarsorane|Proustite\(Ag3\(AsS3\)\)|Rammelsbergite\(NiAs2\))$,draft,,https://laws.e-gov.go.jp/law/412CO0000000138,"政令番号1-378（管理番号332）。CAS 7786-36-9, 15122-58-4, 1303-22-6。ペンタヒドロキシアルソラン（ヒ酸水和物）、プルースタイト（Ag3AsS3）、ランメルスベルガイト（NiAs2）は無機ひ素化合物（NiAs2はニッケル化合物1-355と同じ特定第一種）。"
prtr,RJ_02_002,ヒドラジン,first_class,,,name_regex,(?i)^(?:ヒドラジン一水和物|ヒドラジン=一水和物)$,draft,,https://laws.e-gov.go.jp/law/412CO0000000138,"政令番号1-379（管理番号333）。CAS 7803-57-8, 10217-52-4。ヒドラジン一水和物（水和物）。"
prtr,RJ_02_002,（Ｅ）－４－（２，６，６－トリメチルシクロヘキサ－１－エン－１－イル）ブタ－３－エン－２－オン,first_class,,,name_regex,"(?i)^4\-\(2,6,6\-トリメチルシクロヘキサ\-1\-エン\-1\-イル\)ブタ\-3\-エン\-2\-オン$",draft,,https://laws.e-gov.go.jp/law/412CO0000000138,政令番号1-340（管理番号689）。CAS 14901-07-6。β-ヨノン。CAS 14901-07-6は(E)体であり、NITE名称は幾何表記を省略した同一物質。
prtr,RJ_02_002,Ｎ，Ｎ－ビス（２－ヒドロキシエチル）アルカンアミド（アルカンの構造が直鎖であり、かつ、当該アルカンの炭素数が８、１０、１２、１４、１６又は１８のもの及びその混合物に限る。）、（Ｚ）－Ｎ，Ｎ－ビス（２－ヒドロキシエチル）オクタデカ－９－エンアミド及び（９Ｚ，１２Ｚ）－Ｎ，Ｎ－ビス（２－ヒドロキシエチル）オクタデカ－９，１２－ジエンアミド並びにこれらの混合物,first_class,,,name_regex,"(?i)^(?:ヤシ油と2,2'\-イミノジエタノールの反応生成物|ヤシ油脂肪酸と2,2'\-イミノジエタノールの反応生成物|2,2'\-イミノジエタノールと牛脂脂肪酸の反応生成物)$",draft,,https://laws.e-gov.go.jp/law/412CO0000000138,"政令番号1-376（管理番号707）。CAS 8051-30-7, 68440-04-0, 68440-32-4。ヤシ油／ヤシ油脂肪酸／牛脂脂肪酸とジエタノールアミンの反応生成物（コカミドDEA等）はN,N-ビス(2-ヒドロキシエチル)アルカンアミド（C8～18偶数直鎖＋オレアミド）の混合物。"
prtr,RJ_02_002,アルファ－（イソシアナトベンジル）－オメガ－（イソシアナトフェニル）ポリ［（イソシアナトフェニレン）メチレン］,first_class,,,name_regex,(?i)^(?:ポリメチレンポリフェニレン=イソシアナート|アニリン・ホルムアルデヒド・ホスゲン重合物)$,draft,,https://laws.e-gov.go.jp/law/412CO0000000138,"政令番号1-052（管理番号585）。CAS 9016-87-9, 32055-14-4。ポリメチレンポリフェニレン=イソシアナート／アニリン・ホルムアルデヒド・ホスゲン重合物はポリメリックMDI。"
prtr,RJ_02_002,１，３－ジクロロプロペン（別名Ｄ－Ｄ）,first_class,,,name_regex,"(?i)^(?:\(Z\)\-1,3\-ジクロロプロパ\-1\-エン|\(E\)\-1,3\-ジクロロプロパ\-1\-エン)$",draft,,https://laws.e-gov.go.jp/law/412CO0000000138,"政令番号1-207（管理番号179）。CAS 10061-01-5, 10061-02-6。1,3-ジクロロプロペンの(Z)/(E)幾何異性体。"
prtr,RJ_02_002,テトラメチルアンモニウム＝ヒドロキシド,first_class,,,name_regex,"(?i)^N,N,N\-トリメチルメタンアミニウム=ヒドロキシド=五水和物$",draft,,https://laws.e-gov.go.jp/law/412CO0000000138,政令番号1-307（管理番号677）。CAS 10424-65-4。テトラメチルアンモニウム=ヒドロキシド五水和物（水和物）。
prtr,RJ_02_002,ポリ塩化ビフェニル（別名ＰＣＢ）,specific_first_class,,,name_regex,(?i)^(?:Aroclor1221|Aroclor1232|Aroclor1016)$,draft,,https://laws.e-gov.go.jp/law/412CO0000000138,"政令番号1-459（管理番号406）。CAS 11104-28-2, 11141-16-5, 12674-11-2。Aroclor 1221/1232/1016はポリ塩化ビフェニル製品。"
prtr,RJ_02_002,テルル及びその化合物,first_class,,,name_regex,(?i)^テトラテルレタン$,draft,,https://laws.e-gov.go.jp/law/412CO0000000138,政令番号1-311（管理番号679）。CAS 12597-49-8。テトラテルレタンはテルル化合物。
prtr,RJ_02_002,ベリリウム及びその化合物,specific_first_class,,,name_regex,"(?i)^(?:Aluminiumalloy,Al,Be|Phenakite)$",draft,,https://laws.e-gov.go.jp/law/412CO0000000138,"政令番号1-444（管理番号394）。CAS 12770-50-2, 13598-00-0。アルミニウム－ベリリウム合金、フェナカイト（Be2SiO4）はベリリウムを含む（ベリリウム及びその化合物）。"
prtr,RJ_02_002,エチレンジアミン四酢酸並びにそのカリウム塩及びナトリウム塩,first_class,,,name_regex,"(?i)^(?:四ナトリウム=2,2',2'',2'''\-\(エタン\-1,2\-ジイルジニトリロ\)テトラアセタート四水和物|二カリウム=2,2'\-\{エチレンビス\[\(カルボキシメチル\)イミノ\]\}ジアセタート二水和物)$",draft,,https://laws.e-gov.go.jp/law/412CO0000000138,"政令番号1-080（管理番号595）。CAS 13235-36-4, 25102-12-9。四ナトリウムEDTA四水和物／二カリウムEDTA二水和物はエチレンジアミン四酢酸のナトリウム塩・カリウム塩。"
prtr,RJ_02_002,直鎖アルキルベンゼンスルホン酸及びその塩（アルキル基の炭素数が１０から１４までのもの及びその混合物に限る。）,first_class,,,name_regex,(?i)^ナトリウム=4\-トリデカン\-1\-イルベンゼンスルホナート$,draft,,https://laws.e-gov.go.jp/law/412CO0000000138,政令番号1-045（管理番号30）。CAS 14356-40-2。ナトリウム=4-トリデカン-1-イルベンゼンスルホナートは直鎖アルキル（C13）ベンゼンスルホン酸塩。
prtr,RJ_02_002,１，３－ジカルバモイルチオ－２－（Ｎ，Ｎ－ジメチルアミノ）－プロパン（別名カルタップ）,first_class,,,name_regex,"(?i)^S,S'\-2\-\(ジメチルアミノ\)プロパン\-1,3\-ジイル=ビス\(チオカルバマート\)$",draft,,https://laws.e-gov.go.jp/law/412CO0000000138,"政令番号1-174（管理番号152）。CAS 15263-53-3。S,S'-2-(ジメチルアミノ)プロパン-1,3-ジイル=ビス(チオカルバマート)＝カルタップ。"
prtr,RJ_02_002,１，３，５－トリス［３－（ジメチルアミノ）プロピル］ヘキサヒドロ－１，３，５－トリアジン,second_class,,,name_regex,"(?i)^1,3,5\-トリス\(ジメチルアミノプロピル\)ヘキサヒドロ\-1,3,5\-トリアジン$",draft,,https://laws.e-gov.go.jp/law/412CO0000000138,"政令番号2-072（管理番号787）。CAS 15875-13-5。1,3,5-トリス(ジメチルアミノプロピル)ヘキサヒドロ-1,3,5-トリアジン＝1,3,5-トリス[3-(ジメチルアミノ)プロピル]ヘキサヒドロ-1,3,5-トリアジン。"
prtr,RJ_02_002,３－（４－ターシャリ－ブチルフェニル）プロパナール,first_class,,,name_regex,(?i)^3\-\(4\-tert\-ブチルフェニル\)プロパナール$,draft,,https://laws.e-gov.go.jp/law/412CO0000000138,政令番号1-410（管理番号717）。CAS 18127-01-0。3-(4-tert-ブチルフェニル)プロパナール（tert＝ターシャリ表記差）。
prtr,RJ_02_002,２－メチルチオ－４－エチルアミノ－６－（１，２－ジメチルプロピルアミノ）－ｓ－トリアジン（別名ジメタメトリン）,first_class,,,name_regex,"(?i)^4\-\(1,2,ジメチルプロピルアミノ\)\-2\-エチルアミノ\-6\-メチルチオ\-1,3,5\-トリアジン$",draft,,https://laws.e-gov.go.jp/law/412CO0000000138,"政令番号1-483（管理番号742）。CAS 22936-75-0。4-(1,2-ジメチルプロピルアミノ)-2-エチルアミノ-6-メチルチオ-1,3,5-トリアジン＝ジメタメトリン。"
prtr,RJ_02_002,塩化直鎖パラフィン（炭素数が１４から１７までのもの及びその混合物に限る。）,first_class,,,name_regex,"(?i)^(?:Hexadecane,2\-chloro\-|Tetradecane,2\-chloro\-|Heptadecane,1\-chloro\-)$",draft,,https://laws.e-gov.go.jp/law/412CO0000000138,"政令番号1-090（管理番号597）。CAS 23010-35-7, 34942-43-3, 62016-75-5。2-クロロヘキサデカン／2-クロロテトラデカン／1-クロロヘプタデカンは炭素数14～17の塩化直鎖パラフィン。"
prtr,RJ_02_002,メチル＝２－（３－オキソ－２－ペンチルシクロペンチル）アセタート,first_class,,,name_regex,(?i)^メチル\(2\-ペンチル\-3\-オキソ\-シクロペンチル\)アセテート$,draft,,https://laws.e-gov.go.jp/law/412CO0000000138,政令番号1-473（管理番号738）。CAS 24851-98-7。メチル(2-ペンチル-3-オキソ-シクロペンチル)アセテート＝メチル=2-(3-オキソ-2-ペンチルシクロペンチル)アセタート。
prtr,RJ_02_002,アジピン酸、（Ｎ－（２－アミノエチル）エタン－１，２－ジアミン又はＮ，Ｎ’－ビス（２－アミノエチル）エタン－１，２－ジアミン）と２－（クロロメチル）オキシランの重縮合物,first_class,,,name_regex,"(?i)^(?:アジピン酸・N\-\(2\-アミノエチル\)エタン\-1,2\-ジアミン・2\-\(クロロメチル\)オキシラン重合物|N\-\(2\-アミノエチル\)エタン\-1,2\-ジアミン・2\-\(クロロメチル\)オキシラン・ジメチル=アジパート重合物|ポリ\(2\~3\)エチレンポリアミン・アジピン酸・エピクロルヒドリン重縮合物)$",draft,,https://laws.e-gov.go.jp/law/412CO0000000138,"政令番号1-013（管理番号566）。CAS 25212-19-5, 52847-43-5, 26568-79-6。アジピン酸（又はジメチル=アジパート）・ジエチレントリアミン／ポリ(2～3)エチレンポリアミン・エピクロロヒドリン重縮合物はポリアミドアミン-エピクロロヒドリン樹脂として本行に該当。"
prtr,RJ_02_002,ジニトロトルエン,first_class,,,name_regex,(?i)^メチル\(ジニトロ\)ベンゼン$,draft,,https://laws.e-gov.go.jp/law/412CO0000000138,政令番号1-227（管理番号200）。CAS 25321-14-6。メチル(ジニトロ)ベンゼン＝ジニトロトルエン（異性体混合物）。
prtr,RJ_02_002,アルカノール（炭素数が１０のものに限る。）（別名デカノール）,first_class,,,name_regex,"(?i)^(?:イソデカノール|2,3,5,5\-tetramethylhexanol|5\-ethyl\-5\-methylheptan\-1\-ol|1\-Hexanol,5\-methyl\-2\-propyl\-|rel\-\(3R,4S\)\-3\-メチルノナン\-4\-オール|\(2R\*,3S\*\)\-3\-メチルノナン\-2\-オール|\(3R\*,4S\*\)\-2,2,3,4\-テトラメチルヘキサン\-3\-オール|\(3R\*,4R\*\)\-2,2,3,4\-テトラメチルヘキサン\-3\-オール|3\-イソプロピル\-2,4\-ジメチル\-3\-ペンタノール)$",draft,,https://laws.e-gov.go.jp/law/412CO0000000138,"政令番号1-034（管理番号257）。CAS 25339-17-7, 85099-32-7, 85391-45-3, 159848-27-8, 114653-27-9, 139224-36-5, 181024-42-0, 181024-43-1, 51200-83-0。イソデカノール、テトラメチルヘキサノール、エチルメチルヘプタノール、メチルプロピルヘキサノール、メチルノナノール、イソプロピルジメチルペンタノールはいずれも炭素数10のアルカノール（デカノール）。"
prtr,RJ_02_002,トリエチルアミン,first_class,,,name_regex,(?i)^トリエチルアミン一水和物$,draft,,https://laws.e-gov.go.jp/law/412CO0000000138,政令番号1-321（管理番号277）。CAS 27143-60-8。トリエチルアミン一水和物（水和物）。
prtr,RJ_02_002,３－アリルオキシ－１，２－ベンゾイソチアゾール－１，１－ジオキシド（別名プロベナゾール）,first_class,,,name_regex,"(?i)^3\-アリルオキシ\-1,2\-ベンゾイソチアゾール=1,1\-ジオキシド$",draft,,https://laws.e-gov.go.jp/law/412CO0000000138,"政令番号1-030（管理番号571）。CAS 27605-76-1。3-アリルオキシ-1,2-ベンゾイソチアゾール=1,1-ジオキシド＝プロベナゾール。"
prtr,RJ_02_002,２－ターシャリ－ブチルアミノ－４－シクロプロピルアミノ－６－メチルチオ－１，３，５－トリアジン,first_class,,,name_regex,"(?i)^N\-tert\-ブチル\-N'\-シクロプロピル\-6\-\(メチルスルファニル\)\-1,3,5\-トリアジン\-2,4\-ジアミン$",draft,,https://laws.e-gov.go.jp/law/412CO0000000138,"政令番号1-398（管理番号711）。CAS 28159-98-0。N-tert-ブチル-N'-シクロプロピル-6-(メチルスルファニル)-1,3,5-トリアジン-2,4-ジアミン＝2-ターシャリ-ブチルアミノ-4-シクロプロピルアミノ-6-メチルチオ-1,3,5-トリアジン（シブトリン）。"
prtr,RJ_02_002,ナトリウム＝アルケンスルホナート（アルケンの炭素数が１４から１６までのもの及びその混合物に限る。）及びナトリウム＝ヒドロキシアルカンスルホナート（アルカンの炭素数が１４から１６までのもの及びその混合物に限る。）並びにこれらの混合物,first_class,,,name_regex,(?i)^Sodium1\-tetradecenesulfonate$,draft,,https://laws.e-gov.go.jp/law/412CO0000000138,政令番号1-348（管理番号694）。CAS 29963-33-5。ナトリウム=1-テトラデセンスルホナートは炭素数14のアルケンスルホン酸ナトリウム。
prtr,RJ_02_002,１－［（１Ｒ，２Ｒ，５Ｓ，７Ｒ）－２，６，６，８－テトラメチルトリシクロ［５．３．１．０（１，５）］ウンデカ－８－エン－９－イル］エタノン,first_class,,,name_regex,"(?i)^1\-\[\(3R,3aR,7R,8aS\)\-3,6,8,8\-テトラメチル\-2,3,4,7,8,8a\-ヘキサヒドロ\-1H\-3a,7\-メタノアズレン\-5\-イル\]エタノン$",draft,,https://laws.e-gov.go.jp/law/412CO0000000138,"政令番号1-310（管理番号678）。CAS 32388-55-9。アセチルセドレン。3a,7-メタノアズレン系命名と2,6,6,8-テトラメチルトリシクロ[5.3.1.0(1,5)]ウンデカ-8-エン-9-イル系命名は同一物質。"
prtr,RJ_02_002,Ｎ－（３，５－ジクロロフェニル）－１，２－ジメチルシクロプロパン－１，２－ジカルボキシミド（別名プロシミドン）,first_class,,,name_regex,"(?i)^N\-\(3,5\-ジクロロフエニル\)\-1,2\-ジメチルシクロプロパン\-1,2\-ジカルボキシイミド$",draft,,https://laws.e-gov.go.jp/law/412CO0000000138,"政令番号1-196（管理番号638）。CAS 32809-16-8。N-(3,5-ジクロロフェニル)-1,2-ジメチルシクロプロパン-1,2-ジカルボキシイミド＝プロシミドン。"
prtr,RJ_02_002,１－（５－ターシャリ－ブチル－１，３，４－チアジアゾール－２－イル）－１，３－ジメチル尿素（別名テブチウロン）,first_class,,,name_regex,"(?i)^1\-\(5\-tert\-ブチル\-1,3,4\-チアジアゾール\-2\-イル\)\-1,3\-ジメチルウレア$",draft,,https://laws.e-gov.go.jp/law/412CO0000000138,"政令番号1-408（管理番号715）。CAS 34014-18-1。1-(5-tert-ブチル-1,3,4-チアジアゾール-2-イル)-1,3-ジメチルウレア＝テブチウロン。"
prtr,RJ_02_002,グリホサート並びにそのアンモニウム塩、イソプロピルアミン塩、カリウム塩及びナトリウム塩,first_class,,,name_regex,(?i)^(?:N\-\(ホスホノメチル\)グリシンとプロパン\-2\-アミンの化合物\(1:1\)|アンモニウム=N\-\(ホスホノメチル\)グリシナート|Trisodiumhydrogenbis\[N\-\(phosphonatomethyl\)aminoacetate\]|N\-\(ホスホノメチル\)グリシンのアンモニウム塩\(1:\?\))$,draft,,https://laws.e-gov.go.jp/law/412CO0000000138,"政令番号1-108（管理番号605）。CAS 38641-94-0, 40465-66-5, 70393-85-0, 114370-14-8。グリホサートのイソプロピルアミン塩・アンモニウム塩・ナトリウム塩（セスキナトリウム塩）は「グリホサート並びにそのアンモニウム塩、イソプロピルアミン塩、カリウム塩及びナトリウム塩」。"
prtr,RJ_02_002,Ｎ－（４－クロロフェニル）－１－シクロヘキセン－１，２－ジカルボキシミド（別名クロルフタリム）,second_class,,,name_regex,"(?i)^1H\-Isoindole\-1,3\(2H\)\-dione,2\-\(4\-chlorophenyl\)\-4,5,6,7\-tetrahydro\-$",draft,,https://laws.e-gov.go.jp/law/412CO0000000138,"政令番号2-025（管理番号767）。CAS 39985-63-2。2-(4-クロロフェニル)-4,5,6,7-テトラヒドロイソインドール-1,3-ジオン＝クロルフタリム。"
prtr,RJ_02_002,２，３－ジクロロ－Ｎ－４－フルオロフェニルマレイミド（別名フルオルイミド）,first_class,,,name_regex,"(?i)^N\-\(4'\-フルオロフエニル\)\-2,3\-ジクロロマレイミド$",draft,,https://laws.e-gov.go.jp/law/412CO0000000138,"政令番号1-203（管理番号639）。CAS 41205-21-4。N-(4'-フルオロフェニル)-2,3-ジクロロマレイミド＝フルオルイミド。"
prtr,RJ_02_002,３－フェノキシベンジル＝３－（２，２－ジクロロビニル）－２，２－ジメチルシクロプロパンカルボキシラート（別名ペルメトリン）,first_class,,,name_regex,"(?i)^(?:3\-フェノキシベンジル=\(1R,3S\)\-3\-\(2,2\-ジクロロビニル\)\-2,2\-ジメチルシクロプロパン\-1\-カルボキシラート|3\-フェノキシベンジル=trans\-3\-\(2,2\-ジクロロビニル\)\-2,2\-ジメチルシクロプロパン\-1\-カルボキシラート|3\-フェノキシベンジル=cis\-3\-\(2,2\-ジクロロビニル\)\-2,2\-ジメチルシクロプロパン\-1\-カルボキシラート|3\-フェノキシベンジル=\(1R,3R\)\-3\-\(2,2\-ジクロロビニル\)\-2,2\-ジメチルシクロプロパン\-1\-カルボキシラート|3\-フェノキシベンジル=\(1S,3S\)\-3\-\(2,2\-ジクロロビニル\)\-2,2\-ジメチルシクロプロパン\-1\-カルボキシラート|3\-フェノキシベンジル=\(1S,3R\)\-3\-\(2,2\-ジクロロビニル\)\-2,2\-ジメチルシクロプロパン\-1\-カルボキシラート|3\-フェノキシベンジル=\(1R,3S\)\-3\-\(2,2\-ジクロロビニル\)\-2,2\-ジメチルシクロプロパン\-1\-カルボキシラート\(炭素\-14標識\)|3\-フェノキシベンジル=\(1R,3R\)\-3\-\(2,2\-ジクロロビニル\)\-2,2\-ジメチルシクロプロパン\-1\-カルボキシラート\(炭素\-14標識\)|3\-フェノキシベンジル=rel\-\(1R,3S\)\-3\-\(2,2\-ジクロロビニル\)\-2,2\-ジメチルシクロプロパンカルボキシラート)$",draft,,https://laws.e-gov.go.jp/law/412CO0000000138,"政令番号1-392（管理番号350）。CAS 51877-74-8, 52341-32-9, 52341-33-0, 54774-45-7, 54774-46-8, 54774-47-9, 58072-95-0, 58072-96-1, 61949-77-7。ペルメトリンの各立体異性体（シス／トランス・各鏡像体）及び炭素-14標識体。"
prtr,RJ_02_002,Ｎ，Ｎ－ジプロピルチオカルバミン酸＝Ｓ－ベンジル（別名プロスルホカルブ）,first_class,,,name_regex,(?i)^S\-ベンジル=ジプロピルカルバモチオアート$,draft,,https://laws.e-gov.go.jp/law/412CO0000000138,政令番号1-234（管理番号646）。CAS 52888-80-9。S-ベンジル=ジプロピルカルバモチオアート＝プロスルホカルブ。
prtr,RJ_02_002,３－メチルペンタ－３－エン－２－オンと３－メチリデン－７－メチルオクタ－１，６－ジエンの反応生成物であって、１－（２，３，８，８－テトラメチル－１，２，３，４，５，６，７，８－オクタヒドロ－２－ナフチル）エタノン、１－（２，３，８，８－テトラメチル－１，２，３，４，６，７，８，８ａ－オクタヒドロ－２－ナフチル）エタノン及び１－（２，３，８，８－テトラメチル－１，２，３，５，６，７，８，８ａ－オクタヒドロ－２－ナフチル）エタノンの混合物を８０重量パーセント以上含有するもの,first_class,,,name_regex,"(?i)^(?:1\-\(2,3,8,8\-テトラメチル\-1,2,3,4,5,6,7,8\-オクタヒドロナフタレン\-2\-イル\)エタン\-1\-オン|1\-\(2,3,8,8\-テトラメチル\-1,2,3,5,6,7,8,8a\-オクタヒドロナフタレン\-2\-イル\)エタン\-1\-オン|1\-\(2,3,8,8\-テトラメチル\-1,2,3,4,6,7,8,8a\-オクタヒドロナフタレン\-2\-イル\)エタン\-1\-オン)$",draft,,https://laws.e-gov.go.jp/law/412CO0000000138,"政令番号1-492（管理番号748）。CAS 54464-57-2, 68155-66-8, 68155-67-9。1-(2,3,8,8-テトラメチルオクタヒドロナフタレン-2-イル)エタノンの3位置異性体はいずれも本行に掲名の構成成分（OTNE）。"
prtr,RJ_02_002,Ｎ－ブチルカルバミド酸＝３－ヨード－２－プロピニル,second_class,,,name_regex,(?i)^3\-ヨードプロパ\-2\-イン\-1\-イル=ブチルカルバマート$,draft,,https://laws.e-gov.go.jp/law/412CO0000000138,政令番号2-099（管理番号803）。CAS 55406-53-6。3-ヨードプロパ-2-イン-1-イル=ブチルカルバマート＝N-ブチルカルバミド酸=3-ヨード-2-プロピニル（IPBC）。
prtr,RJ_02_002,２－メチル－Ｎ－［３－（１－メチルエトキシ）フェニル］ベンズアミド（別名メプロニル）,first_class,,,name_regex,(?i)^3'\-イソプロポキシ\-2\-メチルベンズアニリド$,draft,,https://laws.e-gov.go.jp/law/412CO0000000138,政令番号1-493（管理番号442）。CAS 55814-41-0。3'-イソプロポキシ-2-メチルベンズアニリド＝メプロニル。
prtr,RJ_02_002,３－（５－ターシャリ－ブチル－１，２－オキサゾール－３－イル）－１，１－ジメチル尿素（別名イソウロン）,second_class,,,name_regex,"(?i)^1,1\-ジメチル\-3\-\(5\-tert\-ブチル\-イソオキサゾリル\)尿素$",draft,,https://laws.e-gov.go.jp/law/412CO0000000138,"政令番号2-098（管理番号802）。CAS 55861-78-4。1,1-ジメチル-3-(5-tert-ブチル-イソオキサゾリル)尿素＝イソウロン。"
prtr,RJ_02_002,Ｏ－（２，６－ジクロロ－パラ－トリル）＝Ｏ，Ｏ－ジメチル＝ホスホロチオアート（別名トルクロホスメチル）,first_class,,,name_regex,"(?i)^O\-\(2,6\-dichloro\-p\-tolyl\)O,O\-dimethylthiophosphate$",draft,,https://laws.e-gov.go.jp/law/412CO0000000138,"政令番号1-192（管理番号636）。CAS 57018-04-9。O-(2,6-dichloro-p-tolyl) O,O-dimethyl thiophosphate＝トルクロホスメチル。"
prtr,RJ_02_002,２，３－エポキシ－１－プロパノール,second_class,,,name_regex,(?i)^(?:\(R\)\-オキシラン\-2\-イルメタノール|\(S\)\-オキシラン\-2\-イルメタノール)$,draft,,https://laws.e-gov.go.jp/law/412CO0000000138,"政令番号2-011（管理番号67）。CAS 57044-25-4, 60456-23-7。グリシドール（2,3-エポキシ-1-プロパノール）の(R)/(S)鏡像異性体。"
prtr,RJ_02_002,１，１’－（イミノジオクタメチレン）ジグアニジン＝トリアセタート（別名イミノクタジン酢酸塩）,first_class,,,name_regex,"(?i)^1,1'\-\(アンモニウムジイルジオクタン\-8,1\-ジイル\)ジグアニジニウム=トリアセタート$",draft,,https://laws.e-gov.go.jp/law/412CO0000000138,"政令番号1-061（管理番号589）。CAS 57520-17-9。1,1'-(アンモニウムジイルジオクタン-8,1-ジイル)ジグアニジニウム=トリアセタート＝イミノクタジン酢酸塩。"
prtr,RJ_02_002,１，３，５－トリス（２，３－エポキシプロピル）－１，３，５－トリアジン－２，４，６（１Ｈ，３Ｈ，５Ｈ）－トリオン,second_class,,,name_regex,"(?i)^rel\-1,3,5\-トリス\[\(R\)\-2\-オキシラン\-2\-イルメチル\]\-1,3,5\-トリアジン\-2,4,6\(1H,3H,5H\)\-トリオン$",draft,,https://laws.e-gov.go.jp/law/412CO0000000138,"政令番号2-071（管理番号291）。CAS 59653-74-6。トリス(2,3-エポキシプロピル)イソシアヌレートのrel-(R,R,R)立体異性体。"
prtr,RJ_02_002,［（３－アルカンアミドプロピル）（ジメチル）アンモニオ］アセタート（アルカンの構造が直鎖であり、かつ、当該アルカンの炭素数が８、１０、１２、１４、１６又は１８のもの及びその混合物に限る。）及び（Ｚ）－［［３－（オクタデカ－９－エンアミド）プロピル］（ジメチル）アンモニオ］アセタート並びにこれらの混合物,first_class,,,name_regex,(?i)^(?:\(3\-アミノプロピル\)\(カルボキシメチル\)\(ジメチル\)アンモニウムのN\-ココ\-アシル誘導体\(分子内塩\)|\(3\-アミノプロピル\)\(カルボキシメチル\)\(ジメチル\)アンモニウムのN\-\(水素化ココ\-アシル\)誘導体\(分子内塩\)|2\-\[\(3\-アミノプロピル\)\(ジメチル\)アンモニオ\]アセタートのN\-アシル\(C=8\~18\)誘導体)$,draft,,https://laws.e-gov.go.jp/law/412CO0000000138,"政令番号1-035（管理番号574）。CAS 61789-40-0, 1266378-54-4, 97862-59-4。コカミドプロピルベタイン（ココ／水素化ココ／C8～18アシル）は[(3-アルカンアミドプロピル)(ジメチル)アンモニオ]アセタート（C8～18偶数直鎖＋オレイル）の混合物。"
prtr,RJ_02_002,２－ヒドロキシ安息香酸（Ｚ）－３－ヘキセニル,second_class,,,name_regex,(?i)^3\-ヘキセニルサリチレート$,draft,,https://laws.e-gov.go.jp/law/412CO0000000138,政令番号2-086（管理番号795）。CAS 65405-77-8。3-ヘキセニルサリチレート（CAS 65405-77-8は(Z)体）＝2-ヒドロキシ安息香酸(Z)-3-ヘキセニル。
prtr,RJ_02_002,Ｏ－エチル＝Ｏ－４－ニトロフェニル＝フェニルホスホノチオアート（別名ＥＰＮ）,first_class,,,name_regex,(?i)^(?:O\-エチル=O\-\(4\-ニトロフェニル\)=\(R\)\-フェニルホスホノチオアート|O\-エチル=O\-\(4\-ニトロフェニル\)=\(S\)\-フェニルホスホノチオアート)$,draft,,https://laws.e-gov.go.jp/law/412CO0000000138,"政令番号1-069（管理番号48）。CAS 65580-79-2, 65580-80-5。EPNの(R)/(S)鏡像異性体。"
prtr,RJ_02_002,３’－イソプロポキシ－２－トリフルオロメチルベンズアニリド（別名フルトラニル）,first_class,,,name_regex,(?i)^3'\-イソプロポキシ\-2\-\(トリフルオロメチル\)ベンズアニリド$,draft,,https://laws.e-gov.go.jp/law/412CO0000000138,政令番号1-060（管理番号41）。CAS 66332-96-5。3'-イソプロポキシ-2-(トリフルオロメチル)ベンズアニリド＝フルトラニル。
prtr,RJ_02_002,エピクロロヒドリン,first_class,,,name_regex,(?i)^\(2S\)\-2\-\(クロロメチル\)オキシラン$,draft,,https://laws.e-gov.go.jp/law/412CO0000000138,政令番号1-086（管理番号65）。CAS 67843-74-7。(2S)-2-(クロロメチル)オキシランはエピクロロヒドリンの鏡像異性体。
prtr,RJ_02_002,インジウム及びその化合物,first_class,,,name_regex,"(?i)^Potassium\[\[N,N'\-ethylenebis\[N\-\(carboxymethyl\)glycinato\]\]\(4\-\)\-N,N',O,O',ON,ON'\]indate\(1\-\)$",draft,,https://laws.e-gov.go.jp/law/412CO0000000138,政令番号1-062（管理番号44）。CAS 67906-11-0。インジウムEDTA錯体カリウム塩はインジウム化合物。
prtr,RJ_02_002,トリシクロ［５．２．１．０（２，６）］デカ－４－エン－３－イル＝プロピオナート,first_class,,,name_regex,"(?i)^(?:3a,4,7,7a\-tetrahydro\-4,7\-methano\-1H\-indenylpropionate|トリシクロ\[5\.2\.1\.0\(2,6\)\]デカ\-3\-エニル=プロピオナート)$",draft,,https://laws.e-gov.go.jp/law/412CO0000000138,"政令番号1-334（管理番号686）。CAS 68109-65-9, 68912-13-0。トリシクロ[5.2.1.0(2,6)]デセニル=プロピオナート（テトラヒドロメタノインデニル=プロピオナート）はジヒドロジシクロペンタジエニル=プロピオナート（本行）の別表記。"
prtr,RJ_02_002,アルファ－アルキル－オメガ－ヒドロキシポリ［オキシエタン－１，２－ジイル／オキシ（メチルエタン－１，２－ジイル）］（アルキル基の構造が分枝であり、かつ、当該アルキル基の炭素数が９から１１までのものの混合物（当該アルキル基の炭素数が１０のものを主成分とするものに限る。）に限る。）,first_class,,,name_regex,(?i)^(?:2\-メチルオキシラン・オキシラン重合物の8\-メチルノニル=エーテル|2\-メチルオキシラン・オキシラン重合物のモノイソデシルエーテル|2\-メチルオキシラン・オキシラン重合物のモノ\(2\-プロピルヘプチル\)エーテル)$,draft,,https://laws.e-gov.go.jp/law/412CO0000000138,"政令番号1-040（管理番号579）。CAS 68439-30-5, 155683-77-5, 166736-08-9。分枝C10アルキル（8-メチルノニル／イソデシル／2-プロピルヘプチル）のEO/PO付加物は本行（分枝C9～11、C10主成分）に該当。区分は第一種のみ。"
prtr,RJ_02_002,アルファ－アルキル－オメガ－ヒドロキシポリ（オキシエチレン）（アルキル基の炭素数が９から１１までのもの及びその混合物であって、数平均分子量が１，０００未満のものに限る。）,first_class,,,name_regex,(?i)^アルコール\(C=9\~11、直鎖型及び分枝型\)エトキシ化物$,draft,,https://laws.e-gov.go.jp/law/412CO0000000138,政令番号1-041（管理番号580）。CAS 160901-09-7。アルコール(C9～11、直鎖型及び分枝型)エトキシ化物はα-アルキル(C9～11)-ω-ヒドロキシポリ(オキシエチレン)。区分は第一種のみ。
prtr,RJ_02_002,トリメチル（オクタデシル）アンモニウムの塩,first_class,,,name_regex,(?i)^Trimethyl\(octadecyl\)ammoniumisopropylsulphate$,draft,,https://laws.e-gov.go.jp/law/412CO0000000138,政令番号1-339（管理番号688）。CAS 78480-18-9。Trimethyl(octadecyl)ammonium isopropyl sulphateはトリメチル(オクタデシル)アンモニウムの塩。
prtr,RJ_02_002,クレゾール,first_class,,,name_regex,(?i)^タール酸のクレゾール留分$,draft,,https://laws.e-gov.go.jp/law/412CO0000000138,政令番号1-110（管理番号86）。CAS 84989-04-8。タール酸のクレゾール留分はクレゾール混合物。
prtr,RJ_02_002,（ＲＳ）－１－パラ－クロロフェニル－４，４－ジメチル－３－（１Ｈ－１，２，４－トリアゾール－１－イルメチル）ペンタン－３－オール（別名テブコナゾール）,first_class,,,name_regex,"(?i)^1\-\(4\-クロロフェニル\)\-4,4\-ジメチル\-3\-\(1H\-1,2,4\-トリアゾール\-1\-イルメチル\)ペンタン\-3\-オール$",draft,,https://laws.e-gov.go.jp/law/412CO0000000138,"政令番号1-145（管理番号117）。CAS 80443-41-0。1-(4-クロロフェニル)-4,4-ジメチル-3-(1H-1,2,4-トリアゾール-1-イルメチル)ペンタン-3-オール＝テブコナゾール。"
prtr,RJ_02_002,イソプロピルアンモニウム＝（ＲＳ）－２－（４－イソプロピル－４－メチル－５－オキソ－２－イミダゾリン－２－イル）ニコチナート（別名イマザピル又はイマザピルイソプロピルアミン塩）,second_class,,,name_regex,"(?i)^2\-\(4\-イソプロピル\-4\-メチル\-5\-オキソ\-4,5\-ジヒドロ\-1H\-イミダゾール\-2\-イル\)ニコチン酸とプロパン\-2\-アミンの化合物$",draft,,https://laws.e-gov.go.jp/law/412CO0000000138,政令番号2-005（管理番号757）。CAS 81510-83-0。イマザピルとプロパン-2-アミンの化合物＝イマザピルイソプロピルアミン塩。
prtr,RJ_02_002,アルファ－（４，６－ジメトキシ－２－ピリミジニルカルバモイルスルファモイル）－オルト－トルイル酸メチル（別名ベンスルフロンメチル）,first_class,,,name_regex,"(?i)^メチル=2\-\(\{\[\(4,6\-ジメトキシピリミジン\-2\-イル\)カルバモイル\]スルファモイル\}メチル\)ベンゾアート$",draft,,https://laws.e-gov.go.jp/law/412CO0000000138,"政令番号1-268（管理番号662）。CAS 83055-99-6。メチル=2-({[(4,6-ジメトキシピリミジン-2-イル)カルバモイル]スルファモイル}メチル)ベンゾアート＝ベンスルフロンメチル。"
prtr,RJ_02_002,２’，４’－ジフルオロ－２－（３－トリフルオロメチルフェノキシ）ニコチンアニリド,second_class,,,name_regex,"(?i)^N\-\(2,4\-ジフルオロフェニル\)\-2\-\[3\-\(トリフルオロメチル\)フェノキシ\]ニコチンアミド$",draft,,https://laws.e-gov.go.jp/law/412CO0000000138,"政令番号2-057（管理番号779）。CAS 83164-33-4。N-(2,4-ジフルオロフェニル)-2-[3-(トリフルオロメチル)フェノキシ]ニコチンアミド＝2',4'-ジフルオロ-2-(3-トリフルオロメチルフェノキシ)ニコチンアニリド（ジフルフェニカン）。"
prtr,RJ_02_002,２－（２，４－ジクロロ－３－メチルフェノキシ）プロピオンアニリド（別名クロメプロップ）,first_class,,,name_regex,"(?i)^2\-\(2,4\-ジクロロ\-3\-メチルフェノキシ\)\-N\-フェニルプロパンアミド$",draft,,https://laws.e-gov.go.jp/law/412CO0000000138,"政令番号1-214（管理番号640）。CAS 84496-56-0。2-(2,4-ジクロロ-3-メチルフェノキシ)-N-フェニルプロパンアミド＝クロメプロップ。"
prtr,RJ_02_002,２－クロロ－２’－エチル－Ｎ－（２－メトキシ－１－メチルエチル）－６’－メチルアセトアニリド（別名メトラクロール）,first_class,,,name_regex,(?i)^(?:2\-クロロ\-N\-\(2\-エチル\-6\-メチルフェニル\)\-N\-\[\(S\)\-1\-メトキシプロパン\-2\-イル\]アセトアミド|2\-クロロ\-N\-\(2\-エチル\-6\-メチルフェニル\)\-N\-\[\(R\)\-1\-メトキシプロパン\-2\-イル\]アセトアミド)$,draft,,https://laws.e-gov.go.jp/law/412CO0000000138,"政令番号1-118（管理番号93）。CAS 87392-12-9, 178961-20-1。メトラクロールの(S)/(R)鏡像異性体（ラセミ名称1-118に含まれる）。"
prtr,RJ_02_002,ナトリウム＝（ドデカノイルオキシ）ベンゼンスルホナート,first_class,,,name_regex,(?i)^ナトリウム=ドデカノイルオキシベンゼンスルホナート$,draft,,https://laws.e-gov.go.jp/law/412CO0000000138,政令番号1-350（管理番号696）。CAS 88380-00-1。ナトリウム=ドデカノイルオキシベンゼンスルホナート＝ナトリウム=(ドデカノイルオキシ)ベンゼンスルホナート。
prtr,RJ_02_002,Ｎ－（６－メトキシ－２－ピリジル）－Ｎ－メチルチオカルバミン酸Ｏ－３－ターシャリ－ブチルフェニル（別名ピリブチカルブ）,first_class,,,name_regex,(?i)^N\-\(6\-メトキシ\-2\-ピリジル\)\-N\-メチルチオカルバミン酸O\-3\-tert\-ブチルフェニル$,draft,,https://laws.e-gov.go.jp/law/412CO0000000138,政令番号1-503（管理番号450）。CAS 88678-67-5。N-(6-メトキシ-2-ピリジル)-N-メチルチオカルバミン酸O-3-tert-ブチルフェニル＝ピリブチカルブ（tert＝ターシャリ表記差）。
prtr,RJ_02_002,１－［４－［２－クロロ－４－（トリフルオロメチル）フェノキシ］－２－フルオロフェニル］－３－（２，６－ジフルオロベンゾイル）尿素（別名フルフェノクスロン）,second_class,,,name_regex,"(?i)^N\-\(\{4\-\[2\-クロロ\-4\-\(トリフルオロメチル\)フェノキシ\]\-2\-フルオロフェニル\}カルバモイル\)\-2,6\-ジフルオロベンズアミド$",draft,,https://laws.e-gov.go.jp/law/412CO0000000138,政令番号2-019（管理番号765）。CAS 101463-69-8。フルフェノクスロン（尿素→カルバモイル…ベンズアミド表記差）。
prtr,RJ_02_002,（４－エトキシフェニル）［３－（４－フルオロ－３－フェノキシフェニル）プロピル］ジメチルシラン（別名シラフルオフェン）,first_class,,,name_regex,(?i)^\(4\-エトキシフェニル\)\[3\-\(4\-フルオロ\-3\-フェノキシフェニル\)プロピル\]\(ジメチル\)シラン$,draft,,https://laws.e-gov.go.jp/law/412CO0000000138,政令番号1-084（管理番号596）。CAS 105024-66-6。(4-エトキシフェニル)[3-(4-フルオロ-3-フェノキシフェニル)プロピル](ジメチル)シラン＝シラフルオフェン。
prtr,RJ_02_002,２－メルカプトベンゾチアゾール,second_class,,,name_regex,"(?i)^1,3\-ベンゾチアゾール\-2\-チオール$",draft,,https://laws.e-gov.go.jp/law/412CO0000000138,"政令番号2-132（管理番号452）。CAS 118090-09-8。1,3-ベンゾチアゾール-2-チオール＝2-メルカプトベンゾチアゾール（互変異性体CAS）。"
prtr,RJ_02_002,（ＲＳ）－５－クロロ－Ｎ－（１，３－ジヒドロ－１，１，３－トリメチルイソベンゾフラン－４－イル）－１，３－ジメチル－１Ｈ－ピラゾール－４－カルボキサミド（別名フラメトピル）,first_class,,,name_regex,"(?i)^5\-クロロ\-1,3\-ジメチル\-N\-\(1,1,3\-トリメチル\-1,3\-ジヒドロイソベンゾフラン\-4\-イル\)\-1H\-ピラゾール\-4\-カルボキサミド$",draft,,https://laws.e-gov.go.jp/law/412CO0000000138,政令番号1-128（管理番号610）。CAS 123572-88-3。フラメトピル（(RS)表記省略）。
prtr,RJ_02_002,［２－［３－（４－クロロフェニル）プロピル］－２，４，４－トリメチル－１，３－オキサゾリジン－３－イル］（１Ｈ－イミダゾール－１－イル）メタノン,second_class,,,name_regex,"(?i)^\{2\-\[3\-\(4\-クロロフェニル\)プロピル\]\-2,4,4\-トリメチル\-1,3\-オキサゾリジン\-3\-イル\}\(1H\-イミダゾール\-1\-イル\)メタノン$",draft,,https://laws.e-gov.go.jp/law/412CO0000000138,"政令番号2-031（管理番号771）。CAS 134074-64-9。{2-[3-(4-クロロフェニル)プロピル]-2,4,4-トリメチル-1,3-オキサゾリジン-3-イル}(1H-イミダゾール-1-イル)メタノン（同一名称の括弧表記差）。"
prtr,RJ_02_002,トランス－Ｎ－（６－クロロ－３－ピリジルメチル）－Ｎ’－シアノ－Ｎ－メチルアセトアミジン（別名アセタミプリド）,first_class,,,name_regex,(?i)^\(E\)\-N\-\[\(6\-クロロ\-3\-ピリジル\)メチル\]\-N'\-シアノ\-N\-メチルアセトイミドアミド$,draft,,https://laws.e-gov.go.jp/law/412CO0000000138,政令番号1-141（管理番号617）。CAS 135410-20-7。(E)-N-[(6-クロロ-3-ピリジル)メチル]-N'-シアノ-N-メチルアセトイミドアミド＝トランス-アセタミプリド。
prtr,RJ_02_002,パラ－アミノフェノール,first_class,,,name_regex,(?i)^4\-アミノフェノール三水和物$,draft,,https://laws.e-gov.go.jp/law/412CO0000000138,政令番号1-025（管理番号23）。CAS 136635-71-7。4-アミノフェノール三水和物はパラ-アミノフェノールの水和物。
prtr,RJ_02_002,３－（２－クロロ－１，３－チアゾール－５－イルメチル）－５－メチル－Ｎ－ニトロ－１，３，５－オキサジアジナン－４－イミン（別名チアメトキサム）,first_class,,,name_regex,"(?i)^3\-\[\(2\-クロロ\-1,3\-チアゾール\-5\-イル\)メチル\]\-5\-メチル\-N\-ニトロ\-1,3,5\-オキサジアジナン\-4\-イミン$",draft,,https://laws.e-gov.go.jp/law/412CO0000000138,政令番号1-135（管理番号615）。CAS 153719-23-4。チアメトキサム（同一名称の表記差）。
prtr,RJ_02_002,（ＲＳ）－１－メチル－２－ニトロ－３－（テトラヒドロ－３－フリルメチル）グアニジン（別名ジノテフラン）,first_class,,,name_regex,(?i)^1\-メチル\-2\-ニトロ\-3\-\[\(3\-テトラヒドロフリル\)メチル\]グアニジン$,draft,,https://laws.e-gov.go.jp/law/412CO0000000138,政令番号1-487（管理番号745）。CAS 165252-70-0。ジノテフラン（(RS)表記省略）。
prtr,RJ_02_002,（ＲＳ）－Ｎ－［２－（１，３－ジメチルブチル）－３－チエニル］－１－メチル－３－（トリフルオロメチル）－１Ｈ－ピラゾール－４－カルボキサミド（別名ペンチオピラド）,first_class,,,name_regex,(?i)^1\-メチル\-N\-\[2\-\(4\-メチルペンタン\-2\-イル\)\-3\-チエニル\]\-3\-\(トリフルオロメチル\)\-1H\-ピラゾール\-4\-カルボキサミド$,draft,,https://laws.e-gov.go.jp/law/412CO0000000138,"政令番号1-259（管理番号655）。CAS 183675-82-3。ペンチオピラド（(RS)表記省略、4-メチルペンタン-2-イル＝1,3-ジメチルブチル）。"
prtr,RJ_02_002,［３－（４，５－ジヒドロイソオキサゾール－３－イル）－４－メシル－２－メチルフェニル］（５－ヒドロキシ－１－メチルピラゾール－４－イル）メタノン,second_class,,,name_regex,"(?i)^\[3\-\(4,5\-ジヒドロイソオキサゾール\-3\-イル\)\-2\-メチル\-4\-\(メチルスルホニル\)フェニル\]\(5\-ヒドロキシ\-1\-メチル\-1H\-ピラゾール\-4\-イル\)メタノン$",draft,,https://laws.e-gov.go.jp/law/412CO0000000138,政令番号2-054（管理番号778）。CAS 210631-68-8。トプラメゾン（メチルスルホニル＝メシル表記差）。
prtr,RJ_02_002,１－（２，４－ジクロロフェニル）－Ｎ－（２，４－ジフルオロフェニル）－Ｎ－イソプロピル－５－オキソ－４，５－ジヒドロ－１Ｈ－１，２，４－トリアゾール－４－カルボキサミド（別名イプフェンカルバゾン）,first_class,,,name_regex,"(?i)^1\-\(2,4\-ジクロロフェニル\)\-N\-\(2,4\-ジフルオロフェニル\)\-N\-イソプロピル\-5\-オキソ\-1,5\-ジヒドロ\-4H\-1,2,4\-トリアゾール\-4\-カルボキサミド$",draft,,https://laws.e-gov.go.jp/law/412CO0000000138,政令番号1-195（管理番号637）。CAS 212201-70-2。イプフェンカルバゾン（同一名称の表記差）。
prtr,RJ_02_002,３’－クロロ－４，４’－ジメチル－１，２，３－チアジアゾール－５－カルボキサニリド（別名チアジニル）,first_class,,,name_regex,"(?i)^N\-\(3\-クロロ\-4\-メチルフェニル\)\-4\-メチル\-1,2,3\-チアジアゾール\-5\-カルボキサミド$",draft,,https://laws.e-gov.go.jp/law/412CO0000000138,"政令番号1-131（管理番号611）。CAS 223580-51-6。N-(3-クロロ-4-メチルフェニル)-4-メチル-1,2,3-チアジアゾール-5-カルボキサミド＝チアジニル。"
prtr,RJ_02_002,３，４－ジクロロ－２’－シアノ－１，２－チアゾール－５－カルボキサニリド（別名イソチアニル）,first_class,,,name_regex,"(?i)^3,4\-ジクロロ\-N\-\(2\-シアノフェニル\)イソチアゾール\-5\-カルボキサミド$",draft,,https://laws.e-gov.go.jp/law/412CO0000000138,"政令番号1-185（管理番号634）。CAS 224049-04-1。3,4-ジクロロ-N-(2-シアノフェニル)イソチアゾール-5-カルボキサミド＝イソチアニル。"
prtr,RJ_02_002,Ｎ’－［１，１－ジメチル－２－（メチルスルホニル）エチル］－３－ヨード－Ｎ－［２－メチル－４－［１，２，２，２－テトラフルオロ－１－（トリフルオロメチル）エチル］フェニル］フタルアミド（別名フルベンジアミド）,first_class,,,name_regex,"(?i)^N\-\[4\-\(1,1,1,2,3,3,3\-ヘプタフルオロプロパン\-2\-イル\)\-2\-メチルフェニル\]\-3\-ヨード\-N'\-\[2\-メチル\-1\-\(メチルスルホニル\)プロパン\-2\-イル\]フタルアミド$",draft,,https://laws.e-gov.go.jp/law/412CO0000000138,政令番号1-266（管理番号660）。CAS 272451-65-7。フルベンジアミド（ヘプタフルオロプロパン-2-イル＝テトラフルオロ-1-(トリフルオロメチル)エチル表記差）。
prtr,RJ_02_002,トリエチレンテトラミン,second_class,,,name_regex,"(?i)^N,N'\-ビス\(2\-アミノエチル\)エタン\-1,2\-ジアミン一水和物$",draft,,https://laws.e-gov.go.jp/law/412CO0000000138,"政令番号2-070（管理番号278）。CAS 305808-21-3。N,N'-ビス(2-アミノエチル)エタン-1,2-ジアミン一水和物＝トリエチレンテトラミンの水和物。"
prtr,RJ_02_002,１－アセチル－１，２，３，４－テトラヒドロ－３－［（３－ピリジルメチル）アミノ］－６－［１，２，２，２－テトラフルオロ－１－（トリフルオロメチル）エチル］キナゾリン－２－オン（別名ピリフルキナゾン）,first_class,,,name_regex,"(?i)^1\-アセチル\-6\-\(1,1,1,2,3,3,3\-ヘプタフルオロプロパン\-2\-イル\)\-3\-\[\(ピリジン\-3\-イルメチル\)アミノ\]\-3,4\-ジヒドロキナゾリン\-2\(1H\)\-オン$",draft,,https://laws.e-gov.go.jp/law/412CO0000000138,政令番号1-016（管理番号569）。CAS 337458-27-2。ピリフルキナゾン（同一名称の表記差）。
prtr,RJ_02_002,２－（４－ターシャリ－ブチルフェニル）－２－シアノ－３－オキソ－３－（２－トリフルオロメチルフェニル）プロパン酸＝２－メトキシエチル（別名シフルメトフェン）,first_class,,,name_regex,(?i)^2\-メトキシエチル=2\-\[4\-\(tert\-ブチル\)フェニル\]\-2\-シアノ\-3\-オキソ\-3\-\[2\-\(トリフルオロメチル\)フェニル\]プロパノアート$,draft,,https://laws.e-gov.go.jp/law/412CO0000000138,政令番号1-409（管理番号716）。CAS 400882-07-7。シフルメトフェン（エステル表記差）。
prtr,RJ_02_002,四ナトリウム＝５，８－ビス（カルボジチオアト）－２，５，８，１１，１４－ペンタアザペンタデカンビス（ジチオアート）,first_class,,,name_regex,"(?i)^四ナトリウム=5,8\-ビス\(ジチオカルボキシラト\)\-2,5,8,11,14\-ペンタアザペンタデカンビス\(ジチオアート\)$",draft,,https://laws.e-gov.go.jp/law/412CO0000000138,"政令番号1-225（管理番号643）。CAS 426821-53-6。四ナトリウム=5,8-ビス(ジチオカルボキシラト)-…（カルボジチオアト表記差）。"
prtr,RJ_02_002,２－［２－クロロ－４－メシル－３－［（テトラヒドロフラン－２－イルメトキシ）メチル］ベンゾイル］シクロヘキサン－１，３－ジオン（別名テフリルトリオン）,first_class,,,name_regex,"(?i)^2\-\{2\-クロロ\-4\-\(メチルスルホニル\)\-3\-\[\(オキソラン\-2\-イルメトキシ\)メチル\]ベンゾイル\}シクロヘキサン\-1,3\-ジオン$",draft,,https://laws.e-gov.go.jp/law/412CO0000000138,政令番号1-152（管理番号620）。CAS 473278-76-1。テフリルトリオン（メシル／オキソラン表記差）。
prtr,RJ_02_002,２，２－ジメチルプロパン酸＝（Ｅ）－２－（４－ターシャリ－ブチルフェニル）－２－シアノ－１－（１，３，４－トリメチルピラゾール－５－イル）ビニル（別名シエノピラフェン）,first_class,,,name_regex,"(?i)^\(E\)\-2\-\[4\-\(tert\-ブチル\)フェニル\]\-2\-シアノ\-1\-\(1,3,4\-トリメチル\-1H\-ピラゾール\-5\-イル\)ビニル=2,2\-ジメチルプロパノアート$",draft,,https://laws.e-gov.go.jp/law/412CO0000000138,政令番号1-262（管理番号657）。CAS 560121-52-0。シエノピラフェン（エステル表記差）。
prtr,RJ_02_002,１－アリルオキシ－２，３－エポキシプロパン,first_class,,,name_regex,(?i)^(?:\(S\)\-2\-\[\(アリルオキシ\)メチル\]オキシラン|\(R\)\-2\-\[\(アリルオキシ\)メチル\]オキシラン)$,draft,,https://laws.e-gov.go.jp/law/412CO0000000138,"政令番号1-029（管理番号29）。CAS 95043-55-3, 95043-56-4。アリルグリシジルエーテル（1-アリルオキシ-2,3-エポキシプロパン）の(S)/(R)鏡像異性体。"
prtr,RJ_02_002,オクタブロモジフェニルエーテル,first_class,,,name_regex,"(?i)^(?:1,2,3,4\-テトラブロモ\-5\-\(2,3,4,5\-テトラブロモフェノキシ\)ベンゼン|1,2,3,5\-テトラブロモ\-4\-\(2,3,4,6\-テトラブロモフェノキシ\)ベンゼン)$",draft,,https://laws.e-gov.go.jp/law/412CO0000000138,"政令番号1-095（管理番号600）。CAS 85446-17-9, 117964-21-3。テトラブロモ(テトラブロモフェノキシ)ベンゼンの各位置異性体は臭素8個のジフェニルエーテル＝オクタブロモジフェニルエーテル。"
cwc,RJ_11_001,サキシトキシン,schedule_1,,,name_regex,(?i)\A(?=.*(?:プリン-4-イル\]メチル=カルバマート))(?=.*(?:ジアミノ)),draft,,https://laws.e-gov.go.jp/law/407CO0000000192,"政令別表1項第3欄の(20) サキシトキシン。NITE名称は体系名（…ピロロ[1,2-c]プリン-4-イル]メチル=カルバマート）で与えられるため、その骨格語で一致させる。"
cwc,RJ_11_001,ビス（２－クロロエチル）スルフィド（別名マスタードガス）,schedule_1,,,name_regex,"(?i)\A(?=.*(?:ビス\(2-クロロ.{0,26}エチル\).{0,12}スルファン|ビス\(2-クロロエチル\)スルフィド|マスタードガス))",draft,,https://laws.e-gov.go.jp/law/407CO0000000192,"政令別表1項第3欄の(6) ビス（２－クロロエチル）スルフィド（別名マスタードガス）。NITE名称は「スルファン」表記で、同位体標識体（(35)S、(2)H4等）を括弧内に挟むため .{0,26} で吸収する。"
cwc,RJ_11_001,１，３－ビス（２－クロロエチルチオ）－ｎ－プロパン,schedule_1,,,name_regex,"(?i)\A(?=.*(?:1,3-ビス\(2-クロロエチルチオ\)(-n-)?プロパン))",draft,,https://laws.e-gov.go.jp/law/407CO0000000192,政令別表1項第3欄の(9) １，３－ビス（２－クロロエチルチオ）－ｎ－プロパン。NITE名称に「n-」が入らない表記ゆれを許容。
cwc,RJ_11_001,１，４－ビス（２－クロロエチルチオ）－ｎ－ブタン,schedule_1,,,name_regex,"(?i)\A(?=.*(?:1,4-ビス\(2-クロロエチルチオ\)(-n-)?ブタン))",draft,,https://laws.e-gov.go.jp/law/407CO0000000192,政令別表1項第3欄の(10) １，４－ビス（２－クロロエチルチオ）－ｎ－ブタン。
cwc,RJ_11_001,１，５－ビス（２－クロロエチルチオ）－ｎ－ペンタン,schedule_1,,,name_regex,"(?i)\A(?=.*(?:1,5-ビス\(2-クロロエチルチオ\)(-n-)?ペンタン))",draft,,https://laws.e-gov.go.jp/law/407CO0000000192,政令別表1項第3欄の(11) １，５－ビス（２－クロロエチルチオ）－ｎ－ペンタン。
cwc,RJ_11_001,ビス（２－クロロエチル）エチルアミン（別名ＨＮ１）,schedule_1,,,name_regex,(?i)\A(?=.*(?:N-エチル\[?ビス\(2-クロロエチル\)\]?アミン|ビス\(2-クロロエチル\)エチルアミン)),draft,,https://laws.e-gov.go.jp/law/407CO0000000192,政令別表1項第3欄の(17) ビス（２－クロロエチル）エチルアミン（別名ＨＮ１）。塩酸塩等の塩も同一掲名（プロトン化塩）として一致させる。
cwc,RJ_11_001,ビス（２－クロロエチル）メチルアミン（別名ＨＮ２）,schedule_1,,,name_regex,(?i)\A(?=.*(?:N-メチル\[?ビス\(2-クロロエチル\)\]?アミン|ビス\(2-クロロエチル\)メチルアミン)),draft,,https://laws.e-gov.go.jp/law/407CO0000000192,政令別表1項第3欄の(18) ビス（２－クロロエチル）メチルアミン（別名ＨＮ２）。塩酸塩を含む。
cwc,RJ_11_001,トリス（２－クロロエチル）アミン（別名ＨＮ３）,schedule_1,,,name_regex,(?i)\A(?=.*(?:トリス\(2-クロロエチル\)アミン)),draft,,https://laws.e-gov.go.jp/law/407CO0000000192,政令別表1項第3欄の(19) トリス（２－クロロエチル）アミン（別名ＨＮ３）。塩酸塩を含む。
cwc,RJ_11_001,２－クロロビニルジクロロアルシン（別名ルイサイト１）,schedule_1,,,name_regex,(?i)\A(?=.*(?:ジクロロ\(2-クロロビニル\)アルサン|2-クロロビニルジクロロアルシン)),draft,,https://laws.e-gov.go.jp/law/407CO0000000192,政令別表1項第3欄の(14) ２－クロロビニルジクロロアルシン（別名ルイサイト１）。NITE名称は(Z)-ジクロロ(2-クロロビニル)アルサン。
cwc,RJ_11_001,Ｏ－アルキル＝アルキルホスホノフルオリダート（Ｏ－アルキルのアルキル基がシクロアルキル基であるものを含み、Ｏ－アルキルのアルキル基の炭素数が１０以下であり、かつ、アルキルホスホノフルオリダートのアルキル基の炭素数が３以下であるものに限る。）,schedule_1,,,name_regex,(?i)\A(?=.*(?:(メチル|エチル|プロピル|イソプロピル)ホスホノフルオリダート))(?!.*(?:フェニル=|エン-\d+-イル=|イン-\d+-イル=)),draft,,https://laws.e-gov.go.jp/law/407CO0000000192,政令別表1項第3欄の(1) Ｏ－アルキル＝アルキルホスホノフルオリダート（Ｏ－アルキル…炭素数１０以下、ホスホノフルオリダートのアルキル基は炭素数３以下に限る）。P上アルキルをメチル/エチル/プロピル/イソプロピル（C3以下）に限定して一致させ、Ｏ側がアルキル（シクロアルキル含む）でないもの（フェニルエステル、アルケニル/アルキニルエステル）は否定先読みで外し、第１種指定物質側（政令別表2項第4欄の(1)）に落とす。Ｏ側C10以下は本一覧の該当名称がすべてC10以下であることを確認した上での運用。
cwc,RJ_11_001,Ｏ－アルキル＝Ｎ，Ｎ－ジアルキル＝ホスホルアミドシアニダート（Ｏ－アルキルのアルキル基がシクロアルキル基であるものを含み、Ｏ－アルキルのアルキル基の炭素数が１０以下であり、かつ、Ｎ，Ｎ－ジアルキルのアルキル基の炭素数が３以下であるものに限る。）,schedule_1,,,name_regex,(?i)\A(?=.*(?:ホスホルアミドシアニダート)),draft,,https://laws.e-gov.go.jp/law/407CO0000000192,政令別表1項第3欄の(2) Ｏ－アルキル＝Ｎ，Ｎ－ジアルキル＝ホスホルアミドシアニダート。Ｏ側C10以下・Ｎ側C3以下の限定は、本一覧の該当名称（メチル〜デシル、ジメチル〜ジプロピル）がいずれも範囲内であることを確認済み。
cwc,RJ_11_001,Ｓ－２－ジアルキルアミノエチル＝ヒドロゲン＝アルキルホスホノチオラート（Ｓ－２－ジアルキルアミノエチル及びアルキルホスホノチオラートのアルキル基の炭素数が３以下であるものに限る。）並びにそのアルキル化塩類及びプロトン化塩類,schedule_1,,,name_regex,(?i)\A(?=.*(?:(メチル|エチル|プロピル|イソプロピル)ホスホノチオアート))(?=.*(?:アミノ\)?エチル))(?=.*(?:水素=)),draft,,https://laws.e-gov.go.jp/law/407CO0000000192,政令別表1項第3欄の(4) Ｓ－２－ジアルキルアミノエチル＝ヒドロゲン＝アルキルホスホノチオラート（アルキル基C3以下）。ヒドロゲン体（NITE名称では「水素＝」）を(3)より先に置く。
cwc,RJ_11_001,Ｏ－アルキル＝Ｓ－２－ジアルキルアミノエチル＝アルキルホスホノチオラート（Ｏ－アルキルのアルキル基がシクロアルキル基であるものを含み、Ｏ－アルキルのアルキル基の炭素数が１０以下であり、かつ、Ｓ－２－ジアルキルアミノエチル及びアルキルホスホノチオラートのアルキル基の炭素数が３以下であるものに限る。）並びにそのアルキル化塩類及びプロトン化塩類,schedule_1,,,name_regex,(?i)\A(?:(?=.*(?:(メチル|エチル|プロピル|イソプロピル)ホスホノチオアート))(?=.*(?:アミノ\)?エチル))|(?=.*(?:スルファニル))(?=.*(?:アンモニウム))(?=.*(?:\((メチル|エチル|プロピル|イソプロピル)\)ホスホリル|エチル\(イソプロポキシ\)ホスホリル))),draft,,https://laws.e-gov.go.jp/law/407CO0000000192,政令別表1項第3欄の(3) Ｏ－アルキル＝Ｓ－２－ジアルキルアミノエチル＝アルキルホスホノチオラート並びにそのアルキル化塩類及びプロトン化塩類。前段はＶＸ型（P上アルキルC3以下＋ジアルキルアミノエチルチオ）、後段はアルキル化塩（〜ホスホリル］スルファニル｝エチル）（トリアルキル）アンモニウム塩）で、りん原子上にアルキルを持つもののみを対象とし、ジエトキシホスホリル体（アミトンのアルキル化塩＝第１種指定物質）は括弧付きアルキルの要求で除外する。
cwc,RJ_11_001,アルキルホスホニルジフルオリド（アルキル基の炭素数が３以下であるものに限る。）,schedule_1,,,name_regex,(?i)\A(?=.*(?:(メチル|エチル|プロピル|イソプロピル)ホスホニルジフルオリド|(メチル|エチル|プロピル|イソプロピル)ホスホン酸=ジフルオリド)),draft,,https://laws.e-gov.go.jp/law/407CO0000000192,政令別表1項第4欄の(1) アルキルホスホニルジフルオリド（アルキル基の炭素数が３以下であるものに限る。）。P上アルキルをC3以下に限定。同位体標識体・ジクロリドとの混合物名称も一致する。
cwc,RJ_11_001,Ｏ－イソプロピル＝メチルホスホノクロリダート（別名クロロサリン）,schedule_1,,,name_regex,(?i)\A(?=.*(?:O-イソプロピル=メチルホスホノクロリダート|クロロサリン)),draft,,https://laws.e-gov.go.jp/law/407CO0000000192,政令別表1項第4欄の(4) Ｏ－イソプロピル＝メチルホスホノクロリダート（別名クロロサリン）。特定物質として個別掲名されており、第１種指定物質の包括規定（2項4欄(1)）から除かれるため、包括規則より前に置いて先取りする。
cwc,RJ_11_001,Ｏ－ピナコリル＝メチルホスホノクロリダート（別名クロロソマン）,schedule_1,,,name_regex,(?i)\A(?=.*(?:O-ピナコリル=メチルホスホノクロリダート|クロロソマン)),draft,,https://laws.e-gov.go.jp/law/407CO0000000192,政令別表1項第4欄の(5) Ｏ－ピナコリル＝メチルホスホノクロリダート（別名クロロソマン）。同上の理由で包括規則より前に置く。
cwc,RJ_11_001,Ｏ－アルキル＝Ｏ－２－ジアルキルアミノエチル＝アルキルホスホニット（Ｏ－アルキルのアルキル基がシクロアルキル基であるものを含み、Ｏ－アルキルのアルキル基の炭素数が１０以下であり、かつ、Ｏ－２－ジアルキルアミノエチル及びアルキルホスホニットのアルキル基の炭素数が３以下であるものに限る。）並びにそのアルキル化塩類及びプロトン化塩類,schedule_1,,,name_regex,(?i)\A(?=.*(?:ホスホニット))(?=.*(?:アミノ\)?エチル)),draft,,https://laws.e-gov.go.jp/law/407CO0000000192,政令別表1項第4欄の(2) Ｏ－アルキル＝Ｏ－２－ジアルキルアミノエチル＝アルキルホスホニット。ジアルキルアミノエチルを持たない単純ホスホニット（ジエチル＝メチルホスホニット等）は第１種指定物質（2項4欄(1)）に落とす。
cwc,RJ_11_001,Ｐ－アルキル－Ｎ－［１－（ジアルキルアミノ）アルキリデン］ホスホンアミド酸＝フルオリド（Ｐ－アルキル又はジアルキルアミノのアルキル基がシクロアルキル基であるもの及びアルキリデン基がシクロアルキルメチリデン基であるものを含み、Ｐ－アルキル及びジアルキルアミノのアルキル基の炭素数が１０以下であり、かつ、アルキリデン基の炭素数が１１（アルキリデン基がシクロアルキルメチリデン基である場合にあっては、シクロアルキルのアルキル基の炭素数が１０）以下であるものに限る。）並びにそのアルキル化塩類及びプロトン化塩類,schedule_1,,,name_regex,(?i)\A(?=.*(?:ホスホンアミド酸=フルオリド))(?=.*(?:P-))(?!.*(?:ビス\(ジエチルアミノ\)メチリデン)),draft,,https://laws.e-gov.go.jp/law/407CO0000000192,政令別表1項第3欄の(22) Ｐ－アルキル－Ｎ－［１－（ジアルキルアミノ）アルキリデン］ホスホンアミド酸＝フルオリド。個別掲名の(26)（Ｎ－［ビス（ジエチルアミノ）メチリデン］－Ｐ－メチル体）は否定先読みで除く。
cwc,RJ_11_001,Ｎ－［ビス（ジエチルアミノ）メチリデン］－Ｐ－メチルホスホンアミド酸＝フルオリド,schedule_1,,,name_regex,(?i)\A(?=.*(?:N-\[ビス\(ジエチルアミノ\)メチリデン\]-P-メチルホスホンアミド酸=フルオリド)),draft,,https://laws.e-gov.go.jp/law/407CO0000000192,政令別表1項第3欄の(26) Ｎ－［ビス（ジエチルアミノ）メチリデン］－Ｐ－メチルホスホンアミド酸＝フルオリド。個別掲名の特定物質であり、(22)の包括規則からは否定先読みで除いてあるため、ここで明示的に特定物質として拾い、第１種指定物質の包括規定（2項4欄(1)）に落ちないようにする。
cwc,RJ_11_001,アルキル＝Ｎ－［１－（ジアルキルアミノ）アルキリデン］ホスホロアミドフルオリダート（ホスホロアミドフルオリダートに結合するアルキル基又はジアルキルアミノのアルキル基がシクロアルキル基であるもの及びアルキリデン基がシクロアルキルメチリデン基であるものを含み、ホスホロアミドフルオリダートに結合するアルキル基及びジアルキルアミノのアルキル基の炭素数が１０以下であり、かつ、アルキリデン基の炭素数が１１（アルキリデン基がシクロアルキルメチリデン基である場合にあっては、シクロアルキルのアルキル基の炭素数が１０）以下であるものに限る。）並びにそのアルキル化塩類及びプロトン化塩類,schedule_1,,,name_regex,(?i)\A(?=.*(?:ホスホルアミドフルオリダート)),draft,,https://laws.e-gov.go.jp/law/407CO0000000192,政令別表1項第3欄の(25) アルキル＝Ｎ－［１－（ジアルキルアミノ）アルキリデン］ホスホロアミドフルオリダート。NITE名称は「ホスホルアミドフルオリダート」表記。
cwc,RJ_11_001,Ｎ－アセチルオキシアルキル－Ｎ，Ｎ，Ｎ′，Ｎ′－テトラアルキル－Ｎ′－｛［３－（ジメチルカルバモイルオキシ）ピリジン－２－イル］メチル｝－Ｎ，Ｎ′－（デカン－１，Ｘ－ジイル）ジアンモニウム＝ジブロミド（アセチルオキシアルキル基がシアノアルキル基又はヒドロキシアルキル基であるものを含み、アセチルオキシアルキル（アセチルオキシアルキル基がシアノアルキル基又はヒドロキシアルキル基である場合にあっては、それぞれシアノアルキル又はヒドロキシアルキル）及びテトラアルキルのアルキル基の炭素数が１０以下であり、かつ、アセチルオキシ基（アセチルオキシアルキル基がシアノアルキル基又はヒドロキシアルキル基である場合にあっては、それぞれシアノ基又はヒドロキシ基）がその結合するアルキル基と当該アルキル基の位置番号１から８までのいずれかの炭素原子において結合しているものに限る。）（Ｘは、１から１０までの整数を表すものとする。）,schedule_1,,,name_regex,(?i)\A(?=.*(?:カルバモイル\)オキシ\]ピリジン-2-イル))(?=.*(?:ヒドロキシエチル)),draft,,https://laws.e-gov.go.jp/law/407CO0000000192,政令別表1項第3欄の(27) Ｎ－アセチルオキシアルキル－…－ジアンモニウム＝ジブロミド（アセチルオキシアルキル基がシアノアルキル基又はヒドロキシアルキル基であるものを含む）。ヒドロキシアルキル体を本掲名に寄せる。
cwc,RJ_11_001,Ｎ，Ｎ，Ｎ′，Ｎ′－テトラアルキル－Ｎ，Ｎ′－ビス｛［３－（ジメチルカルバモイルオキシ）ピリジン－２－イル］メチル｝－Ｎ，Ｎ′－（２，Ｘ１－ジオキソアルカン－１，Ｘ２－ジイル）ジアンモニウム＝ジブロミド（アルカンの構造が直鎖であり、当該アルカンの炭素数が４以上１２以下であり、かつ、テトラアルキルのアルキル基の炭素数が１０以下であるものに限る。）（Ｘ１は当該アルカンの炭素数から１を減じた数を、Ｘ２は当該アルカンの炭素数と等しい数を表すものとする。）,schedule_1,,,name_regex,"(?i)\A(?=.*(?:カルバモイル\)オキシ\]ピリジン-2-イル))(?=.*(?:ジオキソデカン|ジオキソ.{0,6}カン-1,))",draft,,https://laws.e-gov.go.jp/law/407CO0000000192,政令別表1項第3欄の(29) Ｎ，Ｎ，Ｎ′，Ｎ′－テトラアルキル－…－Ｎ，Ｎ′－（２，Ｘ１－ジオキソアルカン－１，Ｘ２－ジイル）ジアンモニウム＝ジブロミド。ジオキソアルカンジイル鎖を持つ体を本掲名に寄せる。
cwc,RJ_11_001,Ｏ，Ｏ’－ジエチル＝Ｓ－［２－（ジエチルアミノ）エチル］＝ホスホロチオラート（別名アミトン）並びにそのアルキル化塩類及びプロトン化塩類,schedule_2,,,name_regex,"(?i)\A(?!(?=.*(?:プリン-4-イル\]メチル=カルバマート))(?=.*(?:ジアミノ)))(?!(?=.*(?:ビス\(2-クロロ.{0,26}エチル\).{0,12}スルファン|ビス\(2-クロロエチル\)スルフィド|マスタードガス)))(?!(?=.*(?:1,3-ビス\(2-クロロエチルチオ\)(-n-)?プロパン)))(?!(?=.*(?:1,4-ビス\(2-クロロエチルチオ\)(-n-)?ブタン)))(?!(?=.*(?:1,5-ビス\(2-クロロエチルチオ\)(-n-)?ペンタン)))(?!(?=.*(?:N-エチル\[?ビス\(2-クロロエチル\)\]?アミン|ビス\(2-クロロエチル\)エチルアミン)))(?!(?=.*(?:N-メチル\[?ビス\(2-クロロエチル\)\]?アミン|ビス\(2-クロロエチル\)メチルアミン)))(?!(?=.*(?:トリス\(2-クロロエチル\)アミン)))(?!(?=.*(?:ジクロロ\(2-クロロビニル\)アルサン|2-クロロビニルジクロロアルシン)))(?!(?=.*(?:(メチル|エチル|プロピル|イソプロピル)ホスホノフルオリダート))(?!.*(?:フェニル=|エン-\d+-イル=|イン-\d+-イル=)))(?!(?=.*(?:ホスホルアミドシアニダート)))(?!(?=.*(?:(メチル|エチル|プロピル|イソプロピル)ホスホノチオアート))(?=.*(?:アミノ\)?エチル))(?=.*(?:水素=)))(?!(?:(?=.*(?:(メチル|エチル|プロピル|イソプロピル)ホスホノチオアート))(?=.*(?:アミノ\)?エチル))|(?=.*(?:スルファニル))(?=.*(?:アンモニウム))(?=.*(?:\((メチル|エチル|プロピル|イソプロピル)\)ホスホリル|エチル\(イソプロポキシ\)ホスホリル))))(?!(?=.*(?:(メチル|エチル|プロピル|イソプロピル)ホスホニルジフルオリド|(メチル|エチル|プロピル|イソプロピル)ホスホン酸=ジフルオリド)))(?!(?=.*(?:O-イソプロピル=メチルホスホノクロリダート|クロロサリン)))(?!(?=.*(?:O-ピナコリル=メチルホスホノクロリダート|クロロソマン)))(?!(?=.*(?:ホスホニット))(?=.*(?:アミノ\)?エチル)))(?!(?=.*(?:ホスホンアミド酸=フルオリド))(?=.*(?:P-))(?!.*(?:ビス\(ジエチルアミノ\)メチリデン)))(?!(?=.*(?:N-\[ビス\(ジエチルアミノ\)メチリデン\]-P-メチルホスホンアミド酸=フルオリド)))(?!(?=.*(?:ホスホルアミドフルオリダート)))(?!(?=.*(?:カルバモイル\)オキシ\]ピリジン-2-イル))(?=.*(?:ヒドロキシエチル)))(?!(?=.*(?:カルバモイル\)オキシ\]ピリジン-2-イル))(?=.*(?:ジオキソデカン|ジオキソ.{0,6}カン-1,)))(?:(?=.*(?:ホスホロチオアート))(?=.*(?:アミノ\)?エチル))|(?=.*(?:ジエトキシホスホリル))(?=.*(?:スルファニル)))",draft,,https://laws.e-gov.go.jp/law/407CO0000000192,政令別表2項第3欄の(1) アミトン並びにそのアルキル化塩類及びプロトン化塩類。りん原子にアルキルが結合しないホスホロチオアート（＝アミトン骨格）で、特定物質のホスホノチオアート（P-アルキル）と語で区別する。後段はアルキル化塩（ジエトキシホスホリル…スルファニル…アンモニウム）。
cwc,RJ_11_001,３－キヌクリジニル＝ベンジラート（別名ＢＺ）,schedule_2,,,name_regex,"(?i)\A(?!(?=.*(?:プリン-4-イル\]メチル=カルバマート))(?=.*(?:ジアミノ)))(?!(?=.*(?:ビス\(2-クロロ.{0,26}エチル\).{0,12}スルファン|ビス\(2-クロロエチル\)スルフィド|マスタードガス)))(?!(?=.*(?:1,3-ビス\(2-クロロエチルチオ\)(-n-)?プロパン)))(?!(?=.*(?:1,4-ビス\(2-クロロエチルチオ\)(-n-)?ブタン)))(?!(?=.*(?:1,5-ビス\(2-クロロエチルチオ\)(-n-)?ペンタン)))(?!(?=.*(?:N-エチル\[?ビス\(2-クロロエチル\)\]?アミン|ビス\(2-クロロエチル\)エチルアミン)))(?!(?=.*(?:N-メチル\[?ビス\(2-クロロエチル\)\]?アミン|ビス\(2-クロロエチル\)メチルアミン)))(?!(?=.*(?:トリス\(2-クロロエチル\)アミン)))(?!(?=.*(?:ジクロロ\(2-クロロビニル\)アルサン|2-クロロビニルジクロロアルシン)))(?!(?=.*(?:(メチル|エチル|プロピル|イソプロピル)ホスホノフルオリダート))(?!.*(?:フェニル=|エン-\d+-イル=|イン-\d+-イル=)))(?!(?=.*(?:ホスホルアミドシアニダート)))(?!(?=.*(?:(メチル|エチル|プロピル|イソプロピル)ホスホノチオアート))(?=.*(?:アミノ\)?エチル))(?=.*(?:水素=)))(?!(?:(?=.*(?:(メチル|エチル|プロピル|イソプロピル)ホスホノチオアート))(?=.*(?:アミノ\)?エチル))|(?=.*(?:スルファニル))(?=.*(?:アンモニウム))(?=.*(?:\((メチル|エチル|プロピル|イソプロピル)\)ホスホリル|エチル\(イソプロポキシ\)ホスホリル))))(?!(?=.*(?:(メチル|エチル|プロピル|イソプロピル)ホスホニルジフルオリド|(メチル|エチル|プロピル|イソプロピル)ホスホン酸=ジフルオリド)))(?!(?=.*(?:O-イソプロピル=メチルホスホノクロリダート|クロロサリン)))(?!(?=.*(?:O-ピナコリル=メチルホスホノクロリダート|クロロソマン)))(?!(?=.*(?:ホスホニット))(?=.*(?:アミノ\)?エチル)))(?!(?=.*(?:ホスホンアミド酸=フルオリド))(?=.*(?:P-))(?!.*(?:ビス\(ジエチルアミノ\)メチリデン)))(?!(?=.*(?:N-\[ビス\(ジエチルアミノ\)メチリデン\]-P-メチルホスホンアミド酸=フルオリド)))(?!(?=.*(?:ホスホルアミドフルオリダート)))(?!(?=.*(?:カルバモイル\)オキシ\]ピリジン-2-イル))(?=.*(?:ヒドロキシエチル)))(?!(?=.*(?:カルバモイル\)オキシ\]ピリジン-2-イル))(?=.*(?:ジオキソデカン|ジオキソ.{0,6}カン-1,)))(?=.*(?:キヌクリジン-3-イル=ヒドロキシ\(ジフェニル\)アセタート|キヌクリジニル=ベンジラート))",draft,,https://laws.e-gov.go.jp/law/407CO0000000192,政令別表2項第3欄の(3) ３－キヌクリジニル＝ベンジラート（別名ＢＺ）。光学異性体名称も一致する。
cwc,RJ_11_001,Ｎ，Ｎ－ジアルキルホスホルアミジク＝ジハリド（アルキル基の炭素数が３以下であるものに限る。）,schedule_2,,,name_regex,"(?i)\A(?!(?=.*(?:プリン-4-イル\]メチル=カルバマート))(?=.*(?:ジアミノ)))(?!(?=.*(?:ビス\(2-クロロ.{0,26}エチル\).{0,12}スルファン|ビス\(2-クロロエチル\)スルフィド|マスタードガス)))(?!(?=.*(?:1,3-ビス\(2-クロロエチルチオ\)(-n-)?プロパン)))(?!(?=.*(?:1,4-ビス\(2-クロロエチルチオ\)(-n-)?ブタン)))(?!(?=.*(?:1,5-ビス\(2-クロロエチルチオ\)(-n-)?ペンタン)))(?!(?=.*(?:N-エチル\[?ビス\(2-クロロエチル\)\]?アミン|ビス\(2-クロロエチル\)エチルアミン)))(?!(?=.*(?:N-メチル\[?ビス\(2-クロロエチル\)\]?アミン|ビス\(2-クロロエチル\)メチルアミン)))(?!(?=.*(?:トリス\(2-クロロエチル\)アミン)))(?!(?=.*(?:ジクロロ\(2-クロロビニル\)アルサン|2-クロロビニルジクロロアルシン)))(?!(?=.*(?:(メチル|エチル|プロピル|イソプロピル)ホスホノフルオリダート))(?!.*(?:フェニル=|エン-\d+-イル=|イン-\d+-イル=)))(?!(?=.*(?:ホスホルアミドシアニダート)))(?!(?=.*(?:(メチル|エチル|プロピル|イソプロピル)ホスホノチオアート))(?=.*(?:アミノ\)?エチル))(?=.*(?:水素=)))(?!(?:(?=.*(?:(メチル|エチル|プロピル|イソプロピル)ホスホノチオアート))(?=.*(?:アミノ\)?エチル))|(?=.*(?:スルファニル))(?=.*(?:アンモニウム))(?=.*(?:\((メチル|エチル|プロピル|イソプロピル)\)ホスホリル|エチル\(イソプロポキシ\)ホスホリル))))(?!(?=.*(?:(メチル|エチル|プロピル|イソプロピル)ホスホニルジフルオリド|(メチル|エチル|プロピル|イソプロピル)ホスホン酸=ジフルオリド)))(?!(?=.*(?:O-イソプロピル=メチルホスホノクロリダート|クロロサリン)))(?!(?=.*(?:O-ピナコリル=メチルホスホノクロリダート|クロロソマン)))(?!(?=.*(?:ホスホニット))(?=.*(?:アミノ\)?エチル)))(?!(?=.*(?:ホスホンアミド酸=フルオリド))(?=.*(?:P-))(?!.*(?:ビス\(ジエチルアミノ\)メチリデン)))(?!(?=.*(?:N-\[ビス\(ジエチルアミノ\)メチリデン\]-P-メチルホスホンアミド酸=フルオリド)))(?!(?=.*(?:ホスホルアミドフルオリダート)))(?!(?=.*(?:カルバモイル\)オキシ\]ピリジン-2-イル))(?=.*(?:ヒドロキシエチル)))(?!(?=.*(?:カルバモイル\)オキシ\]ピリジン-2-イル))(?=.*(?:ジオキソデカン|ジオキソ.{0,6}カン-1,)))(?=.*(?:ホスホルアミジク=|ホスホルアミド酸=))(?=.*(?:クロリド|フルオリド|ブロミド))",draft,,https://laws.e-gov.go.jp/law/407CO0000000192,政令別表2項第4欄の(2) Ｎ，Ｎ－ジアルキルホスホルアミジク＝ジハリド（アルキル基の炭素数が３以下であるものに限る。）。本一覧の該当名称はいずれもN上アルキルがメチル/エチル/プロピル/イソプロピルでC3以下。特定物質のホスホンアミド酸＝フルオリド（P-アルキル体）とは「ホスホル」/「ホスホン」の語で区別する。
cwc,RJ_11_001,ジアルキル＝Ｎ，Ｎ－ジアルキルホスホルアミダート（ジアルキル及びＮ，Ｎ－ジアルキルホスホルアミダートのアルキル基の炭素数が３以下であるものに限る。）,schedule_2,,,name_regex,"(?i)\A(?!(?=.*(?:プリン-4-イル\]メチル=カルバマート))(?=.*(?:ジアミノ)))(?!(?=.*(?:ビス\(2-クロロ.{0,26}エチル\).{0,12}スルファン|ビス\(2-クロロエチル\)スルフィド|マスタードガス)))(?!(?=.*(?:1,3-ビス\(2-クロロエチルチオ\)(-n-)?プロパン)))(?!(?=.*(?:1,4-ビス\(2-クロロエチルチオ\)(-n-)?ブタン)))(?!(?=.*(?:1,5-ビス\(2-クロロエチルチオ\)(-n-)?ペンタン)))(?!(?=.*(?:N-エチル\[?ビス\(2-クロロエチル\)\]?アミン|ビス\(2-クロロエチル\)エチルアミン)))(?!(?=.*(?:N-メチル\[?ビス\(2-クロロエチル\)\]?アミン|ビス\(2-クロロエチル\)メチルアミン)))(?!(?=.*(?:トリス\(2-クロロエチル\)アミン)))(?!(?=.*(?:ジクロロ\(2-クロロビニル\)アルサン|2-クロロビニルジクロロアルシン)))(?!(?=.*(?:(メチル|エチル|プロピル|イソプロピル)ホスホノフルオリダート))(?!.*(?:フェニル=|エン-\d+-イル=|イン-\d+-イル=)))(?!(?=.*(?:ホスホルアミドシアニダート)))(?!(?=.*(?:(メチル|エチル|プロピル|イソプロピル)ホスホノチオアート))(?=.*(?:アミノ\)?エチル))(?=.*(?:水素=)))(?!(?:(?=.*(?:(メチル|エチル|プロピル|イソプロピル)ホスホノチオアート))(?=.*(?:アミノ\)?エチル))|(?=.*(?:スルファニル))(?=.*(?:アンモニウム))(?=.*(?:\((メチル|エチル|プロピル|イソプロピル)\)ホスホリル|エチル\(イソプロポキシ\)ホスホリル))))(?!(?=.*(?:(メチル|エチル|プロピル|イソプロピル)ホスホニルジフルオリド|(メチル|エチル|プロピル|イソプロピル)ホスホン酸=ジフルオリド)))(?!(?=.*(?:O-イソプロピル=メチルホスホノクロリダート|クロロサリン)))(?!(?=.*(?:O-ピナコリル=メチルホスホノクロリダート|クロロソマン)))(?!(?=.*(?:ホスホニット))(?=.*(?:アミノ\)?エチル)))(?!(?=.*(?:ホスホンアミド酸=フルオリド))(?=.*(?:P-))(?!.*(?:ビス\(ジエチルアミノ\)メチリデン)))(?!(?=.*(?:N-\[ビス\(ジエチルアミノ\)メチリデン\]-P-メチルホスホンアミド酸=フルオリド)))(?!(?=.*(?:ホスホルアミドフルオリダート)))(?!(?=.*(?:カルバモイル\)オキシ\]ピリジン-2-イル))(?=.*(?:ヒドロキシエチル)))(?!(?=.*(?:カルバモイル\)オキシ\]ピリジン-2-イル))(?=.*(?:ジオキソデカン|ジオキソ.{0,6}カン-1,)))(?=.*(?:ホスホルアミダート))",draft,,https://laws.e-gov.go.jp/law/407CO0000000192,政令別表2項第4欄の(3) ジアルキル＝Ｎ，Ｎ－ジアルキルホスホルアミダート（アルキル基の炭素数が３以下であるものに限る。）。本一覧の該当名称はすべてメチル/エチル/プロピル/イソプロピル体でC3以下。
cwc,RJ_11_001,キヌクリジン－３－オール,schedule_2,,,name_regex,"(?i)\A(?!(?=.*(?:プリン-4-イル\]メチル=カルバマート))(?=.*(?:ジアミノ)))(?!(?=.*(?:ビス\(2-クロロ.{0,26}エチル\).{0,12}スルファン|ビス\(2-クロロエチル\)スルフィド|マスタードガス)))(?!(?=.*(?:1,3-ビス\(2-クロロエチルチオ\)(-n-)?プロパン)))(?!(?=.*(?:1,4-ビス\(2-クロロエチルチオ\)(-n-)?ブタン)))(?!(?=.*(?:1,5-ビス\(2-クロロエチルチオ\)(-n-)?ペンタン)))(?!(?=.*(?:N-エチル\[?ビス\(2-クロロエチル\)\]?アミン|ビス\(2-クロロエチル\)エチルアミン)))(?!(?=.*(?:N-メチル\[?ビス\(2-クロロエチル\)\]?アミン|ビス\(2-クロロエチル\)メチルアミン)))(?!(?=.*(?:トリス\(2-クロロエチル\)アミン)))(?!(?=.*(?:ジクロロ\(2-クロロビニル\)アルサン|2-クロロビニルジクロロアルシン)))(?!(?=.*(?:(メチル|エチル|プロピル|イソプロピル)ホスホノフルオリダート))(?!.*(?:フェニル=|エン-\d+-イル=|イン-\d+-イル=)))(?!(?=.*(?:ホスホルアミドシアニダート)))(?!(?=.*(?:(メチル|エチル|プロピル|イソプロピル)ホスホノチオアート))(?=.*(?:アミノ\)?エチル))(?=.*(?:水素=)))(?!(?:(?=.*(?:(メチル|エチル|プロピル|イソプロピル)ホスホノチオアート))(?=.*(?:アミノ\)?エチル))|(?=.*(?:スルファニル))(?=.*(?:アンモニウム))(?=.*(?:\((メチル|エチル|プロピル|イソプロピル)\)ホスホリル|エチル\(イソプロポキシ\)ホスホリル))))(?!(?=.*(?:(メチル|エチル|プロピル|イソプロピル)ホスホニルジフルオリド|(メチル|エチル|プロピル|イソプロピル)ホスホン酸=ジフルオリド)))(?!(?=.*(?:O-イソプロピル=メチルホスホノクロリダート|クロロサリン)))(?!(?=.*(?:O-ピナコリル=メチルホスホノクロリダート|クロロソマン)))(?!(?=.*(?:ホスホニット))(?=.*(?:アミノ\)?エチル)))(?!(?=.*(?:ホスホンアミド酸=フルオリド))(?=.*(?:P-))(?!.*(?:ビス\(ジエチルアミノ\)メチリデン)))(?!(?=.*(?:N-\[ビス\(ジエチルアミノ\)メチリデン\]-P-メチルホスホンアミド酸=フルオリド)))(?!(?=.*(?:ホスホルアミドフルオリダート)))(?!(?=.*(?:カルバモイル\)オキシ\]ピリジン-2-イル))(?=.*(?:ヒドロキシエチル)))(?!(?=.*(?:カルバモイル\)オキシ\]ピリジン-2-イル))(?=.*(?:ジオキソデカン|ジオキソ.{0,6}カン-1,)))(?=.*(?:キヌクリジン-3-オール|キヌクリジノール))",draft,,https://laws.e-gov.go.jp/law/407CO0000000192,政令別表2項第4欄の(6) キヌクリジン－３－オール。光学異性体名称を含む。
cwc,RJ_11_001,２，２－ジフェニル－２－ヒドロキシ酢酸,schedule_2,,,name_regex,"(?i)\A(?!(?=.*(?:プリン-4-イル\]メチル=カルバマート))(?=.*(?:ジアミノ)))(?!(?=.*(?:ビス\(2-クロロ.{0,26}エチル\).{0,12}スルファン|ビス\(2-クロロエチル\)スルフィド|マスタードガス)))(?!(?=.*(?:1,3-ビス\(2-クロロエチルチオ\)(-n-)?プロパン)))(?!(?=.*(?:1,4-ビス\(2-クロロエチルチオ\)(-n-)?ブタン)))(?!(?=.*(?:1,5-ビス\(2-クロロエチルチオ\)(-n-)?ペンタン)))(?!(?=.*(?:N-エチル\[?ビス\(2-クロロエチル\)\]?アミン|ビス\(2-クロロエチル\)エチルアミン)))(?!(?=.*(?:N-メチル\[?ビス\(2-クロロエチル\)\]?アミン|ビス\(2-クロロエチル\)メチルアミン)))(?!(?=.*(?:トリス\(2-クロロエチル\)アミン)))(?!(?=.*(?:ジクロロ\(2-クロロビニル\)アルサン|2-クロロビニルジクロロアルシン)))(?!(?=.*(?:(メチル|エチル|プロピル|イソプロピル)ホスホノフルオリダート))(?!.*(?:フェニル=|エン-\d+-イル=|イン-\d+-イル=)))(?!(?=.*(?:ホスホルアミドシアニダート)))(?!(?=.*(?:(メチル|エチル|プロピル|イソプロピル)ホスホノチオアート))(?=.*(?:アミノ\)?エチル))(?=.*(?:水素=)))(?!(?:(?=.*(?:(メチル|エチル|プロピル|イソプロピル)ホスホノチオアート))(?=.*(?:アミノ\)?エチル))|(?=.*(?:スルファニル))(?=.*(?:アンモニウム))(?=.*(?:\((メチル|エチル|プロピル|イソプロピル)\)ホスホリル|エチル\(イソプロポキシ\)ホスホリル))))(?!(?=.*(?:(メチル|エチル|プロピル|イソプロピル)ホスホニルジフルオリド|(メチル|エチル|プロピル|イソプロピル)ホスホン酸=ジフルオリド)))(?!(?=.*(?:O-イソプロピル=メチルホスホノクロリダート|クロロサリン)))(?!(?=.*(?:O-ピナコリル=メチルホスホノクロリダート|クロロソマン)))(?!(?=.*(?:ホスホニット))(?=.*(?:アミノ\)?エチル)))(?!(?=.*(?:ホスホンアミド酸=フルオリド))(?=.*(?:P-))(?!.*(?:ビス\(ジエチルアミノ\)メチリデン)))(?!(?=.*(?:N-\[ビス\(ジエチルアミノ\)メチリデン\]-P-メチルホスホンアミド酸=フルオリド)))(?!(?=.*(?:ホスホルアミドフルオリダート)))(?!(?=.*(?:カルバモイル\)オキシ\]ピリジン-2-イル))(?=.*(?:ヒドロキシエチル)))(?!(?=.*(?:カルバモイル\)オキシ\]ピリジン-2-イル))(?=.*(?:ジオキソデカン|ジオキソ.{0,6}カン-1,)))(?=.*(?:2,2-ジフェニル-2-ヒドロキシ酢酸|ヒドロキシ\(ジフェニル\)酢酸|ベンジル酸|benzilicacid))",draft,,https://laws.e-gov.go.jp/law/407CO0000000192,政令別表2項第4欄の(5) ２，２－ジフェニル－２－ヒドロキシ酢酸。
cwc,RJ_11_001,Ｎ，Ｎ－ジアルキルアミノエチル－２－クロリド（アルキル基の炭素数が３以下であるものに限る。）及びそのプロトン化塩類,schedule_2,,,name_regex,"(?i)\A(?!(?=.*(?:プリン-4-イル\]メチル=カルバマート))(?=.*(?:ジアミノ)))(?!(?=.*(?:ビス\(2-クロロ.{0,26}エチル\).{0,12}スルファン|ビス\(2-クロロエチル\)スルフィド|マスタードガス)))(?!(?=.*(?:1,3-ビス\(2-クロロエチルチオ\)(-n-)?プロパン)))(?!(?=.*(?:1,4-ビス\(2-クロロエチルチオ\)(-n-)?ブタン)))(?!(?=.*(?:1,5-ビス\(2-クロロエチルチオ\)(-n-)?ペンタン)))(?!(?=.*(?:N-エチル\[?ビス\(2-クロロエチル\)\]?アミン|ビス\(2-クロロエチル\)エチルアミン)))(?!(?=.*(?:N-メチル\[?ビス\(2-クロロエチル\)\]?アミン|ビス\(2-クロロエチル\)メチルアミン)))(?!(?=.*(?:トリス\(2-クロロエチル\)アミン)))(?!(?=.*(?:ジクロロ\(2-クロロビニル\)アルサン|2-クロロビニルジクロロアルシン)))(?!(?=.*(?:(メチル|エチル|プロピル|イソプロピル)ホスホノフルオリダート))(?!.*(?:フェニル=|エン-\d+-イル=|イン-\d+-イル=)))(?!(?=.*(?:ホスホルアミドシアニダート)))(?!(?=.*(?:(メチル|エチル|プロピル|イソプロピル)ホスホノチオアート))(?=.*(?:アミノ\)?エチル))(?=.*(?:水素=)))(?!(?:(?=.*(?:(メチル|エチル|プロピル|イソプロピル)ホスホノチオアート))(?=.*(?:アミノ\)?エチル))|(?=.*(?:スルファニル))(?=.*(?:アンモニウム))(?=.*(?:\((メチル|エチル|プロピル|イソプロピル)\)ホスホリル|エチル\(イソプロポキシ\)ホスホリル))))(?!(?=.*(?:(メチル|エチル|プロピル|イソプロピル)ホスホニルジフルオリド|(メチル|エチル|プロピル|イソプロピル)ホスホン酸=ジフルオリド)))(?!(?=.*(?:O-イソプロピル=メチルホスホノクロリダート|クロロサリン)))(?!(?=.*(?:O-ピナコリル=メチルホスホノクロリダート|クロロソマン)))(?!(?=.*(?:ホスホニット))(?=.*(?:アミノ\)?エチル)))(?!(?=.*(?:ホスホンアミド酸=フルオリド))(?=.*(?:P-))(?!.*(?:ビス\(ジエチルアミノ\)メチリデン)))(?!(?=.*(?:N-\[ビス\(ジエチルアミノ\)メチリデン\]-P-メチルホスホンアミド酸=フルオリド)))(?!(?=.*(?:ホスホルアミドフルオリダート)))(?!(?=.*(?:カルバモイル\)オキシ\]ピリジン-2-イル))(?=.*(?:ヒドロキシエチル)))(?!(?=.*(?:カルバモイル\)オキシ\]ピリジン-2-イル))(?=.*(?:ジオキソデカン|ジオキソ.{0,6}カン-1,)))(?=.*(?:N-\(2-クロロエチル\)ジ(メチル|エチル|プロピル|イソプロピル)アミン|N-\(2-クロロエチル\)-N-|N,N-ジ(メチル|エチル|プロピル|イソプロピル)アミノエチル-2-クロリド|2-クロロ-N-(メチル|エチル|プロピル|イソプロピル)-N-))",draft,,https://laws.e-gov.go.jp/law/407CO0000000192,政令別表2項第4欄の(7) Ｎ，Ｎ－ジアルキルアミノエチル－２－クロリド（アルキル基の炭素数が３以下であるものに限る。）及びそのプロトン化塩類。塩酸塩・スルファート塩も同一掲名。ナイトロジェンマスタード（ビス／トリス（２－クロロエチル）アミン＝特定物質）は「ビス(2-クロロエチル)」の語形が異なるため一致しない。
cwc,RJ_11_001,Ｎ，Ｎ－ジアルキルアミノエタン－２－オール（アルキル基の炭素数が３以下であるものに限り、Ｎ，Ｎ－ジメチルアミノエタノール及びＮ，Ｎ－ジエチルアミノエタノールを除く。）及びそのプロトン化塩類,schedule_2,,,name_regex,"(?i)\A(?!(?=.*(?:プリン-4-イル\]メチル=カルバマート))(?=.*(?:ジアミノ)))(?!(?=.*(?:ビス\(2-クロロ.{0,26}エチル\).{0,12}スルファン|ビス\(2-クロロエチル\)スルフィド|マスタードガス)))(?!(?=.*(?:1,3-ビス\(2-クロロエチルチオ\)(-n-)?プロパン)))(?!(?=.*(?:1,4-ビス\(2-クロロエチルチオ\)(-n-)?ブタン)))(?!(?=.*(?:1,5-ビス\(2-クロロエチルチオ\)(-n-)?ペンタン)))(?!(?=.*(?:N-エチル\[?ビス\(2-クロロエチル\)\]?アミン|ビス\(2-クロロエチル\)エチルアミン)))(?!(?=.*(?:N-メチル\[?ビス\(2-クロロエチル\)\]?アミン|ビス\(2-クロロエチル\)メチルアミン)))(?!(?=.*(?:トリス\(2-クロロエチル\)アミン)))(?!(?=.*(?:ジクロロ\(2-クロロビニル\)アルサン|2-クロロビニルジクロロアルシン)))(?!(?=.*(?:(メチル|エチル|プロピル|イソプロピル)ホスホノフルオリダート))(?!.*(?:フェニル=|エン-\d+-イル=|イン-\d+-イル=)))(?!(?=.*(?:ホスホルアミドシアニダート)))(?!(?=.*(?:(メチル|エチル|プロピル|イソプロピル)ホスホノチオアート))(?=.*(?:アミノ\)?エチル))(?=.*(?:水素=)))(?!(?:(?=.*(?:(メチル|エチル|プロピル|イソプロピル)ホスホノチオアート))(?=.*(?:アミノ\)?エチル))|(?=.*(?:スルファニル))(?=.*(?:アンモニウム))(?=.*(?:\((メチル|エチル|プロピル|イソプロピル)\)ホスホリル|エチル\(イソプロポキシ\)ホスホリル))))(?!(?=.*(?:(メチル|エチル|プロピル|イソプロピル)ホスホニルジフルオリド|(メチル|エチル|プロピル|イソプロピル)ホスホン酸=ジフルオリド)))(?!(?=.*(?:O-イソプロピル=メチルホスホノクロリダート|クロロサリン)))(?!(?=.*(?:O-ピナコリル=メチルホスホノクロリダート|クロロソマン)))(?!(?=.*(?:ホスホニット))(?=.*(?:アミノ\)?エチル)))(?!(?=.*(?:ホスホンアミド酸=フルオリド))(?=.*(?:P-))(?!.*(?:ビス\(ジエチルアミノ\)メチリデン)))(?!(?=.*(?:N-\[ビス\(ジエチルアミノ\)メチリデン\]-P-メチルホスホンアミド酸=フルオリド)))(?!(?=.*(?:ホスホルアミドフルオリダート)))(?!(?=.*(?:カルバモイル\)オキシ\]ピリジン-2-イル))(?=.*(?:ヒドロキシエチル)))(?!(?=.*(?:カルバモイル\)オキシ\]ピリジン-2-イル))(?=.*(?:ジオキソデカン|ジオキソ.{0,6}カン-1,)))(?=.*(?:アミノ\)エタノール|アミノ\]エタノール|アミノエタノール|\(2-ヒドロキシエチル\)ジ(メチル|エチル|プロパン-1-イル|プロピル|イソプロピル)アンモニウム))(?!.*(?:2-\(ジメチルアミノ\)エタノール|2-\(ジエチルアミノ\)エタノール|N,N-ジメチルアミノエタノール|N,N-ジエチルアミノエタノール))",draft,,https://laws.e-gov.go.jp/law/407CO0000000192,政令別表2項第4欄の(8) Ｎ，Ｎ－ジアルキルアミノエタン－２－オール（アルキル基の炭素数が３以下であるものに限り、Ｎ，Ｎ－ジメチルアミノエタノール及びＮ，Ｎ－ジエチルアミノエタノールを除く。）及びそのプロトン化塩類。除外2物質は否定先読みで明示的に外す。エタノールアミン系の第２種指定物質（エチルジエタノールアミン等）は「ジエタノールアミン」語形なので一致しない。
cwc,RJ_11_001,Ｎ，Ｎ－ジアルキルアミノエタン－２－チオール（アルキル基の炭素数が３以下であるものに限る。）及びそのプロトン化塩類,schedule_2,,,name_regex,"(?i)\A(?!(?=.*(?:プリン-4-イル\]メチル=カルバマート))(?=.*(?:ジアミノ)))(?!(?=.*(?:ビス\(2-クロロ.{0,26}エチル\).{0,12}スルファン|ビス\(2-クロロエチル\)スルフィド|マスタードガス)))(?!(?=.*(?:1,3-ビス\(2-クロロエチルチオ\)(-n-)?プロパン)))(?!(?=.*(?:1,4-ビス\(2-クロロエチルチオ\)(-n-)?ブタン)))(?!(?=.*(?:1,5-ビス\(2-クロロエチルチオ\)(-n-)?ペンタン)))(?!(?=.*(?:N-エチル\[?ビス\(2-クロロエチル\)\]?アミン|ビス\(2-クロロエチル\)エチルアミン)))(?!(?=.*(?:N-メチル\[?ビス\(2-クロロエチル\)\]?アミン|ビス\(2-クロロエチル\)メチルアミン)))(?!(?=.*(?:トリス\(2-クロロエチル\)アミン)))(?!(?=.*(?:ジクロロ\(2-クロロビニル\)アルサン|2-クロロビニルジクロロアルシン)))(?!(?=.*(?:(メチル|エチル|プロピル|イソプロピル)ホスホノフルオリダート))(?!.*(?:フェニル=|エン-\d+-イル=|イン-\d+-イル=)))(?!(?=.*(?:ホスホルアミドシアニダート)))(?!(?=.*(?:(メチル|エチル|プロピル|イソプロピル)ホスホノチオアート))(?=.*(?:アミノ\)?エチル))(?=.*(?:水素=)))(?!(?:(?=.*(?:(メチル|エチル|プロピル|イソプロピル)ホスホノチオアート))(?=.*(?:アミノ\)?エチル))|(?=.*(?:スルファニル))(?=.*(?:アンモニウム))(?=.*(?:\((メチル|エチル|プロピル|イソプロピル)\)ホスホリル|エチル\(イソプロポキシ\)ホスホリル))))(?!(?=.*(?:(メチル|エチル|プロピル|イソプロピル)ホスホニルジフルオリド|(メチル|エチル|プロピル|イソプロピル)ホスホン酸=ジフルオリド)))(?!(?=.*(?:O-イソプロピル=メチルホスホノクロリダート|クロロサリン)))(?!(?=.*(?:O-ピナコリル=メチルホスホノクロリダート|クロロソマン)))(?!(?=.*(?:ホスホニット))(?=.*(?:アミノ\)?エチル)))(?!(?=.*(?:ホスホンアミド酸=フルオリド))(?=.*(?:P-))(?!.*(?:ビス\(ジエチルアミノ\)メチリデン)))(?!(?=.*(?:N-\[ビス\(ジエチルアミノ\)メチリデン\]-P-メチルホスホンアミド酸=フルオリド)))(?!(?=.*(?:ホスホルアミドフルオリダート)))(?!(?=.*(?:カルバモイル\)オキシ\]ピリジン-2-イル))(?=.*(?:ヒドロキシエチル)))(?!(?=.*(?:カルバモイル\)オキシ\]ピリジン-2-イル))(?=.*(?:ジオキソデカン|ジオキソ.{0,6}カン-1,)))(?=.*(?:アミノ\)エタンチオール|アミノ\]エタンチオール|アミノエタンチオール))",draft,,https://laws.e-gov.go.jp/law/407CO0000000192,政令別表2項第4欄の(9) Ｎ，Ｎ－ジアルキルアミノエタン－２－チオール（アルキル基の炭素数が３以下であるものに限る。）及びそのプロトン化塩類。塩酸塩を含む。
cwc,RJ_11_001,ビス（２－ヒドロキシエチル）スルフィド（別名チオジグリコール）,schedule_2,,,name_regex,"(?i)\A(?!(?=.*(?:プリン-4-イル\]メチル=カルバマート))(?=.*(?:ジアミノ)))(?!(?=.*(?:ビス\(2-クロロ.{0,26}エチル\).{0,12}スルファン|ビス\(2-クロロエチル\)スルフィド|マスタードガス)))(?!(?=.*(?:1,3-ビス\(2-クロロエチルチオ\)(-n-)?プロパン)))(?!(?=.*(?:1,4-ビス\(2-クロロエチルチオ\)(-n-)?ブタン)))(?!(?=.*(?:1,5-ビス\(2-クロロエチルチオ\)(-n-)?ペンタン)))(?!(?=.*(?:N-エチル\[?ビス\(2-クロロエチル\)\]?アミン|ビス\(2-クロロエチル\)エチルアミン)))(?!(?=.*(?:N-メチル\[?ビス\(2-クロロエチル\)\]?アミン|ビス\(2-クロロエチル\)メチルアミン)))(?!(?=.*(?:トリス\(2-クロロエチル\)アミン)))(?!(?=.*(?:ジクロロ\(2-クロロビニル\)アルサン|2-クロロビニルジクロロアルシン)))(?!(?=.*(?:(メチル|エチル|プロピル|イソプロピル)ホスホノフルオリダート))(?!.*(?:フェニル=|エン-\d+-イル=|イン-\d+-イル=)))(?!(?=.*(?:ホスホルアミドシアニダート)))(?!(?=.*(?:(メチル|エチル|プロピル|イソプロピル)ホスホノチオアート))(?=.*(?:アミノ\)?エチル))(?=.*(?:水素=)))(?!(?:(?=.*(?:(メチル|エチル|プロピル|イソプロピル)ホスホノチオアート))(?=.*(?:アミノ\)?エチル))|(?=.*(?:スルファニル))(?=.*(?:アンモニウム))(?=.*(?:\((メチル|エチル|プロピル|イソプロピル)\)ホスホリル|エチル\(イソプロポキシ\)ホスホリル))))(?!(?=.*(?:(メチル|エチル|プロピル|イソプロピル)ホスホニルジフルオリド|(メチル|エチル|プロピル|イソプロピル)ホスホン酸=ジフルオリド)))(?!(?=.*(?:O-イソプロピル=メチルホスホノクロリダート|クロロサリン)))(?!(?=.*(?:O-ピナコリル=メチルホスホノクロリダート|クロロソマン)))(?!(?=.*(?:ホスホニット))(?=.*(?:アミノ\)?エチル)))(?!(?=.*(?:ホスホンアミド酸=フルオリド))(?=.*(?:P-))(?!.*(?:ビス\(ジエチルアミノ\)メチリデン)))(?!(?=.*(?:N-\[ビス\(ジエチルアミノ\)メチリデン\]-P-メチルホスホンアミド酸=フルオリド)))(?!(?=.*(?:ホスホルアミドフルオリダート)))(?!(?=.*(?:カルバモイル\)オキシ\]ピリジン-2-イル))(?=.*(?:ヒドロキシエチル)))(?!(?=.*(?:カルバモイル\)オキシ\]ピリジン-2-イル))(?=.*(?:ジオキソデカン|ジオキソ.{0,6}カン-1,)))(?=.*(?:チオジエチレングリコール|チオジグリコール|ビス\(2-ヒドロキシエチル\)スルファン|ビス\(2-ヒドロキシエチル\)スルフィド))",draft,,https://laws.e-gov.go.jp/law/407CO0000000192,政令別表2項第4欄の(10) ビス（２－ヒドロキシエチル）スルフィド（別名チオジグリコール）。
cwc,RJ_11_001,３，３－ジメチルブタン－２－オール（別名ピナコリルアルコール）,schedule_2,,,name_regex,"(?i)\A(?!(?=.*(?:プリン-4-イル\]メチル=カルバマート))(?=.*(?:ジアミノ)))(?!(?=.*(?:ビス\(2-クロロ.{0,26}エチル\).{0,12}スルファン|ビス\(2-クロロエチル\)スルフィド|マスタードガス)))(?!(?=.*(?:1,3-ビス\(2-クロロエチルチオ\)(-n-)?プロパン)))(?!(?=.*(?:1,4-ビス\(2-クロロエチルチオ\)(-n-)?ブタン)))(?!(?=.*(?:1,5-ビス\(2-クロロエチルチオ\)(-n-)?ペンタン)))(?!(?=.*(?:N-エチル\[?ビス\(2-クロロエチル\)\]?アミン|ビス\(2-クロロエチル\)エチルアミン)))(?!(?=.*(?:N-メチル\[?ビス\(2-クロロエチル\)\]?アミン|ビス\(2-クロロエチル\)メチルアミン)))(?!(?=.*(?:トリス\(2-クロロエチル\)アミン)))(?!(?=.*(?:ジクロロ\(2-クロロビニル\)アルサン|2-クロロビニルジクロロアルシン)))(?!(?=.*(?:(メチル|エチル|プロピル|イソプロピル)ホスホノフルオリダート))(?!.*(?:フェニル=|エン-\d+-イル=|イン-\d+-イル=)))(?!(?=.*(?:ホスホルアミドシアニダート)))(?!(?=.*(?:(メチル|エチル|プロピル|イソプロピル)ホスホノチオアート))(?=.*(?:アミノ\)?エチル))(?=.*(?:水素=)))(?!(?:(?=.*(?:(メチル|エチル|プロピル|イソプロピル)ホスホノチオアート))(?=.*(?:アミノ\)?エチル))|(?=.*(?:スルファニル))(?=.*(?:アンモニウム))(?=.*(?:\((メチル|エチル|プロピル|イソプロピル)\)ホスホリル|エチル\(イソプロポキシ\)ホスホリル))))(?!(?=.*(?:(メチル|エチル|プロピル|イソプロピル)ホスホニルジフルオリド|(メチル|エチル|プロピル|イソプロピル)ホスホン酸=ジフルオリド)))(?!(?=.*(?:O-イソプロピル=メチルホスホノクロリダート|クロロサリン)))(?!(?=.*(?:O-ピナコリル=メチルホスホノクロリダート|クロロソマン)))(?!(?=.*(?:ホスホニット))(?=.*(?:アミノ\)?エチル)))(?!(?=.*(?:ホスホンアミド酸=フルオリド))(?=.*(?:P-))(?!.*(?:ビス\(ジエチルアミノ\)メチリデン)))(?!(?=.*(?:N-\[ビス\(ジエチルアミノ\)メチリデン\]-P-メチルホスホンアミド酸=フルオリド)))(?!(?=.*(?:ホスホルアミドフルオリダート)))(?!(?=.*(?:カルバモイル\)オキシ\]ピリジン-2-イル))(?=.*(?:ヒドロキシエチル)))(?!(?=.*(?:カルバモイル\)オキシ\]ピリジン-2-イル))(?=.*(?:ジオキソデカン|ジオキソ.{0,6}カン-1,)))(?=.*(?:3,3-ジメチルブタン-2-オール|ピナコリルアルコール))",draft,,https://laws.e-gov.go.jp/law/407CO0000000192,"政令別表2項第4欄の(11) ３，３－ジメチルブタン－２－オール（別名ピナコリルアルコール）。ソマン等のエステル（3,3-ジメチルブタン-2-イル＝…）は「-オール」で終わらないため一致しない。"
cwc,RJ_11_001,炭素数が３以下である１のアルキル基との結合以外に炭素原子との結合のないりん原子を含む化合物であって、次に掲げるもの以外のもの。イ　１の項の第３欄（１）から（４）まで及び第４欄に掲げる物質　ロ　Ｏ－エチル＝Ｓ－フェニル＝エチルホスホノチオロチオナート（別名ホノホス）,schedule_2,,,name_regex,"(?i)\A(?!(?=.*(?:プリン-4-イル\]メチル=カルバマート))(?=.*(?:ジアミノ)))(?!(?=.*(?:ビス\(2-クロロ.{0,26}エチル\).{0,12}スルファン|ビス\(2-クロロエチル\)スルフィド|マスタードガス)))(?!(?=.*(?:1,3-ビス\(2-クロロエチルチオ\)(-n-)?プロパン)))(?!(?=.*(?:1,4-ビス\(2-クロロエチルチオ\)(-n-)?ブタン)))(?!(?=.*(?:1,5-ビス\(2-クロロエチルチオ\)(-n-)?ペンタン)))(?!(?=.*(?:N-エチル\[?ビス\(2-クロロエチル\)\]?アミン|ビス\(2-クロロエチル\)エチルアミン)))(?!(?=.*(?:N-メチル\[?ビス\(2-クロロエチル\)\]?アミン|ビス\(2-クロロエチル\)メチルアミン)))(?!(?=.*(?:トリス\(2-クロロエチル\)アミン)))(?!(?=.*(?:ジクロロ\(2-クロロビニル\)アルサン|2-クロロビニルジクロロアルシン)))(?!(?=.*(?:(メチル|エチル|プロピル|イソプロピル)ホスホノフルオリダート))(?!.*(?:フェニル=|エン-\d+-イル=|イン-\d+-イル=)))(?!(?=.*(?:ホスホルアミドシアニダート)))(?!(?=.*(?:(メチル|エチル|プロピル|イソプロピル)ホスホノチオアート))(?=.*(?:アミノ\)?エチル))(?=.*(?:水素=)))(?!(?:(?=.*(?:(メチル|エチル|プロピル|イソプロピル)ホスホノチオアート))(?=.*(?:アミノ\)?エチル))|(?=.*(?:スルファニル))(?=.*(?:アンモニウム))(?=.*(?:\((メチル|エチル|プロピル|イソプロピル)\)ホスホリル|エチル\(イソプロポキシ\)ホスホリル))))(?!(?=.*(?:(メチル|エチル|プロピル|イソプロピル)ホスホニルジフルオリド|(メチル|エチル|プロピル|イソプロピル)ホスホン酸=ジフルオリド)))(?!(?=.*(?:O-イソプロピル=メチルホスホノクロリダート|クロロサリン)))(?!(?=.*(?:O-ピナコリル=メチルホスホノクロリダート|クロロソマン)))(?!(?=.*(?:ホスホニット))(?=.*(?:アミノ\)?エチル)))(?!(?=.*(?:ホスホンアミド酸=フルオリド))(?=.*(?:P-))(?!.*(?:ビス\(ジエチルアミノ\)メチリデン)))(?!(?=.*(?:N-\[ビス\(ジエチルアミノ\)メチリデン\]-P-メチルホスホンアミド酸=フルオリド)))(?!(?=.*(?:ホスホルアミドフルオリダート)))(?!(?=.*(?:カルバモイル\)オキシ\]ピリジン-2-イル))(?=.*(?:ヒドロキシエチル)))(?!(?=.*(?:カルバモイル\)オキシ\]ピリジン-2-イル))(?=.*(?:ジオキソデカン|ジオキソ.{0,6}カン-1,)))(?=.*(?:(メチル|エチル|プロピル|イソプロピル)(ジ)?ホスホ|(メチル|エチル|プロピル|イソプロピル)ホスフィ|(メチル|エチル|プロピル|イソプロピル)ホスファン|\((メチル|エチル|プロピル|イソプロピル)\)ホスファン|メチル\(トリフェノキシ\)ホスホニウム|P-(メチル|エチル|プロピル|イソプロピル)|(メチル|エチル|プロピル|イソプロピル)チオホスホン酸|ホスフィニリデン|ジホスファスピロ|トリホスフィナン|methylphosphon|ethylphosphon|propylphosphon|isopropylphosphon|methylphosphonite))(?!.*(?:エチル=S-フェニル=エチルホスホノチオロチオナート|ホノホス))",draft,,https://laws.e-gov.go.jp/law/407CO0000000192,政令別表2項第4欄の(1) 炭素数が３以下である１のアルキル基との結合以外に炭素原子との結合のないりん原子を含む化合物（１の項第３欄(1)〜(4)・第４欄及びホノホスを除く）。P上のアルキルがメチル/エチル/プロピル/イソプロピルであることを名称語で要求し、除外規定のホノホスは否定先読みで外す。特定物質側（ホスホノフルオリダート、ホスホルアミドシアニダート、ＶＸ型ホスホノチオラート、アルキルホスホニルジフルオリド、アミノエチルホスホニット、ノビチョク型）は本行の先頭に置いた全特定物質条件の否定先読みで除外されるため、区分の食い違いは生じない。
cwc,RJ_11_001,エチルジエタノールアミン,schedule_3,,,name_regex,"(?i)\A(?!(?=.*(?:プリン-4-イル\]メチル=カルバマート))(?=.*(?:ジアミノ)))(?!(?=.*(?:ビス\(2-クロロ.{0,26}エチル\).{0,12}スルファン|ビス\(2-クロロエチル\)スルフィド|マスタードガス)))(?!(?=.*(?:1,3-ビス\(2-クロロエチルチオ\)(-n-)?プロパン)))(?!(?=.*(?:1,4-ビス\(2-クロロエチルチオ\)(-n-)?ブタン)))(?!(?=.*(?:1,5-ビス\(2-クロロエチルチオ\)(-n-)?ペンタン)))(?!(?=.*(?:N-エチル\[?ビス\(2-クロロエチル\)\]?アミン|ビス\(2-クロロエチル\)エチルアミン)))(?!(?=.*(?:N-メチル\[?ビス\(2-クロロエチル\)\]?アミン|ビス\(2-クロロエチル\)メチルアミン)))(?!(?=.*(?:トリス\(2-クロロエチル\)アミン)))(?!(?=.*(?:ジクロロ\(2-クロロビニル\)アルサン|2-クロロビニルジクロロアルシン)))(?!(?=.*(?:(メチル|エチル|プロピル|イソプロピル)ホスホノフルオリダート))(?!.*(?:フェニル=|エン-\d+-イル=|イン-\d+-イル=)))(?!(?=.*(?:ホスホルアミドシアニダート)))(?!(?=.*(?:(メチル|エチル|プロピル|イソプロピル)ホスホノチオアート))(?=.*(?:アミノ\)?エチル))(?=.*(?:水素=)))(?!(?:(?=.*(?:(メチル|エチル|プロピル|イソプロピル)ホスホノチオアート))(?=.*(?:アミノ\)?エチル))|(?=.*(?:スルファニル))(?=.*(?:アンモニウム))(?=.*(?:\((メチル|エチル|プロピル|イソプロピル)\)ホスホリル|エチル\(イソプロポキシ\)ホスホリル))))(?!(?=.*(?:(メチル|エチル|プロピル|イソプロピル)ホスホニルジフルオリド|(メチル|エチル|プロピル|イソプロピル)ホスホン酸=ジフルオリド)))(?!(?=.*(?:O-イソプロピル=メチルホスホノクロリダート|クロロサリン)))(?!(?=.*(?:O-ピナコリル=メチルホスホノクロリダート|クロロソマン)))(?!(?=.*(?:ホスホニット))(?=.*(?:アミノ\)?エチル)))(?!(?=.*(?:ホスホンアミド酸=フルオリド))(?=.*(?:P-))(?!.*(?:ビス\(ジエチルアミノ\)メチリデン)))(?!(?=.*(?:N-\[ビス\(ジエチルアミノ\)メチリデン\]-P-メチルホスホンアミド酸=フルオリド)))(?!(?=.*(?:ホスホルアミドフルオリダート)))(?!(?=.*(?:カルバモイル\)オキシ\]ピリジン-2-イル))(?=.*(?:ヒドロキシエチル)))(?!(?=.*(?:カルバモイル\)オキシ\]ピリジン-2-イル))(?=.*(?:ジオキソデカン|ジオキソ.{0,6}カン-1,)))(?=.*(?:エチルジエタノールアミン|ethyldiethanolamine))",draft,,https://laws.e-gov.go.jp/law/407CO0000000192,政令別表3項第4欄の(11) エチルジエタノールアミン。NITE名称はN-エチルジエタノールアミン。
cwc,RJ_11_001,炭素数が３以下である１のアルキル基との結合以外に炭素原子との結合のないりん原子を含む化合物であって、次に掲げるもの以外のもの。イ　１の項の第３欄（１）から（４）まで及び第４欄に掲げる物質　ロ　Ｏ－エチル＝Ｓ－フェニル＝エチルホスホノチオロチオナート（別名ホノホス）,schedule_2,,,name_regex,(?i)^Trichloronat$,draft,,https://laws.e-gov.go.jp/law/407CO0000000192,"政令別表2項第4欄の(1)。CAS 327-98-0 Trichloronat（トリクロロナート）＝O-エチル=O-2,4,5-トリクロロフェニル=エチルホスホノチオアート。りん原子がエチル基（炭素数3以下のアルキル基）とP-C結合し、それ以外に炭素との結合を持たないホスホノチオアートであり、1の項第3欄(1)～(4)・第4欄の特定物質にもホノホス（O-エチル=S-フェニル=エチルホスホノチオロチオナート）にも該当しないため本行（第１種指定物質）に該当。NITE名称が英名のみのため全名称一致で拾う。"
poison_control,RJ_03_001,（トリクロロメチル）ベンゼン及びこれを含有する製剤,poison,,,name_regex,^ベンジリジン=トリクロリド$|^\(トリクロロメチル\)ベンゼン$|^ベンゾトリクロリド$,reviewed,Ameyanagi,https://laws.e-gov.go.jp/law/340CO0000000002,毒物（指定令第1条第19号の5）。CAS 98-07-7。NITE-CHRIP物質ページで区分確認（2026-08-29）
poison_control,RJ_03_001,（ジクロロメチル）ベンゼン及びこれを含有する製剤,poison,,,name_regex,^ベンジリデン(=)?ジクロリド$|^\(ジクロロメチル\)ベンゼン$|^塩化ベンザル$,reviewed,Ameyanagi,https://laws.e-gov.go.jp/law/340CO0000000002,毒物（指定令第1条第10号の4）。CAS 98-87-3。NITE-CHRIP物質ページで区分確認（2026-08-29）
poison_control,RJ_03_001,メチル－（４－ブロム－２，５－ジクロルフェニル）－チオノベンゼンホスホネイト及びこれを含有する製剤,deleterious,,,name_regex,"^O-\(4-ブロモ-2,5-ジクロロフェニル\)=O-メチル=S-フェニル=ホスホロチオアート$|レプトホス",reviewed,Ameyanagi,https://laws.e-gov.go.jp/law/340CO0000000002,劇物（指定令第2条第1項第100号の7）。CAS 36913-23-2。NITE-CHRIP物質ページで区分確認（2026-08-29）
