cas_number,category,label_ja,label_en,law_name_ja,law_name_en,law_reference,law_id
1000597-52-3,class_i_specified,第一種特定化学物質,Class I Specified Chemical,化学物質の審査及び製造等の規制に関する法律,Chemical Substances Control Law,NITE-CHRIP RJ_01_001,349CO0000000202
100155-23-5,class_i_specified,第一種特定化学物質,Class I Specified Chemical,化学物質の審査及び製造等の規制に関する法律,Chemical Substances Control Law,NITE-CHRIP RJ_01_001,349CO0000000202
1017281-31-0,class_i_specified,第一種特定化学物質,Class I Specified Chemical,化学物質の審査及び製造等の規制に関する法律,Chemical Substances Control Law,NITE-CHRIP RJ_01_001,349CO0000000202
101947-16-4,class_i_specified,第一種特定化学物質,Class I Specified Chemical,化学物質の審査及び製造等の規制に関する法律,Chemical Substances Control Law,NITE-CHRIP RJ_01_001,349CO0000000202
1027045-74-4,class_i_specified,第一種特定化学物質,Class I Specified Chemical,化学物質の審査及び製造等の規制に関する法律,Chemical Substances Control Law,NITE-CHRIP RJ_01_001,349CO0000000202
103173-66-6,class_i_specified,第一種特定化学物質,Class I Specified Chemical,化学物質の審査及び製造等の規制に関する法律,Chemical Substances Control Law,NITE-CHRIP RJ_01_001,349CO0000000202
103426-92-2,class_i_specified,第一種特定化学物質,Class I Specified Chemical,化学物質の審査及び製造等の規制に関する法律,Chemical Substances Control Law,NITE-CHRIP RJ_01_001,349CO0000000202
103426-93-3,class_i_specified,第一種特定化学物質,Class I Specified Chemical,化学物質の審査及び製造等の規制に関する法律,Chemical Substances Control Law,NITE-CHRIP RJ_01_001,349CO0000000202
103426-94-4,class_i_specified,第一種特定化学物質,Class I Specified Chemical,化学物質の審査及び製造等の規制に関する法律,Chemical Substances Control Law,NITE-CHRIP RJ_01_001,349CO0000000202
103426-95-5,class_i_specified,第一種特定化学物質,Class I Specified Chemical,化学物質の審査及び製造等の規制に関する法律,Chemical Substances Control Law,NITE-CHRIP RJ_01_001,349CO0000000202
103426-96-6,class_i_specified,第一種特定化学物質,Class I Specified Chemical,化学物質の審査及び製造等の規制に関する法律,Chemical Substances Control Law,NITE-CHRIP RJ_01_001,349CO0000000202
103426-97-7,class_i_specified,第一種特定化学物質,Class I Specified Chemical,化学物質の審査及び製造等の規制に関する法律,Chemical Substances Control Law,NITE-CHRIP RJ_01_001,349CO0000000202
103555-98-2,class_i_specified,第一種特定化学物質,Class I Specified Chemical,化学物質の審査及び製造等の規制に関する法律,Chemical Substances Control Law,NITE-CHRIP RJ_01_001,349CO0000000202
10443-46-6,class_i_specified,第一種特定化学物質,Class I Specified Chemical,化学物質の審査及び製造等の規制に関する法律,Chemical Substances Control Law,NITE-CHRIP RJ_01_001,349CO0000000202
104948-36-9,class_i_specified,第一種特定化学物質,Class I Specified Chemical,化学物質の審査及び製造等の規制に関する法律,Chemical Substances Control Law,NITE-CHRIP RJ_01_001,349CO0000000202
1052668-28-6,class_i_specified,第一種特定化学物質,Class I Specified Chemical,化学物質の審査及び製造等の規制に関する法律,Chemical Substances Control Law,NITE-CHRIP RJ_01_001,349CO0000000202
10606-46-9,class_i_specified,第一種特定化学物質,Class I Specified Chemical,化学物質の審査及び製造等の規制に関する法律,Chemical Substances Control Law,NITE-CHRIP RJ_01_001,349CO0000000202
108145-39-7,class_i_specified,第一種特定化学物質,Class I Specified Chemical,化学物質の審査及び製造等の規制に関する法律,Chemical Substances Control Law,NITE-CHRIP RJ_01_001,349CO0000000202
108171-26-2,class_i_specified,第一種特定化学物質,Class I Specified Chemical,化学物質の審査及び製造等の規制に関する法律,Chemical Substances Control Law,NITE-CHRIP RJ_01_001,349CO0000000202
108427-54-9,class_i_specified,第一種特定化学物質,Class I Specified Chemical,化学物質の審査及び製造等の規制に関する法律,Chemical Substances Control Law,NITE-CHRIP RJ_01_001,349CO0000000202
108427-55-0,class_i_specified,第一種特定化学物質,Class I Specified Chemical,化学物質の審査及び製造等の規制に関する法律,Chemical Substances Control Law,NITE-CHRIP RJ_01_001,349CO0000000202
109328-45-2,class_i_specified,第一種特定化学物質,Class I Specified Chemical,化学物質の審査及び製造等の規制に関する法律,Chemical Substances Control Law,NITE-CHRIP RJ_01_001,349CO0000000202
109328-46-3,class_i_specified,第一種特定化学物質,Class I Specified Chemical,化学物質の審査及び製造等の規制に関する法律,Chemical Substances Control Law,NITE-CHRIP RJ_01_001,349CO0000000202
1093632-34-8,class_i_specified,第一種特定化学物質,Class I Specified Chemical,化学物質の審査及び製造等の規制に関する法律,Chemical Substances Control Law,NITE-CHRIP RJ_01_001,349CO0000000202
1094598-90-9,class_i_specified,第一種特定化学物質,Class I Specified Chemical,化学物質の審査及び製造等の規制に関する法律,Chemical Substances Control Law,NITE-CHRIP RJ_01_001,349CO0000000202
11097-69-1,class_i_specified,第一種特定化学物質,Class I Specified Chemical,化学物質の審査及び製造等の規制に関する法律,Chemical Substances Control Law,NITE-CHRIP RJ_01_001 政令番号: 1,349CO0000000202
11097-69-1,class_i_specified,第一種特定化学物質,Class I Specified Chemical Substance,化学物質の審査及び製造等の規制に関する法律,Chemical Substances Control Law,化審法施行令 第一条,349CO0000000202
11104-28-2,class_i_specified,第一種特定化学物質,Class I Specified Chemical,化学物質の審査及び製造等の規制に関する法律,Chemical Substances Control Law,NITE-CHRIP RJ_01_001,349CO0000000202
111276-74-5,class_i_specified,第一種特定化学物質,Class I Specified Chemical,化学物質の審査及び製造等の規制に関する法律,Chemical Substances Control Law,NITE-CHRIP RJ_01_001,349CO0000000202
111276-75-6,class_i_specified,第一種特定化学物質,Class I Specified Chemical,化学物質の審査及び製造等の規制に関する法律,Chemical Substances Control Law,NITE-CHRIP RJ_01_001,349CO0000000202
111276-76-7,class_i_specified,第一種特定化学物質,Class I Specified Chemical,化学物質の審査及び製造等の規制に関する法律,Chemical Substances Control Law,NITE-CHRIP RJ_01_001,349CO0000000202
111276-77-8,class_i_specified,第一種特定化学物質,Class I Specified Chemical,化学物質の審査及び製造等の規制に関する法律,Chemical Substances Control Law,NITE-CHRIP RJ_01_001,349CO0000000202
111276-78-9,class_i_specified,第一種特定化学物質,Class I Specified Chemical,化学物質の審査及び製造等の規制に関する法律,Chemical Substances Control Law,NITE-CHRIP RJ_01_001,349CO0000000202
111276-79-0,class_i_specified,第一種特定化学物質,Class I Specified Chemical,化学物質の審査及び製造等の規制に関する法律,Chemical Substances Control Law,NITE-CHRIP RJ_01_001,349CO0000000202
111276-80-3,class_i_specified,第一種特定化学物質,Class I Specified Chemical,化学物質の審査及び製造等の規制に関する法律,Chemical Substances Control Law,NITE-CHRIP RJ_01_001,349CO0000000202
111276-81-4,class_i_specified,第一種特定化学物質,Class I Specified Chemical,化学物質の審査及び製造等の規制に関する法律,Chemical Substances Control Law,NITE-CHRIP RJ_01_001,349CO0000000202
111276-82-5,class_i_specified,第一種特定化学物質,Class I Specified Chemical,化学物質の審査及び製造等の規制に関する法律,Chemical Substances Control Law,NITE-CHRIP RJ_01_001,349CO0000000202
111276-83-6,class_i_specified,第一種特定化学物質,Class I Specified Chemical,化学物質の審査及び製造等の規制に関する法律,Chemical Substances Control Law,NITE-CHRIP RJ_01_001,349CO0000000202
111393-39-6,class_i_specified,第一種特定化学物質,Class I Specified Chemical,化学物質の審査及び製造等の規制に関する法律,Chemical Substances Control Law,NITE-CHRIP RJ_01_001,349CO0000000202
11141-16-5,class_i_specified,第一種特定化学物質,Class I Specified Chemical,化学物質の審査及び製造等の規制に関する法律,Chemical Substances Control Law,NITE-CHRIP RJ_01_001,349CO0000000202
1144512-18-4,class_i_specified,第一種特定化学物質,Class I Specified Chemical,化学物質の審査及び製造等の規制に関する法律,Chemical Substances Control Law,NITE-CHRIP RJ_01_001,349CO0000000202
1144512-34-4,class_i_specified,第一種特定化学物質,Class I Specified Chemical,化学物質の審査及び製造等の規制に関する法律,Chemical Substances Control Law,NITE-CHRIP RJ_01_001,349CO0000000202
1144512-35-5,class_i_specified,第一種特定化学物質,Class I Specified Chemical,化学物質の審査及び製造等の規制に関する法律,Chemical Substances Control Law,NITE-CHRIP RJ_01_001,349CO0000000202
1144512-36-6,class_i_specified,第一種特定化学物質,Class I Specified Chemical,化学物質の審査及び製造等の規制に関する法律,Chemical Substances Control Law,NITE-CHRIP RJ_01_001,349CO0000000202
114482-33-6,class_i_specified,第一種特定化学物質,Class I Specified Chemical,化学物質の審査及び製造等の規制に関する法律,Chemical Substances Control Law,NITE-CHRIP RJ_01_001,349CO0000000202
115-29-7,class_i_specified,第一種特定化学物質,Class I Specified Chemical,化学物質の審査及び製造等の規制に関する法律,Chemical Substances Control Law,NITE-CHRIP RJ_01_001 政令番号: 29,349CO0000000202
115-29-7,class_i_specified,第一種特定化学物質,Class I Specified Chemical Substance,化学物質の審査及び製造等の規制に関する法律,Chemical Substances Control Law,化審法施行令 第一条,349CO0000000202
115-32-2,class_i_specified,第一種特定化学物質,Class I Specified Chemical,化学物質の審査及び製造等の規制に関する法律,Chemical Substances Control Law,NITE-CHRIP RJ_01_001 政令番号: 14,349CO0000000202
115-32-2,class_i_specified,第一種特定化学物質,Class I Specified Chemical Substance,化学物質の審査及び製造等の規制に関する法律,Chemical Substances Control Law,化審法施行令 第一条,349CO0000000202
115416-67-6,class_i_specified,第一種特定化学物質,Class I Specified Chemical,化学物質の審査及び製造等の規制に関する法律,Chemical Substances Control Law,NITE-CHRIP RJ_01_001,349CO0000000202
115592-83-1,class_i_specified,第一種特定化学物質,Class I Specified Chemical,化学物質の審査及び製造等の規制に関する法律,Chemical Substances Control Law,NITE-CHRIP RJ_01_001,349CO0000000202
1158182-60-5,class_i_specified,第一種特定化学物質,Class I Specified Chemical,化学物質の審査及び製造等の規制に関する法律,Chemical Substances Control Law,NITE-CHRIP RJ_01_001,349CO0000000202
1159014-62-6,class_i_specified,第一種特定化学物質,Class I Specified Chemical,化学物質の審査及び製造等の規制に関する法律,Chemical Substances Control Law,NITE-CHRIP RJ_01_001,349CO0000000202
1163-19-5,class_i_specified,第一種特定化学物質,Class I Specified Chemical,化学物質の審査及び製造等の規制に関する法律,Chemical Substances Control Law,NITE-CHRIP RJ_01_001 政令番号: 33,349CO0000000202
1163-19-5,class_i_specified,第一種特定化学物質,Class I Specified Chemical Substance,化学物質の審査及び製造等の規制に関する法律,Chemical Substances Control Law,化審法施行令 第一条,349CO0000000202
116984-14-6,class_i_specified,第一種特定化学物質,Class I Specified Chemical,化学物質の審査及び製造等の規制に関する法律,Chemical Substances Control Law,NITE-CHRIP RJ_01_001,349CO0000000202
116995-32-5,class_i_specified,第一種特定化学物質,Class I Specified Chemical,化学物質の審査及び製造等の規制に関する法律,Chemical Substances Control Law,NITE-CHRIP RJ_01_001,349CO0000000202
116995-33-6,class_i_specified,第一種特定化学物質,Class I Specified Chemical,化学物質の審査及び製造等の規制に関する法律,Chemical Substances Control Law,NITE-CHRIP RJ_01_001,349CO0000000202
117948-63-7,class_i_specified,第一種特定化学物質,Class I Specified Chemical,化学物質の審査及び製造等の規制に関する法律,Chemical Substances Control Law,NITE-CHRIP RJ_01_001,349CO0000000202
118-74-1,class_i_specified,第一種特定化学物質,Class I Specified Chemical,化学物質の審査及び製造等の規制に関する法律,Chemical Substances Control Law,NITE-CHRIP RJ_01_001 政令番号: 3,349CO0000000202
118-74-1,class_i_specified,第一種特定化学物質,Class I Specified Chemical Substance,化学物質の審査及び製造等の規制に関する法律,Chemical Substances Control Law,化審法施行令 第一条,349CO0000000202
1187817-57-7,class_i_specified,第一種特定化学物質,Class I Specified Chemical,化学物質の審査及び製造等の規制に関する法律,Chemical Substances Control Law,NITE-CHRIP RJ_01_001,349CO0000000202
1189587-64-1,class_i_specified,第一種特定化学物質,Class I Specified Chemical,化学物質の審査及び製造等の規制に関する法律,Chemical Substances Control Law,NITE-CHRIP RJ_01_001,349CO0000000202
1192593-79-5,class_i_specified,第一種特定化学物質,Class I Specified Chemical,化学物質の審査及び製造等の規制に関する法律,Chemical Substances Control Law,NITE-CHRIP RJ_01_001,349CO0000000202
119264-50-5,class_i_specified,第一種特定化学物質,Class I Specified Chemical,化学物質の審査及び製造等の規制に関する法律,Chemical Substances Control Law,NITE-CHRIP RJ_01_001,349CO0000000202
119264-51-6,class_i_specified,第一種特定化学物質,Class I Specified Chemical,化学物質の審査及び製造等の規制に関する法律,Chemical Substances Control Law,NITE-CHRIP RJ_01_001,349CO0000000202
119264-52-7,class_i_specified,第一種特定化学物質,Class I Specified Chemical,化学物質の審査及び製造等の規制に関する法律,Chemical Substances Control Law,NITE-CHRIP RJ_01_001,349CO0000000202
119264-53-8,class_i_specified,第一種特定化学物質,Class I Specified Chemical,化学物質の審査及び製造等の規制に関する法律,Chemical Substances Control Law,NITE-CHRIP RJ_01_001,349CO0000000202
1195164-59-0,class_i_specified,第一種特定化学物質,Class I Specified Chemical,化学物質の審査及び製造等の規制に関する法律,Chemical Substances Control Law,NITE-CHRIP RJ_01_001,349CO0000000202
119973-84-1,class_i_specified,第一種特定化学物質,Class I Specified Chemical,化学物質の審査及び製造等の規制に関する法律,Chemical Substances Control Law,NITE-CHRIP RJ_01_001,349CO0000000202
119973-85-2,class_i_specified,第一種特定化学物質,Class I Specified Chemical,化学物質の審査及び製造等の規制に関する法律,Chemical Substances Control Law,NITE-CHRIP RJ_01_001,349CO0000000202
120991-47-1,class_i_specified,第一種特定化学物質,Class I Specified Chemical,化学物質の審査及び製造等の規制に関する法律,Chemical Substances Control Law,NITE-CHRIP RJ_01_001,349CO0000000202
120991-48-2,class_i_specified,第一種特定化学物質,Class I Specified Chemical,化学物質の審査及び製造等の規制に関する法律,Chemical Substances Control Law,NITE-CHRIP RJ_01_001,349CO0000000202
121065-52-9,class_i_specified,第一種特定化学物質,Class I Specified Chemical,化学物質の審査及び製造等の規制に関する法律,Chemical Substances Control Law,NITE-CHRIP RJ_01_001,349CO0000000202
121500-31-0,class_i_specified,第一種特定化学物質,Class I Specified Chemical,化学物質の審査及び製造等の規制に関する法律,Chemical Substances Control Law,NITE-CHRIP RJ_01_001,349CO0000000202
121912-26-3,class_i_specified,第一種特定化学物質,Class I Specified Chemical,化学物質の審査及び製造等の規制に関する法律,Chemical Substances Control Law,NITE-CHRIP RJ_01_001,349CO0000000202
121912-28-5,class_i_specified,第一種特定化学物質,Class I Specified Chemical,化学物質の審査及び製造等の規制に関する法律,Chemical Substances Control Law,NITE-CHRIP RJ_01_001,349CO0000000202
123116-17-6,class_i_specified,第一種特定化学物質,Class I Specified Chemical,化学物質の審査及び製造等の規制に関する法律,Chemical Substances Control Law,NITE-CHRIP RJ_01_001,349CO0000000202
1235106-66-7,class_i_specified,第一種特定化学物質,Class I Specified Chemical,化学物質の審査及び製造等の規制に関する法律,Chemical Substances Control Law,NITE-CHRIP RJ_01_001,349CO0000000202
125328-29-2,class_i_specified,第一種特定化学物質,Class I Specified Chemical,化学物質の審査及び製造等の規制に関する法律,Chemical Substances Control Law,NITE-CHRIP RJ_01_001,349CO0000000202
12672-29-6,class_i_specified,第一種特定化学物質,Class I Specified Chemical,化学物質の審査及び製造等の規制に関する法律,Chemical Substances Control Law,NITE-CHRIP RJ_01_001,349CO0000000202
12674-11-2,class_i_specified,第一種特定化学物質,Class I Specified Chemical,化学物質の審査及び製造等の規制に関する法律,Chemical Substances Control Law,NITE-CHRIP RJ_01_001,349CO0000000202
1270179-82-2,class_i_specified,第一種特定化学物質,Class I Specified Chemical,化学物質の審査及び製造等の規制に関する法律,Chemical Substances Control Law,NITE-CHRIP RJ_01_001,349CO0000000202
1270179-93-5,class_i_specified,第一種特定化学物質,Class I Specified Chemical,化学物質の審査及び製造等の規制に関する法律,Chemical Substances Control Law,NITE-CHRIP RJ_01_001,349CO0000000202
127133-66-8,class_i_specified,第一種特定化学物質,Class I Specified Chemical,化学物質の審査及び製造等の規制に関する法律,Chemical Substances Control Law,NITE-CHRIP RJ_01_001,349CO0000000202
12789-03-6,class_i_specified,第一種特定化学物質,Class I Specified Chemical,化学物質の審査及び製造等の規制に関する法律,Chemical Substances Control Law,NITE-CHRIP RJ_01_001 政令番号: 8,349CO0000000202
128-10-9,class_i_specified,第一種特定化学物質,Class I Specified Chemical,化学物質の審査及び製造等の規制に関する法律,Chemical Substances Control Law,NITE-CHRIP RJ_01_001,349CO0000000202
129783-45-5,class_i_specified,第一種特定化学物質,Class I Specified Chemical,化学物質の審査及び製造等の規制に関する法律,Chemical Substances Control Law,NITE-CHRIP RJ_01_001,349CO0000000202
129813-71-4,class_i_specified,第一種特定化学物質,Class I Specified Chemical,化学物質の審査及び製造等の規制に関する法律,Chemical Substances Control Law,NITE-CHRIP RJ_01_001,349CO0000000202
13029-08-8,class_i_specified,第一種特定化学物質,Class I Specified Chemical,化学物質の審査及び製造等の規制に関する法律,Chemical Substances Control Law,NITE-CHRIP RJ_01_001,349CO0000000202
13058-06-5,class_i_specified,第一種特定化学物質,Class I Specified Chemical,化学物質の審査及び製造等の規制に関する法律,Chemical Substances Control Law,NITE-CHRIP RJ_01_001,349CO0000000202
131-52-2,class_i_specified,第一種特定化学物質,Class I Specified Chemical,化学物質の審査及び製造等の規制に関する法律,Chemical Substances Control Law,NITE-CHRIP RJ_01_001,349CO0000000202
1310480-24-0,class_i_specified,第一種特定化学物質,Class I Specified Chemical,化学物質の審査及び製造等の規制に関する法律,Chemical Substances Control Law,NITE-CHRIP RJ_01_001,349CO0000000202
1310480-27-3,class_i_specified,第一種特定化学物質,Class I Specified Chemical,化学物質の審査及び製造等の規制に関する法律,Chemical Substances Control Law,NITE-CHRIP RJ_01_001,349CO0000000202
1310480-28-4,class_i_specified,第一種特定化学物質,Class I Specified Chemical,化学物質の審査及び製造等の規制に関する法律,Chemical Substances Control Law,NITE-CHRIP RJ_01_001,349CO0000000202
1321-64-8,class_i_specified,第一種特定化学物質,Class I Specified Chemical,化学物質の審査及び製造等の規制に関する法律,Chemical Substances Control Law,NITE-CHRIP RJ_01_001,349CO0000000202
1321-65-9,class_i_specified,第一種特定化学物質,Class I Specified Chemical,化学物質の審査及び製造等の規制に関する法律,Chemical Substances Control Law,NITE-CHRIP RJ_01_001,349CO0000000202
1335-87-1,class_i_specified,第一種特定化学物質,Class I Specified Chemical,化学物質の審査及び製造等の規制に関する法律,Chemical Substances Control Law,NITE-CHRIP RJ_01_001,349CO0000000202
1335-88-2,class_i_specified,第一種特定化学物質,Class I Specified Chemical,化学物質の審査及び製造等の規制に関する法律,Chemical Substances Control Law,NITE-CHRIP RJ_01_001,349CO0000000202
1336-36-3,class_i_specified,第一種特定化学物質,Class I Specified Chemical,化学物質の審査及び製造等の規制に関する法律,Chemical Substances Control Law,NITE-CHRIP RJ_01_001 政令番号: 1,349CO0000000202
1336-36-3,class_i_specified,第一種特定化学物質,Class I Specified Chemical Substance,化学物質の審査及び製造等の規制に関する法律,Chemical Substances Control Law,化審法施行令 第一条,349CO0000000202
134237-50-6,class_i_specified,第一種特定化学物質,Class I Specified Chemical,化学物質の審査及び製造等の規制に関する法律,Chemical Substances Control Law,NITE-CHRIP RJ_01_001,349CO0000000202
134237-51-7,class_i_specified,第一種特定化学物質,Class I Specified Chemical,化学物質の審査及び製造等の規制に関する法律,Chemical Substances Control Law,NITE-CHRIP RJ_01_001,349CO0000000202
134237-52-8,class_i_specified,第一種特定化学物質,Class I Specified Chemical,化学物質の審査及び製造等の規制に関する法律,Chemical Substances Control Law,NITE-CHRIP RJ_01_001,349CO0000000202
1348358-72-4,class_i_specified,第一種特定化学物質,Class I Specified Chemical,化学物質の審査及び製造等の規制に関する法律,Chemical Substances Control Law,NITE-CHRIP RJ_01_001,349CO0000000202
13560-89-9,class_i_specified,第一種特定化学物質,Class I Specified Chemical,化学物質の審査及び製造等の規制に関する法律,Chemical Substances Control Law,NITE-CHRIP RJ_01_001,349CO0000000202
135821-03-3,class_i_specified,第一種特定化学物質,Class I Specified Chemical,化学物質の審査及び製造等の規制に関する法律,Chemical Substances Control Law,NITE-CHRIP RJ_01_001,349CO0000000202
135821-74-8,class_i_specified,第一種特定化学物質,Class I Specified Chemical,化学物質の審査及び製造等の規制に関する法律,Chemical Substances Control Law,NITE-CHRIP RJ_01_001,349CO0000000202
135984-68-8,class_i_specified,第一種特定化学物質,Class I Specified Chemical,化学物質の審査及び製造等の規制に関する法律,Chemical Substances Control Law,NITE-CHRIP RJ_01_001,349CO0000000202
13673-51-3,class_i_specified,第一種特定化学物質,Class I Specified Chemical,化学物質の審査及び製造等の規制に関する法律,Chemical Substances Control Law,NITE-CHRIP RJ_01_001,349CO0000000202
13673-53-5,class_i_specified,第一種特定化学物質,Class I Specified Chemical,化学物質の審査及び製造等の規制に関する法律,Chemical Substances Control Law,NITE-CHRIP RJ_01_001,349CO0000000202
13673-54-6,class_i_specified,第一種特定化学物質,Class I Specified Chemical,化学物質の審査及び製造等の規制に関する法律,Chemical Substances Control Law,NITE-CHRIP RJ_01_001,349CO0000000202
1376936-03-6,class_i_specified,第一種特定化学物質,Class I Specified Chemical,化学物質の審査及び製造等の規制に関する法律,Chemical Substances Control Law,NITE-CHRIP RJ_01_001,349CO0000000202
1380399-84-7,class_i_specified,第一種特定化学物質,Class I Specified Chemical,化学物質の審査及び製造等の規制に関する法律,Chemical Substances Control Law,NITE-CHRIP RJ_01_001,349CO0000000202
1380399-85-8,class_i_specified,第一種特定化学物質,Class I Specified Chemical,化学物質の審査及び製造等の規制に関する法律,Chemical Substances Control Law,NITE-CHRIP RJ_01_001,349CO0000000202
1380399-86-9,class_i_specified,第一種特定化学物質,Class I Specified Chemical,化学物質の審査及び製造等の規制に関する法律,Chemical Substances Control Law,NITE-CHRIP RJ_01_001,349CO0000000202
1380399-87-0,class_i_specified,第一種特定化学物質,Class I Specified Chemical,化学物質の審査及び製造等の規制に関する法律,Chemical Substances Control Law,NITE-CHRIP RJ_01_001,349CO0000000202
138257-17-7,class_i_specified,第一種特定化学物質,Class I Specified Chemical,化学物質の審査及び製造等の規制に関する法律,Chemical Substances Control Law,NITE-CHRIP RJ_01_001,349CO0000000202
138257-18-8,class_i_specified,第一種特定化学物質,Class I Specified Chemical,化学物質の審査及び製造等の規制に関する法律,Chemical Substances Control Law,NITE-CHRIP RJ_01_001,349CO0000000202
138257-19-9,class_i_specified,第一種特定化学物質,Class I Specified Chemical,化学物質の審査及び製造等の規制に関する法律,Chemical Substances Control Law,NITE-CHRIP RJ_01_001,349CO0000000202
1383438-89-8,class_i_specified,第一種特定化学物質,Class I Specified Chemical,化学物質の審査及び製造等の規制に関する法律,Chemical Substances Control Law,NITE-CHRIP RJ_01_001,349CO0000000202
138473-79-7,class_i_specified,第一種特定化学物質,Class I Specified Chemical,化学物質の審査及び製造等の規制に関する法律,Chemical Substances Control Law,NITE-CHRIP RJ_01_001,349CO0000000202
1392102-29-2,class_i_specified,第一種特定化学物質,Class I Specified Chemical,化学物質の審査及び製造等の規制に関する法律,Chemical Substances Control Law,NITE-CHRIP RJ_01_001,349CO0000000202
1392102-30-5,class_i_specified,第一種特定化学物質,Class I Specified Chemical,化学物質の審査及び製造等の規制に関する法律,Chemical Substances Control Law,NITE-CHRIP RJ_01_001,349CO0000000202
1392102-31-6,class_i_specified,第一種特定化学物質,Class I Specified Chemical,化学物質の審査及び製造等の規制に関する法律,Chemical Substances Control Law,NITE-CHRIP RJ_01_001,349CO0000000202
141607-32-1,class_i_specified,第一種特定化学物質,Class I Specified Chemical,化学物質の審査及び製造等の規制に関する法律,Chemical Substances Control Law,NITE-CHRIP RJ_01_001,349CO0000000202
142010-50-2,class_i_specified,第一種特定化学物質,Class I Specified Chemical,化学物質の審査及び製造等の規制に関する法律,Chemical Substances Control Law,NITE-CHRIP RJ_01_001,349CO0000000202
142636-88-2,class_i_specified,第一種特定化学物質,Class I Specified Chemical,化学物質の審査及び製造等の規制に関する法律,Chemical Substances Control Law,NITE-CHRIP RJ_01_001,349CO0000000202
1427176-17-7,class_i_specified,第一種特定化学物質,Class I Specified Chemical,化学物質の審査及び製造等の規制に関する法律,Chemical Substances Control Law,NITE-CHRIP RJ_01_001,349CO0000000202
1427176-20-2,class_i_specified,第一種特定化学物質,Class I Specified Chemical,化学物質の審査及び製造等の規制に関する法律,Chemical Substances Control Law,NITE-CHRIP RJ_01_001,349CO0000000202
143-50-0,class_i_specified,第一種特定化学物質,Class I Specified Chemical,化学物質の審査及び製造等の規制に関する法律,Chemical Substances Control Law,NITE-CHRIP RJ_01_001 政令番号: 23,349CO0000000202
143-50-0,class_i_specified,第一種特定化学物質,Class I Specified Chemical Substance,化学物質の審査及び製造等の規制に関する法律,Chemical Substances Control Law,化審法施行令 第一条,349CO0000000202
144031-01-6,class_i_specified,第一種特定化学物質,Class I Specified Chemical,化学物質の審査及び製造等の規制に関する法律,Chemical Substances Control Law,NITE-CHRIP RJ_01_001,349CO0000000202
144116-10-9,class_i_specified,第一種特定化学物質,Class I Specified Chemical,化学物質の審査及び製造等の規制に関する法律,Chemical Substances Control Law,NITE-CHRIP RJ_01_001,349CO0000000202
145441-32-3,class_i_specified,第一種特定化学物質,Class I Specified Chemical,化学物質の審査及び製造等の規制に関する法律,Chemical Substances Control Law,NITE-CHRIP RJ_01_001,349CO0000000202
1462414-59-0,class_i_specified,第一種特定化学物質,Class I Specified Chemical,化学物質の審査及び製造等の規制に関する法律,Chemical Substances Control Law,NITE-CHRIP RJ_01_001,349CO0000000202
148240-80-6,class_i_specified,第一種特定化学物質,Class I Specified Chemical,化学物質の審査及び製造等の規制に関する法律,Chemical Substances Control Law,NITE-CHRIP RJ_01_001,349CO0000000202
148240-85-1,class_i_specified,第一種特定化学物質,Class I Specified Chemical,化学物質の審査及び製造等の規制に関する法律,Chemical Substances Control Law,NITE-CHRIP RJ_01_001,349CO0000000202
148240-87-3,class_i_specified,第一種特定化学物質,Class I Specified Chemical,化学物質の審査及び製造等の規制に関する法律,Chemical Substances Control Law,NITE-CHRIP RJ_01_001,349CO0000000202
148240-89-5,class_i_specified,第一種特定化学物質,Class I Specified Chemical,化学物質の審査及び製造等の規制に関する法律,Chemical Substances Control Law,NITE-CHRIP RJ_01_001,349CO0000000202
148684-79-1,class_i_specified,第一種特定化学物質,Class I Specified Chemical,化学物質の審査及び製造等の規制に関する法律,Chemical Substances Control Law,NITE-CHRIP RJ_01_001,349CO0000000202
149790-22-7,class_i_specified,第一種特定化学物質,Class I Specified Chemical,化学物質の審査及び製造等の規制に関する法律,Chemical Substances Control Law,NITE-CHRIP RJ_01_001,349CO0000000202
149864-78-8,class_i_specified,第一種特定化学物質,Class I Specified Chemical,化学物質の審査及び製造等の規制に関する法律,Chemical Substances Control Law,NITE-CHRIP RJ_01_001,349CO0000000202
149864-79-9,class_i_specified,第一種特定化学物質,Class I Specified Chemical,化学物質の審査及び製造等の規制に関する法律,Chemical Substances Control Law,NITE-CHRIP RJ_01_001,349CO0000000202
149864-80-2,class_i_specified,第一種特定化学物質,Class I Specified Chemical,化学物質の審査及び製造等の規制に関する法律,Chemical Substances Control Law,NITE-CHRIP RJ_01_001,349CO0000000202
149864-81-3,class_i_specified,第一種特定化学物質,Class I Specified Chemical,化学物質の審査及び製造等の規制に関する法律,Chemical Substances Control Law,NITE-CHRIP RJ_01_001,349CO0000000202
149864-82-4,class_i_specified,第一種特定化学物質,Class I Specified Chemical,化学物質の審査及び製造等の規制に関する法律,Chemical Substances Control Law,NITE-CHRIP RJ_01_001,349CO0000000202
15017-02-4,class_i_specified,第一種特定化学物質,Class I Specified Chemical,化学物質の審査及び製造等の規制に関する法律,Chemical Substances Control Law,NITE-CHRIP RJ_01_001,349CO0000000202
150205-21-3,class_i_specified,第一種特定化学物質,Class I Specified Chemical,化学物質の審査及び製造等の規制に関する法律,Chemical Substances Control Law,NITE-CHRIP RJ_01_001,349CO0000000202
150224-15-0,class_i_specified,第一種特定化学物質,Class I Specified Chemical,化学物質の審査及び製造等の規制に関する法律,Chemical Substances Control Law,NITE-CHRIP RJ_01_001,349CO0000000202
150224-16-1,class_i_specified,第一種特定化学物質,Class I Specified Chemical,化学物質の審査及び製造等の規制に関する法律,Chemical Substances Control Law,NITE-CHRIP RJ_01_001,349CO0000000202
150224-17-2,class_i_specified,第一種特定化学物質,Class I Specified Chemical,化学物質の審査及び製造等の規制に関する法律,Chemical Substances Control Law,NITE-CHRIP RJ_01_001,349CO0000000202
150224-18-3,class_i_specified,第一種特定化学物質,Class I Specified Chemical,化学物質の審査及び製造等の規制に関する法律,Chemical Substances Control Law,NITE-CHRIP RJ_01_001,349CO0000000202
150224-19-4,class_i_specified,第一種特定化学物質,Class I Specified Chemical,化学物質の審査及び製造等の規制に関する法律,Chemical Substances Control Law,NITE-CHRIP RJ_01_001,349CO0000000202
150224-20-7,class_i_specified,第一種特定化学物質,Class I Specified Chemical,化学物質の審査及び製造等の規制に関する法律,Chemical Substances Control Law,NITE-CHRIP RJ_01_001,349CO0000000202
150224-21-8,class_i_specified,第一種特定化学物質,Class I Specified Chemical,化学物質の審査及び製造等の規制に関する法律,Chemical Substances Control Law,NITE-CHRIP RJ_01_001,349CO0000000202
150224-22-9,class_i_specified,第一種特定化学物質,Class I Specified Chemical,化学物質の審査及び製造等の規制に関する法律,Chemical Substances Control Law,NITE-CHRIP RJ_01_001,349CO0000000202
150224-23-0,class_i_specified,第一種特定化学物質,Class I Specified Chemical,化学物質の審査及び製造等の規制に関する法律,Chemical Substances Control Law,NITE-CHRIP RJ_01_001,349CO0000000202
150224-24-1,class_i_specified,第一種特定化学物質,Class I Specified Chemical,化学物質の審査及び製造等の規制に関する法律,Chemical Substances Control Law,NITE-CHRIP RJ_01_001,349CO0000000202
150224-25-2,class_i_specified,第一種特定化学物質,Class I Specified Chemical,化学物質の審査及び製造等の規制に関する法律,Chemical Substances Control Law,NITE-CHRIP RJ_01_001,349CO0000000202
151262-31-6,class_i_specified,第一種特定化学物質,Class I Specified Chemical,化学物質の審査及び製造等の規制に関する法律,Chemical Substances Control Law,NITE-CHRIP RJ_01_001,349CO0000000202
151262-32-7,class_i_specified,第一種特定化学物質,Class I Specified Chemical,化学物質の審査及び製造等の規制に関する法律,Chemical Substances Control Law,NITE-CHRIP RJ_01_001,349CO0000000202
151262-34-9,class_i_specified,第一種特定化学物質,Class I Specified Chemical,化学物質の審査及び製造等の規制に関する法律,Chemical Substances Control Law,NITE-CHRIP RJ_01_001,349CO0000000202
151262-35-0,class_i_specified,第一種特定化学物質,Class I Specified Chemical,化学物質の審査及び製造等の規制に関する法律,Chemical Substances Control Law,NITE-CHRIP RJ_01_001,349CO0000000202
1513863-91-6,class_i_specified,第一種特定化学物質,Class I Specified Chemical,化学物質の審査及び製造等の規制に関する法律,Chemical Substances Control Law,NITE-CHRIP RJ_01_001,349CO0000000202
1513863-96-1,class_i_specified,第一種特定化学物質,Class I Specified Chemical,化学物質の審査及び製造等の規制に関する法律,Chemical Substances Control Law,NITE-CHRIP RJ_01_001,349CO0000000202
1513864-12-4,class_i_specified,第一種特定化学物質,Class I Specified Chemical,化学物質の審査及び製造等の規制に関する法律,Chemical Substances Control Law,NITE-CHRIP RJ_01_001,349CO0000000202
1513864-19-1,class_i_specified,第一種特定化学物質,Class I Specified Chemical,化学物質の審査及び製造等の規制に関する法律,Chemical Substances Control Law,NITE-CHRIP RJ_01_001,349CO0000000202
1514-68-7,class_i_specified,第一種特定化学物質,Class I Specified Chemical,化学物質の審査及び製造等の規制に関する法律,Chemical Substances Control Law,NITE-CHRIP RJ_01_001,349CO0000000202
15166-06-0,class_i_specified,第一種特定化学物質,Class I Specified Chemical,化学物質の審査及び製造等の規制に関する法律,Chemical Substances Control Law,NITE-CHRIP RJ_01_001,349CO0000000202
153153-43-6,class_i_specified,第一種特定化学物質,Class I Specified Chemical,化学物質の審査及び製造等の規制に関する法律,Chemical Substances Control Law,NITE-CHRIP RJ_01_001,349CO0000000202
153153-44-7,class_i_specified,第一種特定化学物質,Class I Specified Chemical,化学物質の審査及び製造等の規制に関する法律,Chemical Substances Control Law,NITE-CHRIP RJ_01_001,349CO0000000202
153153-45-8,class_i_specified,第一種特定化学物質,Class I Specified Chemical,化学物質の審査及び製造等の規制に関する法律,Chemical Substances Control Law,NITE-CHRIP RJ_01_001,349CO0000000202
153153-46-9,class_i_specified,第一種特定化学物質,Class I Specified Chemical,化学物質の審査及び製造等の規制に関する法律,Chemical Substances Control Law,NITE-CHRIP RJ_01_001,349CO0000000202
153153-47-0,class_i_specified,第一種特定化学物質,Class I Specified Chemical,化学物質の審査及び製造等の規制に関する法律,Chemical Substances Control Law,NITE-CHRIP RJ_01_001,349CO0000000202
153153-48-1,class_i_specified,第一種特定化学物質,Class I Specified Chemical,化学物質の審査及び製造等の規制に関する法律,Chemical Substances Control Law,NITE-CHRIP RJ_01_001,349CO0000000202
153153-49-2,class_i_specified,第一種特定化学物質,Class I Specified Chemical,化学物質の審査及び製造等の規制に関する法律,Chemical Substances Control Law,NITE-CHRIP RJ_01_001,349CO0000000202
153153-50-5,class_i_specified,第一種特定化学物質,Class I Specified Chemical,化学物質の審査及び製造等の規制に関する法律,Chemical Substances Control Law,NITE-CHRIP RJ_01_001,349CO0000000202
153443-35-7,class_i_specified,第一種特定化学物質,Class I Specified Chemical,化学物質の審査及び製造等の規制に関する法律,Chemical Substances Control Law,NITE-CHRIP RJ_01_001,349CO0000000202
154380-30-0,class_i_specified,第一種特定化学物質,Class I Specified Chemical,化学物質の審査及び製造等の規制に関する法律,Chemical Substances Control Law,NITE-CHRIP RJ_01_001,349CO0000000202
15715-47-6,class_i_specified,第一種特定化学物質,Class I Specified Chemical,化学物質の審査及び製造等の規制に関する法律,Chemical Substances Control Law,NITE-CHRIP RJ_01_001,349CO0000000202
15739-82-9,class_i_specified,第一種特定化学物質,Class I Specified Chemical,化学物質の審査及び製造等の規制に関する法律,Chemical Substances Control Law,NITE-CHRIP RJ_01_001,349CO0000000202
1578186-42-1,class_i_specified,第一種特定化学物質,Class I Specified Chemical,化学物質の審査及び製造等の規制に関する法律,Chemical Substances Control Law,NITE-CHRIP RJ_01_001,349CO0000000202
1578186-53-4,class_i_specified,第一種特定化学物質,Class I Specified Chemical,化学物質の審査及び製造等の規制に関する法律,Chemical Substances Control Law,NITE-CHRIP RJ_01_001,349CO0000000202
1578186-56-7,class_i_specified,第一種特定化学物質,Class I Specified Chemical,化学物質の審査及び製造等の規制に関する法律,Chemical Substances Control Law,NITE-CHRIP RJ_01_001,349CO0000000202
1578186-64-7,class_i_specified,第一種特定化学物質,Class I Specified Chemical,化学物質の審査及び製造等の規制に関する法律,Chemical Substances Control Law,NITE-CHRIP RJ_01_001,349CO0000000202
15862-07-4,class_i_specified,第一種特定化学物質,Class I Specified Chemical,化学物質の審査及び製造等の規制に関する法律,Chemical Substances Control Law,NITE-CHRIP RJ_01_001,349CO0000000202
159000-96-1,class_i_specified,第一種特定化学物質,Class I Specified Chemical,化学物質の審査及び製造等の規制に関する法律,Chemical Substances Control Law,NITE-CHRIP RJ_01_001,349CO0000000202
159000-97-2,class_i_specified,第一種特定化学物質,Class I Specified Chemical,化学物質の審査及び製造等の規制に関する法律,Chemical Substances Control Law,NITE-CHRIP RJ_01_001,349CO0000000202
15968-05-5,class_i_specified,第一種特定化学物質,Class I Specified Chemical,化学物質の審査及び製造等の規制に関する法律,Chemical Substances Control Law,NITE-CHRIP RJ_01_001,349CO0000000202
160305-97-5,class_i_specified,第一種特定化学物質,Class I Specified Chemical,化学物質の審査及び製造等の規制に関する法律,Chemical Substances Control Law,NITE-CHRIP RJ_01_001,349CO0000000202
160336-17-4,class_i_specified,第一種特定化学物質,Class I Specified Chemical,化学物質の審査及び製造等の規制に関する法律,Chemical Substances Control Law,NITE-CHRIP RJ_01_001,349CO0000000202
160819-47-6,class_i_specified,第一種特定化学物質,Class I Specified Chemical,化学物質の審査及び製造等の規制に関する法律,Chemical Substances Control Law,NITE-CHRIP RJ_01_001,349CO0000000202
160819-49-8,class_i_specified,第一種特定化学物質,Class I Specified Chemical,化学物質の審査及び製造等の規制に関する法律,Chemical Substances Control Law,NITE-CHRIP RJ_01_001,349CO0000000202
160819-50-1,class_i_specified,第一種特定化学物質,Class I Specified Chemical,化学物質の審査及び製造等の規制に関する法律,Chemical Substances Control Law,NITE-CHRIP RJ_01_001,349CO0000000202
160869-62-5,class_i_specified,第一種特定化学物質,Class I Specified Chemical,化学物質の審査及び製造等の規制に関する法律,Chemical Substances Control Law,NITE-CHRIP RJ_01_001,349CO0000000202
160901-25-7,class_i_specified,第一種特定化学物質,Class I Specified Chemical,化学物質の審査及び製造等の規制に関する法律,Chemical Substances Control Law,NITE-CHRIP RJ_01_001,349CO0000000202
160901-26-8,class_i_specified,第一種特定化学物質,Class I Specified Chemical,化学物質の審査及び製造等の規制に関する法律,Chemical Substances Control Law,NITE-CHRIP RJ_01_001,349CO0000000202
161074-58-4,class_i_specified,第一種特定化学物質,Class I Specified Chemical,化学物質の審査及び製造等の規制に関する法律,Chemical Substances Control Law,NITE-CHRIP RJ_01_001,349CO0000000202
1645842-67-6,class_i_specified,第一種特定化学物質,Class I Specified Chemical,化学物質の審査及び製造等の規制に関する法律,Chemical Substances Control Law,NITE-CHRIP RJ_01_001,349CO0000000202
1645852-10-3,class_i_specified,第一種特定化学物質,Class I Specified Chemical,化学物質の審査及び製造等の規制に関する法律,Chemical Substances Control Law,NITE-CHRIP RJ_01_001,349CO0000000202
1648534-82-0,class_i_specified,第一種特定化学物質,Class I Specified Chemical,化学物質の審査及び製造等の規制に関する法律,Chemical Substances Control Law,NITE-CHRIP RJ_01_001,349CO0000000202
1648539-69-8,class_i_specified,第一種特定化学物質,Class I Specified Chemical,化学物質の審査及び製造等の規制に関する法律,Chemical Substances Control Law,NITE-CHRIP RJ_01_001,349CO0000000202
1648540-20-8,class_i_specified,第一種特定化学物質,Class I Specified Chemical,化学物質の審査及び製造等の規制に関する法律,Chemical Substances Control Law,NITE-CHRIP RJ_01_001,349CO0000000202
16605-91-7,class_i_specified,第一種特定化学物質,Class I Specified Chemical,化学物質の審査及び製造等の規制に関する法律,Chemical Substances Control Law,NITE-CHRIP RJ_01_001,349CO0000000202
16606-02-3,class_i_specified,第一種特定化学物質,Class I Specified Chemical,化学物質の審査及び製造等の規制に関する法律,Chemical Substances Control Law,NITE-CHRIP RJ_01_001,349CO0000000202
167289-73-8,class_i_specified,第一種特定化学物質,Class I Specified Chemical,化学物質の審査及び製造等の規制に関する法律,Chemical Substances Control Law,NITE-CHRIP RJ_01_001,349CO0000000202
169102-57-2,class_i_specified,第一種特定化学物質,Class I Specified Chemical,化学物質の審査及び製造等の規制に関する法律,Chemical Substances Control Law,NITE-CHRIP RJ_01_001,349CO0000000202
17062-87-2,class_i_specified,第一種特定化学物質,Class I Specified Chemical,化学物質の審査及び製造等の規制に関する法律,Chemical Substances Control Law,NITE-CHRIP RJ_01_001,349CO0000000202
17125-58-5,class_i_specified,第一種特定化学物質,Class I Specified Chemical,化学物質の審査及び製造等の規制に関する法律,Chemical Substances Control Law,NITE-CHRIP RJ_01_001,349CO0000000202
17125-60-9,class_i_specified,第一種特定化学物質,Class I Specified Chemical,化学物質の審査及び製造等の規制に関する法律,Chemical Substances Control Law,NITE-CHRIP RJ_01_001,349CO0000000202
1763-23-1,class_i_specified,第一種特定化学物質,Class I Specified Chemical,化学物質の審査及び製造等の規制に関する法律,Chemical Substances Control Law,NITE-CHRIP RJ_01_001 政令番号: 17,349CO0000000202
1763-23-1,class_i_specified,第一種特定化学物質,Class I Specified Chemical Substance,化学物質の審査及び製造等の規制に関する法律,Chemical Substances Control Law,化審法施行令 第一条,349CO0000000202
176914-46-8,class_i_specified,第一種特定化学物質,Class I Specified Chemical,化学物質の審査及び製造等の規制に関する法律,Chemical Substances Control Law,NITE-CHRIP RJ_01_001,349CO0000000202
176914-47-9,class_i_specified,第一種特定化学物質,Class I Specified Chemical,化学物質の審査及び製造等の規制に関する法律,Chemical Substances Control Law,NITE-CHRIP RJ_01_001,349CO0000000202
176914-48-0,class_i_specified,第一種特定化学物質,Class I Specified Chemical,化学物質の審査及び製造等の規制に関する法律,Chemical Substances Control Law,NITE-CHRIP RJ_01_001,349CO0000000202
176914-49-1,class_i_specified,第一種特定化学物質,Class I Specified Chemical,化学物質の審査及び製造等の規制に関する法律,Chemical Substances Control Law,NITE-CHRIP RJ_01_001,349CO0000000202
177020-15-4,class_i_specified,第一種特定化学物質,Class I Specified Chemical,化学物質の審査及び製造等の規制に関する法律,Chemical Substances Control Law,NITE-CHRIP RJ_01_001,349CO0000000202
177020-16-5,class_i_specified,第一種特定化学物質,Class I Specified Chemical,化学物質の審査及び製造等の規制に関する法律,Chemical Substances Control Law,NITE-CHRIP RJ_01_001,349CO0000000202
178094-71-8,class_i_specified,第一種特定化学物質,Class I Specified Chemical,化学物質の審査及び製造等の規制に関する法律,Chemical Substances Control Law,NITE-CHRIP RJ_01_001,349CO0000000202
178535-22-3,class_i_specified,第一種特定化学物質,Class I Specified Chemical,化学物質の審査及び製造等の規制に関する法律,Chemical Substances Control Law,NITE-CHRIP RJ_01_001,349CO0000000202
178766-44-4,class_i_specified,第一種特定化学物質,Class I Specified Chemical,化学物質の審査及び製造等の規制に関する法律,Chemical Substances Control Law,NITE-CHRIP RJ_01_001,349CO0000000202
179005-06-2,class_i_specified,第一種特定化学物質,Class I Specified Chemical,化学物質の審査及び製造等の規制に関する法律,Chemical Substances Control Law,NITE-CHRIP RJ_01_001,349CO0000000202
179005-07-3,class_i_specified,第一種特定化学物質,Class I Specified Chemical,化学物質の審査及び製造等の規制に関する法律,Chemical Substances Control Law,NITE-CHRIP RJ_01_001,349CO0000000202
179678-26-3,class_i_specified,第一種特定化学物質,Class I Specified Chemical,化学物質の審査及び製造等の規制に関する法律,Chemical Substances Control Law,NITE-CHRIP RJ_01_001,349CO0000000202
179678-27-4,class_i_specified,第一種特定化学物質,Class I Specified Chemical,化学物質の審査及び製造等の規制に関する法律,Chemical Substances Control Law,NITE-CHRIP RJ_01_001,349CO0000000202
179678-28-5,class_i_specified,第一種特定化学物質,Class I Specified Chemical,化学物質の審査及び製造等の規制に関する法律,Chemical Substances Control Law,NITE-CHRIP RJ_01_001,349CO0000000202
179678-29-6,class_i_specified,第一種特定化学物質,Class I Specified Chemical,化学物質の審査及び製造等の規制に関する法律,Chemical Substances Control Law,NITE-CHRIP RJ_01_001,349CO0000000202
179678-30-9,class_i_specified,第一種特定化学物質,Class I Specified Chemical,化学物質の審査及び製造等の規制に関する法律,Chemical Substances Control Law,NITE-CHRIP RJ_01_001,349CO0000000202
179678-31-0,class_i_specified,第一種特定化学物質,Class I Specified Chemical,化学物質の審査及び製造等の規制に関する法律,Chemical Substances Control Law,NITE-CHRIP RJ_01_001,349CO0000000202
179678-32-1,class_i_specified,第一種特定化学物質,Class I Specified Chemical,化学物質の審査及び製造等の規制に関する法律,Chemical Substances Control Law,NITE-CHRIP RJ_01_001,349CO0000000202
179678-33-2,class_i_specified,第一種特定化学物質,Class I Specified Chemical,化学物質の審査及び製造等の規制に関する法律,Chemical Substances Control Law,NITE-CHRIP RJ_01_001,349CO0000000202
18017-22-6,class_i_specified,第一種特定化学物質,Class I Specified Chemical,化学物質の審査及び製造等の規制に関する法律,Chemical Substances Control Law,NITE-CHRIP RJ_01_001,349CO0000000202
1812247-17-8,class_i_specified,第一種特定化学物質,Class I Specified Chemical,化学物質の審査及び製造等の規制に関する法律,Chemical Substances Control Law,NITE-CHRIP RJ_01_001,349CO0000000202
1812247-18-9,class_i_specified,第一種特定化学物質,Class I Specified Chemical,化学物質の審査及び製造等の規制に関する法律,Chemical Substances Control Law,NITE-CHRIP RJ_01_001,349CO0000000202
1812247-19-0,class_i_specified,第一種特定化学物質,Class I Specified Chemical,化学物質の審査及び製造等の規制に関する法律,Chemical Substances Control Law,NITE-CHRIP RJ_01_001,349CO0000000202
1812247-20-3,class_i_specified,第一種特定化学物質,Class I Specified Chemical,化学物質の審査及び製造等の規制に関する法律,Chemical Substances Control Law,NITE-CHRIP RJ_01_001,349CO0000000202
1825-30-5,class_i_specified,第一種特定化学物質,Class I Specified Chemical,化学物質の審査及び製造等の規制に関する法律,Chemical Substances Control Law,NITE-CHRIP RJ_01_001,349CO0000000202
1825-31-6,class_i_specified,第一種特定化学物質,Class I Specified Chemical,化学物質の審査及び製造等の規制に関する法律,Chemical Substances Control Law,NITE-CHRIP RJ_01_001,349CO0000000202
18259-05-7,class_i_specified,第一種特定化学物質,Class I Specified Chemical,化学物質の審査及び製造等の規制に関する法律,Chemical Substances Control Law,NITE-CHRIP RJ_01_001,349CO0000000202
183146-60-3,class_i_specified,第一種特定化学物質,Class I Specified Chemical,化学物質の審査及び製造等の規制に関する法律,Chemical Substances Control Law,NITE-CHRIP RJ_01_001,349CO0000000202
1882109-58-1,class_i_specified,第一種特定化学物質,Class I Specified Chemical,化学物質の審査及び製造等の規制に関する法律,Chemical Substances Control Law,NITE-CHRIP RJ_01_001,349CO0000000202
1882109-59-2,class_i_specified,第一種特定化学物質,Class I Specified Chemical,化学物質の審査及び製造等の規制に関する法律,Chemical Substances Control Law,NITE-CHRIP RJ_01_001,349CO0000000202
1882109-60-5,class_i_specified,第一種特定化学物質,Class I Specified Chemical,化学物質の審査及び製造等の規制に関する法律,Chemical Substances Control Law,NITE-CHRIP RJ_01_001,349CO0000000202
1882109-61-6,class_i_specified,第一種特定化学物質,Class I Specified Chemical,化学物質の審査及び製造等の規制に関する法律,Chemical Substances Control Law,NITE-CHRIP RJ_01_001,349CO0000000202
1882109-62-7,class_i_specified,第一種特定化学物質,Class I Specified Chemical,化学物質の審査及び製造等の規制に関する法律,Chemical Substances Control Law,NITE-CHRIP RJ_01_001,349CO0000000202
1882109-63-8,class_i_specified,第一種特定化学物質,Class I Specified Chemical,化学物質の審査及び製造等の規制に関する法律,Chemical Substances Control Law,NITE-CHRIP RJ_01_001,349CO0000000202
1882109-64-9,class_i_specified,第一種特定化学物質,Class I Specified Chemical,化学物質の審査及び製造等の規制に関する法律,Chemical Substances Control Law,NITE-CHRIP RJ_01_001,349CO0000000202
1882109-65-0,class_i_specified,第一種特定化学物質,Class I Specified Chemical,化学物質の審査及び製造等の規制に関する法律,Chemical Substances Control Law,NITE-CHRIP RJ_01_001,349CO0000000202
1882109-66-1,class_i_specified,第一種特定化学物質,Class I Specified Chemical,化学物質の審査及び製造等の規制に関する法律,Chemical Substances Control Law,NITE-CHRIP RJ_01_001,349CO0000000202
1882109-67-2,class_i_specified,第一種特定化学物質,Class I Specified Chemical,化学物質の審査及び製造等の規制に関する法律,Chemical Substances Control Law,NITE-CHRIP RJ_01_001,349CO0000000202
1882109-68-3,class_i_specified,第一種特定化学物質,Class I Specified Chemical,化学物質の審査及び製造等の規制に関する法律,Chemical Substances Control Law,NITE-CHRIP RJ_01_001,349CO0000000202
1882109-69-4,class_i_specified,第一種特定化学物質,Class I Specified Chemical,化学物質の審査及び製造等の規制に関する法律,Chemical Substances Control Law,NITE-CHRIP RJ_01_001,349CO0000000202
1882109-70-7,class_i_specified,第一種特定化学物質,Class I Specified Chemical,化学物質の審査及び製造等の規制に関する法律,Chemical Substances Control Law,NITE-CHRIP RJ_01_001,349CO0000000202
1882109-71-8,class_i_specified,第一種特定化学物質,Class I Specified Chemical,化学物質の審査及び製造等の規制に関する法律,Chemical Substances Control Law,NITE-CHRIP RJ_01_001,349CO0000000202
1882109-72-9,class_i_specified,第一種特定化学物質,Class I Specified Chemical,化学物質の審査及び製造等の規制に関する法律,Chemical Substances Control Law,NITE-CHRIP RJ_01_001,349CO0000000202
1882109-73-0,class_i_specified,第一種特定化学物質,Class I Specified Chemical,化学物質の審査及び製造等の規制に関する法律,Chemical Substances Control Law,NITE-CHRIP RJ_01_001,349CO0000000202
1882109-74-1,class_i_specified,第一種特定化学物質,Class I Specified Chemical,化学物質の審査及び製造等の規制に関する法律,Chemical Substances Control Law,NITE-CHRIP RJ_01_001,349CO0000000202
1882109-75-2,class_i_specified,第一種特定化学物質,Class I Specified Chemical,化学物質の審査及び製造等の規制に関する法律,Chemical Substances Control Law,NITE-CHRIP RJ_01_001,349CO0000000202
1882109-76-3,class_i_specified,第一種特定化学物質,Class I Specified Chemical,化学物質の審査及び製造等の規制に関する法律,Chemical Substances Control Law,NITE-CHRIP RJ_01_001,349CO0000000202
1882109-77-4,class_i_specified,第一種特定化学物質,Class I Specified Chemical,化学物質の審査及び製造等の規制に関する法律,Chemical Substances Control Law,NITE-CHRIP RJ_01_001,349CO0000000202
1882109-78-5,class_i_specified,第一種特定化学物質,Class I Specified Chemical,化学物質の審査及び製造等の規制に関する法律,Chemical Substances Control Law,NITE-CHRIP RJ_01_001,349CO0000000202
1882109-79-6,class_i_specified,第一種特定化学物質,Class I Specified Chemical,化学物質の審査及び製造等の規制に関する法律,Chemical Substances Control Law,NITE-CHRIP RJ_01_001,349CO0000000202
1882109-80-9,class_i_specified,第一種特定化学物質,Class I Specified Chemical,化学物質の審査及び製造等の規制に関する法律,Chemical Substances Control Law,NITE-CHRIP RJ_01_001,349CO0000000202
1882109-81-0,class_i_specified,第一種特定化学物質,Class I Specified Chemical,化学物質の審査及び製造等の規制に関する法律,Chemical Substances Control Law,NITE-CHRIP RJ_01_001,349CO0000000202
189084-65-9,class_i_specified,第一種特定化学物質,Class I Specified Chemical,化学物質の審査及び製造等の規制に関する法律,Chemical Substances Control Law,NITE-CHRIP RJ_01_001,349CO0000000202
189274-31-5,class_i_specified,第一種特定化学物質,Class I Specified Chemical,化学物質の審査及び製造等の規制に関する法律,Chemical Substances Control Law,NITE-CHRIP RJ_01_001,349CO0000000202
1893-52-3,class_i_specified,第一種特定化学物質,Class I Specified Chemical,化学物質の審査及び製造等の規制に関する法律,Chemical Substances Control Law,NITE-CHRIP RJ_01_001,349CO0000000202
18993-26-5,class_i_specified,第一種特定化学物質,Class I Specified Chemical,化学物質の審査及び製造等の規制に関する法律,Chemical Substances Control Law,NITE-CHRIP RJ_01_001,349CO0000000202
192662-29-6,class_i_specified,第一種特定化学物質,Class I Specified Chemical,化学物質の審査及び製造等の規制に関する法律,Chemical Substances Control Law,NITE-CHRIP RJ_01_001,349CO0000000202
19742-57-5,class_i_specified,第一種特定化学物質,Class I Specified Chemical,化学物質の審査及び製造等の規制に関する法律,Chemical Substances Control Law,NITE-CHRIP RJ_01_001,349CO0000000202
1996-88-9,class_i_specified,第一種特定化学物質,Class I Specified Chemical,化学物質の審査及び製造等の規制に関する法律,Chemical Substances Control Law,NITE-CHRIP RJ_01_001,349CO0000000202
20020-02-4,class_i_specified,第一種特定化学物質,Class I Specified Chemical,化学物質の審査及び製造等の規制に関する法律,Chemical Substances Control Law,NITE-CHRIP RJ_01_001,349CO0000000202
202189-84-2,class_i_specified,第一種特定化学物質,Class I Specified Chemical,化学物質の審査及び製造等の規制に関する法律,Chemical Substances Control Law,NITE-CHRIP RJ_01_001,349CO0000000202
2043-53-0,class_i_specified,第一種特定化学物質,Class I Specified Chemical,化学物質の審査及び製造等の規制に関する法律,Chemical Substances Control Law,NITE-CHRIP RJ_01_001,349CO0000000202
2050-67-1,class_i_specified,第一種特定化学物質,Class I Specified Chemical,化学物質の審査及び製造等の規制に関する法律,Chemical Substances Control Law,NITE-CHRIP RJ_01_001,349CO0000000202
2050-68-2,class_i_specified,第一種特定化学物質,Class I Specified Chemical,化学物質の審査及び製造等の規制に関する法律,Chemical Substances Control Law,NITE-CHRIP RJ_01_001,349CO0000000202
2050-69-3,class_i_specified,第一種特定化学物質,Class I Specified Chemical,化学物質の審査及び製造等の規制に関する法律,Chemical Substances Control Law,NITE-CHRIP RJ_01_001,349CO0000000202
2050-72-8,class_i_specified,第一種特定化学物質,Class I Specified Chemical,化学物質の審査及び製造等の規制に関する法律,Chemical Substances Control Law,NITE-CHRIP RJ_01_001,349CO0000000202
2050-73-9,class_i_specified,第一種特定化学物質,Class I Specified Chemical,化学物質の審査及び製造等の規制に関する法律,Chemical Substances Control Law,NITE-CHRIP RJ_01_001,349CO0000000202
2050-74-0,class_i_specified,第一種特定化学物質,Class I Specified Chemical,化学物質の審査及び製造等の規制に関する法律,Chemical Substances Control Law,NITE-CHRIP RJ_01_001,349CO0000000202
2050-75-1,class_i_specified,第一種特定化学物質,Class I Specified Chemical,化学物質の審査及び製造等の規制に関する法律,Chemical Substances Control Law,NITE-CHRIP RJ_01_001,349CO0000000202
2051-24-3,class_i_specified,第一種特定化学物質,Class I Specified Chemical,化学物質の審査及び製造等の規制に関する法律,Chemical Substances Control Law,NITE-CHRIP RJ_01_001,349CO0000000202
2051-60-7,class_i_specified,第一種特定化学物質,Class I Specified Chemical,化学物質の審査及び製造等の規制に関する法律,Chemical Substances Control Law,NITE-CHRIP RJ_01_001,349CO0000000202
2051-61-8,class_i_specified,第一種特定化学物質,Class I Specified Chemical,化学物質の審査及び製造等の規制に関する法律,Chemical Substances Control Law,NITE-CHRIP RJ_01_001,349CO0000000202
2051-62-9,class_i_specified,第一種特定化学物質,Class I Specified Chemical,化学物質の審査及び製造等の規制に関する法律,Chemical Substances Control Law,NITE-CHRIP RJ_01_001,349CO0000000202
205991-67-9,class_i_specified,第一種特定化学物質,Class I Specified Chemical,化学物質の審査及び製造等の規制に関する法律,Chemical Substances Control Law,NITE-CHRIP RJ_01_001,349CO0000000202
205991-68-0,class_i_specified,第一種特定化学物質,Class I Specified Chemical,化学物質の審査及び製造等の規制に関する法律,Chemical Substances Control Law,NITE-CHRIP RJ_01_001,349CO0000000202
205991-69-1,class_i_specified,第一種特定化学物質,Class I Specified Chemical,化学物質の審査及び製造等の規制に関する法律,Chemical Substances Control Law,NITE-CHRIP RJ_01_001,349CO0000000202
205991-70-4,class_i_specified,第一種特定化学物質,Class I Specified Chemical,化学物質の審査及び製造等の規制に関する法律,Chemical Substances Control Law,NITE-CHRIP RJ_01_001,349CO0000000202
2065-70-5,class_i_specified,第一種特定化学物質,Class I Specified Chemical,化学物質の審査及び製造等の規制に関する法律,Chemical Substances Control Law,NITE-CHRIP RJ_01_001,349CO0000000202
207004-27-1,class_i_specified,第一種特定化学物質,Class I Specified Chemical,化学物質の審査及び製造等の規制に関する法律,Chemical Substances Control Law,NITE-CHRIP RJ_01_001,349CO0000000202
207004-28-2,class_i_specified,第一種特定化学物質,Class I Specified Chemical,化学物質の審査及び製造等の規制に関する法律,Chemical Substances Control Law,NITE-CHRIP RJ_01_001,349CO0000000202
207004-29-3,class_i_specified,第一種特定化学物質,Class I Specified Chemical,化学物質の審査及び製造等の規制に関する法律,Chemical Substances Control Law,NITE-CHRIP RJ_01_001,349CO0000000202
207004-30-6,class_i_specified,第一種特定化学物質,Class I Specified Chemical,化学物質の審査及び製造等の規制に関する法律,Chemical Substances Control Law,NITE-CHRIP RJ_01_001,349CO0000000202
207004-31-7,class_i_specified,第一種特定化学物質,Class I Specified Chemical,化学物質の審査及び製造等の規制に関する法律,Chemical Substances Control Law,NITE-CHRIP RJ_01_001,349CO0000000202
207004-32-8,class_i_specified,第一種特定化学物質,Class I Specified Chemical,化学物質の審査及び製造等の規制に関する法律,Chemical Substances Control Law,NITE-CHRIP RJ_01_001,349CO0000000202
207004-33-9,class_i_specified,第一種特定化学物質,Class I Specified Chemical,化学物質の審査及び製造等の規制に関する法律,Chemical Substances Control Law,NITE-CHRIP RJ_01_001,349CO0000000202
207004-34-0,class_i_specified,第一種特定化学物質,Class I Specified Chemical,化学物質の審査及び製造等の規制に関する法律,Chemical Substances Control Law,NITE-CHRIP RJ_01_001,349CO0000000202
207004-35-1,class_i_specified,第一種特定化学物質,Class I Specified Chemical,化学物質の審査及び製造等の規制に関する法律,Chemical Substances Control Law,NITE-CHRIP RJ_01_001,349CO0000000202
207004-36-2,class_i_specified,第一種特定化学物質,Class I Specified Chemical,化学物質の審査及び製造等の規制に関する法律,Chemical Substances Control Law,NITE-CHRIP RJ_01_001,349CO0000000202
207122-15-4,class_i_specified,第一種特定化学物質,Class I Specified Chemical,化学物質の審査及び製造等の規制に関する法律,Chemical Substances Control Law,NITE-CHRIP RJ_01_001,349CO0000000202
207122-16-5,class_i_specified,第一種特定化学物質,Class I Specified Chemical,化学物質の審査及び製造等の規制に関する法律,Chemical Substances Control Law,NITE-CHRIP RJ_01_001,349CO0000000202
207678-51-1,class_i_specified,第一種特定化学物質,Class I Specified Chemical,化学物質の審査及び製造等の規制に関する法律,Chemical Substances Control Law,NITE-CHRIP RJ_01_001,349CO0000000202
207678-62-4,class_i_specified,第一種特定化学物質,Class I Specified Chemical,化学物質の審査及び製造等の規制に関する法律,Chemical Substances Control Law,NITE-CHRIP RJ_01_001,349CO0000000202
2089109-26-0,class_i_specified,第一種特定化学物質,Class I Specified Chemical,化学物質の審査及び製造等の規制に関する法律,Chemical Substances Control Law,NITE-CHRIP RJ_01_001,349CO0000000202
212013-54-2,class_i_specified,第一種特定化学物質,Class I Specified Chemical,化学物質の審査及び製造等の規制に関する法律,Chemical Substances Control Law,NITE-CHRIP RJ_01_001,349CO0000000202
2136-99-4,class_i_specified,第一種特定化学物質,Class I Specified Chemical,化学物質の審査及び製造等の規制に関する法律,Chemical Substances Control Law,NITE-CHRIP RJ_01_001,349CO0000000202
213740-81-9,class_i_specified,第一種特定化学物質,Class I Specified Chemical,化学物質の審査及び製造等の規制に関する法律,Chemical Substances Control Law,NITE-CHRIP RJ_01_001,349CO0000000202
21652-58-4,class_i_specified,第一種特定化学物質,Class I Specified Chemical,化学物質の審査及び製造等の規制に関する法律,Chemical Substances Control Law,NITE-CHRIP RJ_01_001,349CO0000000202
219697-10-6,class_i_specified,第一種特定化学物質,Class I Specified Chemical,化学物質の審査及び製造等の規制に関する法律,Chemical Substances Control Law,NITE-CHRIP RJ_01_001,349CO0000000202
219697-11-7,class_i_specified,第一種特定化学物質,Class I Specified Chemical,化学物質の審査及び製造等の規制に関する法律,Chemical Substances Control Law,NITE-CHRIP RJ_01_001,349CO0000000202
2198-75-6,class_i_specified,第一種特定化学物質,Class I Specified Chemical,化学物質の審査及び製造等の規制に関する法律,Chemical Substances Control Law,NITE-CHRIP RJ_01_001,349CO0000000202
2198-77-8,class_i_specified,第一種特定化学物質,Class I Specified Chemical,化学物質の審査及び製造等の規制に関する法律,Chemical Substances Control Law,NITE-CHRIP RJ_01_001,349CO0000000202
221174-07-8,class_i_specified,第一種特定化学物質,Class I Specified Chemical,化学物質の審査及び製造等の規制に関する法律,Chemical Substances Control Law,NITE-CHRIP RJ_01_001,349CO0000000202
222037-87-8,class_i_specified,第一種特定化学物質,Class I Specified Chemical,化学物質の審査及び製造等の規制に関する法律,Chemical Substances Control Law,NITE-CHRIP RJ_01_001,349CO0000000202
222716-67-8,class_i_specified,第一種特定化学物質,Class I Specified Chemical,化学物質の審査及び製造等の規制に関する法律,Chemical Substances Control Law,NITE-CHRIP RJ_01_001,349CO0000000202
2234-13-1,class_i_specified,第一種特定化学物質,Class I Specified Chemical,化学物質の審査及び製造等の規制に関する法律,Chemical Substances Control Law,NITE-CHRIP RJ_01_001,349CO0000000202
2267980-92-5,class_i_specified,第一種特定化学物質,Class I Specified Chemical,化学物質の審査及び製造等の規制に関する法律,Chemical Substances Control Law,NITE-CHRIP RJ_01_001,349CO0000000202
228420-06-2,class_i_specified,第一種特定化学物質,Class I Specified Chemical,化学物質の審査及び製造等の規制に関する法律,Chemical Substances Control Law,NITE-CHRIP RJ_01_001,349CO0000000202
228420-07-3,class_i_specified,第一種特定化学物質,Class I Specified Chemical,化学物質の審査及び製造等の規制に関する法律,Chemical Substances Control Law,NITE-CHRIP RJ_01_001,349CO0000000202
2310194-12-6,class_i_specified,第一種特定化学物質,Class I Specified Chemical,化学物質の審査及び製造等の規制に関する法律,Chemical Substances Control Law,NITE-CHRIP RJ_01_001,349CO0000000202
23234-97-1,class_i_specified,第一種特定化学物質,Class I Specified Chemical,化学物質の審査及び製造等の規制に関する法律,Chemical Substances Control Law,NITE-CHRIP RJ_01_001,349CO0000000202
2385-85-5,class_i_specified,第一種特定化学物質,Class I Specified Chemical,化学物質の審査及び製造等の規制に関する法律,Chemical Substances Control Law,NITE-CHRIP RJ_01_001 政令番号: 13,349CO0000000202
2395-00-8,class_i_specified,第一種特定化学物質,Class I Specified Chemical,化学物質の審査及び製造等の規制に関する法律,Chemical Substances Control Law,NITE-CHRIP RJ_01_001,349CO0000000202
24216-05-5,class_i_specified,第一種特定化学物質,Class I Specified Chemical,化学物質の審査及び製造等の規制に関する法律,Chemical Substances Control Law,NITE-CHRIP RJ_01_001,349CO0000000202
2437-54-9,class_i_specified,第一種特定化学物質,Class I Specified Chemical,化学物質の審査及び製造等の規制に関する法律,Chemical Substances Control Law,NITE-CHRIP RJ_01_001,349CO0000000202
2437-55-0,class_i_specified,第一種特定化学物質,Class I Specified Chemical,化学物質の審査及び製造等の規制に関する法律,Chemical Substances Control Law,NITE-CHRIP RJ_01_001,349CO0000000202
2437-79-8,class_i_specified,第一種特定化学物質,Class I Specified Chemical,化学物質の審査及び製造等の規制に関する法律,Chemical Substances Control Law,NITE-CHRIP RJ_01_001,349CO0000000202
246234-80-0,class_i_specified,第一種特定化学物質,Class I Specified Chemical,化学物質の審査及び製造等の規制に関する法律,Chemical Substances Control Law,NITE-CHRIP RJ_01_001,349CO0000000202
251099-16-8,class_i_specified,第一種特定化学物質,Class I Specified Chemical,化学物質の審査及び製造等の規制に関する法律,Chemical Substances Control Law,NITE-CHRIP RJ_01_001,349CO0000000202
252300-28-0,class_i_specified,第一種特定化学物質,Class I Specified Chemical,化学物質の審査及び製造等の規制に関する法律,Chemical Substances Control Law,NITE-CHRIP RJ_01_001,349CO0000000202
25323-68-6,class_i_specified,第一種特定化学物質,Class I Specified Chemical,化学物質の審査及び製造等の規制に関する法律,Chemical Substances Control Law,NITE-CHRIP RJ_01_001,349CO0000000202
253683-00-0,class_i_specified,第一種特定化学物質,Class I Specified Chemical,化学物質の審査及び製造等の規制に関する法律,Chemical Substances Control Law,NITE-CHRIP RJ_01_001,349CO0000000202
25429-29-2,class_i_specified,第一種特定化学物質,Class I Specified Chemical,化学物質の審査及び製造等の規制に関する法律,Chemical Substances Control Law,NITE-CHRIP RJ_01_001,349CO0000000202
254889-10-6,class_i_specified,第一種特定化学物質,Class I Specified Chemical,化学物質の審査及び製造等の規制に関する法律,Chemical Substances Control Law,NITE-CHRIP RJ_01_001,349CO0000000202
254889-67-3,class_i_specified,第一種特定化学物質,Class I Specified Chemical,化学物質の審査及び製造等の規制に関する法律,Chemical Substances Control Law,NITE-CHRIP RJ_01_001,349CO0000000202
255065-25-9,class_i_specified,第一種特定化学物質,Class I Specified Chemical,化学物質の審査及び製造等の規制に関する法律,Chemical Substances Control Law,NITE-CHRIP RJ_01_001,349CO0000000202
255065-26-0,class_i_specified,第一種特定化学物質,Class I Specified Chemical,化学物質の審査及び製造等の規制に関する法律,Chemical Substances Control Law,NITE-CHRIP RJ_01_001,349CO0000000202
25512-42-9,class_i_specified,第一種特定化学物質,Class I Specified Chemical,化学物質の審査及び製造等の規制に関する法律,Chemical Substances Control Law,NITE-CHRIP RJ_01_001,349CO0000000202
25569-80-6,class_i_specified,第一種特定化学物質,Class I Specified Chemical,化学物質の審査及び製造等の規制に関する法律,Chemical Substances Control Law,NITE-CHRIP RJ_01_001,349CO0000000202
25637-99-4,class_i_specified,第一種特定化学物質,Class I Specified Chemical,化学物質の審査及び製造等の規制に関する法律,Chemical Substances Control Law,NITE-CHRIP RJ_01_001 政令番号: 30,349CO0000000202
25637-99-4,class_i_specified,第一種特定化学物質,Class I Specified Chemical Substance,化学物質の審査及び製造等の規制に関する法律,Chemical Substances Control Law,化審法施行令 第一条,349CO0000000202
25935-14-2,class_i_specified,第一種特定化学物質,Class I Specified Chemical,化学物質の審査及び製造等の規制に関する法律,Chemical Substances Control Law,NITE-CHRIP RJ_01_001,349CO0000000202
25973-55-1,class_i_specified,第一種特定化学物質,Class I Specified Chemical,化学物質の審査及び製造等の規制に関する法律,Chemical Substances Control Law,NITE-CHRIP RJ_01_001 政令番号: 38,349CO0000000202
26601-64-9,class_i_specified,第一種特定化学物質,Class I Specified Chemical,化学物質の審査及び製造等の規制に関する法律,Chemical Substances Control Law,NITE-CHRIP RJ_01_001,349CO0000000202
26650-10-2,class_i_specified,第一種特定化学物質,Class I Specified Chemical,化学物質の審査及び製造等の規制に関する法律,Chemical Substances Control Law,NITE-CHRIP RJ_01_001,349CO0000000202
26914-33-0,class_i_specified,第一種特定化学物質,Class I Specified Chemical,化学物質の審査及び製造等の規制に関する法律,Chemical Substances Control Law,NITE-CHRIP RJ_01_001,349CO0000000202
27304-13-8,class_i_specified,第一種特定化学物質,Class I Specified Chemical,化学物質の審査及び製造等の規制に関する法律,Chemical Substances Control Law,NITE-CHRIP RJ_01_001,349CO0000000202
27323-18-8,class_i_specified,第一種特定化学物質,Class I Specified Chemical,化学物質の審査及び製造等の規制に関する法律,Chemical Substances Control Law,NITE-CHRIP RJ_01_001,349CO0000000202
27417-40-9,class_i_specified,第一種特定化学物質,Class I Specified Chemical,化学物質の審査及び製造等の規制に関する法律,Chemical Substances Control Law,NITE-CHRIP RJ_01_001,349CO0000000202
27619-90-5,class_i_specified,第一種特定化学物質,Class I Specified Chemical,化学物質の審査及び製造等の規制に関する法律,Chemical Substances Control Law,NITE-CHRIP RJ_01_001,349CO0000000202
276673-33-7,class_i_specified,第一種特定化学物質,Class I Specified Chemical,化学物質の審査及び製造等の規制に関する法律,Chemical Substances Control Law,NITE-CHRIP RJ_01_001,349CO0000000202
27735-63-3,class_i_specified,第一種特定化学物質,Class I Specified Chemical,化学物質の審査及び製造等の規制に関する法律,Chemical Substances Control Law,NITE-CHRIP RJ_01_001,349CO0000000202
27735-64-4,class_i_specified,第一種特定化学物質,Class I Specified Chemical,化学物質の審査及び製造等の規制に関する法律,Chemical Substances Control Law,NITE-CHRIP RJ_01_001,349CO0000000202
277749-00-5,class_i_specified,第一種特定化学物質,Class I Specified Chemical,化学物質の審査及び製造等の規制に関する法律,Chemical Substances Control Law,NITE-CHRIP RJ_01_001,349CO0000000202
27854-31-5,class_i_specified,第一種特定化学物質,Class I Specified Chemical,化学物質の審査及び製造等の規制に関する法律,Chemical Substances Control Law,NITE-CHRIP RJ_01_001,349CO0000000202
27905-45-9,class_i_specified,第一種特定化学物質,Class I Specified Chemical,化学物質の審査及び製造等の規制に関する法律,Chemical Substances Control Law,NITE-CHRIP RJ_01_001,349CO0000000202
2795-39-3,class_i_specified,第一種特定化学物質,Class I Specified Chemical,化学物質の審査及び製造等の規制に関する法律,Chemical Substances Control Law,NITE-CHRIP RJ_01_001,349CO0000000202
28655-71-2,class_i_specified,第一種特定化学物質,Class I Specified Chemical,化学物質の審査及び製造等の規制に関する法律,Chemical Substances Control Law,NITE-CHRIP RJ_01_001,349CO0000000202
28699-88-9,class_i_specified,第一種特定化学物質,Class I Specified Chemical,化学物質の審査及び製造等の規制に関する法律,Chemical Substances Control Law,NITE-CHRIP RJ_01_001,349CO0000000202
28726-30-9,class_i_specified,第一種特定化学物質,Class I Specified Chemical,化学物質の審査及び製造等の規制に関する法律,Chemical Substances Control Law,NITE-CHRIP RJ_01_001,349CO0000000202
28990-85-4,class_i_specified,第一種特定化学物質,Class I Specified Chemical,化学物質の審査及び製造等の規制に関する法律,Chemical Substances Control Law,NITE-CHRIP RJ_01_001,349CO0000000202
29081-56-9,class_i_specified,第一種特定化学物質,Class I Specified Chemical,化学物質の審査及び製造等の規制に関する法律,Chemical Substances Control Law,NITE-CHRIP RJ_01_001,349CO0000000202
2917-31-9,class_i_specified,第一種特定化学物質,Class I Specified Chemical,化学物質の審査及び製造等の規制に関する法律,Chemical Substances Control Law,NITE-CHRIP RJ_01_001,349CO0000000202
2917-32-0,class_i_specified,第一種特定化学物質,Class I Specified Chemical,化学物質の審査及び製造等の規制に関する法律,Chemical Substances Control Law,NITE-CHRIP RJ_01_001,349CO0000000202
29457-72-5,class_i_specified,第一種特定化学物質,Class I Specified Chemical,化学物質の審査及び製造等の規制に関する法律,Chemical Substances Control Law,NITE-CHRIP RJ_01_001,349CO0000000202
29457-73-6,class_i_specified,第一種特定化学物質,Class I Specified Chemical,化学物質の審査及び製造等の規制に関する法律,Chemical Substances Control Law,NITE-CHRIP RJ_01_001,349CO0000000202
2974-90-5,class_i_specified,第一種特定化学物質,Class I Specified Chemical,化学物質の審査及び製造等の規制に関する法律,Chemical Substances Control Law,NITE-CHRIP RJ_01_001,349CO0000000202
2974-92-7,class_i_specified,第一種特定化学物質,Class I Specified Chemical,化学物質の審査及び製造等の規制に関する法律,Chemical Substances Control Law,NITE-CHRIP RJ_01_001,349CO0000000202
302911-86-0,class_i_specified,第一種特定化学物質,Class I Specified Chemical,化学物質の審査及び製造等の規制に関する法律,Chemical Substances Control Law,NITE-CHRIP RJ_01_001,349CO0000000202
30295-53-5,class_i_specified,第一種特定化学物質,Class I Specified Chemical,化学物質の審査及び製造等の規制に関する法律,Chemical Substances Control Law,NITE-CHRIP RJ_01_001,349CO0000000202
30295-56-8,class_i_specified,第一種特定化学物質,Class I Specified Chemical,化学物質の審査及び製造等の規制に関する法律,Chemical Substances Control Law,NITE-CHRIP RJ_01_001,349CO0000000202
30605-61-9,class_i_specified,第一種特定化学物質,Class I Specified Chemical,化学物質の審査及び製造等の規制に関する法律,Chemical Substances Control Law,NITE-CHRIP RJ_01_001,349CO0000000202
30667-99-3,class_i_specified,第一種特定化学物質,Class I Specified Chemical,化学物質の審査及び製造等の規制に関する法律,Chemical Substances Control Law,NITE-CHRIP RJ_01_001,349CO0000000202
306973-47-7,class_i_specified,第一種特定化学物質,Class I Specified Chemical,化学物質の審査及び製造等の規制に関する法律,Chemical Substances Control Law,NITE-CHRIP RJ_01_001,349CO0000000202
306974-19-6,class_i_specified,第一種特定化学物質,Class I Specified Chemical,化学物質の審査及び製造等の規制に関する法律,Chemical Substances Control Law,NITE-CHRIP RJ_01_001,349CO0000000202
306974-28-7,class_i_specified,第一種特定化学物質,Class I Specified Chemical,化学物質の審査及び製造等の規制に関する法律,Chemical Substances Control Law,NITE-CHRIP RJ_01_001,349CO0000000202
306974-45-8,class_i_specified,第一種特定化学物質,Class I Specified Chemical,化学物質の審査及び製造等の規制に関する法律,Chemical Substances Control Law,NITE-CHRIP RJ_01_001,349CO0000000202
306974-63-0,class_i_specified,第一種特定化学物質,Class I Specified Chemical,化学物質の審査及び製造等の規制に関する法律,Chemical Substances Control Law,NITE-CHRIP RJ_01_001,349CO0000000202
306975-62-2,class_i_specified,第一種特定化学物質,Class I Specified Chemical,化学物質の審査及び製造等の規制に関する法律,Chemical Substances Control Law,NITE-CHRIP RJ_01_001,349CO0000000202
306975-84-8,class_i_specified,第一種特定化学物質,Class I Specified Chemical,化学物質の審査及び製造等の規制に関する法律,Chemical Substances Control Law,NITE-CHRIP RJ_01_001,349CO0000000202
306975-85-9,class_i_specified,第一種特定化学物質,Class I Specified Chemical,化学物質の審査及び製造等の規制に関する法律,Chemical Substances Control Law,NITE-CHRIP RJ_01_001,349CO0000000202
306976-25-0,class_i_specified,第一種特定化学物質,Class I Specified Chemical,化学物質の審査及び製造等の規制に関する法律,Chemical Substances Control Law,NITE-CHRIP RJ_01_001,349CO0000000202
306976-55-6,class_i_specified,第一種特定化学物質,Class I Specified Chemical,化学物質の審査及び製造等の規制に関する法律,Chemical Substances Control Law,NITE-CHRIP RJ_01_001,349CO0000000202
306977-10-6,class_i_specified,第一種特定化学物質,Class I Specified Chemical,化学物質の審査及び製造等の規制に関する法律,Chemical Substances Control Law,NITE-CHRIP RJ_01_001,349CO0000000202
306977-58-2,class_i_specified,第一種特定化学物質,Class I Specified Chemical,化学物質の審査及び製造等の規制に関する法律,Chemical Substances Control Law,NITE-CHRIP RJ_01_001,349CO0000000202
306978-04-1,class_i_specified,第一種特定化学物質,Class I Specified Chemical,化学物質の審査及び製造等の規制に関する法律,Chemical Substances Control Law,NITE-CHRIP RJ_01_001,349CO0000000202
306978-65-4,class_i_specified,第一種特定化学物質,Class I Specified Chemical,化学物質の審査及び製造等の規制に関する法律,Chemical Substances Control Law,NITE-CHRIP RJ_01_001,349CO0000000202
306979-40-8,class_i_specified,第一種特定化学物質,Class I Specified Chemical,化学物質の審査及び製造等の規制に関する法律,Chemical Substances Control Law,NITE-CHRIP RJ_01_001,349CO0000000202
306980-27-8,class_i_specified,第一種特定化学物質,Class I Specified Chemical,化学物質の審査及び製造等の規制に関する法律,Chemical Substances Control Law,NITE-CHRIP RJ_01_001,349CO0000000202
307-35-7,class_i_specified,第一種特定化学物質,Class I Specified Chemical,化学物質の審査及び製造等の規制に関する法律,Chemical Substances Control Law,NITE-CHRIP RJ_01_001,349CO0000000202
308-01-0,class_i_specified,第一種特定化学物質,Class I Specified Chemical,化学物質の審査及び製造等の規制に関する法律,Chemical Substances Control Law,NITE-CHRIP RJ_01_001,349CO0000000202
309-00-2,class_i_specified,第一種特定化学物質,Class I Specified Chemical,化学物質の審査及び製造等の規制に関する法律,Chemical Substances Control Law,NITE-CHRIP RJ_01_001 政令番号: 4,349CO0000000202
3102-79-2,class_i_specified,第一種特定化学物質,Class I Specified Chemical,化学物質の審査及び製造等の規制に関する法律,Chemical Substances Control Law,NITE-CHRIP RJ_01_001,349CO0000000202
3108-24-5,class_i_specified,第一種特定化学物質,Class I Specified Chemical,化学物質の審査及び製造等の規制に関する法律,Chemical Substances Control Law,NITE-CHRIP RJ_01_001,349CO0000000202
31153-30-7,class_i_specified,第一種特定化学物質,Class I Specified Chemical,化学物質の審査及び製造等の規制に関する法律,Chemical Substances Control Law,NITE-CHRIP RJ_01_001,349CO0000000202
31472-83-0,class_i_specified,第一種特定化学物質,Class I Specified Chemical,化学物質の審査及び製造等の規制に関する法律,Chemical Substances Control Law,NITE-CHRIP RJ_01_001,349CO0000000202
31508-00-6,class_i_specified,第一種特定化学物質,Class I Specified Chemical,化学物質の審査及び製造等の規制に関する法律,Chemical Substances Control Law,NITE-CHRIP RJ_01_001,349CO0000000202
31604-28-1,class_i_specified,第一種特定化学物質,Class I Specified Chemical,化学物質の審査及び製造等の規制に関する法律,Chemical Substances Control Law,NITE-CHRIP RJ_01_001,349CO0000000202
319-84-6,class_i_specified,第一種特定化学物質,Class I Specified Chemical,化学物質の審査及び製造等の規制に関する法律,Chemical Substances Control Law,NITE-CHRIP RJ_01_001 政令番号: 20,349CO0000000202
319-85-7,class_i_specified,第一種特定化学物質,Class I Specified Chemical,化学物質の審査及び製造等の規制に関する法律,Chemical Substances Control Law,NITE-CHRIP RJ_01_001 政令番号: 21,349CO0000000202
3194-55-6,class_i_specified,第一種特定化学物質,Class I Specified Chemical,化学物質の審査及び製造等の規制に関する法律,Chemical Substances Control Law,NITE-CHRIP RJ_01_001,349CO0000000202
32241-08-0,class_i_specified,第一種特定化学物質,Class I Specified Chemical,化学物質の審査及び製造等の規制に関する法律,Chemical Substances Control Law,NITE-CHRIP RJ_01_001,349CO0000000202
32534-81-9,class_i_specified,第一種特定化学物質,Class I Specified Chemical,化学物質の審査及び製造等の規制に関する法律,Chemical Substances Control Law,NITE-CHRIP RJ_01_001 政令番号: 26,349CO0000000202
32534-81-9,class_i_specified,第一種特定化学物質,Class I Specified Chemical Substance,化学物質の審査及び製造等の規制に関する法律,Chemical Substances Control Law,化審法施行令 第一条,349CO0000000202
32598-10-0,class_i_specified,第一種特定化学物質,Class I Specified Chemical,化学物質の審査及び製造等の規制に関する法律,Chemical Substances Control Law,NITE-CHRIP RJ_01_001,349CO0000000202
32598-11-1,class_i_specified,第一種特定化学物質,Class I Specified Chemical,化学物質の審査及び製造等の規制に関する法律,Chemical Substances Control Law,NITE-CHRIP RJ_01_001,349CO0000000202
32598-12-2,class_i_specified,第一種特定化学物質,Class I Specified Chemical,化学物質の審査及び製造等の規制に関する法律,Chemical Substances Control Law,NITE-CHRIP RJ_01_001,349CO0000000202
32598-13-3,class_i_specified,第一種特定化学物質,Class I Specified Chemical,化学物質の審査及び製造等の規制に関する法律,Chemical Substances Control Law,NITE-CHRIP RJ_01_001,349CO0000000202
32598-14-4,class_i_specified,第一種特定化学物質,Class I Specified Chemical,化学物質の審査及び製造等の規制に関する法律,Chemical Substances Control Law,NITE-CHRIP RJ_01_001,349CO0000000202
32609-65-7,class_i_specified,第一種特定化学物質,Class I Specified Chemical,化学物質の審査及び製造等の規制に関する法律,Chemical Substances Control Law,NITE-CHRIP RJ_01_001,349CO0000000202
32690-93-0,class_i_specified,第一種特定化学物質,Class I Specified Chemical,化学物質の審査及び製造等の規制に関する法律,Chemical Substances Control Law,NITE-CHRIP RJ_01_001,349CO0000000202
32774-16-6,class_i_specified,第一種特定化学物質,Class I Specified Chemical,化学物質の審査及び製造等の規制に関する法律,Chemical Substances Control Law,NITE-CHRIP RJ_01_001,349CO0000000202
32978-79-3,class_i_specified,第一種特定化学物質,Class I Specified Chemical,化学物質の審査及び製造等の規制に関する法律,Chemical Substances Control Law,NITE-CHRIP RJ_01_001,349CO0000000202
33025-41-1,class_i_specified,第一種特定化学物質,Class I Specified Chemical,化学物質の審査及び製造等の規制に関する法律,Chemical Substances Control Law,NITE-CHRIP RJ_01_001,349CO0000000202
33039-81-5,class_i_specified,第一種特定化学物質,Class I Specified Chemical,化学物質の審査及び製造等の規制に関する法律,Chemical Substances Control Law,NITE-CHRIP RJ_01_001,349CO0000000202
33091-17-7,class_i_specified,第一種特定化学物質,Class I Specified Chemical,化学物質の審査及び製造等の規制に関する法律,Chemical Substances Control Law,NITE-CHRIP RJ_01_001,349CO0000000202
33146-45-1,class_i_specified,第一種特定化学物質,Class I Specified Chemical,化学物質の審査及び製造等の規制に関する法律,Chemical Substances Control Law,NITE-CHRIP RJ_01_001,349CO0000000202
331755-02-3,class_i_specified,第一種特定化学物質,Class I Specified Chemical,化学物質の審査及び製造等の規制に関する法律,Chemical Substances Control Law,NITE-CHRIP RJ_01_001,349CO0000000202
33213-65-9,class_i_specified,第一種特定化学物質,Class I Specified Chemical,化学物質の審査及び製造等の規制に関する法律,Chemical Substances Control Law,NITE-CHRIP RJ_01_001,349CO0000000202
33284-50-3,class_i_specified,第一種特定化学物質,Class I Specified Chemical,化学物質の審査及び製造等の規制に関する法律,Chemical Substances Control Law,NITE-CHRIP RJ_01_001,349CO0000000202
33284-52-5,class_i_specified,第一種特定化学物質,Class I Specified Chemical,化学物質の審査及び製造等の規制に関する法律,Chemical Substances Control Law,NITE-CHRIP RJ_01_001,349CO0000000202
33284-53-6,class_i_specified,第一種特定化学物質,Class I Specified Chemical,化学物質の審査及び製造等の規制に関する法律,Chemical Substances Control Law,NITE-CHRIP RJ_01_001,349CO0000000202
33284-54-7,class_i_specified,第一種特定化学物質,Class I Specified Chemical,化学物質の審査及び製造等の規制に関する法律,Chemical Substances Control Law,NITE-CHRIP RJ_01_001,349CO0000000202
33496-48-9,class_i_specified,第一種特定化学物質,Class I Specified Chemical,化学物質の審査及び製造等の規制に関する法律,Chemical Substances Control Law,NITE-CHRIP RJ_01_001,349CO0000000202
335-60-4,class_i_specified,第一種特定化学物質,Class I Specified Chemical,化学物質の審査及び製造等の規制に関する法律,Chemical Substances Control Law,NITE-CHRIP RJ_01_001,349CO0000000202
335-64-8,class_i_specified,第一種特定化学物質,Class I Specified Chemical,化学物質の審査及び製造等の規制に関する法律,Chemical Substances Control Law,NITE-CHRIP RJ_01_001,349CO0000000202
335-66-0,class_i_specified,第一種特定化学物質,Class I Specified Chemical,化学物質の審査及び製造等の規制に関する法律,Chemical Substances Control Law,NITE-CHRIP RJ_01_001,349CO0000000202
335-67-1,class_i_specified,第一種特定化学物質,Class I Specified Chemical,化学物質の審査及び製造等の規制に関する法律,Chemical Substances Control Law,NITE-CHRIP RJ_01_001 政令番号: 34,349CO0000000202
335-67-1,class_i_specified,第一種特定化学物質,Class I Specified Chemical Substance,化学物質の審査及び製造等の規制に関する法律,Chemical Substances Control Law,化審法施行令 第一条,349CO0000000202
335-90-0,class_i_specified,第一種特定化学物質,Class I Specified Chemical,化学物質の審査及び製造等の規制に関する法律,Chemical Substances Control Law,NITE-CHRIP RJ_01_001,349CO0000000202
335-93-3,class_i_specified,第一種特定化学物質,Class I Specified Chemical,化学物質の審査及び製造等の規制に関する法律,Chemical Substances Control Law,NITE-CHRIP RJ_01_001,349CO0000000202
335-95-5,class_i_specified,第一種特定化学物質,Class I Specified Chemical,化学物質の審査及び製造等の規制に関する法律,Chemical Substances Control Law,NITE-CHRIP RJ_01_001,349CO0000000202
33979-03-2,class_i_specified,第一種特定化学物質,Class I Specified Chemical,化学物質の審査及び製造等の規制に関する法律,Chemical Substances Control Law,NITE-CHRIP RJ_01_001,349CO0000000202
341035-71-0,class_i_specified,第一種特定化学物質,Class I Specified Chemical,化学物質の審査及び製造等の規制に関する法律,Chemical Substances Control Law,NITE-CHRIP RJ_01_001,349CO0000000202
34143-74-3,class_i_specified,第一種特定化学物質,Class I Specified Chemical,化学物質の審査及び製造等の規制に関する法律,Chemical Substances Control Law,NITE-CHRIP RJ_01_001,349CO0000000202
341548-85-4,class_i_specified,第一種特定化学物質,Class I Specified Chemical,化学物質の審査及び製造等の規制に関する法律,Chemical Substances Control Law,NITE-CHRIP RJ_01_001,349CO0000000202
3432-57-3,class_i_specified,第一種特定化学物質,Class I Specified Chemical,化学物質の審査及び製造等の規制に関する法律,Chemical Substances Control Law,NITE-CHRIP RJ_01_001,349CO0000000202
34455-03-3,class_i_specified,第一種特定化学物質,Class I Specified Chemical,化学物質の審査及び製造等の規制に関する法律,Chemical Substances Control Law,NITE-CHRIP RJ_01_001,349CO0000000202
34455-21-5,class_i_specified,第一種特定化学物質,Class I Specified Chemical,化学物質の審査及び製造等の規制に関する法律,Chemical Substances Control Law,NITE-CHRIP RJ_01_001,349CO0000000202
34455-23-7,class_i_specified,第一種特定化学物質,Class I Specified Chemical,化学物質の審査及び製造等の規制に関する法律,Chemical Substances Control Law,NITE-CHRIP RJ_01_001,349CO0000000202
34588-40-4,class_i_specified,第一種特定化学物質,Class I Specified Chemical,化学物質の審査及び製造等の規制に関する法律,Chemical Substances Control Law,NITE-CHRIP RJ_01_001,349CO0000000202
34695-29-9,class_i_specified,第一種特定化学物質,Class I Specified Chemical,化学物質の審査及び製造等の規制に関する法律,Chemical Substances Control Law,NITE-CHRIP RJ_01_001,349CO0000000202
34883-39-1,class_i_specified,第一種特定化学物質,Class I Specified Chemical,化学物質の審査及び製造等の規制に関する法律,Chemical Substances Control Law,NITE-CHRIP RJ_01_001,349CO0000000202
34883-41-5,class_i_specified,第一種特定化学物質,Class I Specified Chemical,化学物質の審査及び製造等の規制に関する法律,Chemical Substances Control Law,NITE-CHRIP RJ_01_001,349CO0000000202
34883-43-7,class_i_specified,第一種特定化学物質,Class I Specified Chemical,化学物質の審査及び製造等の規制に関する法律,Chemical Substances Control Law,NITE-CHRIP RJ_01_001,349CO0000000202
35065-27-1,class_i_specified,第一種特定化学物質,Class I Specified Chemical,化学物質の審査及び製造等の規制に関する法律,Chemical Substances Control Law,NITE-CHRIP RJ_01_001,349CO0000000202
35065-28-2,class_i_specified,第一種特定化学物質,Class I Specified Chemical,化学物質の審査及び製造等の規制に関する法律,Chemical Substances Control Law,NITE-CHRIP RJ_01_001,349CO0000000202
35065-29-3,class_i_specified,第一種特定化学物質,Class I Specified Chemical,化学物質の審査及び製造等の規制に関する法律,Chemical Substances Control Law,NITE-CHRIP RJ_01_001,349CO0000000202
35065-30-6,class_i_specified,第一種特定化学物質,Class I Specified Chemical,化学物質の審査及び製造等の規制に関する法律,Chemical Substances Control Law,NITE-CHRIP RJ_01_001,349CO0000000202
350836-93-0,class_i_specified,第一種特定化学物質,Class I Specified Chemical,化学物質の審査及び製造等の規制に関する法律,Chemical Substances Control Law,NITE-CHRIP RJ_01_001,349CO0000000202
35109-57-0,class_i_specified,第一種特定化学物質,Class I Specified Chemical,化学物質の審査及び製造等の規制に関する法律,Chemical Substances Control Law,NITE-CHRIP RJ_01_001,349CO0000000202
355-46-4,class_i_specified,第一種特定化学物質,Class I Specified Chemical,化学物質の審査及び製造等の規制に関する法律,Chemical Substances Control Law,NITE-CHRIP RJ_01_001,349CO0000000202
35605-76-6,class_i_specified,第一種特定化学物質,Class I Specified Chemical,化学物質の審査及び製造等の規制に関する法律,Chemical Substances Control Law,NITE-CHRIP RJ_01_001,349CO0000000202
35693-92-6,class_i_specified,第一種特定化学物質,Class I Specified Chemical,化学物質の審査及び製造等の規制に関する法律,Chemical Substances Control Law,NITE-CHRIP RJ_01_001,349CO0000000202
35693-99-3,class_i_specified,第一種特定化学物質,Class I Specified Chemical,化学物質の審査及び製造等の規制に関する法律,Chemical Substances Control Law,NITE-CHRIP RJ_01_001,349CO0000000202
35694-04-3,class_i_specified,第一種特定化学物質,Class I Specified Chemical,化学物質の審査及び製造等の規制に関する法律,Chemical Substances Control Law,NITE-CHRIP RJ_01_001,349CO0000000202
35694-06-5,class_i_specified,第一種特定化学物質,Class I Specified Chemical,化学物質の審査及び製造等の規制に関する法律,Chemical Substances Control Law,NITE-CHRIP RJ_01_001,349CO0000000202
35694-08-7,class_i_specified,第一種特定化学物質,Class I Specified Chemical,化学物質の審査及び製造等の規制に関する法律,Chemical Substances Control Law,NITE-CHRIP RJ_01_001,349CO0000000202
35854-94-5,class_i_specified,第一種特定化学物質,Class I Specified Chemical,化学物質の審査及び製造等の規制に関する法律,Chemical Substances Control Law,NITE-CHRIP RJ_01_001,349CO0000000202
35965-01-6,class_i_specified,第一種特定化学物質,Class I Specified Chemical,化学物質の審査及び製造等の規制に関する法律,Chemical Substances Control Law,NITE-CHRIP RJ_01_001,349CO0000000202
36312-81-9,class_i_specified,第一種特定化学物質,Class I Specified Chemical,化学物質の審査及び製造等の規制に関する法律,Chemical Substances Control Law,NITE-CHRIP RJ_01_001,349CO0000000202
36355-01-8,class_i_specified,第一種特定化学物質,Class I Specified Chemical,化学物質の審査及び製造等の規制に関する法律,Chemical Substances Control Law,NITE-CHRIP RJ_01_001 政令番号: 24,349CO0000000202
36402-15-0,class_i_specified,第一種特定化学物質,Class I Specified Chemical,化学物質の審査及び製造等の規制に関する法律,Chemical Substances Control Law,NITE-CHRIP RJ_01_001,349CO0000000202
3644-38-0,class_i_specified,第一種特定化学物質,Class I Specified Chemical,化学物質の審査及び製造等の規制に関する法律,Chemical Substances Control Law,NITE-CHRIP RJ_01_001,349CO0000000202
36483-60-0,class_i_specified,第一種特定化学物質,Class I Specified Chemical,化学物質の審査及び製造等の規制に関する法律,Chemical Substances Control Law,NITE-CHRIP RJ_01_001 政令番号: 27,349CO0000000202
36559-22-5,class_i_specified,第一種特定化学物質,Class I Specified Chemical,化学物質の審査及び製造等の規制に関する法律,Chemical Substances Control Law,NITE-CHRIP RJ_01_001,349CO0000000202
36994-69-1,class_i_specified,第一種特定化学物質,Class I Specified Chemical,化学物質の審査及び製造等の規制に関する法律,Chemical Substances Control Law,NITE-CHRIP RJ_01_001,349CO0000000202
37353-63-2,class_i_specified,第一種特定化学物質,Class I Specified Chemical,化学物質の審査及び製造等の規制に関する法律,Chemical Substances Control Law,NITE-CHRIP RJ_01_001,349CO0000000202
376-23-8,class_i_specified,第一種特定化学物質,Class I Specified Chemical,化学物質の審査及び製造等の規制に関する法律,Chemical Substances Control Law,NITE-CHRIP RJ_01_001,349CO0000000202
376-27-2,class_i_specified,第一種特定化学物質,Class I Specified Chemical,化学物質の審査及び製造等の規制に関する法律,Chemical Substances Control Law,NITE-CHRIP RJ_01_001,349CO0000000202
37680-65-2,class_i_specified,第一種特定化学物質,Class I Specified Chemical,化学物質の審査及び製造等の規制に関する法律,Chemical Substances Control Law,NITE-CHRIP RJ_01_001,349CO0000000202
37680-66-3,class_i_specified,第一種特定化学物質,Class I Specified Chemical,化学物質の審査及び製造等の規制に関する法律,Chemical Substances Control Law,NITE-CHRIP RJ_01_001,349CO0000000202
37680-68-5,class_i_specified,第一種特定化学物質,Class I Specified Chemical,化学物質の審査及び製造等の規制に関する法律,Chemical Substances Control Law,NITE-CHRIP RJ_01_001,349CO0000000202
37680-69-6,class_i_specified,第一種特定化学物質,Class I Specified Chemical,化学物質の審査及び製造等の規制に関する法律,Chemical Substances Control Law,NITE-CHRIP RJ_01_001,349CO0000000202
37680-73-2,class_i_specified,第一種特定化学物質,Class I Specified Chemical,化学物質の審査及び製造等の規制に関する法律,Chemical Substances Control Law,NITE-CHRIP RJ_01_001,349CO0000000202
3772-94-9,class_i_specified,第一種特定化学物質,Class I Specified Chemical,化学物質の審査及び製造等の規制に関する法律,Chemical Substances Control Law,NITE-CHRIP RJ_01_001,349CO0000000202
3825-26-1,class_i_specified,第一種特定化学物質,Class I Specified Chemical,化学物質の審査及び製造等の規制に関する法律,Chemical Substances Control Law,NITE-CHRIP RJ_01_001,349CO0000000202
38379-99-6,class_i_specified,第一種特定化学物質,Class I Specified Chemical,化学物質の審査及び製造等の規制に関する法律,Chemical Substances Control Law,NITE-CHRIP RJ_01_001,349CO0000000202
38380-01-7,class_i_specified,第一種特定化学物質,Class I Specified Chemical,化学物質の審査及び製造等の規制に関する法律,Chemical Substances Control Law,NITE-CHRIP RJ_01_001,349CO0000000202
38380-02-8,class_i_specified,第一種特定化学物質,Class I Specified Chemical,化学物質の審査及び製造等の規制に関する法律,Chemical Substances Control Law,NITE-CHRIP RJ_01_001,349CO0000000202
38380-03-9,class_i_specified,第一種特定化学物質,Class I Specified Chemical,化学物質の審査及び製造等の規制に関する法律,Chemical Substances Control Law,NITE-CHRIP RJ_01_001,349CO0000000202
38380-04-0,class_i_specified,第一種特定化学物質,Class I Specified Chemical,化学物質の審査及び製造等の規制に関する法律,Chemical Substances Control Law,NITE-CHRIP RJ_01_001,349CO0000000202
38380-05-1,class_i_specified,第一種特定化学物質,Class I Specified Chemical,化学物質の審査及び製造等の規制に関する法律,Chemical Substances Control Law,NITE-CHRIP RJ_01_001,349CO0000000202
38380-07-3,class_i_specified,第一種特定化学物質,Class I Specified Chemical,化学物質の審査及び製造等の規制に関する法律,Chemical Substances Control Law,NITE-CHRIP RJ_01_001,349CO0000000202
38380-08-4,class_i_specified,第一種特定化学物質,Class I Specified Chemical,化学物質の審査及び製造等の規制に関する法律,Chemical Substances Control Law,NITE-CHRIP RJ_01_001,349CO0000000202
38411-22-2,class_i_specified,第一種特定化学物質,Class I Specified Chemical,化学物質の審査及び製造等の規制に関する法律,Chemical Substances Control Law,NITE-CHRIP RJ_01_001,349CO0000000202
38411-25-5,class_i_specified,第一種特定化学物質,Class I Specified Chemical,化学物質の審査及び製造等の規制に関する法律,Chemical Substances Control Law,NITE-CHRIP RJ_01_001,349CO0000000202
38444-73-4,class_i_specified,第一種特定化学物質,Class I Specified Chemical,化学物質の審査及び製造等の規制に関する法律,Chemical Substances Control Law,NITE-CHRIP RJ_01_001,349CO0000000202
38444-76-7,class_i_specified,第一種特定化学物質,Class I Specified Chemical,化学物質の審査及び製造等の規制に関する法律,Chemical Substances Control Law,NITE-CHRIP RJ_01_001,349CO0000000202
38444-77-8,class_i_specified,第一種特定化学物質,Class I Specified Chemical,化学物質の審査及び製造等の規制に関する法律,Chemical Substances Control Law,NITE-CHRIP RJ_01_001,349CO0000000202
38444-78-9,class_i_specified,第一種特定化学物質,Class I Specified Chemical,化学物質の審査及び製造等の規制に関する法律,Chemical Substances Control Law,NITE-CHRIP RJ_01_001,349CO0000000202
38444-81-4,class_i_specified,第一種特定化学物質,Class I Specified Chemical,化学物質の審査及び製造等の規制に関する法律,Chemical Substances Control Law,NITE-CHRIP RJ_01_001,349CO0000000202
38444-84-7,class_i_specified,第一種特定化学物質,Class I Specified Chemical,化学物質の審査及び製造等の規制に関する法律,Chemical Substances Control Law,NITE-CHRIP RJ_01_001,349CO0000000202
38444-85-8,class_i_specified,第一種特定化学物質,Class I Specified Chemical,化学物質の審査及び製造等の規制に関する法律,Chemical Substances Control Law,NITE-CHRIP RJ_01_001,349CO0000000202
38444-86-9,class_i_specified,第一種特定化学物質,Class I Specified Chemical,化学物質の審査及び製造等の規制に関する法律,Chemical Substances Control Law,NITE-CHRIP RJ_01_001,349CO0000000202
38444-87-0,class_i_specified,第一種特定化学物質,Class I Specified Chemical,化学物質の審査及び製造等の規制に関する法律,Chemical Substances Control Law,NITE-CHRIP RJ_01_001,349CO0000000202
38444-88-1,class_i_specified,第一種特定化学物質,Class I Specified Chemical,化学物質の審査及び製造等の規制に関する法律,Chemical Substances Control Law,NITE-CHRIP RJ_01_001,349CO0000000202
38444-90-5,class_i_specified,第一種特定化学物質,Class I Specified Chemical,化学物質の審査及び製造等の規制に関する法律,Chemical Substances Control Law,NITE-CHRIP RJ_01_001,349CO0000000202
38444-93-8,class_i_specified,第一種特定化学物質,Class I Specified Chemical,化学物質の審査及び製造等の規制に関する法律,Chemical Substances Control Law,NITE-CHRIP RJ_01_001,349CO0000000202
3846-71-7,class_i_specified,第一種特定化学物質,Class I Specified Chemical,化学物質の審査及び製造等の規制に関する法律,Chemical Substances Control Law,NITE-CHRIP RJ_01_001,349CO0000000202
3871-99-6,class_i_specified,第一種特定化学物質,Class I Specified Chemical,化学物質の審査及び製造等の規制に関する法律,Chemical Substances Control Law,NITE-CHRIP RJ_01_001,349CO0000000202
38850-51-0,class_i_specified,第一種特定化学物質,Class I Specified Chemical,化学物質の審査及び製造等の規制に関する法律,Chemical Substances Control Law,NITE-CHRIP RJ_01_001,349CO0000000202
38850-52-1,class_i_specified,第一種特定化学物質,Class I Specified Chemical,化学物質の審査及び製造等の規制に関する法律,Chemical Substances Control Law,NITE-CHRIP RJ_01_001,349CO0000000202
38850-58-7,class_i_specified,第一種特定化学物質,Class I Specified Chemical,化学物質の審査及び製造等の規制に関する法律,Chemical Substances Control Law,NITE-CHRIP RJ_01_001,349CO0000000202
38850-60-1,class_i_specified,第一種特定化学物質,Class I Specified Chemical,化学物質の審査及び製造等の規制に関する法律,Chemical Substances Control Law,NITE-CHRIP RJ_01_001,349CO0000000202
39108-34-4,class_i_specified,第一種特定化学物質,Class I Specified Chemical,化学物質の審査及び製造等の規制に関する法律,Chemical Substances Control Law,NITE-CHRIP RJ_01_001,349CO0000000202
39186-68-0,class_i_specified,第一種特定化学物質,Class I Specified Chemical,化学物質の審査及び製造等の規制に関する法律,Chemical Substances Control Law,NITE-CHRIP RJ_01_001,349CO0000000202
39485-83-1,class_i_specified,第一種特定化学物質,Class I Specified Chemical,化学物質の審査及び製造等の規制に関する法律,Chemical Substances Control Law,NITE-CHRIP RJ_01_001,349CO0000000202
39635-31-9,class_i_specified,第一種特定化学物質,Class I Specified Chemical,化学物質の審査及び製造等の規制に関する法律,Chemical Substances Control Law,NITE-CHRIP RJ_01_001,349CO0000000202
39635-32-0,class_i_specified,第一種特定化学物質,Class I Specified Chemical,化学物質の審査及び製造等の規制に関する法律,Chemical Substances Control Law,NITE-CHRIP RJ_01_001,349CO0000000202
39635-33-1,class_i_specified,第一種特定化学物質,Class I Specified Chemical,化学物質の審査及び製造等の規制に関する法律,Chemical Substances Control Law,NITE-CHRIP RJ_01_001,349CO0000000202
39635-34-2,class_i_specified,第一種特定化学物質,Class I Specified Chemical,化学物質の審査及び製造等の規制に関する法律,Chemical Substances Control Law,NITE-CHRIP RJ_01_001,349CO0000000202
39635-35-3,class_i_specified,第一種特定化学物質,Class I Specified Chemical,化学物質の審査及び製造等の規制に関する法律,Chemical Substances Control Law,NITE-CHRIP RJ_01_001,349CO0000000202
40088-47-9,class_i_specified,第一種特定化学物質,Class I Specified Chemical,化学物質の審査及び製造等の規制に関する法律,Chemical Substances Control Law,NITE-CHRIP RJ_01_001 政令番号: 25,349CO0000000202
40088-47-9,class_i_specified,第一種特定化学物質,Class I Specified Chemical Substance,化学物質の審査及び製造等の規制に関する法律,Chemical Substances Control Law,化審法施行令 第一条,349CO0000000202
40143-79-1,class_i_specified,第一種特定化学物質,Class I Specified Chemical,化学物質の審査及び製造等の規制に関する法律,Chemical Substances Control Law,NITE-CHRIP RJ_01_001,349CO0000000202
40186-70-7,class_i_specified,第一種特定化学物質,Class I Specified Chemical,化学物質の審査及び製造等の規制に関する法律,Chemical Substances Control Law,NITE-CHRIP RJ_01_001,349CO0000000202
40186-71-8,class_i_specified,第一種特定化学物質,Class I Specified Chemical,化学物質の審査及び製造等の規制に関する法律,Chemical Substances Control Law,NITE-CHRIP RJ_01_001,349CO0000000202
40186-72-9,class_i_specified,第一種特定化学物質,Class I Specified Chemical,化学物質の審査及び製造等の規制に関する法律,Chemical Substances Control Law,NITE-CHRIP RJ_01_001,349CO0000000202
4021-47-0,class_i_specified,第一種特定化学物質,Class I Specified Chemical,化学物質の審査及び製造等の規制に関する法律,Chemical Substances Control Law,NITE-CHRIP RJ_01_001,349CO0000000202
41184-65-0,class_i_specified,第一種特定化学物質,Class I Specified Chemical,化学物質の審査及び製造等の規制に関する法律,Chemical Substances Control Law,NITE-CHRIP RJ_01_001,349CO0000000202
41242-12-0,class_i_specified,第一種特定化学物質,Class I Specified Chemical,化学物質の審査及び製造等の規制に関する法律,Chemical Substances Control Law,NITE-CHRIP RJ_01_001,349CO0000000202
41358-63-8,class_i_specified,第一種特定化学物質,Class I Specified Chemical,化学物質の審査及び製造等の規制に関する法律,Chemical Substances Control Law,NITE-CHRIP RJ_01_001,349CO0000000202
41411-61-4,class_i_specified,第一種特定化学物質,Class I Specified Chemical,化学物質の審査及び製造等の規制に関する法律,Chemical Substances Control Law,NITE-CHRIP RJ_01_001,349CO0000000202
41411-62-5,class_i_specified,第一種特定化学物質,Class I Specified Chemical,化学物質の審査及び製造等の規制に関する法律,Chemical Substances Control Law,NITE-CHRIP RJ_01_001,349CO0000000202
41411-63-6,class_i_specified,第一種特定化学物質,Class I Specified Chemical,化学物質の審査及び製造等の規制に関する法律,Chemical Substances Control Law,NITE-CHRIP RJ_01_001,349CO0000000202
41411-64-7,class_i_specified,第一種特定化学物質,Class I Specified Chemical,化学物質の審査及び製造等の規制に関する法律,Chemical Substances Control Law,NITE-CHRIP RJ_01_001,349CO0000000202
41464-39-5,class_i_specified,第一種特定化学物質,Class I Specified Chemical,化学物質の審査及び製造等の規制に関する法律,Chemical Substances Control Law,NITE-CHRIP RJ_01_001,349CO0000000202
41464-40-8,class_i_specified,第一種特定化学物質,Class I Specified Chemical,化学物質の審査及び製造等の規制に関する法律,Chemical Substances Control Law,NITE-CHRIP RJ_01_001,349CO0000000202
41464-41-9,class_i_specified,第一種特定化学物質,Class I Specified Chemical,化学物質の審査及び製造等の規制に関する法律,Chemical Substances Control Law,NITE-CHRIP RJ_01_001,349CO0000000202
41464-42-0,class_i_specified,第一種特定化学物質,Class I Specified Chemical,化学物質の審査及び製造等の規制に関する法律,Chemical Substances Control Law,NITE-CHRIP RJ_01_001,349CO0000000202
41464-43-1,class_i_specified,第一種特定化学物質,Class I Specified Chemical,化学物質の審査及び製造等の規制に関する法律,Chemical Substances Control Law,NITE-CHRIP RJ_01_001,349CO0000000202
41464-46-4,class_i_specified,第一種特定化学物質,Class I Specified Chemical,化学物質の審査及び製造等の規制に関する法律,Chemical Substances Control Law,NITE-CHRIP RJ_01_001,349CO0000000202
41464-47-5,class_i_specified,第一種特定化学物質,Class I Specified Chemical,化学物質の審査及び製造等の規制に関する法律,Chemical Substances Control Law,NITE-CHRIP RJ_01_001,349CO0000000202
41464-48-6,class_i_specified,第一種特定化学物質,Class I Specified Chemical,化学物質の審査及び製造等の規制に関する法律,Chemical Substances Control Law,NITE-CHRIP RJ_01_001,349CO0000000202
41464-49-7,class_i_specified,第一種特定化学物質,Class I Specified Chemical,化学物質の審査及び製造等の規制に関する法律,Chemical Substances Control Law,NITE-CHRIP RJ_01_001,349CO0000000202
41464-51-1,class_i_specified,第一種特定化学物質,Class I Specified Chemical,化学物質の審査及び製造等の規制に関する法律,Chemical Substances Control Law,NITE-CHRIP RJ_01_001,349CO0000000202
41997-13-1,class_i_specified,第一種特定化学物質,Class I Specified Chemical,化学物質の審査及び製造等の規制に関する法律,Chemical Substances Control Law,NITE-CHRIP RJ_01_001,349CO0000000202
421555-73-9,class_i_specified,第一種特定化学物質,Class I Specified Chemical,化学物質の審査及び製造等の規制に関する法律,Chemical Substances Control Law,NITE-CHRIP RJ_01_001,349CO0000000202
421555-74-0,class_i_specified,第一種特定化学物質,Class I Specified Chemical,化学物質の審査及び製造等の規制に関する法律,Chemical Substances Control Law,NITE-CHRIP RJ_01_001,349CO0000000202
423-50-7,class_i_specified,第一種特定化学物質,Class I Specified Chemical,化学物質の審査及び製造等の規制に関する法律,Chemical Substances Control Law,NITE-CHRIP RJ_01_001,349CO0000000202
423-52-9,class_i_specified,第一種特定化学物質,Class I Specified Chemical,化学物質の審査及び製造等の規制に関する法律,Chemical Substances Control Law,NITE-CHRIP RJ_01_001,349CO0000000202
425670-70-8,class_i_specified,第一種特定化学物質,Class I Specified Chemical,化学物質の審査及び製造等の規制に関する法律,Chemical Substances Control Law,NITE-CHRIP RJ_01_001,349CO0000000202
42740-50-1,class_i_specified,第一種特定化学物質,Class I Specified Chemical,化学物質の審査及び製造等の規制に関する法律,Chemical Substances Control Law,NITE-CHRIP RJ_01_001,349CO0000000202
42977-21-9,class_i_specified,第一種特定化学物質,Class I Specified Chemical,化学物質の審査及び製造等の規制に関する法律,Chemical Substances Control Law,NITE-CHRIP RJ_01_001,349CO0000000202
438237-73-1,class_i_specified,第一種特定化学物質,Class I Specified Chemical,化学物質の審査及び製造等の規制に関する法律,Chemical Substances Control Law,NITE-CHRIP RJ_01_001,349CO0000000202
438237-77-5,class_i_specified,第一種特定化学物質,Class I Specified Chemical,化学物質の審査及び製造等の規制に関する法律,Chemical Substances Control Law,NITE-CHRIP RJ_01_001,349CO0000000202
441765-12-4,class_i_specified,第一種特定化学物質,Class I Specified Chemical,化学物質の審査及び製造等の規制に関する法律,Chemical Substances Control Law,NITE-CHRIP RJ_01_001,349CO0000000202
441765-14-6,class_i_specified,第一種特定化学物質,Class I Specified Chemical,化学物質の審査及び製造等の規制に関する法律,Chemical Substances Control Law,NITE-CHRIP RJ_01_001,349CO0000000202
441765-18-0,class_i_specified,第一種特定化学物質,Class I Specified Chemical,化学物質の審査及び製造等の規制に関する法律,Chemical Substances Control Law,NITE-CHRIP RJ_01_001,349CO0000000202
441765-20-4,class_i_specified,第一種特定化学物質,Class I Specified Chemical,化学物質の審査及び製造等の規制に関する法律,Chemical Substances Control Law,NITE-CHRIP RJ_01_001,349CO0000000202
446255-22-7,class_i_specified,第一種特定化学物質,Class I Specified Chemical,化学物質の審査及び製造等の規制に関する法律,Chemical Substances Control Law,NITE-CHRIP RJ_01_001,349CO0000000202
45285-51-6,class_i_specified,第一種特定化学物質,Class I Specified Chemical,化学物質の審査及び製造等の規制に関する法律,Chemical Substances Control Law,NITE-CHRIP RJ_01_001,349CO0000000202
4736-49-6,class_i_specified,第一種特定化学物質,Class I Specified Chemical,化学物質の審査及び製造等の規制に関する法律,Chemical Substances Control Law,NITE-CHRIP RJ_01_001,349CO0000000202
481050-04-8,class_i_specified,第一種特定化学物質,Class I Specified Chemical,化学物質の審査及び製造等の規制に関する法律,Chemical Substances Control Law,NITE-CHRIP RJ_01_001,349CO0000000202
50-29-3,class_i_specified,第一種特定化学物質,Class I Specified Chemical,化学物質の審査及び製造等の規制に関する法律,Chemical Substances Control Law,NITE-CHRIP RJ_01_001 政令番号: 7,349CO0000000202
50-29-3,class_i_specified,第一種特定化学物質,Class I Specified Chemical Substance,化学物質の審査及び製造等の規制に関する法律,Chemical Substances Control Law,化審法施行令 第一条,349CO0000000202
50402-51-2,class_i_specified,第一種特定化学物質,Class I Specified Chemical,化学物質の審査及び製造等の規制に関する法律,Chemical Substances Control Law,NITE-CHRIP RJ_01_001,349CO0000000202
50402-52-3,class_i_specified,第一種特定化学物質,Class I Specified Chemical,化学物質の審査及び製造等の規制に関する法律,Chemical Substances Control Law,NITE-CHRIP RJ_01_001,349CO0000000202
504396-13-8,class_i_specified,第一種特定化学物質,Class I Specified Chemical,化学物質の審査及び製造等の規制に関する法律,Chemical Substances Control Law,NITE-CHRIP RJ_01_001,349CO0000000202
50598-28-2,class_i_specified,第一種特定化学物質,Class I Specified Chemical,化学物質の審査及び製造等の規制に関する法律,Chemical Substances Control Law,NITE-CHRIP RJ_01_001,349CO0000000202
50654-95-0,class_i_specified,第一種特定化学物質,Class I Specified Chemical,化学物質の審査及び製造等の規制に関する法律,Chemical Substances Control Law,NITE-CHRIP RJ_01_001,349CO0000000202
507-63-1,class_i_specified,第一種特定化学物質,Class I Specified Chemical,化学物質の審査及び製造等の規制に関する法律,Chemical Substances Control Law,NITE-CHRIP RJ_01_001,349CO0000000202
507225-08-3,class_i_specified,第一種特定化学物質,Class I Specified Chemical,化学物質の審査及び製造等の規制に関する法律,Chemical Substances Control Law,NITE-CHRIP RJ_01_001,349CO0000000202
5103-71-9,class_i_specified,第一種特定化学物質,Class I Specified Chemical,化学物質の審査及び製造等の規制に関する法律,Chemical Substances Control Law,NITE-CHRIP RJ_01_001,349CO0000000202
5103-74-2,class_i_specified,第一種特定化学物質,Class I Specified Chemical,化学物質の審査及び製造等の規制に関する法律,Chemical Substances Control Law,NITE-CHRIP RJ_01_001,349CO0000000202
51570-43-5,class_i_specified,第一種特定化学物質,Class I Specified Chemical,化学物質の審査及び製造等の規制に関する法律,Chemical Substances Control Law,NITE-CHRIP RJ_01_001,349CO0000000202
51570-44-6,class_i_specified,第一種特定化学物質,Class I Specified Chemical,化学物質の審査及び製造等の規制に関する法律,Chemical Substances Control Law,NITE-CHRIP RJ_01_001,349CO0000000202
51570-45-7,class_i_specified,第一種特定化学物質,Class I Specified Chemical,化学物質の審査及び製造等の規制に関する法律,Chemical Substances Control Law,NITE-CHRIP RJ_01_001,349CO0000000202
5158-52-1,class_i_specified,第一種特定化学物質,Class I Specified Chemical,化学物質の審査及び製造等の規制に関する法律,Chemical Substances Control Law,NITE-CHRIP RJ_01_001,349CO0000000202
51908-16-8,class_i_specified,第一種特定化学物質,Class I Specified Chemical,化学物質の審査及び製造等の規制に関する法律,Chemical Substances Control Law,NITE-CHRIP RJ_01_001,349CO0000000202
51990-12-6,class_i_specified,第一種特定化学物質,Class I Specified Chemical,化学物質の審査及び製造等の規制に関する法律,Chemical Substances Control Law,NITE-CHRIP RJ_01_001,349CO0000000202
52166-82-2,class_i_specified,第一種特定化学物質,Class I Specified Chemical,化学物質の審査及び製造等の規制に関する法律,Chemical Substances Control Law,NITE-CHRIP RJ_01_001,349CO0000000202
52663-58-8,class_i_specified,第一種特定化学物質,Class I Specified Chemical,化学物質の審査及び製造等の規制に関する法律,Chemical Substances Control Law,NITE-CHRIP RJ_01_001,349CO0000000202
52663-59-9,class_i_specified,第一種特定化学物質,Class I Specified Chemical,化学物質の審査及び製造等の規制に関する法律,Chemical Substances Control Law,NITE-CHRIP RJ_01_001,349CO0000000202
52663-60-2,class_i_specified,第一種特定化学物質,Class I Specified Chemical,化学物質の審査及び製造等の規制に関する法律,Chemical Substances Control Law,NITE-CHRIP RJ_01_001,349CO0000000202
52663-61-3,class_i_specified,第一種特定化学物質,Class I Specified Chemical,化学物質の審査及び製造等の規制に関する法律,Chemical Substances Control Law,NITE-CHRIP RJ_01_001,349CO0000000202
52663-62-4,class_i_specified,第一種特定化学物質,Class I Specified Chemical,化学物質の審査及び製造等の規制に関する法律,Chemical Substances Control Law,NITE-CHRIP RJ_01_001,349CO0000000202
52663-63-5,class_i_specified,第一種特定化学物質,Class I Specified Chemical,化学物質の審査及び製造等の規制に関する法律,Chemical Substances Control Law,NITE-CHRIP RJ_01_001,349CO0000000202
52663-64-6,class_i_specified,第一種特定化学物質,Class I Specified Chemical,化学物質の審査及び製造等の規制に関する法律,Chemical Substances Control Law,NITE-CHRIP RJ_01_001,349CO0000000202
52663-65-7,class_i_specified,第一種特定化学物質,Class I Specified Chemical,化学物質の審査及び製造等の規制に関する法律,Chemical Substances Control Law,NITE-CHRIP RJ_01_001,349CO0000000202
52663-66-8,class_i_specified,第一種特定化学物質,Class I Specified Chemical,化学物質の審査及び製造等の規制に関する法律,Chemical Substances Control Law,NITE-CHRIP RJ_01_001,349CO0000000202
52663-67-9,class_i_specified,第一種特定化学物質,Class I Specified Chemical,化学物質の審査及び製造等の規制に関する法律,Chemical Substances Control Law,NITE-CHRIP RJ_01_001,349CO0000000202
52663-68-0,class_i_specified,第一種特定化学物質,Class I Specified Chemical,化学物質の審査及び製造等の規制に関する法律,Chemical Substances Control Law,NITE-CHRIP RJ_01_001,349CO0000000202
52663-69-1,class_i_specified,第一種特定化学物質,Class I Specified Chemical,化学物質の審査及び製造等の規制に関する法律,Chemical Substances Control Law,NITE-CHRIP RJ_01_001,349CO0000000202
52663-70-4,class_i_specified,第一種特定化学物質,Class I Specified Chemical,化学物質の審査及び製造等の規制に関する法律,Chemical Substances Control Law,NITE-CHRIP RJ_01_001,349CO0000000202
52663-71-5,class_i_specified,第一種特定化学物質,Class I Specified Chemical,化学物質の審査及び製造等の規制に関する法律,Chemical Substances Control Law,NITE-CHRIP RJ_01_001,349CO0000000202
52663-72-6,class_i_specified,第一種特定化学物質,Class I Specified Chemical,化学物質の審査及び製造等の規制に関する法律,Chemical Substances Control Law,NITE-CHRIP RJ_01_001,349CO0000000202
52663-73-7,class_i_specified,第一種特定化学物質,Class I Specified Chemical,化学物質の審査及び製造等の規制に関する法律,Chemical Substances Control Law,NITE-CHRIP RJ_01_001,349CO0000000202
52663-74-8,class_i_specified,第一種特定化学物質,Class I Specified Chemical,化学物質の審査及び製造等の規制に関する法律,Chemical Substances Control Law,NITE-CHRIP RJ_01_001,349CO0000000202
52663-75-9,class_i_specified,第一種特定化学物質,Class I Specified Chemical,化学物質の審査及び製造等の規制に関する法律,Chemical Substances Control Law,NITE-CHRIP RJ_01_001,349CO0000000202
52663-76-0,class_i_specified,第一種特定化学物質,Class I Specified Chemical,化学物質の審査及び製造等の規制に関する法律,Chemical Substances Control Law,NITE-CHRIP RJ_01_001,349CO0000000202
52663-77-1,class_i_specified,第一種特定化学物質,Class I Specified Chemical,化学物質の審査及び製造等の規制に関する法律,Chemical Substances Control Law,NITE-CHRIP RJ_01_001,349CO0000000202
52663-78-2,class_i_specified,第一種特定化学物質,Class I Specified Chemical,化学物質の審査及び製造等の規制に関する法律,Chemical Substances Control Law,NITE-CHRIP RJ_01_001,349CO0000000202
52663-79-3,class_i_specified,第一種特定化学物質,Class I Specified Chemical,化学物質の審査及び製造等の規制に関する法律,Chemical Substances Control Law,NITE-CHRIP RJ_01_001,349CO0000000202
52704-70-8,class_i_specified,第一種特定化学物質,Class I Specified Chemical,化学物質の審査及び製造等の規制に関する法律,Chemical Substances Control Law,NITE-CHRIP RJ_01_001,349CO0000000202
52712-04-6,class_i_specified,第一種特定化学物質,Class I Specified Chemical,化学物質の審査及び製造等の規制に関する法律,Chemical Substances Control Law,NITE-CHRIP RJ_01_001,349CO0000000202
52712-05-7,class_i_specified,第一種特定化学物質,Class I Specified Chemical,化学物質の審査及び製造等の規制に関する法律,Chemical Substances Control Law,NITE-CHRIP RJ_01_001,349CO0000000202
52744-13-5,class_i_specified,第一種特定化学物質,Class I Specified Chemical,化学物質の審査及び製造等の規制に関する法律,Chemical Substances Control Law,NITE-CHRIP RJ_01_001,349CO0000000202
53469-21-9,class_i_specified,第一種特定化学物質,Class I Specified Chemical,化学物質の審査及び製造等の規制に関する法律,Chemical Substances Control Law,NITE-CHRIP RJ_01_001 政令番号: 1,349CO0000000202
53469-21-9,class_i_specified,第一種特定化学物質,Class I Specified Chemical Substance,化学物質の審査及び製造等の規制に関する法律,Chemical Substances Control Law,化審法施行令 第一条,349CO0000000202
53515-73-4,class_i_specified,第一種特定化学物質,Class I Specified Chemical,化学物質の審査及び製造等の規制に関する法律,Chemical Substances Control Law,NITE-CHRIP RJ_01_001,349CO0000000202
53517-98-9,class_i_specified,第一種特定化学物質,Class I Specified Chemical,化学物質の審査及び製造等の規制に関する法律,Chemical Substances Control Law,NITE-CHRIP RJ_01_001,349CO0000000202
53555-63-8,class_i_specified,第一種特定化学物質,Class I Specified Chemical,化学物質の審査及び製造等の規制に関する法律,Chemical Substances Control Law,NITE-CHRIP RJ_01_001,349CO0000000202
53555-64-9,class_i_specified,第一種特定化学物質,Class I Specified Chemical,化学物質の審査及び製造等の規制に関する法律,Chemical Substances Control Law,NITE-CHRIP RJ_01_001,349CO0000000202
53555-65-0,class_i_specified,第一種特定化学物質,Class I Specified Chemical,化学物質の審査及び製造等の規制に関する法律,Chemical Substances Control Law,NITE-CHRIP RJ_01_001,349CO0000000202
53555-66-1,class_i_specified,第一種特定化学物質,Class I Specified Chemical,化学物質の審査及び製造等の規制に関する法律,Chemical Substances Control Law,NITE-CHRIP RJ_01_001,349CO0000000202
53742-07-7,class_i_specified,第一種特定化学物質,Class I Specified Chemical,化学物質の審査及び製造等の規制に関する法律,Chemical Substances Control Law,NITE-CHRIP RJ_01_001,349CO0000000202
54207-62-4,class_i_specified,第一種特定化学物質,Class I Specified Chemical,化学物質の審査及び製造等の規制に関する法律,Chemical Substances Control Law,NITE-CHRIP RJ_01_001,349CO0000000202
54230-22-7,class_i_specified,第一種特定化学物質,Class I Specified Chemical,化学物質の審査及び製造等の規制に関する法律,Chemical Substances Control Law,NITE-CHRIP RJ_01_001,349CO0000000202
5436-43-1,class_i_specified,第一種特定化学物質,Class I Specified Chemical,化学物質の審査及び製造等の規制に関する法律,Chemical Substances Control Law,NITE-CHRIP RJ_01_001,349CO0000000202
54785-06-7,class_i_specified,第一種特定化学物質,Class I Specified Chemical,化学物質の審査及び製造等の規制に関する法律,Chemical Substances Control Law,NITE-CHRIP RJ_01_001,349CO0000000202
54950-06-0,class_i_specified,第一種特定化学物質,Class I Specified Chemical,化学物質の審査及び製造等の規制に関する法律,Chemical Substances Control Law,NITE-CHRIP RJ_01_001,349CO0000000202
55066-76-7,class_i_specified,第一種特定化学物質,Class I Specified Chemical,化学物質の審査及び製造等の規制に関する法律,Chemical Substances Control Law,NITE-CHRIP RJ_01_001,349CO0000000202
55120-77-9,class_i_specified,第一種特定化学物質,Class I Specified Chemical,化学物質の審査及び製造等の規制に関する法律,Chemical Substances Control Law,NITE-CHRIP RJ_01_001,349CO0000000202
55215-17-3,class_i_specified,第一種特定化学物質,Class I Specified Chemical,化学物質の審査及び製造等の規制に関する法律,Chemical Substances Control Law,NITE-CHRIP RJ_01_001,349CO0000000202
55215-18-4,class_i_specified,第一種特定化学物質,Class I Specified Chemical,化学物質の審査及び製造等の規制に関する法律,Chemical Substances Control Law,NITE-CHRIP RJ_01_001,349CO0000000202
55312-69-1,class_i_specified,第一種特定化学物質,Class I Specified Chemical,化学物質の審査及び製造等の規制に関する法律,Chemical Substances Control Law,NITE-CHRIP RJ_01_001,349CO0000000202
55427-54-8,class_i_specified,第一種特定化学物質,Class I Specified Chemical,化学物質の審査及び製造等の規制に関する法律,Chemical Substances Control Law,NITE-CHRIP RJ_01_001,349CO0000000202
55591-23-6,class_i_specified,第一種特定化学物質,Class I Specified Chemical,化学物質の審査及び製造等の規制に関する法律,Chemical Substances Control Law,NITE-CHRIP RJ_01_001,349CO0000000202
55593-07-2,class_i_specified,第一種特定化学物質,Class I Specified Chemical,化学物質の審査及び製造等の規制に関する法律,Chemical Substances Control Law,NITE-CHRIP RJ_01_001,349CO0000000202
5566-34-7,class_i_specified,第一種特定化学物質,Class I Specified Chemical,化学物質の審査及び製造等の規制に関する法律,Chemical Substances Control Law,NITE-CHRIP RJ_01_001,349CO0000000202
55702-45-9,class_i_specified,第一種特定化学物質,Class I Specified Chemical,化学物質の審査及び製造等の規制に関する法律,Chemical Substances Control Law,NITE-CHRIP RJ_01_001,349CO0000000202
55702-46-0,class_i_specified,第一種特定化学物質,Class I Specified Chemical,化学物質の審査及び製造等の規制に関する法律,Chemical Substances Control Law,NITE-CHRIP RJ_01_001,349CO0000000202
55712-37-3,class_i_specified,第一種特定化学物質,Class I Specified Chemical,化学物質の審査及び製造等の規制に関する法律,Chemical Substances Control Law,NITE-CHRIP RJ_01_001,349CO0000000202
55720-33-7,class_i_specified,第一種特定化学物質,Class I Specified Chemical,化学物質の審査及び製造等の規制に関する法律,Chemical Substances Control Law,NITE-CHRIP RJ_01_001,349CO0000000202
55720-34-8,class_i_specified,第一種特定化学物質,Class I Specified Chemical,化学物質の審査及び製造等の規制に関する法律,Chemical Substances Control Law,NITE-CHRIP RJ_01_001,349CO0000000202
55720-35-9,class_i_specified,第一種特定化学物質,Class I Specified Chemical,化学物質の審査及び製造等の規制に関する法律,Chemical Substances Control Law,NITE-CHRIP RJ_01_001,349CO0000000202
55720-36-0,class_i_specified,第一種特定化学物質,Class I Specified Chemical,化学物質の審査及び製造等の規制に関する法律,Chemical Substances Control Law,NITE-CHRIP RJ_01_001,349CO0000000202
55720-37-1,class_i_specified,第一種特定化学物質,Class I Specified Chemical,化学物質の審査及び製造等の規制に関する法律,Chemical Substances Control Law,NITE-CHRIP RJ_01_001,349CO0000000202
55720-38-2,class_i_specified,第一種特定化学物質,Class I Specified Chemical,化学物質の審査及び製造等の規制に関する法律,Chemical Substances Control Law,NITE-CHRIP RJ_01_001,349CO0000000202
55720-39-3,class_i_specified,第一種特定化学物質,Class I Specified Chemical,化学物質の審査及び製造等の規制に関する法律,Chemical Substances Control Law,NITE-CHRIP RJ_01_001,349CO0000000202
55720-40-6,class_i_specified,第一種特定化学物質,Class I Specified Chemical,化学物質の審査及び製造等の規制に関する法律,Chemical Substances Control Law,NITE-CHRIP RJ_01_001,349CO0000000202
55720-41-7,class_i_specified,第一種特定化学物質,Class I Specified Chemical,化学物質の審査及び製造等の規制に関する法律,Chemical Substances Control Law,NITE-CHRIP RJ_01_001,349CO0000000202
55720-42-8,class_i_specified,第一種特定化学物質,Class I Specified Chemical,化学物質の審査及び製造等の規制に関する法律,Chemical Substances Control Law,NITE-CHRIP RJ_01_001,349CO0000000202
55720-43-9,class_i_specified,第一種特定化学物質,Class I Specified Chemical,化学物質の審査及び製造等の規制に関する法律,Chemical Substances Control Law,NITE-CHRIP RJ_01_001,349CO0000000202
55720-44-0,class_i_specified,第一種特定化学物質,Class I Specified Chemical,化学物質の審査及び製造等の規制に関する法律,Chemical Substances Control Law,NITE-CHRIP RJ_01_001,349CO0000000202
55722-26-4,class_i_specified,第一種特定化学物質,Class I Specified Chemical,化学物質の審査及び製造等の規制に関する法律,Chemical Substances Control Law,NITE-CHRIP RJ_01_001,349CO0000000202
55868-72-9,class_i_specified,第一種特定化学物質,Class I Specified Chemical,化学物質の審査及び製造等の規制に関する法律,Chemical Substances Control Law,NITE-CHRIP RJ_01_001,349CO0000000202
56-35-9,class_i_specified,第一種特定化学物質,Class I Specified Chemical,化学物質の審査及び製造等の規制に関する法律,Chemical Substances Control Law,NITE-CHRIP RJ_01_001,349CO0000000202
56030-56-9,class_i_specified,第一種特定化学物質,Class I Specified Chemical,化学物質の審査及び製造等の規制に関する法律,Chemical Substances Control Law,NITE-CHRIP RJ_01_001,349CO0000000202
56372-23-7,class_i_specified,第一種特定化学物質,Class I Specified Chemical,化学物質の審査及び製造等の規制に関する法律,Chemical Substances Control Law,NITE-CHRIP RJ_01_001,349CO0000000202
56534-03-3,class_i_specified,第一種特定化学物質,Class I Specified Chemical,化学物質の審査及び製造等の規制に関する法律,Chemical Substances Control Law,NITE-CHRIP RJ_01_001,349CO0000000202
56558-16-8,class_i_specified,第一種特定化学物質,Class I Specified Chemical,化学物質の審査及び製造等の規制に関する法律,Chemical Substances Control Law,NITE-CHRIP RJ_01_001,349CO0000000202
56558-17-9,class_i_specified,第一種特定化学物質,Class I Specified Chemical,化学物質の審査及び製造等の規制に関する法律,Chemical Substances Control Law,NITE-CHRIP RJ_01_001,349CO0000000202
56558-18-0,class_i_specified,第一種特定化学物質,Class I Specified Chemical,化学物質の審査及び製造等の規制に関する法律,Chemical Substances Control Law,NITE-CHRIP RJ_01_001,349CO0000000202
56641-38-4,class_i_specified,第一種特定化学物質,Class I Specified Chemical,化学物質の審査及び製造等の規制に関する法律,Chemical Substances Control Law,NITE-CHRIP RJ_01_001,349CO0000000202
56773-42-3,class_i_specified,第一種特定化学物質,Class I Specified Chemical,化学物質の審査及び製造等の規制に関する法律,Chemical Substances Control Law,NITE-CHRIP RJ_01_001,349CO0000000202
56900-98-2,class_i_specified,第一種特定化学物質,Class I Specified Chemical,化学物質の審査及び製造等の規制に関する法律,Chemical Substances Control Law,NITE-CHRIP RJ_01_001,349CO0000000202
57-74-9,class_i_specified,第一種特定化学物質,Class I Specified Chemical,化学物質の審査及び製造等の規制に関する法律,Chemical Substances Control Law,NITE-CHRIP RJ_01_001,349CO0000000202
57-74-9,class_i_specified,第一種特定化学物質,Class I Specified Chemical Substance,化学物質の審査及び製造等の規制に関する法律,Chemical Substances Control Law,化審法施行令 第一条,349CO0000000202
57465-28-8,class_i_specified,第一種特定化学物質,Class I Specified Chemical,化学物質の審査及び製造等の規制に関する法律,Chemical Substances Control Law,NITE-CHRIP RJ_01_001,349CO0000000202
57670-46-9,class_i_specified,第一種特定化学物質,Class I Specified Chemical,化学物質の審査及び製造等の規制に関する法律,Chemical Substances Control Law,NITE-CHRIP RJ_01_001,349CO0000000202
57678-03-2,class_i_specified,第一種特定化学物質,Class I Specified Chemical,化学物質の審査及び製造等の規制に関する法律,Chemical Substances Control Law,NITE-CHRIP RJ_01_001,349CO0000000202
58-89-9,class_i_specified,第一種特定化学物質,Class I Specified Chemical,化学物質の審査及び製造等の規制に関する法律,Chemical Substances Control Law,NITE-CHRIP RJ_01_001 政令番号: 22,349CO0000000202
58863-14-2,class_i_specified,第一種特定化学物質,Class I Specified Chemical,化学物質の審査及び製造等の規制に関する法律,Chemical Substances Control Law,NITE-CHRIP RJ_01_001,349CO0000000202
58863-15-3,class_i_specified,第一種特定化学物質,Class I Specified Chemical,化学物質の審査及び製造等の規制に関する法律,Chemical Substances Control Law,NITE-CHRIP RJ_01_001,349CO0000000202
58877-88-6,class_i_specified,第一種特定化学物質,Class I Specified Chemical,化学物質の審査及び製造等の規制に関する法律,Chemical Substances Control Law,NITE-CHRIP RJ_01_001,349CO0000000202
5902-76-1,class_i_specified,第一種特定化学物質,Class I Specified Chemical,化学物質の審査及び製造等の規制に関する法律,Chemical Substances Control Law,NITE-CHRIP RJ_01_001,349CO0000000202
59080-40-9,class_i_specified,第一種特定化学物質,Class I Specified Chemical,化学物質の審査及び製造等の規制に関する法律,Chemical Substances Control Law,NITE-CHRIP RJ_01_001,349CO0000000202
59261-08-4,class_i_specified,第一種特定化学物質,Class I Specified Chemical,化学物質の審査及び製造等の規制に関する法律,Chemical Substances Control Law,NITE-CHRIP RJ_01_001,349CO0000000202
59291-64-4,class_i_specified,第一種特定化学物質,Class I Specified Chemical,化学物質の審査及び製造等の規制に関する法律,Chemical Substances Control Law,NITE-CHRIP RJ_01_001,349CO0000000202
59291-65-5,class_i_specified,第一種特定化学物質,Class I Specified Chemical,化学物質の審査及び製造等の規制に関する法律,Chemical Substances Control Law,NITE-CHRIP RJ_01_001,349CO0000000202
59424-81-6,class_i_specified,第一種特定化学物質,Class I Specified Chemical,化学物質の審査及び製造等の規制に関する法律,Chemical Substances Control Law,NITE-CHRIP RJ_01_001,349CO0000000202
60-57-1,class_i_specified,第一種特定化学物質,Class I Specified Chemical,化学物質の審査及び製造等の規制に関する法律,Chemical Substances Control Law,NITE-CHRIP RJ_01_001 政令番号: 5,349CO0000000202
60044-26-0,class_i_specified,第一種特定化学物質,Class I Specified Chemical,化学物質の審査及び製造等の規制に関する法律,Chemical Substances Control Law,NITE-CHRIP RJ_01_001,349CO0000000202
60145-20-2,class_i_specified,第一種特定化学物質,Class I Specified Chemical,化学物質の審査及び製造等の規制に関する法律,Chemical Substances Control Law,NITE-CHRIP RJ_01_001,349CO0000000202
60145-21-3,class_i_specified,第一種特定化学物質,Class I Specified Chemical,化学物質の審査及び製造等の規制に関する法律,Chemical Substances Control Law,NITE-CHRIP RJ_01_001,349CO0000000202
60145-22-4,class_i_specified,第一種特定化学物質,Class I Specified Chemical,化学物質の審査及び製造等の規制に関する法律,Chemical Substances Control Law,NITE-CHRIP RJ_01_001,349CO0000000202
60145-23-5,class_i_specified,第一種特定化学物質,Class I Specified Chemical,化学物質の審査及び製造等の規制に関する法律,Chemical Substances Control Law,NITE-CHRIP RJ_01_001,349CO0000000202
601523-20-0,class_i_specified,第一種特定化学物質,Class I Specified Chemical,化学物質の審査及び製造等の規制に関する法律,Chemical Substances Control Law,NITE-CHRIP RJ_01_001,349CO0000000202
601523-25-5,class_i_specified,第一種特定化学物質,Class I Specified Chemical,化学物質の審査及び製造等の規制に関する法律,Chemical Substances Control Law,NITE-CHRIP RJ_01_001,349CO0000000202
60233-24-1,class_i_specified,第一種特定化学物質,Class I Specified Chemical,化学物質の審査及び製造等の規制に関する法律,Chemical Substances Control Law,NITE-CHRIP RJ_01_001,349CO0000000202
60233-25-2,class_i_specified,第一種特定化学物質,Class I Specified Chemical,化学物質の審査及び製造等の規制に関する法律,Chemical Substances Control Law,NITE-CHRIP RJ_01_001,349CO0000000202
60348-60-9,class_i_specified,第一種特定化学物質,Class I Specified Chemical,化学物質の審査及び製造等の規制に関する法律,Chemical Substances Control Law,NITE-CHRIP RJ_01_001,349CO0000000202
6058-23-7,class_i_specified,第一種特定化学物質,Class I Specified Chemical,化学物質の審査及び製造等の規制に関する法律,Chemical Substances Control Law,NITE-CHRIP RJ_01_001,349CO0000000202
608-93-5,class_i_specified,第一種特定化学物質,Class I Specified Chemical,化学物質の審査及び製造等の規制に関する法律,Chemical Substances Control Law,NITE-CHRIP RJ_01_001,349CO0000000202
610800-34-5,class_i_specified,第一種特定化学物質,Class I Specified Chemical,化学物質の審査及び製造等の規制に関する法律,Chemical Substances Control Law,NITE-CHRIP RJ_01_001,349CO0000000202
61436-04-2,class_i_specified,第一種特定化学物質,Class I Specified Chemical,化学物質の審査及び製造等の規制に関する法律,Chemical Substances Control Law,NITE-CHRIP RJ_01_001,349CO0000000202
61788-76-9,class_i_specified,第一種特定化学物質,Class I Specified Chemical,化学物質の審査及び製造等の規制に関する法律,Chemical Substances Control Law,NITE-CHRIP RJ_01_001,349CO0000000202
61798-70-7,class_i_specified,第一種特定化学物質,Class I Specified Chemical,化学物質の審査及び製造等の規制に関する法律,Chemical Substances Control Law,NITE-CHRIP RJ_01_001,349CO0000000202
620-91-7,class_i_specified,第一種特定化学物質,Class I Specified Chemical,化学物質の審査及び製造等の規制に関する法律,Chemical Substances Control Law,NITE-CHRIP RJ_01_001,349CO0000000202
62461-62-5,class_i_specified,第一種特定化学物質,Class I Specified Chemical,化学物質の審査及び製造等の規制に関する法律,Chemical Substances Control Law,NITE-CHRIP RJ_01_001,349CO0000000202
62796-65-0,class_i_specified,第一種特定化学物質,Class I Specified Chemical,化学物質の審査及び製造等の規制に関する法律,Chemical Substances Control Law,NITE-CHRIP RJ_01_001,349CO0000000202
62880-96-0,class_i_specified,第一種特定化学物質,Class I Specified Chemical,化学物質の審査及び製造等の規制に関する法律,Chemical Substances Control Law,NITE-CHRIP RJ_01_001,349CO0000000202
63225-57-0,class_i_specified,第一種特定化学物質,Class I Specified Chemical,化学物質の審査及び製造等の規制に関する法律,Chemical Substances Control Law,NITE-CHRIP RJ_01_001,349CO0000000202
63449-39-8,class_i_specified,第一種特定化学物質,Class I Specified Chemical,化学物質の審査及び製造等の規制に関する法律,Chemical Substances Control Law,NITE-CHRIP RJ_01_001,349CO0000000202
63981-28-2,class_i_specified,第一種特定化学物質,Class I Specified Chemical,化学物質の審査及び製造等の規制に関する法律,Chemical Substances Control Law,NITE-CHRIP RJ_01_001,349CO0000000202
65104-45-2,class_i_specified,第一種特定化学物質,Class I Specified Chemical,化学物質の審査及び製造等の規制に関する法律,Chemical Substances Control Law,NITE-CHRIP RJ_01_001,349CO0000000202
6529-87-9,class_i_specified,第一種特定化学物質,Class I Specified Chemical,化学物質の審査及び製造等の規制に関する法律,Chemical Substances Control Law,NITE-CHRIP RJ_01_001,349CO0000000202
65510-44-3,class_i_specified,第一種特定化学物質,Class I Specified Chemical,化学物質の審査及び製造等の規制に関する法律,Chemical Substances Control Law,NITE-CHRIP RJ_01_001,349CO0000000202
65510-45-4,class_i_specified,第一種特定化学物質,Class I Specified Chemical,化学物質の審査及び製造等の規制に関する法律,Chemical Substances Control Law,NITE-CHRIP RJ_01_001,349CO0000000202
65701-47-5,class_i_specified,第一種特定化学物質,Class I Specified Chemical,化学物質の審査及び製造等の規制に関する法律,Chemical Substances Control Law,NITE-CHRIP RJ_01_001,349CO0000000202
67246-71-3,class_i_specified,第一種特定化学物質,Class I Specified Chemical,化学物質の審査及び製造等の規制に関する法律,Chemical Substances Control Law,NITE-CHRIP RJ_01_001,349CO0000000202
6733-54-6,class_i_specified,第一種特定化学物質,Class I Specified Chemical,化学物質の審査及び製造等の規制に関する法律,Chemical Substances Control Law,NITE-CHRIP RJ_01_001,349CO0000000202
67333-62-4,class_i_specified,第一種特定化学物質,Class I Specified Chemical,化学物質の審査及び製造等の規制に関する法律,Chemical Substances Control Law,NITE-CHRIP RJ_01_001,349CO0000000202
673456-49-0,class_i_specified,第一種特定化学物質,Class I Specified Chemical,化学物質の審査及び製造等の規制に関する法律,Chemical Substances Control Law,NITE-CHRIP RJ_01_001,349CO0000000202
67535-33-5,class_i_specified,第一種特定化学物質,Class I Specified Chemical,化学物質の審査及び製造等の規制に関する法律,Chemical Substances Control Law,NITE-CHRIP RJ_01_001,349CO0000000202
67549-47-7,class_i_specified,第一種特定化学物質,Class I Specified Chemical,化学物質の審査及び製造等の規制に関する法律,Chemical Substances Control Law,NITE-CHRIP RJ_01_001,349CO0000000202
67584-48-9,class_i_specified,第一種特定化学物質,Class I Specified Chemical,化学物質の審査及び製造等の規制に関する法律,Chemical Substances Control Law,NITE-CHRIP RJ_01_001,349CO0000000202
67584-53-6,class_i_specified,第一種特定化学物質,Class I Specified Chemical,化学物質の審査及び製造等の規制に関する法律,Chemical Substances Control Law,NITE-CHRIP RJ_01_001,349CO0000000202
67584-57-0,class_i_specified,第一種特定化学物質,Class I Specified Chemical,化学物質の審査及び製造等の規制に関する法律,Chemical Substances Control Law,NITE-CHRIP RJ_01_001,349CO0000000202
67584-61-6,class_i_specified,第一種特定化学物質,Class I Specified Chemical,化学物質の審査及び製造等の規制に関する法律,Chemical Substances Control Law,NITE-CHRIP RJ_01_001,349CO0000000202
678-39-7,class_i_specified,第一種特定化学物質,Class I Specified Chemical,化学物質の審査及び製造等の規制に関する法律,Chemical Substances Control Law,NITE-CHRIP RJ_01_001,349CO0000000202
678-41-1,class_i_specified,第一種特定化学物質,Class I Specified Chemical,化学物質の審査及び製造等の規制に関する法律,Chemical Substances Control Law,NITE-CHRIP RJ_01_001,349CO0000000202
67888-98-6,class_i_specified,第一種特定化学物質,Class I Specified Chemical,化学物質の審査及び製造等の規制に関する法律,Chemical Substances Control Law,NITE-CHRIP RJ_01_001,349CO0000000202
67888-99-7,class_i_specified,第一種特定化学物質,Class I Specified Chemical,化学物質の審査及び製造等の規制に関する法律,Chemical Substances Control Law,NITE-CHRIP RJ_01_001,349CO0000000202
678970-15-5,class_i_specified,第一種特定化学物質,Class I Specified Chemical,化学物質の審査及び製造等の規制に関する法律,Chemical Substances Control Law,NITE-CHRIP RJ_01_001,349CO0000000202
678970-16-6,class_i_specified,第一種特定化学物質,Class I Specified Chemical,化学物質の審査及び製造等の規制に関する法律,Chemical Substances Control Law,NITE-CHRIP RJ_01_001,349CO0000000202
678970-17-7,class_i_specified,第一種特定化学物質,Class I Specified Chemical,化学物質の審査及び製造等の規制に関する法律,Chemical Substances Control Law,NITE-CHRIP RJ_01_001,349CO0000000202
67906-70-1,class_i_specified,第一種特定化学物質,Class I Specified Chemical,化学物質の審査及び製造等の規制に関する法律,Chemical Substances Control Law,NITE-CHRIP RJ_01_001,349CO0000000202
67906-71-2,class_i_specified,第一種特定化学物質,Class I Specified Chemical,化学物質の審査及び製造等の規制に関する法律,Chemical Substances Control Law,NITE-CHRIP RJ_01_001,349CO0000000202
67922-21-8,class_i_specified,第一種特定化学物質,Class I Specified Chemical,化学物質の審査及び製造等の規制に関する法律,Chemical Substances Control Law,NITE-CHRIP RJ_01_001,349CO0000000202
67922-22-9,class_i_specified,第一種特定化学物質,Class I Specified Chemical,化学物質の審査及び製造等の規制に関する法律,Chemical Substances Control Law,NITE-CHRIP RJ_01_001,349CO0000000202
67922-23-0,class_i_specified,第一種特定化学物質,Class I Specified Chemical,化学物質の審査及び製造等の規制に関する法律,Chemical Substances Control Law,NITE-CHRIP RJ_01_001,349CO0000000202
67922-24-1,class_i_specified,第一種特定化学物質,Class I Specified Chemical,化学物質の審査及び製造等の規制に関する法律,Chemical Substances Control Law,NITE-CHRIP RJ_01_001,349CO0000000202
67922-25-2,class_i_specified,第一種特定化学物質,Class I Specified Chemical,化学物質の審査及び製造等の規制に関する法律,Chemical Substances Control Law,NITE-CHRIP RJ_01_001,349CO0000000202
67922-26-3,class_i_specified,第一種特定化学物質,Class I Specified Chemical,化学物質の審査及び製造等の規制に関する法律,Chemical Substances Control Law,NITE-CHRIP RJ_01_001,349CO0000000202
67922-27-4,class_i_specified,第一種特定化学物質,Class I Specified Chemical,化学物質の審査及び製造等の規制に関する法律,Chemical Substances Control Law,NITE-CHRIP RJ_01_001,349CO0000000202
67939-61-1,class_i_specified,第一種特定化学物質,Class I Specified Chemical,化学物質の審査及び製造等の規制に関する法律,Chemical Substances Control Law,NITE-CHRIP RJ_01_001,349CO0000000202
67939-92-8,class_i_specified,第一種特定化学物質,Class I Specified Chemical,化学物質の審査及び製造等の規制に関する法律,Chemical Substances Control Law,NITE-CHRIP RJ_01_001,349CO0000000202
67969-65-7,class_i_specified,第一種特定化学物質,Class I Specified Chemical,化学物質の審査及び製造等の規制に関する法律,Chemical Substances Control Law,NITE-CHRIP RJ_01_001,349CO0000000202
68081-83-4,class_i_specified,第一種特定化学物質,Class I Specified Chemical,化学物質の審査及び製造等の規制に関する法律,Chemical Substances Control Law,NITE-CHRIP RJ_01_001,349CO0000000202
68141-02-6,class_i_specified,第一種特定化学物質,Class I Specified Chemical,化学物質の審査及び製造等の規制に関する法律,Chemical Substances Control Law,NITE-CHRIP RJ_01_001,349CO0000000202
68187-42-8,class_i_specified,第一種特定化学物質,Class I Specified Chemical,化学物質の審査及び製造等の規制に関する法律,Chemical Substances Control Law,NITE-CHRIP RJ_01_001,349CO0000000202
68188-12-5,class_i_specified,第一種特定化学物質,Class I Specified Chemical,化学物質の審査及び製造等の規制に関する法律,Chemical Substances Control Law,NITE-CHRIP RJ_01_001,349CO0000000202
68194-04-7,class_i_specified,第一種特定化学物質,Class I Specified Chemical,化学物質の審査及び製造等の規制に関する法律,Chemical Substances Control Law,NITE-CHRIP RJ_01_001,349CO0000000202
68194-05-8,class_i_specified,第一種特定化学物質,Class I Specified Chemical,化学物質の審査及び製造等の規制に関する法律,Chemical Substances Control Law,NITE-CHRIP RJ_01_001,349CO0000000202
68194-06-9,class_i_specified,第一種特定化学物質,Class I Specified Chemical,化学物質の審査及び製造等の規制に関する法律,Chemical Substances Control Law,NITE-CHRIP RJ_01_001,349CO0000000202
68194-07-0,class_i_specified,第一種特定化学物質,Class I Specified Chemical,化学物質の審査及び製造等の規制に関する法律,Chemical Substances Control Law,NITE-CHRIP RJ_01_001,349CO0000000202
68194-08-1,class_i_specified,第一種特定化学物質,Class I Specified Chemical,化学物質の審査及び製造等の規制に関する法律,Chemical Substances Control Law,NITE-CHRIP RJ_01_001,349CO0000000202
68194-09-2,class_i_specified,第一種特定化学物質,Class I Specified Chemical,化学物質の審査及び製造等の規制に関する法律,Chemical Substances Control Law,NITE-CHRIP RJ_01_001,349CO0000000202
68194-10-5,class_i_specified,第一種特定化学物質,Class I Specified Chemical,化学物質の審査及び製造等の規制に関する法律,Chemical Substances Control Law,NITE-CHRIP RJ_01_001,349CO0000000202
68194-11-6,class_i_specified,第一種特定化学物質,Class I Specified Chemical,化学物質の審査及び製造等の規制に関する法律,Chemical Substances Control Law,NITE-CHRIP RJ_01_001,349CO0000000202
68194-12-7,class_i_specified,第一種特定化学物質,Class I Specified Chemical,化学物質の審査及び製造等の規制に関する法律,Chemical Substances Control Law,NITE-CHRIP RJ_01_001,349CO0000000202
68194-13-8,class_i_specified,第一種特定化学物質,Class I Specified Chemical,化学物質の審査及び製造等の規制に関する法律,Chemical Substances Control Law,NITE-CHRIP RJ_01_001,349CO0000000202
68194-14-9,class_i_specified,第一種特定化学物質,Class I Specified Chemical,化学物質の審査及び製造等の規制に関する法律,Chemical Substances Control Law,NITE-CHRIP RJ_01_001,349CO0000000202
68194-15-0,class_i_specified,第一種特定化学物質,Class I Specified Chemical,化学物質の審査及び製造等の規制に関する法律,Chemical Substances Control Law,NITE-CHRIP RJ_01_001,349CO0000000202
68194-16-1,class_i_specified,第一種特定化学物質,Class I Specified Chemical,化学物質の審査及び製造等の規制に関する法律,Chemical Substances Control Law,NITE-CHRIP RJ_01_001,349CO0000000202
68194-17-2,class_i_specified,第一種特定化学物質,Class I Specified Chemical,化学物質の審査及び製造等の規制に関する法律,Chemical Substances Control Law,NITE-CHRIP RJ_01_001,349CO0000000202
68227-87-2,class_i_specified,第一種特定化学物質,Class I Specified Chemical,化学物質の審査及び製造等の規制に関する法律,Chemical Substances Control Law,NITE-CHRIP RJ_01_001,349CO0000000202
68227-94-1,class_i_specified,第一種特定化学物質,Class I Specified Chemical,化学物質の審査及び製造等の規制に関する法律,Chemical Substances Control Law,NITE-CHRIP RJ_01_001,349CO0000000202
68227-96-3,class_i_specified,第一種特定化学物質,Class I Specified Chemical,化学物質の審査及び製造等の規制に関する法律,Chemical Substances Control Law,NITE-CHRIP RJ_01_001,349CO0000000202
68227-98-5,class_i_specified,第一種特定化学物質,Class I Specified Chemical,化学物質の審査及び製造等の規制に関する法律,Chemical Substances Control Law,NITE-CHRIP RJ_01_001,349CO0000000202
68228-00-2,class_i_specified,第一種特定化学物質,Class I Specified Chemical,化学物質の審査及び製造等の規制に関する法律,Chemical Substances Control Law,NITE-CHRIP RJ_01_001,349CO0000000202
68239-74-7,class_i_specified,第一種特定化学物質,Class I Specified Chemical,化学物質の審査及び製造等の規制に関する法律,Chemical Substances Control Law,NITE-CHRIP RJ_01_001,349CO0000000202
68259-08-5,class_i_specified,第一種特定化学物質,Class I Specified Chemical,化学物質の審査及び製造等の規制に関する法律,Chemical Substances Control Law,NITE-CHRIP RJ_01_001,349CO0000000202
68259-15-4,class_i_specified,第一種特定化学物質,Class I Specified Chemical,化学物質の審査及び製造等の規制に関する法律,Chemical Substances Control Law,NITE-CHRIP RJ_01_001,349CO0000000202
68259-38-1,class_i_specified,第一種特定化学物質,Class I Specified Chemical,化学物質の審査及び製造等の規制に関する法律,Chemical Substances Control Law,NITE-CHRIP RJ_01_001,349CO0000000202
68298-09-9,class_i_specified,第一種特定化学物質,Class I Specified Chemical,化学物質の審査及び製造等の規制に関する法律,Chemical Substances Control Law,NITE-CHRIP RJ_01_001,349CO0000000202
68298-74-8,class_i_specified,第一種特定化学物質,Class I Specified Chemical,化学物質の審査及び製造等の規制に関する法律,Chemical Substances Control Law,NITE-CHRIP RJ_01_001,349CO0000000202
68298-78-2,class_i_specified,第一種特定化学物質,Class I Specified Chemical,化学物質の審査及び製造等の規制に関する法律,Chemical Substances Control Law,NITE-CHRIP RJ_01_001,349CO0000000202
68299-21-8,class_i_specified,第一種特定化学物質,Class I Specified Chemical,化学物質の審査及び製造等の規制に関する法律,Chemical Substances Control Law,NITE-CHRIP RJ_01_001,349CO0000000202
68299-39-8,class_i_specified,第一種特定化学物質,Class I Specified Chemical,化学物質の審査及び製造等の規制に関する法律,Chemical Substances Control Law,NITE-CHRIP RJ_01_001,349CO0000000202
68329-56-6,class_i_specified,第一種特定化学物質,Class I Specified Chemical,化学物質の審査及び製造等の規制に関する法律,Chemical Substances Control Law,NITE-CHRIP RJ_01_001,349CO0000000202
68333-92-6,class_i_specified,第一種特定化学物質,Class I Specified Chemical,化学物質の審査及び製造等の規制に関する法律,Chemical Substances Control Law,NITE-CHRIP RJ_01_001,349CO0000000202
68391-09-3,class_i_specified,第一種特定化学物質,Class I Specified Chemical,化学物質の審査及び製造等の規制に関する法律,Chemical Substances Control Law,NITE-CHRIP RJ_01_001,349CO0000000202
68412-69-1,class_i_specified,第一種特定化学物質,Class I Specified Chemical,化学物質の審査及び製造等の規制に関する法律,Chemical Substances Control Law,NITE-CHRIP RJ_01_001,349CO0000000202
68555-70-4,class_i_specified,第一種特定化学物質,Class I Specified Chemical,化学物質の審査及び製造等の規制に関する法律,Chemical Substances Control Law,NITE-CHRIP RJ_01_001,349CO0000000202
68555-75-9,class_i_specified,第一種特定化学物質,Class I Specified Chemical,化学物質の審査及び製造等の規制に関する法律,Chemical Substances Control Law,NITE-CHRIP RJ_01_001,349CO0000000202
68555-91-9,class_i_specified,第一種特定化学物質,Class I Specified Chemical,化学物質の審査及び製造等の規制に関する法律,Chemical Substances Control Law,NITE-CHRIP RJ_01_001,349CO0000000202
68555-92-0,class_i_specified,第一種特定化学物質,Class I Specified Chemical,化学物質の審査及び製造等の規制に関する法律,Chemical Substances Control Law,NITE-CHRIP RJ_01_001,349CO0000000202
68568-77-4,class_i_specified,第一種特定化学物質,Class I Specified Chemical,化学物質の審査及び製造等の規制に関する法律,Chemical Substances Control Law,NITE-CHRIP RJ_01_001,349CO0000000202
68586-13-0,class_i_specified,第一種特定化学物質,Class I Specified Chemical,化学物質の審査及び製造等の規制に関する法律,Chemical Substances Control Law,NITE-CHRIP RJ_01_001,349CO0000000202
68586-14-1,class_i_specified,第一種特定化学物質,Class I Specified Chemical,化学物質の審査及び製造等の規制に関する法律,Chemical Substances Control Law,NITE-CHRIP RJ_01_001,349CO0000000202
68608-13-9,class_i_specified,第一種特定化学物質,Class I Specified Chemical,化学物質の審査及び製造等の規制に関する法律,Chemical Substances Control Law,NITE-CHRIP RJ_01_001,349CO0000000202
68608-14-0,class_i_specified,第一種特定化学物質,Class I Specified Chemical,化学物質の審査及び製造等の規制に関する法律,Chemical Substances Control Law,NITE-CHRIP RJ_01_001,349CO0000000202
68631-49-2,class_i_specified,第一種特定化学物質,Class I Specified Chemical,化学物質の審査及び製造等の規制に関する法律,Chemical Substances Control Law,NITE-CHRIP RJ_01_001,349CO0000000202
68649-26-3,class_i_specified,第一種特定化学物質,Class I Specified Chemical,化学物質の審査及び製造等の規制に関する法律,Chemical Substances Control Law,NITE-CHRIP RJ_01_001,349CO0000000202
68797-76-2,class_i_specified,第一種特定化学物質,Class I Specified Chemical,化学物質の審査及び製造等の規制に関する法律,Chemical Substances Control Law,NITE-CHRIP RJ_01_001,349CO0000000202
68815-72-5,class_i_specified,第一種特定化学物質,Class I Specified Chemical,化学物質の審査及び製造等の規制に関する法律,Chemical Substances Control Law,NITE-CHRIP RJ_01_001,349CO0000000202
68867-60-7,class_i_specified,第一種特定化学物質,Class I Specified Chemical,化学物質の審査及び製造等の規制に関する法律,Chemical Substances Control Law,NITE-CHRIP RJ_01_001,349CO0000000202
68867-62-9,class_i_specified,第一種特定化学物質,Class I Specified Chemical,化学物質の審査及び製造等の規制に関する法律,Chemical Substances Control Law,NITE-CHRIP RJ_01_001,349CO0000000202
68877-32-7,class_i_specified,第一種特定化学物質,Class I Specified Chemical,化学物質の審査及び製造等の規制に関する法律,Chemical Substances Control Law,NITE-CHRIP RJ_01_001,349CO0000000202
68891-98-5,class_i_specified,第一種特定化学物質,Class I Specified Chemical,化学物質の審査及び製造等の規制に関する法律,Chemical Substances Control Law,NITE-CHRIP RJ_01_001,349CO0000000202
68909-15-9,class_i_specified,第一種特定化学物質,Class I Specified Chemical,化学物質の審査及び製造等の規制に関する法律,Chemical Substances Control Law,NITE-CHRIP RJ_01_001,349CO0000000202
68920-70-7,class_i_specified,第一種特定化学物質,Class I Specified Chemical,化学物質の審査及び製造等の規制に関する法律,Chemical Substances Control Law,NITE-CHRIP RJ_01_001,349CO0000000202
68928-80-3,class_i_specified,第一種特定化学物質,Class I Specified Chemical,化学物質の審査及び製造等の規制に関する法律,Chemical Substances Control Law,NITE-CHRIP RJ_01_001 政令番号: 28,349CO0000000202
68928-80-3,class_i_specified,第一種特定化学物質,Class I Specified Chemical Substance,化学物質の審査及び製造等の規制に関する法律,Chemical Substances Control Law,化審法施行令 第一条,349CO0000000202
68938-43-2,class_i_specified,第一種特定化学物質,Class I Specified Chemical,化学物質の審査及び製造等の規制に関する法律,Chemical Substances Control Law,NITE-CHRIP RJ_01_001,349CO0000000202
68953-84-4,class_i_specified,第一種特定化学物質,Class I Specified Chemical,化学物質の審査及び製造等の規制に関する法律,Chemical Substances Control Law,NITE-CHRIP RJ_01_001,349CO0000000202
68957-32-4,class_i_specified,第一種特定化学物質,Class I Specified Chemical,化学物質の審査及び製造等の規制に関する法律,Chemical Substances Control Law,NITE-CHRIP RJ_01_001,349CO0000000202
68957-53-9,class_i_specified,第一種特定化学物質,Class I Specified Chemical,化学物質の審査及び製造等の規制に関する法律,Chemical Substances Control Law,NITE-CHRIP RJ_01_001,349CO0000000202
68957-58-4,class_i_specified,第一種特定化学物質,Class I Specified Chemical,化学物質の審査及び製造等の規制に関する法律,Chemical Substances Control Law,NITE-CHRIP RJ_01_001,349CO0000000202
68957-61-9,class_i_specified,第一種特定化学物質,Class I Specified Chemical,化学物質の審査及び製造等の規制に関する法律,Chemical Substances Control Law,NITE-CHRIP RJ_01_001,349CO0000000202
69278-59-7,class_i_specified,第一種特定化学物質,Class I Specified Chemical,化学物質の審査及び製造等の規制に関する法律,Chemical Substances Control Law,NITE-CHRIP RJ_01_001,349CO0000000202
69278-80-4,class_i_specified,第一種特定化学物質,Class I Specified Chemical,化学物質の審査及び製造等の規制に関する法律,Chemical Substances Control Law,NITE-CHRIP RJ_01_001,349CO0000000202
69782-90-7,class_i_specified,第一種特定化学物質,Class I Specified Chemical,化学物質の審査及び製造等の規制に関する法律,Chemical Substances Control Law,NITE-CHRIP RJ_01_001,349CO0000000202
69782-91-8,class_i_specified,第一種特定化学物質,Class I Specified Chemical,化学物質の審査及び製造等の規制に関する法律,Chemical Substances Control Law,NITE-CHRIP RJ_01_001,349CO0000000202
7012-37-5,class_i_specified,第一種特定化学物質,Class I Specified Chemical,化学物質の審査及び製造等の規制に関する法律,Chemical Substances Control Law,NITE-CHRIP RJ_01_001,349CO0000000202
70136-72-0,class_i_specified,第一種特定化学物質,Class I Specified Chemical,化学物質の審査及び製造等の規制に関する法律,Chemical Substances Control Law,NITE-CHRIP RJ_01_001,349CO0000000202
70225-14-8,class_i_specified,第一種特定化学物質,Class I Specified Chemical,化学物質の審査及び製造等の規制に関する法律,Chemical Substances Control Law,NITE-CHRIP RJ_01_001,349CO0000000202
70225-16-0,class_i_specified,第一種特定化学物質,Class I Specified Chemical,化学物質の審査及び製造等の規制に関する法律,Chemical Substances Control Law,NITE-CHRIP RJ_01_001,349CO0000000202
70248-52-1,class_i_specified,第一種特定化学物質,Class I Specified Chemical,化学物質の審査及び製造等の規制に関する法律,Chemical Substances Control Law,NITE-CHRIP RJ_01_001,349CO0000000202
70290-05-0,class_i_specified,第一種特定化学物質,Class I Specified Chemical,化学物質の審査及び製造等の規制に関する法律,Chemical Substances Control Law,NITE-CHRIP RJ_01_001,349CO0000000202
70362-41-3,class_i_specified,第一種特定化学物質,Class I Specified Chemical,化学物質の審査及び製造等の規制に関する法律,Chemical Substances Control Law,NITE-CHRIP RJ_01_001,349CO0000000202
70362-45-7,class_i_specified,第一種特定化学物質,Class I Specified Chemical,化学物質の審査及び製造等の規制に関する法律,Chemical Substances Control Law,NITE-CHRIP RJ_01_001,349CO0000000202
70362-46-8,class_i_specified,第一種特定化学物質,Class I Specified Chemical,化学物質の審査及び製造等の規制に関する法律,Chemical Substances Control Law,NITE-CHRIP RJ_01_001,349CO0000000202
70362-47-9,class_i_specified,第一種特定化学物質,Class I Specified Chemical,化学物質の審査及び製造等の規制に関する法律,Chemical Substances Control Law,NITE-CHRIP RJ_01_001,349CO0000000202
70362-48-0,class_i_specified,第一種特定化学物質,Class I Specified Chemical,化学物質の審査及び製造等の規制に関する法律,Chemical Substances Control Law,NITE-CHRIP RJ_01_001,349CO0000000202
70362-49-1,class_i_specified,第一種特定化学物質,Class I Specified Chemical,化学物質の審査及び製造等の規制に関する法律,Chemical Substances Control Law,NITE-CHRIP RJ_01_001,349CO0000000202
70362-50-4,class_i_specified,第一種特定化学物質,Class I Specified Chemical,化学物質の審査及び製造等の規制に関する法律,Chemical Substances Control Law,NITE-CHRIP RJ_01_001,349CO0000000202
70424-67-8,class_i_specified,第一種特定化学物質,Class I Specified Chemical,化学物質の審査及び製造等の規制に関する法律,Chemical Substances Control Law,NITE-CHRIP RJ_01_001,349CO0000000202
70424-68-9,class_i_specified,第一種特定化学物質,Class I Specified Chemical,化学物質の審査及び製造等の規制に関する法律,Chemical Substances Control Law,NITE-CHRIP RJ_01_001,349CO0000000202
70424-69-0,class_i_specified,第一種特定化学物質,Class I Specified Chemical,化学物質の審査及び製造等の規制に関する法律,Chemical Substances Control Law,NITE-CHRIP RJ_01_001,349CO0000000202
70424-70-3,class_i_specified,第一種特定化学物質,Class I Specified Chemical,化学物質の審査及び製造等の規制に関する法律,Chemical Substances Control Law,NITE-CHRIP RJ_01_001,349CO0000000202
704870-51-9,class_i_specified,第一種特定化学物質,Class I Specified Chemical,化学物質の審査及び製造等の規制に関する法律,Chemical Substances Control Law,NITE-CHRIP RJ_01_001,349CO0000000202
705240-04-6,class_i_specified,第一種特定化学物質,Class I Specified Chemical,化学物質の審査及び製造等の規制に関する法律,Chemical Substances Control Law,NITE-CHRIP RJ_01_001,349CO0000000202
70776-03-3,class_i_specified,第一種特定化学物質,Class I Specified Chemical,化学物質の審査及び製造等の規制に関する法律,Chemical Substances Control Law,NITE-CHRIP RJ_01_001,349CO0000000202
70776-36-2,class_i_specified,第一種特定化学物質,Class I Specified Chemical,化学物質の審査及び製造等の規制に関する法律,Chemical Substances Control Law,NITE-CHRIP RJ_01_001,349CO0000000202
70900-36-6,class_i_specified,第一種特定化学物質,Class I Specified Chemical,化学物質の審査及び製造等の規制に関する法律,Chemical Substances Control Law,NITE-CHRIP RJ_01_001,349CO0000000202
70900-40-2,class_i_specified,第一種特定化学物質,Class I Specified Chemical,化学物質の審査及び製造等の規制に関する法律,Chemical Substances Control Law,NITE-CHRIP RJ_01_001,349CO0000000202
70969-47-0,class_i_specified,第一種特定化学物質,Class I Specified Chemical,化学物質の審査及び製造等の規制に関する法律,Chemical Substances Control Law,NITE-CHRIP RJ_01_001,349CO0000000202
71011-12-6,class_i_specified,第一種特定化学物質,Class I Specified Chemical,化学物質の審査及び製造等の規制に関する法律,Chemical Substances Control Law,NITE-CHRIP RJ_01_001,349CO0000000202
71463-74-6,class_i_specified,第一種特定化学物質,Class I Specified Chemical,化学物質の審査及び製造等の規制に関する法律,Chemical Substances Control Law,NITE-CHRIP RJ_01_001,349CO0000000202
71487-20-2,class_i_specified,第一種特定化学物質,Class I Specified Chemical,化学物質の審査及び製造等の規制に関する法律,Chemical Substances Control Law,NITE-CHRIP RJ_01_001,349CO0000000202
71608-61-2,class_i_specified,第一種特定化学物質,Class I Specified Chemical,化学物質の審査及び製造等の規制に関する法律,Chemical Substances Control Law,NITE-CHRIP RJ_01_001,349CO0000000202
71625-52-0,class_i_specified,第一種特定化学物質,Class I Specified Chemical,化学物質の審査及び製造等の規制に関する法律,Chemical Substances Control Law,NITE-CHRIP RJ_01_001,349CO0000000202
71940-07-3,class_i_specified,第一種特定化学物質,Class I Specified Chemical,化学物質の審査及び製造等の規制に関する法律,Chemical Substances Control Law,NITE-CHRIP RJ_01_001,349CO0000000202
72-20-8,class_i_specified,第一種特定化学物質,Class I Specified Chemical,化学物質の審査及び製造等の規制に関する法律,Chemical Substances Control Law,NITE-CHRIP RJ_01_001 政令番号: 6,349CO0000000202
72-20-8,class_i_specified,第一種特定化学物質,Class I Specified Chemical Substance,化学物質の審査及び製造等の規制に関する法律,Chemical Substances Control Law,化審法施行令 第一条,349CO0000000202
72-43-5,class_i_specified,第一種特定化学物質,Class I Specified Chemical,化学物質の審査及び製造等の規制に関する法律,Chemical Substances Control Law,NITE-CHRIP RJ_01_001 政令番号: 39,349CO0000000202
72-43-5,class_i_specified,第一種特定化学物質,Class I Specified Chemical Substance,化学物質の審査及び製造等の規制に関する法律,Chemical Substances Control Law,化審法施行令 第一条,349CO0000000202
72033-41-1,class_i_specified,第一種特定化学物質,Class I Specified Chemical,化学物質の審査及び製造等の規制に関する法律,Chemical Substances Control Law,NITE-CHRIP RJ_01_001,349CO0000000202
72623-77-9,class_i_specified,第一種特定化学物質,Class I Specified Chemical,化学物質の審査及び製造等の規制に関する法律,Chemical Substances Control Law,NITE-CHRIP RJ_01_001,349CO0000000202
727351-53-3,class_i_specified,第一種特定化学物質,Class I Specified Chemical,化学物質の審査及び製造等の規制に関する法律,Chemical Substances Control Law,NITE-CHRIP RJ_01_001,349CO0000000202
72968-38-8,class_i_specified,第一種特定化学物質,Class I Specified Chemical,化学物質の審査及び製造等の規制に関する法律,Chemical Substances Control Law,NITE-CHRIP RJ_01_001,349CO0000000202
732-26-3,class_i_specified,第一種特定化学物質,Class I Specified Chemical,化学物質の審査及び製造等の規制に関する法律,Chemical Substances Control Law,NITE-CHRIP RJ_01_001 政令番号: 11,349CO0000000202
732-26-3,class_i_specified,第一種特定化学物質,Class I Specified Chemical Substance,化学物質の審査及び製造等の規制に関する法律,Chemical Substances Control Law,化審法施行令 第一条,349CO0000000202
73575-52-7,class_i_specified,第一種特定化学物質,Class I Specified Chemical,化学物質の審査及び製造等の規制に関する法律,Chemical Substances Control Law,NITE-CHRIP RJ_01_001,349CO0000000202
73575-53-8,class_i_specified,第一種特定化学物質,Class I Specified Chemical,化学物質の審査及び製造等の規制に関する法律,Chemical Substances Control Law,NITE-CHRIP RJ_01_001,349CO0000000202
73575-54-9,class_i_specified,第一種特定化学物質,Class I Specified Chemical,化学物質の審査及び製造等の規制に関する法律,Chemical Substances Control Law,NITE-CHRIP RJ_01_001,349CO0000000202
73575-55-0,class_i_specified,第一種特定化学物質,Class I Specified Chemical,化学物質の審査及び製造等の規制に関する法律,Chemical Substances Control Law,NITE-CHRIP RJ_01_001,349CO0000000202
73575-56-1,class_i_specified,第一種特定化学物質,Class I Specified Chemical,化学物質の審査及び製造等の規制に関する法律,Chemical Substances Control Law,NITE-CHRIP RJ_01_001,349CO0000000202
73575-57-2,class_i_specified,第一種特定化学物質,Class I Specified Chemical,化学物質の審査及び製造等の規制に関する法律,Chemical Substances Control Law,NITE-CHRIP RJ_01_001,349CO0000000202
73772-32-4,class_i_specified,第一種特定化学物質,Class I Specified Chemical,化学物質の審査及び製造等の規制に関する法律,Chemical Substances Control Law,NITE-CHRIP RJ_01_001,349CO0000000202
73772-33-5,class_i_specified,第一種特定化学物質,Class I Specified Chemical,化学物質の審査及び製造等の規制に関する法律,Chemical Substances Control Law,NITE-CHRIP RJ_01_001,349CO0000000202
73772-34-6,class_i_specified,第一種特定化学物質,Class I Specified Chemical,化学物質の審査及び製造等の規制に関する法律,Chemical Substances Control Law,NITE-CHRIP RJ_01_001,349CO0000000202
74049-08-4,class_i_specified,第一種特定化学物質,Class I Specified Chemical,化学物質の審査及び製造等の規制に関する法律,Chemical Substances Control Law,NITE-CHRIP RJ_01_001,349CO0000000202
74338-23-1,class_i_specified,第一種特定化学物質,Class I Specified Chemical,化学物質の審査及び製造等の規制に関する法律,Chemical Substances Control Law,NITE-CHRIP RJ_01_001,349CO0000000202
74338-24-2,class_i_specified,第一種特定化学物質,Class I Specified Chemical,化学物質の審査及び製造等の規制に関する法律,Chemical Substances Control Law,NITE-CHRIP RJ_01_001,349CO0000000202
74398-41-7,class_i_specified,第一種特定化学物質,Class I Specified Chemical,化学物質の審査及び製造等の規制に関する法律,Chemical Substances Control Law,NITE-CHRIP RJ_01_001,349CO0000000202
74472-33-6,class_i_specified,第一種特定化学物質,Class I Specified Chemical,化学物質の審査及び製造等の規制に関する法律,Chemical Substances Control Law,NITE-CHRIP RJ_01_001,349CO0000000202
74472-34-7,class_i_specified,第一種特定化学物質,Class I Specified Chemical,化学物質の審査及び製造等の規制に関する法律,Chemical Substances Control Law,NITE-CHRIP RJ_01_001,349CO0000000202
74472-35-8,class_i_specified,第一種特定化学物質,Class I Specified Chemical,化学物質の審査及び製造等の規制に関する法律,Chemical Substances Control Law,NITE-CHRIP RJ_01_001,349CO0000000202
74472-36-9,class_i_specified,第一種特定化学物質,Class I Specified Chemical,化学物質の審査及び製造等の規制に関する法律,Chemical Substances Control Law,NITE-CHRIP RJ_01_001,349CO0000000202
74472-37-0,class_i_specified,第一種特定化学物質,Class I Specified Chemical,化学物質の審査及び製造等の規制に関する法律,Chemical Substances Control Law,NITE-CHRIP RJ_01_001,349CO0000000202
74472-38-1,class_i_specified,第一種特定化学物質,Class I Specified Chemical,化学物質の審査及び製造等の規制に関する法律,Chemical Substances Control Law,NITE-CHRIP RJ_01_001,349CO0000000202
74472-39-2,class_i_specified,第一種特定化学物質,Class I Specified Chemical,化学物質の審査及び製造等の規制に関する法律,Chemical Substances Control Law,NITE-CHRIP RJ_01_001,349CO0000000202
74472-40-5,class_i_specified,第一種特定化学物質,Class I Specified Chemical,化学物質の審査及び製造等の規制に関する法律,Chemical Substances Control Law,NITE-CHRIP RJ_01_001,349CO0000000202
74472-41-6,class_i_specified,第一種特定化学物質,Class I Specified Chemical,化学物質の審査及び製造等の規制に関する法律,Chemical Substances Control Law,NITE-CHRIP RJ_01_001,349CO0000000202
74472-42-7,class_i_specified,第一種特定化学物質,Class I Specified Chemical,化学物質の審査及び製造等の規制に関する法律,Chemical Substances Control Law,NITE-CHRIP RJ_01_001,349CO0000000202
74472-43-8,class_i_specified,第一種特定化学物質,Class I Specified Chemical,化学物質の審査及び製造等の規制に関する法律,Chemical Substances Control Law,NITE-CHRIP RJ_01_001,349CO0000000202
74472-44-9,class_i_specified,第一種特定化学物質,Class I Specified Chemical,化学物質の審査及び製造等の規制に関する法律,Chemical Substances Control Law,NITE-CHRIP RJ_01_001,349CO0000000202
74472-45-0,class_i_specified,第一種特定化学物質,Class I Specified Chemical,化学物質の審査及び製造等の規制に関する法律,Chemical Substances Control Law,NITE-CHRIP RJ_01_001,349CO0000000202
74472-46-1,class_i_specified,第一種特定化学物質,Class I Specified Chemical,化学物質の審査及び製造等の規制に関する法律,Chemical Substances Control Law,NITE-CHRIP RJ_01_001,349CO0000000202
74472-47-2,class_i_specified,第一種特定化学物質,Class I Specified Chemical,化学物質の審査及び製造等の規制に関する法律,Chemical Substances Control Law,NITE-CHRIP RJ_01_001,349CO0000000202
74472-48-3,class_i_specified,第一種特定化学物質,Class I Specified Chemical,化学物質の審査及び製造等の規制に関する法律,Chemical Substances Control Law,NITE-CHRIP RJ_01_001,349CO0000000202
74472-49-4,class_i_specified,第一種特定化学物質,Class I Specified Chemical,化学物質の審査及び製造等の規制に関する法律,Chemical Substances Control Law,NITE-CHRIP RJ_01_001,349CO0000000202
74472-50-7,class_i_specified,第一種特定化学物質,Class I Specified Chemical,化学物質の審査及び製造等の規制に関する法律,Chemical Substances Control Law,NITE-CHRIP RJ_01_001,349CO0000000202
74472-51-8,class_i_specified,第一種特定化学物質,Class I Specified Chemical,化学物質の審査及び製造等の規制に関する法律,Chemical Substances Control Law,NITE-CHRIP RJ_01_001,349CO0000000202
74472-52-9,class_i_specified,第一種特定化学物質,Class I Specified Chemical,化学物質の審査及び製造等の規制に関する法律,Chemical Substances Control Law,NITE-CHRIP RJ_01_001,349CO0000000202
74472-53-0,class_i_specified,第一種特定化学物質,Class I Specified Chemical,化学物質の審査及び製造等の規制に関する法律,Chemical Substances Control Law,NITE-CHRIP RJ_01_001,349CO0000000202
74487-85-7,class_i_specified,第一種特定化学物質,Class I Specified Chemical,化学物質の審査及び製造等の規制に関する法律,Chemical Substances Control Law,NITE-CHRIP RJ_01_001,349CO0000000202
74612-30-9,class_i_specified,第一種特定化学物質,Class I Specified Chemical,化学物質の審査及び製造等の規制に関する法律,Chemical Substances Control Law,NITE-CHRIP RJ_01_001,349CO0000000202
7497-08-7,class_i_specified,第一種特定化学物質,Class I Specified Chemical,化学物質の審査及び製造等の規制に関する法律,Chemical Substances Control Law,NITE-CHRIP RJ_01_001,349CO0000000202
755698-73-8,class_i_specified,第一種特定化学物質,Class I Specified Chemical,化学物質の審査及び製造等の規制に関する法律,Chemical Substances Control Law,NITE-CHRIP RJ_01_001,349CO0000000202
76-44-8,class_i_specified,第一種特定化学物質,Class I Specified Chemical,化学物質の審査及び製造等の規制に関する法律,Chemical Substances Control Law,NITE-CHRIP RJ_01_001,349CO0000000202
76733-77-2,class_i_specified,第一種特定化学物質,Class I Specified Chemical,化学物質の審査及び製造等の規制に関する法律,Chemical Substances Control Law,NITE-CHRIP RJ_01_001,349CO0000000202
76830-13-2,class_i_specified,第一種特定化学物質,Class I Specified Chemical,化学物質の審査及び製造等の規制に関する法律,Chemical Substances Control Law,NITE-CHRIP RJ_01_001,349CO0000000202
76842-07-4,class_i_specified,第一種特定化学物質,Class I Specified Chemical,化学物質の審査及び製造等の規制に関する法律,Chemical Substances Control Law,NITE-CHRIP RJ_01_001,349CO0000000202
77117-48-7,class_i_specified,第一種特定化学物質,Class I Specified Chemical,化学物質の審査及び製造等の規制に関する法律,Chemical Substances Control Law,NITE-CHRIP RJ_01_001,349CO0000000202
77607-09-1,class_i_specified,第一種特定化学物質,Class I Specified Chemical,化学物質の審査及び製造等の規制に関する法律,Chemical Substances Control Law,NITE-CHRIP RJ_01_001,349CO0000000202
7778-73-6,class_i_specified,第一種特定化学物質,Class I Specified Chemical,化学物質の審査及び製造等の規制に関する法律,Chemical Substances Control Law,NITE-CHRIP RJ_01_001,349CO0000000202
78560-44-8,class_i_specified,第一種特定化学物質,Class I Specified Chemical,化学物質の審査及び製造等の規制に関する法律,Chemical Substances Control Law,NITE-CHRIP RJ_01_001,349CO0000000202
8001-35-2,class_i_specified,第一種特定化学物質,Class I Specified Chemical,化学物質の審査及び製造等の規制に関する法律,Chemical Substances Control Law,NITE-CHRIP RJ_01_001 政令番号: 12,349CO0000000202
8001-35-2,class_i_specified,第一種特定化学物質,Class I Specified Chemical Substance,化学物質の審査及び製造等の規制に関する法律,Chemical Substances Control Law,化審法施行令 第一条,349CO0000000202
80475-33-8,class_i_specified,第一種特定化学物質,Class I Specified Chemical,化学物質の審査及び製造等の規制に関する法律,Chemical Substances Control Law,NITE-CHRIP RJ_01_001,349CO0000000202
80621-17-6,class_i_specified,第一種特定化学物質,Class I Specified Chemical,化学物質の審査及び製造等の規制に関する法律,Chemical Substances Control Law,NITE-CHRIP RJ_01_001,349CO0000000202
81190-38-7,class_i_specified,第一種特定化学物質,Class I Specified Chemical,化学物質の審査及び製造等の規制に関する法律,Chemical Substances Control Law,NITE-CHRIP RJ_01_001,349CO0000000202
81381-52-4,class_i_specified,第一種特定化学物質,Class I Specified Chemical,化学物質の審査及び製造等の規制に関する法律,Chemical Substances Control Law,NITE-CHRIP RJ_01_001,349CO0000000202
82382-12-5,class_i_specified,第一種特定化学物質,Class I Specified Chemical,化学物質の審査及び製造等の規制に関する法律,Chemical Substances Control Law,NITE-CHRIP RJ_01_001,349CO0000000202
82865-89-2,class_i_specified,第一種特定化学物質,Class I Specified Chemical,化学物質の審査及び製造等の規制に関する法律,Chemical Substances Control Law,NITE-CHRIP RJ_01_001,349CO0000000202
82865-90-5,class_i_specified,第一種特定化学物質,Class I Specified Chemical,化学物質の審査及び製造等の規制に関する法律,Chemical Substances Control Law,NITE-CHRIP RJ_01_001,349CO0000000202
82865-91-6,class_i_specified,第一種特定化学物質,Class I Specified Chemical,化学物質の審査及び製造等の規制に関する法律,Chemical Substances Control Law,NITE-CHRIP RJ_01_001,349CO0000000202
83048-65-1,class_i_specified,第一種特定化学物質,Class I Specified Chemical,化学物質の審査及び製造等の規制に関する法律,Chemical Substances Control Law,NITE-CHRIP RJ_01_001,349CO0000000202
84029-60-7,class_i_specified,第一種特定化学物質,Class I Specified Chemical,化学物質の審査及び製造等の規制に関する法律,Chemical Substances Control Law,NITE-CHRIP RJ_01_001,349CO0000000202
84082-38-2,class_i_specified,第一種特定化学物質,Class I Specified Chemical,化学物質の審査及び製造等の規制に関する法律,Chemical Substances Control Law,NITE-CHRIP RJ_01_001,349CO0000000202
84303-47-9,class_i_specified,第一種特定化学物質,Class I Specified Chemical,化学物質の審査及び製造等の規制に関する法律,Chemical Substances Control Law,NITE-CHRIP RJ_01_001,349CO0000000202
84303-48-0,class_i_specified,第一種特定化学物質,Class I Specified Chemical,化学物質の審査及び製造等の規制に関する法律,Chemical Substances Control Law,NITE-CHRIP RJ_01_001,349CO0000000202
84776-06-7,class_i_specified,第一種特定化学物質,Class I Specified Chemical,化学物質の審査及び製造等の規制に関する法律,Chemical Substances Control Law,NITE-CHRIP RJ_01_001,349CO0000000202
85422-92-0,class_i_specified,第一種特定化学物質,Class I Specified Chemical,化学物質の審査及び製造等の規制に関する法律,Chemical Substances Control Law,NITE-CHRIP RJ_01_001,349CO0000000202
85520-91-8,class_i_specified,第一種特定化学物質,Class I Specified Chemical,化学物質の審査及び製造等の規制に関する法律,Chemical Substances Control Law,NITE-CHRIP RJ_01_001,349CO0000000202
85535-84-8,class_i_specified,第一種特定化学物質,Class I Specified Chemical,化学物質の審査及び製造等の規制に関する法律,Chemical Substances Control Law,NITE-CHRIP RJ_01_001,349CO0000000202
85536-22-7,class_i_specified,第一種特定化学物質,Class I Specified Chemical,化学物質の審査及び製造等の規制に関する法律,Chemical Substances Control Law,NITE-CHRIP RJ_01_001,349CO0000000202
85631-54-5,class_i_specified,第一種特定化学物質,Class I Specified Chemical,化学物質の審査及び製造等の規制に関する法律,Chemical Substances Control Law,NITE-CHRIP RJ_01_001,349CO0000000202
85665-64-1,class_i_specified,第一種特定化学物質,Class I Specified Chemical,化学物質の審査及び製造等の規制に関する法律,Chemical Substances Control Law,NITE-CHRIP RJ_01_001,349CO0000000202
85665-66-3,class_i_specified,第一種特定化学物質,Class I Specified Chemical,化学物質の審査及び製造等の規制に関する法律,Chemical Substances Control Law,NITE-CHRIP RJ_01_001,349CO0000000202
85681-64-7,class_i_specified,第一種特定化学物質,Class I Specified Chemical,化学物質の審査及び製造等の規制に関する法律,Chemical Substances Control Law,NITE-CHRIP RJ_01_001,349CO0000000202
85681-73-8,class_i_specified,第一種特定化学物質,Class I Specified Chemical,化学物質の審査及び製造等の規制に関する法律,Chemical Substances Control Law,NITE-CHRIP RJ_01_001,349CO0000000202
85938-56-3,class_i_specified,第一種特定化学物質,Class I Specified Chemical,化学物質の審査及び製造等の規制に関する法律,Chemical Substances Control Law,NITE-CHRIP RJ_01_001,349CO0000000202
864071-08-9,class_i_specified,第一種特定化学物質,Class I Specified Chemical,化学物質の審査及び製造等の規制に関する法律,Chemical Substances Control Law,NITE-CHRIP RJ_01_001,349CO0000000202
864071-09-0,class_i_specified,第一種特定化学物質,Class I Specified Chemical,化学物質の審査及び製造等の規制に関する法律,Chemical Substances Control Law,NITE-CHRIP RJ_01_001,349CO0000000202
86525-30-6,class_i_specified,第一種特定化学物質,Class I Specified Chemical,化学物質の審査及び製造等の規制に関する法律,Chemical Substances Control Law,NITE-CHRIP RJ_01_001,349CO0000000202
866621-50-3,class_i_specified,第一種特定化学物質,Class I Specified Chemical,化学物質の審査及び製造等の規制に関する法律,Chemical Substances Control Law,NITE-CHRIP RJ_01_001,349CO0000000202
866758-65-8,class_i_specified,第一種特定化学物質,Class I Specified Chemical,化学物質の審査及び製造等の規制に関する法律,Chemical Substances Control Law,NITE-CHRIP RJ_01_001,349CO0000000202
87-68-3,class_i_specified,第一種特定化学物質,Class I Specified Chemical,化学物質の審査及び製造等の規制に関する法律,Chemical Substances Control Law,NITE-CHRIP RJ_01_001,349CO0000000202
87-76-3,class_i_specified,第一種特定化学物質,Class I Specified Chemical,化学物質の審査及び製造等の規制に関する法律,Chemical Substances Control Law,NITE-CHRIP RJ_01_001,349CO0000000202
87-86-5,class_i_specified,第一種特定化学物質,Class I Specified Chemical,化学物質の審査及び製造等の規制に関する法律,Chemical Substances Control Law,NITE-CHRIP RJ_01_001 政令番号: 31,349CO0000000202
87-86-5,class_i_specified,第一種特定化学物質,Class I Specified Chemical Substance,化学物質の審査及び製造等の規制に関する法律,Chemical Substances Control Law,化審法施行令 第一条,349CO0000000202
878049-04-8,class_i_specified,第一種特定化学物質,Class I Specified Chemical,化学物質の審査及び製造等の規制に関する法律,Chemical Substances Control Law,NITE-CHRIP RJ_01_001,349CO0000000202
878049-05-9,class_i_specified,第一種特定化学物質,Class I Specified Chemical,化学物質の審査及び製造等の規制に関する法律,Chemical Substances Control Law,NITE-CHRIP RJ_01_001,349CO0000000202
878049-06-0,class_i_specified,第一種特定化学物質,Class I Specified Chemical,化学物質の審査及び製造等の規制に関する法律,Chemical Substances Control Law,NITE-CHRIP RJ_01_001,349CO0000000202
878049-07-1,class_i_specified,第一種特定化学物質,Class I Specified Chemical,化学物質の審査及び製造等の規制に関する法律,Chemical Substances Control Law,NITE-CHRIP RJ_01_001,349CO0000000202
878049-08-2,class_i_specified,第一種特定化学物質,Class I Specified Chemical,化学物質の審査及び製造等の規制に関する法律,Chemical Substances Control Law,NITE-CHRIP RJ_01_001,349CO0000000202
87988-56-5,class_i_specified,第一種特定化学物質,Class I Specified Chemical,化学物質の審査及び製造等の規制に関する法律,Chemical Substances Control Law,NITE-CHRIP RJ_01_001,349CO0000000202
88243-09-8,class_i_specified,第一種特定化学物質,Class I Specified Chemical,化学物質の審査及び製造等の規制に関する法律,Chemical Substances Control Law,NITE-CHRIP RJ_01_001,349CO0000000202
88243-10-1,class_i_specified,第一種特定化学物質,Class I Specified Chemical,化学物質の審査及び製造等の規制に関する法律,Chemical Substances Control Law,NITE-CHRIP RJ_01_001,349CO0000000202
88243-11-2,class_i_specified,第一種特定化学物質,Class I Specified Chemical,化学物質の審査及び製造等の規制に関する法律,Chemical Substances Control Law,NITE-CHRIP RJ_01_001,349CO0000000202
88243-12-3,class_i_specified,第一種特定化学物質,Class I Specified Chemical,化学物質の審査及び製造等の規制に関する法律,Chemical Substances Control Law,NITE-CHRIP RJ_01_001,349CO0000000202
88243-13-4,class_i_specified,第一種特定化学物質,Class I Specified Chemical,化学物質の審査及び製造等の規制に関する法律,Chemical Substances Control Law,NITE-CHRIP RJ_01_001,349CO0000000202
88243-14-5,class_i_specified,第一種特定化学物質,Class I Specified Chemical,化学物質の審査及び製造等の規制に関する法律,Chemical Substances Control Law,NITE-CHRIP RJ_01_001,349CO0000000202
88243-15-6,class_i_specified,第一種特定化学物質,Class I Specified Chemical,化学物質の審査及び製造等の規制に関する法律,Chemical Substances Control Law,NITE-CHRIP RJ_01_001,349CO0000000202
88243-16-7,class_i_specified,第一種特定化学物質,Class I Specified Chemical,化学物質の審査及び製造等の規制に関する法律,Chemical Substances Control Law,NITE-CHRIP RJ_01_001,349CO0000000202
88243-17-8,class_i_specified,第一種特定化学物質,Class I Specified Chemical,化学物質の審査及び製造等の規制に関する法律,Chemical Substances Control Law,NITE-CHRIP RJ_01_001,349CO0000000202
88247-39-6,class_i_specified,第一種特定化学物質,Class I Specified Chemical,化学物質の審査及び製造等の規制に関する法律,Chemical Substances Control Law,NITE-CHRIP RJ_01_001,349CO0000000202
88247-40-9,class_i_specified,第一種特定化学物質,Class I Specified Chemical,化学物質の審査及び製造等の規制に関する法律,Chemical Substances Control Law,NITE-CHRIP RJ_01_001,349CO0000000202
88271-22-1,class_i_specified,第一種特定化学物質,Class I Specified Chemical,化学物質の審査及び製造等の規制に関する法律,Chemical Substances Control Law,NITE-CHRIP RJ_01_001,349CO0000000202
89000-29-3,class_i_specified,第一種特定化学物質,Class I Specified Chemical,化学物質の審査及び製造等の規制に関する法律,Chemical Substances Control Law,NITE-CHRIP RJ_01_001,349CO0000000202
89685-61-0,class_i_specified,第一種特定化学物質,Class I Specified Chemical,化学物質の審査及び製造等の規制に関する法律,Chemical Substances Control Law,NITE-CHRIP RJ_01_001,349CO0000000202
89932-71-8,class_i_specified,第一種特定化学物質,Class I Specified Chemical,化学物質の審査及び製造等の規制に関する法律,Chemical Substances Control Law,NITE-CHRIP RJ_01_001,349CO0000000202
90179-39-8,class_i_specified,第一種特定化学物質,Class I Specified Chemical,化学物質の審査及び製造等の規制に関する法律,Chemical Substances Control Law,NITE-CHRIP RJ_01_001,349CO0000000202
90480-55-0,class_i_specified,第一種特定化学物質,Class I Specified Chemical,化学物質の審査及び製造等の規制に関する法律,Chemical Substances Control Law,NITE-CHRIP RJ_01_001,349CO0000000202
90480-56-1,class_i_specified,第一種特定化学物質,Class I Specified Chemical,化学物質の審査及び製造等の規制に関する法律,Chemical Substances Control Law,NITE-CHRIP RJ_01_001,349CO0000000202
90622-99-4,class_i_specified,第一種特定化学物質,Class I Specified Chemical,化学物質の審査及び製造等の規制に関する法律,Chemical Substances Control Law,NITE-CHRIP RJ_01_001,349CO0000000202
90640-52-1,class_i_specified,第一種特定化学物質,Class I Specified Chemical,化学物質の審査及び製造等の規制に関する法律,Chemical Substances Control Law,NITE-CHRIP RJ_01_001,349CO0000000202
909009-42-3,class_i_specified,第一種特定化学物質,Class I Specified Chemical,化学物質の審査及び製造等の規制に関する法律,Chemical Substances Control Law,NITE-CHRIP RJ_01_001,349CO0000000202
90948-28-0,class_i_specified,第一種特定化学物質,Class I Specified Chemical,化学物質の審査及び製造等の規制に関する法律,Chemical Substances Control Law,NITE-CHRIP RJ_01_001,349CO0000000202
91032-01-8,class_i_specified,第一種特定化学物質,Class I Specified Chemical,化学物質の審査及び製造等の規制に関する法律,Chemical Substances Control Law,NITE-CHRIP RJ_01_001,349CO0000000202
91036-71-4,class_i_specified,第一種特定化学物質,Class I Specified Chemical,化学物質の審査及び製造等の規制に関する法律,Chemical Substances Control Law,NITE-CHRIP RJ_01_001,349CO0000000202
910606-39-2,class_i_specified,第一種特定化学物質,Class I Specified Chemical,化学物質の審査及び製造等の規制に関する法律,Chemical Substances Control Law,NITE-CHRIP RJ_01_001,349CO0000000202
91080-93-2,class_i_specified,第一種特定化学物質,Class I Specified Chemical,化学物質の審査及び製造等の規制に関する法律,Chemical Substances Control Law,NITE-CHRIP RJ_01_001,349CO0000000202
91081-99-1,class_i_specified,第一種特定化学物質,Class I Specified Chemical,化学物質の審査及び製造等の規制に関する法律,Chemical Substances Control Law,NITE-CHRIP RJ_01_001,349CO0000000202
911027-68-4,class_i_specified,第一種特定化学物質,Class I Specified Chemical,化学物質の審査及び製造等の規制に関する法律,Chemical Substances Control Law,NITE-CHRIP RJ_01_001,349CO0000000202
911027-69-5,class_i_specified,第一種特定化学物質,Class I Specified Chemical,化学物質の審査及び製造等の規制に関する法律,Chemical Substances Control Law,NITE-CHRIP RJ_01_001,349CO0000000202
91707-61-8,class_i_specified,第一種特定化学物質,Class I Specified Chemical,化学物質の審査及び製造等の規制に関する法律,Chemical Substances Control Law,NITE-CHRIP RJ_01_001,349CO0000000202
92011-17-1,class_i_specified,第一種特定化学物質,Class I Specified Chemical,化学物質の審査及び製造等の規制に関する法律,Chemical Substances Control Law,NITE-CHRIP RJ_01_001,349CO0000000202
927835-01-6,class_i_specified,第一種特定化学物質,Class I Specified Chemical,化学物質の審査及び製造等の規制に関する法律,Chemical Substances Control Law,NITE-CHRIP RJ_01_001,349CO0000000202
928049-42-7,class_i_specified,第一種特定化学物質,Class I Specified Chemical,化学物質の審査及び製造等の規制に関する法律,Chemical Substances Control Law,NITE-CHRIP RJ_01_001,349CO0000000202
93062-53-4,class_i_specified,第一種特定化学物質,Class I Specified Chemical,化学物質の審査及び製造等の規制に関する法律,Chemical Substances Control Law,NITE-CHRIP RJ_01_001,349CO0000000202
93128-66-6,class_i_specified,第一種特定化学物質,Class I Specified Chemical,化学物質の審査及び製造等の規制に関する法律,Chemical Substances Control Law,NITE-CHRIP RJ_01_001,349CO0000000202
93261-83-7,class_i_specified,第一種特定化学物質,Class I Specified Chemical,化学物質の審査及び製造等の規制に関する法律,Chemical Substances Control Law,NITE-CHRIP RJ_01_001,349CO0000000202
93480-00-3,class_i_specified,第一種特定化学物質,Class I Specified Chemical,化学物質の審査及び製造等の規制に関する法律,Chemical Substances Control Law,NITE-CHRIP RJ_01_001,349CO0000000202
93572-72-6,class_i_specified,第一種特定化学物質,Class I Specified Chemical,化学物質の審査及び製造等の規制に関する法律,Chemical Substances Control Law,NITE-CHRIP RJ_01_001,349CO0000000202
93703-48-1,class_i_specified,第一種特定化学物質,Class I Specified Chemical,化学物質の審査及び製造等の規制に関する法律,Chemical Substances Control Law,NITE-CHRIP RJ_01_001,349CO0000000202
93705-98-7,class_i_specified,第一種特定化学物質,Class I Specified Chemical,化学物質の審査及び製造等の規制に関する法律,Chemical Substances Control Law,NITE-CHRIP RJ_01_001,349CO0000000202
93776-20-6,class_i_specified,第一種特定化学物質,Class I Specified Chemical,化学物質の審査及び製造等の規制に関する法律,Chemical Substances Control Law,NITE-CHRIP RJ_01_001,349CO0000000202
93857-44-4,class_i_specified,第一種特定化学物質,Class I Specified Chemical,化学物質の審査及び製造等の規制に関する法律,Chemical Substances Control Law,NITE-CHRIP RJ_01_001,349CO0000000202
944578-05-6,class_i_specified,第一種特定化学物質,Class I Specified Chemical,化学物質の審査及び製造等の規制に関する法律,Chemical Substances Control Law,NITE-CHRIP RJ_01_001,349CO0000000202
94487-00-0,class_i_specified,第一種特定化学物質,Class I Specified Chemical,化学物質の審査及び製造等の規制に関する法律,Chemical Substances Control Law,NITE-CHRIP RJ_01_001,349CO0000000202
95370-51-7,class_i_specified,第一種特定化学物質,Class I Specified Chemical,化学物質の審査及び製造等の規制に関する法律,Chemical Substances Control Law,NITE-CHRIP RJ_01_001,349CO0000000202
95658-47-2,class_i_specified,第一種特定化学物質,Class I Specified Chemical,化学物質の審査及び製造等の規制に関する法律,Chemical Substances Control Law,NITE-CHRIP RJ_01_001,349CO0000000202
959-98-8,class_i_specified,第一種特定化学物質,Class I Specified Chemical,化学物質の審査及び製造等の規制に関する法律,Chemical Substances Control Law,NITE-CHRIP RJ_01_001,349CO0000000202
97122-18-4,class_i_specified,第一種特定化学物質,Class I Specified Chemical,化学物質の審査及び製造等の規制に関する法律,Chemical Substances Control Law,NITE-CHRIP RJ_01_001,349CO0000000202
97122-20-8,class_i_specified,第一種特定化学物質,Class I Specified Chemical,化学物質の審査及び製造等の規制に関する法律,Chemical Substances Control Law,NITE-CHRIP RJ_01_001,349CO0000000202
97553-43-0,class_i_specified,第一種特定化学物質,Class I Specified Chemical,化学物質の審査及び製造等の規制に関する法律,Chemical Substances Control Law,NITE-CHRIP RJ_01_001,349CO0000000202
97659-46-6,class_i_specified,第一種特定化学物質,Class I Specified Chemical,化学物質の審査及び製造等の規制に関する法律,Chemical Substances Control Law,NITE-CHRIP RJ_01_001,349CO0000000202
98005-84-6,class_i_specified,第一種特定化学物質,Class I Specified Chemical,化学物質の審査及び製造等の規制に関する法律,Chemical Substances Control Law,NITE-CHRIP RJ_01_001,349CO0000000202
98005-85-7,class_i_specified,第一種特定化学物質,Class I Specified Chemical,化学物質の審査及び製造等の規制に関する法律,Chemical Substances Control Law,NITE-CHRIP RJ_01_001,349CO0000000202
98046-76-5,class_i_specified,第一種特定化学物質,Class I Specified Chemical,化学物質の審査及び製造等の規制に関する法律,Chemical Substances Control Law,NITE-CHRIP RJ_01_001,349CO0000000202
98065-31-7,class_i_specified,第一種特定化学物質,Class I Specified Chemical,化学物質の審査及び製造等の規制に関する法律,Chemical Substances Control Law,NITE-CHRIP RJ_01_001,349CO0000000202
98219-40-0,class_i_specified,第一種特定化学物質,Class I Specified Chemical,化学物質の審査及び製造等の規制に関する法律,Chemical Substances Control Law,NITE-CHRIP RJ_01_001,349CO0000000202
98219-41-1,class_i_specified,第一種特定化学物質,Class I Specified Chemical,化学物質の審査及び製造等の規制に関する法律,Chemical Substances Control Law,NITE-CHRIP RJ_01_001,349CO0000000202
98241-25-9,class_i_specified,第一種特定化学物質,Class I Specified Chemical,化学物質の審査及び製造等の規制に関する法律,Chemical Substances Control Law,NITE-CHRIP RJ_01_001,349CO0000000202
98900-53-9,class_i_specified,第一種特定化学物質,Class I Specified Chemical,化学物質の審査及び製造等の規制に関する法律,Chemical Substances Control Law,NITE-CHRIP RJ_01_001,349CO0000000202
98900-75-5,class_i_specified,第一種特定化学物質,Class I Specified Chemical,化学物質の審査及び製造等の規制に関する法律,Chemical Substances Control Law,NITE-CHRIP RJ_01_001,349CO0000000202
98900-76-6,class_i_specified,第一種特定化学物質,Class I Specified Chemical,化学物質の審査及び製造等の規制に関する法律,Chemical Substances Control Law,NITE-CHRIP RJ_01_001,349CO0000000202
99554-08-2,class_i_specified,第一種特定化学物質,Class I Specified Chemical,化学物質の審査及び製造等の規制に関する法律,Chemical Substances Control Law,NITE-CHRIP RJ_01_001,349CO0000000202
99554-09-3,class_i_specified,第一種特定化学物質,Class I Specified Chemical,化学物質の審査及び製造等の規制に関する法律,Chemical Substances Control Law,NITE-CHRIP RJ_01_001,349CO0000000202
99554-10-6,class_i_specified,第一種特定化学物質,Class I Specified Chemical,化学物質の審査及び製造等の規制に関する法律,Chemical Substances Control Law,NITE-CHRIP RJ_01_001,349CO0000000202
99554-11-7,class_i_specified,第一種特定化学物質,Class I Specified Chemical,化学物質の審査及び製造等の規制に関する法律,Chemical Substances Control Law,NITE-CHRIP RJ_01_001,349CO0000000202
99554-12-8,class_i_specified,第一種特定化学物質,Class I Specified Chemical,化学物質の審査及び製造等の規制に関する法律,Chemical Substances Control Law,NITE-CHRIP RJ_01_001,349CO0000000202
99554-13-9,class_i_specified,第一種特定化学物質,Class I Specified Chemical,化学物質の審査及び製造等の規制に関する法律,Chemical Substances Control Law,NITE-CHRIP RJ_01_001,349CO0000000202
99955-83-6,class_i_specified,第一種特定化学物質,Class I Specified Chemical,化学物質の審査及び製造等の規制に関する法律,Chemical Substances Control Law,NITE-CHRIP RJ_01_001,349CO0000000202
104-35-8,class_ii_specified,第二種特定化学物質,Class II Specified Chemical,化学物質の審査及び製造等の規制に関する法律,Chemical Substances Control Law,NITE-CHRIP RJ_01_002,349CO0000000202
1119449-37-4,class_ii_specified,第二種特定化学物質,Class II Specified Chemical,化学物質の審査及び製造等の規制に関する法律,Chemical Substances Control Law,NITE-CHRIP RJ_01_002,349CO0000000202
1119449-38-5,class_ii_specified,第二種特定化学物質,Class II Specified Chemical,化学物質の審査及び製造等の規制に関する法律,Chemical Substances Control Law,NITE-CHRIP RJ_01_002,349CO0000000202
127-18-4,class_ii_specified,第二種特定化学物質,Class II Specified Chemical,化学物質の審査及び製造等の規制に関する法律,Chemical Substances Control Law,NITE-CHRIP RJ_01_002 政令番号: 2,349CO0000000202
127-18-4,class_ii_specified,第二種特定化学物質,Class II Specified Chemical Substance,化学物質の審査及び製造等の規制に関する法律,Chemical Substances Control Law,化審法施行令 第二条,349CO0000000202
127087-87-0,class_ii_specified,第二種特定化学物質,Class II Specified Chemical,化学物質の審査及び製造等の規制に関する法律,Chemical Substances Control Law,NITE-CHRIP RJ_01_002,349CO0000000202
14275-57-1,class_ii_specified,第二種特定化学物質,Class II Specified Chemical,化学物質の審査及び製造等の規制に関する法律,Chemical Substances Control Law,NITE-CHRIP RJ_01_002 政令番号: 20,349CO0000000202
14275-57-1,class_ii_specified,第二種特定化学物質,Class II Specified Chemical Substance,化学物質の審査及び製造等の規制に関する法律,Chemical Substances Control Law,化審法施行令 第二条,349CO0000000202
14409-72-4,class_ii_specified,第二種特定化学物質,Class II Specified Chemical,化学物質の審査及び製造等の規制に関する法律,Chemical Substances Control Law,NITE-CHRIP RJ_01_002,349CO0000000202
1461-22-9,class_ii_specified,第二種特定化学物質,Class II Specified Chemical,化学物質の審査及び製造等の規制に関する法律,Chemical Substances Control Law,NITE-CHRIP RJ_01_002,349CO0000000202
155679-84-8,class_ii_specified,第二種特定化学物質,Class II Specified Chemical,化学物質の審査及び製造等の規制に関する法律,Chemical Substances Control Law,NITE-CHRIP RJ_01_002,349CO0000000202
156609-10-8,class_ii_specified,第二種特定化学物質,Class II Specified Chemical,化学物質の審査及び製造等の規制に関する法律,Chemical Substances Control Law,NITE-CHRIP RJ_01_002,349CO0000000202
156818-89-2,class_ii_specified,第二種特定化学物質,Class II Specified Chemical,化学物質の審査及び製造等の規制に関する法律,Chemical Substances Control Law,NITE-CHRIP RJ_01_002,349CO0000000202
156818-90-5,class_ii_specified,第二種特定化学物質,Class II Specified Chemical,化学物質の審査及び製造等の規制に関する法律,Chemical Substances Control Law,NITE-CHRIP RJ_01_002,349CO0000000202
158054-23-0,class_ii_specified,第二種特定化学物質,Class II Specified Chemical,化学物質の審査及び製造等の規制に関する法律,Chemical Substances Control Law,NITE-CHRIP RJ_01_002,349CO0000000202
1803-12-9,class_ii_specified,第二種特定化学物質,Class II Specified Chemical,化学物質の審査及び製造等の規制に関する法律,Chemical Substances Control Law,NITE-CHRIP RJ_01_002 政令番号: 4,349CO0000000202
18380-71-7,class_ii_specified,第二種特定化学物質,Class II Specified Chemical,化学物質の審査及び製造等の規制に関する法律,Chemical Substances Control Law,NITE-CHRIP RJ_01_002,349CO0000000202
18380-72-8,class_ii_specified,第二種特定化学物質,Class II Specified Chemical,化学物質の審査及び製造等の規制に関する法律,Chemical Substances Control Law,NITE-CHRIP RJ_01_002,349CO0000000202
1983-10-4,class_ii_specified,第二種特定化学物質,Class II Specified Chemical,化学物質の審査及び製造等の規制に関する法律,Chemical Substances Control Law,NITE-CHRIP RJ_01_002,349CO0000000202
20427-84-3,class_ii_specified,第二種特定化学物質,Class II Specified Chemical,化学物質の審査及び製造等の規制に関する法律,Chemical Substances Control Law,NITE-CHRIP RJ_01_002,349CO0000000202
20636-48-0,class_ii_specified,第二種特定化学物質,Class II Specified Chemical,化学物質の審査及び製造等の規制に関する法律,Chemical Substances Control Law,NITE-CHRIP RJ_01_002,349CO0000000202
2155-70-6,class_ii_specified,第二種特定化学物質,Class II Specified Chemical,化学物質の審査及び製造等の規制に関する法律,Chemical Substances Control Law,NITE-CHRIP RJ_01_002 政令番号: 11,349CO0000000202
2155-70-6,class_ii_specified,第二種特定化学物質,Class II Specified Chemical Substance,化学物質の審査及び製造等の規制に関する法律,Chemical Substances Control Law,化審法施行令 第二条,349CO0000000202
24291-45-0,class_ii_specified,第二種特定化学物質,Class II Specified Chemical,化学物質の審査及び製造等の規制に関する法律,Chemical Substances Control Law,NITE-CHRIP RJ_01_002,349CO0000000202
244149-17-5,class_ii_specified,第二種特定化学物質,Class II Specified Chemical,化学物質の審査及び製造等の規制に関する法律,Chemical Substances Control Law,NITE-CHRIP RJ_01_002,349CO0000000202
26027-38-3,class_ii_specified,第二種特定化学物質,Class II Specified Chemical,化学物質の審査及び製造等の規制に関する法律,Chemical Substances Control Law,NITE-CHRIP RJ_01_002,349CO0000000202
26239-64-5,class_ii_specified,第二種特定化学物質,Class II Specified Chemical,化学物質の審査及び製造等の規制に関する法律,Chemical Substances Control Law,NITE-CHRIP RJ_01_002,349CO0000000202
26264-02-8,class_ii_specified,第二種特定化学物質,Class II Specified Chemical,化学物質の審査及び製造等の規制に関する法律,Chemical Substances Control Law,NITE-CHRIP RJ_01_002,349CO0000000202
26571-11-9,class_ii_specified,第二種特定化学物質,Class II Specified Chemical,化学物質の審査及び製造等の規制に関する法律,Chemical Substances Control Law,NITE-CHRIP RJ_01_002,349CO0000000202
27176-93-8,class_ii_specified,第二種特定化学物質,Class II Specified Chemical,化学物質の審査及び製造等の規制に関する法律,Chemical Substances Control Law,NITE-CHRIP RJ_01_002,349CO0000000202
27176-97-2,class_ii_specified,第二種特定化学物質,Class II Specified Chemical,化学物質の審査及び製造等の規制に関する法律,Chemical Substances Control Law,NITE-CHRIP RJ_01_002,349CO0000000202
27177-01-1,class_ii_specified,第二種特定化学物質,Class II Specified Chemical,化学物質の審査及び製造等の規制に関する法律,Chemical Substances Control Law,NITE-CHRIP RJ_01_002,349CO0000000202
27177-03-3,class_ii_specified,第二種特定化学物質,Class II Specified Chemical,化学物質の審査及び製造等の規制に関する法律,Chemical Substances Control Law,NITE-CHRIP RJ_01_002,349CO0000000202
27177-05-5,class_ii_specified,第二種特定化学物質,Class II Specified Chemical,化学物質の審査及び製造等の規制に関する法律,Chemical Substances Control Law,NITE-CHRIP RJ_01_002,349CO0000000202
27177-08-8,class_ii_specified,第二種特定化学物質,Class II Specified Chemical,化学物質の審査及び製造等の規制に関する法律,Chemical Substances Control Law,NITE-CHRIP RJ_01_002,349CO0000000202
27942-26-3,class_ii_specified,第二種特定化学物質,Class II Specified Chemical,化学物質の審査及び製造等の規制に関する法律,Chemical Substances Control Law,NITE-CHRIP RJ_01_002,349CO0000000202
27942-27-4,class_ii_specified,第二種特定化学物質,Class II Specified Chemical,化学物質の審査及び製造等の規制に関する法律,Chemical Substances Control Law,NITE-CHRIP RJ_01_002,349CO0000000202
27986-36-3,class_ii_specified,第二種特定化学物質,Class II Specified Chemical,化学物質の審査及び製造等の規制に関する法律,Chemical Substances Control Law,NITE-CHRIP RJ_01_002,349CO0000000202
3090-36-6,class_ii_specified,第二種特定化学物質,Class II Specified Chemical,化学物質の審査及び製造等の規制に関する法律,Chemical Substances Control Law,NITE-CHRIP RJ_01_002 政令番号: 16,349CO0000000202
3090-36-6,class_ii_specified,第二種特定化学物質,Class II Specified Chemical Substance,化学物質の審査及び製造等の規制に関する法律,Chemical Substances Control Law,化審法施行令 第二条,349CO0000000202
31732-71-5,class_ii_specified,第二種特定化学物質,Class II Specified Chemical,化学物質の審査及び製造等の規制に関する法律,Chemical Substances Control Law,NITE-CHRIP RJ_01_002 政令番号: 14,349CO0000000202
31732-71-5,class_ii_specified,第二種特定化学物質,Class II Specified Chemical Substance,化学物質の審査及び製造等の規制に関する法律,Chemical Substances Control Law,化審法施行令 第二条,349CO0000000202
34166-38-6,class_ii_specified,第二種特定化学物質,Class II Specified Chemical,化学物質の審査及び製造等の規制に関する法律,Chemical Substances Control Law,NITE-CHRIP RJ_01_002,349CO0000000202
37205-87-1,class_ii_specified,第二種特定化学物質,Class II Specified Chemical,化学物質の審査及び製造等の規制に関する法律,Chemical Substances Control Law,NITE-CHRIP RJ_01_002,349CO0000000202
379-52-2,class_ii_specified,第二種特定化学物質,Class II Specified Chemical,化学物質の審査及び製造等の規制に関する法律,Chemical Substances Control Law,NITE-CHRIP RJ_01_002,349CO0000000202
41506-14-3,class_ii_specified,第二種特定化学物質,Class II Specified Chemical,化学物質の審査及び製造等の規制に関する法律,Chemical Substances Control Law,NITE-CHRIP RJ_01_002,349CO0000000202
47672-31-1,class_ii_specified,第二種特定化学物質,Class II Specified Chemical,化学物質の審査及び製造等の規制に関する法律,Chemical Substances Control Law,NITE-CHRIP RJ_01_002,349CO0000000202
4782-29-0,class_ii_specified,第二種特定化学物質,Class II Specified Chemical,化学物質の審査及び製造等の規制に関する法律,Chemical Substances Control Law,NITE-CHRIP RJ_01_002 政令番号: 17,349CO0000000202
4782-29-0,class_ii_specified,第二種特定化学物質,Class II Specified Chemical Substance,化学物質の審査及び製造等の規制に関する法律,Chemical Substances Control Law,化審法施行令 第二条,349CO0000000202
51437-95-7,class_ii_specified,第二種特定化学物質,Class II Specified Chemical,化学物質の審査及び製造等の規制に関する法律,Chemical Substances Control Law,NITE-CHRIP RJ_01_002,349CO0000000202
51938-25-1,class_ii_specified,第二種特定化学物質,Class II Specified Chemical,化学物質の審査及び製造等の規制に関する法律,Chemical Substances Control Law,NITE-CHRIP RJ_01_002,349CO0000000202
56-23-5,class_ii_specified,第二種特定化学物質,Class II Specified Chemical,化学物質の審査及び製造等の規制に関する法律,Chemical Substances Control Law,NITE-CHRIP RJ_01_002 政令番号: 3,349CO0000000202
56-23-5,class_ii_specified,第二種特定化学物質,Class II Specified Chemical Substance,化学物質の審査及び製造等の規制に関する法律,Chemical Substances Control Law,化審法施行令 第二条,349CO0000000202
56-36-0,class_ii_specified,第二種特定化学物質,Class II Specified Chemical,化学物質の審査及び製造等の規制に関する法律,Chemical Substances Control Law,NITE-CHRIP RJ_01_002,349CO0000000202
56323-17-2,class_ii_specified,第二種特定化学物質,Class II Specified Chemical,化学物質の審査及び製造等の規制に関する法律,Chemical Substances Control Law,NITE-CHRIP RJ_01_002,349CO0000000202
57321-10-5,class_ii_specified,第二種特定化学物質,Class II Specified Chemical,化学物質の審査及び製造等の規制に関する法律,Chemical Substances Control Law,NITE-CHRIP RJ_01_002,349CO0000000202
639-58-7,class_ii_specified,第二種特定化学物質,Class II Specified Chemical,化学物質の審査及び製造等の規制に関する法律,Chemical Substances Control Law,NITE-CHRIP RJ_01_002,349CO0000000202
6454-35-9,class_ii_specified,第二種特定化学物質,Class II Specified Chemical,化学物質の審査及び製造等の規制に関する法律,Chemical Substances Control Law,NITE-CHRIP RJ_01_002 政令番号: 12,349CO0000000202
6454-35-9,class_ii_specified,第二種特定化学物質,Class II Specified Chemical Substance,化学物質の審査及び製造等の規制に関する法律,Chemical Substances Control Law,化審法施行令 第二条,349CO0000000202
6517-25-5,class_ii_specified,第二種特定化学物質,Class II Specified Chemical,化学物質の審査及び製造等の規制に関する法律,Chemical Substances Control Law,NITE-CHRIP RJ_01_002 政令番号: 19,349CO0000000202
6517-25-5,class_ii_specified,第二種特定化学物質,Class II Specified Chemical Substance,化学物質の審査及び製造等の規制に関する法律,Chemical Substances Control Law,化審法施行令 第二条,349CO0000000202
65455-66-5,class_ii_specified,第二種特定化学物質,Class II Specified Chemical,化学物質の審査及び製造等の規制に関する法律,Chemical Substances Control Law,NITE-CHRIP RJ_01_002,349CO0000000202
65455-69-8,class_ii_specified,第二種特定化学物質,Class II Specified Chemical,化学物質の審査及び製造等の規制に関する法律,Chemical Substances Control Law,NITE-CHRIP RJ_01_002,349CO0000000202
65455-72-3,class_ii_specified,第二種特定化学物質,Class II Specified Chemical,化学物質の審査及び製造等の規制に関する法律,Chemical Substances Control Law,NITE-CHRIP RJ_01_002,349CO0000000202
67772-01-4,class_ii_specified,第二種特定化学物質,Class II Specified Chemical,化学物質の審査及び製造等の規制に関する法律,Chemical Substances Control Law,NITE-CHRIP RJ_01_002 政令番号: 18,349CO0000000202
68412-54-4,class_ii_specified,第二種特定化学物質,Class II Specified Chemical,化学物質の審査及び製造等の規制に関する法律,Chemical Substances Control Law,NITE-CHRIP RJ_01_002,349CO0000000202
7094-94-2,class_ii_specified,第二種特定化学物質,Class II Specified Chemical,化学物質の審査及び製造等の規制に関する法律,Chemical Substances Control Law,NITE-CHRIP RJ_01_002 政令番号: 10,349CO0000000202
7094-94-2,class_ii_specified,第二種特定化学物質,Class II Specified Chemical Substance,化学物質の審査及び製造等の規制に関する法律,Chemical Substances Control Law,化審法施行令 第二条,349CO0000000202
7311-27-5,class_ii_specified,第二種特定化学物質,Class II Specified Chemical,化学物質の審査及び製造等の規制に関する法律,Chemical Substances Control Law,NITE-CHRIP RJ_01_002,349CO0000000202
74342-10-2,class_ii_specified,第二種特定化学物質,Class II Specified Chemical,化学物質の審査及び製造等の規制に関する法律,Chemical Substances Control Law,NITE-CHRIP RJ_01_002,349CO0000000202
76-87-9,class_ii_specified,第二種特定化学物質,Class II Specified Chemical,化学物質の審査及び製造等の規制に関する法律,Chemical Substances Control Law,NITE-CHRIP RJ_01_002,349CO0000000202
79-01-6,class_ii_specified,第二種特定化学物質,Class II Specified Chemical,化学物質の審査及び製造等の規制に関する法律,Chemical Substances Control Law,NITE-CHRIP RJ_01_002 政令番号: 1,349CO0000000202
79-01-6,class_ii_specified,第二種特定化学物質,Class II Specified Chemical Substance,化学物質の審査及び製造等の規制に関する法律,Chemical Substances Control Law,化審法施行令 第二条,349CO0000000202
84562-92-5,class_ii_specified,第二種特定化学物質,Class II Specified Chemical,化学物質の審査及び製造等の規制に関する法律,Chemical Substances Control Law,NITE-CHRIP RJ_01_002,349CO0000000202
85005-55-6,class_ii_specified,第二種特定化学物質,Class II Specified Chemical,化学物質の審査及び製造等の規制に関する法律,Chemical Substances Control Law,NITE-CHRIP RJ_01_002,349CO0000000202
85409-17-2,class_ii_specified,第二種特定化学物質,Class II Specified Chemical,化学物質の審査及び製造等の規制に関する法律,Chemical Substances Control Law,NITE-CHRIP RJ_01_002,349CO0000000202
900-95-8,class_ii_specified,第二種特定化学物質,Class II Specified Chemical,化学物質の審査及び製造等の規制に関する法律,Chemical Substances Control Law,NITE-CHRIP RJ_01_002,349CO0000000202
9016-45-9,class_ii_specified,第二種特定化学物質,Class II Specified Chemical,化学物質の審査及び製造等の規制に関する法律,Chemical Substances Control Law,NITE-CHRIP RJ_01_002,349CO0000000202
9021-03-8,class_ii_specified,第二種特定化学物質,Class II Specified Chemical,化学物質の審査及び製造等の規制に関する法律,Chemical Substances Control Law,NITE-CHRIP RJ_01_002,349CO0000000202
91648-64-5,class_ii_specified,第二種特定化学物質,Class II Specified Chemical,化学物質の審査及び製造等の規制に関する法律,Chemical Substances Control Law,NITE-CHRIP RJ_01_002,349CO0000000202
91673-24-4,class_ii_specified,第二種特定化学物質,Class II Specified Chemical,化学物質の審査及び製造等の規制に関する法律,Chemical Substances Control Law,NITE-CHRIP RJ_01_002,349CO0000000202
93-32-3,class_ii_specified,第二種特定化学物質,Class II Specified Chemical,化学物質の審査及び製造等の規制に関する法律,Chemical Substances Control Law,NITE-CHRIP RJ_01_002,349CO0000000202
94850-90-5,class_ii_specified,第二種特定化学物質,Class II Specified Chemical,化学物質の審査及び製造等の規制に関する法律,Chemical Substances Control Law,NITE-CHRIP RJ_01_002,349CO0000000202
1010-74-8,monitoring,監視化学物質,Monitoring Chemical,化学物質の審査及び製造等の規制に関する法律,Chemical Substances Control Law,NITE-CHRIP RJ_01_010,349CO0000000202
10470-01-6,monitoring,監視化学物質,Monitoring Chemical,化学物質の審査及び製造等の規制に関する法律,Chemical Substances Control Law,NITE-CHRIP RJ_01_010,349CO0000000202
1087-02-1,monitoring,監視化学物質,Monitoring Chemical,化学物質の審査及び製造等の規制に関する法律,Chemical Substances Control Law,NITE-CHRIP RJ_01_010 通し番号: 21,349CO0000000202
115245-06-2,monitoring,監視化学物質,Monitoring Chemical,化学物質の審査及び製造等の規制に関する法律,Chemical Substances Control Law,NITE-CHRIP RJ_01_010,349CO0000000202
115245-07-3,monitoring,監視化学物質,Monitoring Chemical,化学物質の審査及び製造等の規制に関する法律,Chemical Substances Control Law,NITE-CHRIP RJ_01_010,349CO0000000202
115245-08-4,monitoring,監視化学物質,Monitoring Chemical,化学物質の審査及び製造等の規制に関する法律,Chemical Substances Control Law,NITE-CHRIP RJ_01_010,349CO0000000202
115245-09-5,monitoring,監視化学物質,Monitoring Chemical,化学物質の審査及び製造等の規制に関する法律,Chemical Substances Control Law,NITE-CHRIP RJ_01_010,349CO0000000202
115245-10-8,monitoring,監視化学物質,Monitoring Chemical,化学物質の審査及び製造等の規制に関する法律,Chemical Substances Control Law,NITE-CHRIP RJ_01_010,349CO0000000202
118-82-1,monitoring,監視化学物質,Monitoring Chemical,化学物質の審査及び製造等の規制に関する法律,Chemical Substances Control Law,NITE-CHRIP RJ_01_010 通し番号: 28,349CO0000000202
13029-09-9,monitoring,監視化学物質,Monitoring Chemical,化学物質の審査及び製造等の規制に関する法律,Chemical Substances Control Law,NITE-CHRIP RJ_01_010,349CO0000000202
13049-35-9,monitoring,監視化学物質,Monitoring Chemical,化学物質の審査及び製造等の規制に関する法律,Chemical Substances Control Law,NITE-CHRIP RJ_01_010,349CO0000000202
13049-36-0,monitoring,監視化学物質,Monitoring Chemical,化学物質の審査及び製造等の規制に関する法律,Chemical Substances Control Law,NITE-CHRIP RJ_01_010,349CO0000000202
13049-37-1,monitoring,監視化学物質,Monitoring Chemical,化学物質の審査及び製造等の規制に関する法律,Chemical Substances Control Law,NITE-CHRIP RJ_01_010,349CO0000000202
13049-38-2,monitoring,監視化学物質,Monitoring Chemical,化学物質の審査及び製造等の規制に関する法律,Chemical Substances Control Law,NITE-CHRIP RJ_01_010,349CO0000000202
13049-39-3,monitoring,監視化学物質,Monitoring Chemical,化学物質の審査及び製造等の規制に関する法律,Chemical Substances Control Law,NITE-CHRIP RJ_01_010,349CO0000000202
13049-40-6,monitoring,監視化学物質,Monitoring Chemical,化学物質の審査及び製造等の規制に関する法律,Chemical Substances Control Law,NITE-CHRIP RJ_01_010,349CO0000000202
141074-63-7,monitoring,監視化学物質,Monitoring Chemical,化学物質の審査及び製造等の規制に関する法律,Chemical Substances Control Law,NITE-CHRIP RJ_01_010 通し番号: 32,349CO0000000202
14233-37-5,monitoring,監視化学物質,Monitoring Chemical,化学物質の審査及び製造等の規制に関する法律,Chemical Substances Control Law,NITE-CHRIP RJ_01_010 通し番号: 38,349CO0000000202
144978-86-9,monitoring,監視化学物質,Monitoring Chemical,化学物質の審査及び製造等の規制に関する法律,Chemical Substances Control Law,NITE-CHRIP RJ_01_010,349CO0000000202
144978-89-2,monitoring,監視化学物質,Monitoring Chemical,化学物質の審査及び製造等の規制に関する法律,Chemical Substances Control Law,NITE-CHRIP RJ_01_010,349CO0000000202
144978-90-5,monitoring,監視化学物質,Monitoring Chemical,化学物質の審査及び製造等の規制に関する法律,Chemical Substances Control Law,NITE-CHRIP RJ_01_010,349CO0000000202
1460-02-2,monitoring,監視化学物質,Monitoring Chemical,化学物質の審査及び製造等の規制に関する法律,Chemical Substances Control Law,NITE-CHRIP RJ_01_010 通し番号: 10,349CO0000000202
152463-74-6,monitoring,監視化学物質,Monitoring Chemical,化学物質の審査及び製造等の規制に関する法律,Chemical Substances Control Law,NITE-CHRIP RJ_01_010,349CO0000000202
16372-96-6,monitoring,監視化学物質,Monitoring Chemical,化学物質の審査及び製造等の規制に関する法律,Chemical Substances Control Law,NITE-CHRIP RJ_01_010,349CO0000000202
16400-50-3,monitoring,監視化学物質,Monitoring Chemical,化学物質の審査及び製造等の規制に関する法律,Chemical Substances Control Law,NITE-CHRIP RJ_01_010,349CO0000000202
16400-51-4,monitoring,監視化学物質,Monitoring Chemical,化学物質の審査及び製造等の規制に関する法律,Chemical Substances Control Law,NITE-CHRIP RJ_01_010,349CO0000000202
17540-75-9,monitoring,監視化学物質,Monitoring Chemical,化学物質の審査及び製造等の規制に関する法律,Chemical Substances Control Law,NITE-CHRIP RJ_01_010 通し番号: 37,349CO0000000202
1973-15-5,monitoring,監視化学物質,Monitoring Chemical,化学物質の審査及び製造等の規制に関する法律,Chemical Substances Control Law,NITE-CHRIP RJ_01_010,349CO0000000202
20273-27-2,monitoring,監視化学物質,Monitoring Chemical,化学物質の審査及び製造等の規制に関する法律,Chemical Substances Control Law,NITE-CHRIP RJ_01_010 通し番号: 21,349CO0000000202
21908-53-2,monitoring,監視化学物質,Monitoring Chemical,化学物質の審査及び製造等の規制に関する法律,Chemical Substances Control Law,NITE-CHRIP RJ_01_010 通し番号: 1,349CO0000000202
24157-79-7,monitoring,監視化学物質,Monitoring Chemical,化学物質の審査及び製造等の規制に関する法律,Chemical Substances Control Law,NITE-CHRIP RJ_01_010 通し番号: 15,349CO0000000202
24157-81-1,monitoring,監視化学物質,Monitoring Chemical,化学物質の審査及び製造等の規制に関する法律,Chemical Substances Control Law,NITE-CHRIP RJ_01_010 通し番号: 15,349CO0000000202
24192-58-3,monitoring,監視化学物質,Monitoring Chemical,化学物質の審査及び製造等の規制に関する法律,Chemical Substances Control Law,NITE-CHRIP RJ_01_010 通し番号: 15,349CO0000000202
2668-47-5,monitoring,監視化学物質,Monitoring Chemical,化学物質の審査及び製造等の規制に関する法律,Chemical Substances Control Law,NITE-CHRIP RJ_01_010 通し番号: 14,349CO0000000202
26898-17-9,monitoring,監視化学物質,Monitoring Chemical,化学物質の審査及び製造等の規制に関する法律,Chemical Substances Control Law,NITE-CHRIP RJ_01_010 通し番号: 22,349CO0000000202
27351-96-8,monitoring,監視化学物質,Monitoring Chemical,化学物質の審査及び製造等の規制に関する法律,Chemical Substances Control Law,NITE-CHRIP RJ_01_010 通し番号: 15,349CO0000000202
27479-65-8,monitoring,監視化学物質,Monitoring Chemical,化学物質の審査及び製造等の規制に関する法律,Chemical Substances Control Law,NITE-CHRIP RJ_01_010,349CO0000000202
2765-29-9,monitoring,監視化学物質,Monitoring Chemical,化学物質の審査及び製造等の規制に関する法律,Chemical Substances Control Law,NITE-CHRIP RJ_01_010 通し番号: 3,349CO0000000202
27985-87-1,monitoring,監視化学物質,Monitoring Chemical,化学物質の審査及び製造等の規制に関する法律,Chemical Substances Control Law,NITE-CHRIP RJ_01_010 通し番号: 21,349CO0000000202
28575-17-9,monitoring,監視化学物質,Monitoring Chemical,化学物質の審査及び製造等の規制に関する法律,Chemical Substances Control Law,NITE-CHRIP RJ_01_010 通し番号: 20,349CO0000000202
294-62-2,monitoring,監視化学物質,Monitoring Chemical,化学物質の審査及び製造等の規制に関する法律,Chemical Substances Control Law,NITE-CHRIP RJ_01_010 通し番号: 4,349CO0000000202
29589-57-9,monitoring,監視化学物質,Monitoring Chemical,化学物質の審査及び製造等の規制に関する法律,Chemical Substances Control Law,NITE-CHRIP RJ_01_010 通し番号: 22,349CO0000000202
306-98-9,monitoring,監視化学物質,Monitoring Chemical,化学物質の審査及び製造等の規制に関する法律,Chemical Substances Control Law,NITE-CHRIP RJ_01_010 通し番号: 27,349CO0000000202
307-34-6,monitoring,監視化学物質,Monitoring Chemical,化学物質の審査及び製造等の規制に関する法律,Chemical Substances Control Law,NITE-CHRIP RJ_01_010 通し番号: 35,349CO0000000202
307-55-1,monitoring,監視化学物質,Monitoring Chemical,化学物質の審査及び製造等の規制に関する法律,Chemical Substances Control Law,NITE-CHRIP RJ_01_010 通し番号: 29,349CO0000000202
335-36-4,monitoring,監視化学物質,Monitoring Chemical,化学物質の審査及び製造等の規制に関する法律,Chemical Substances Control Law,NITE-CHRIP RJ_01_010,349CO0000000202
335-57-9,monitoring,監視化学物質,Monitoring Chemical,化学物質の審査及び製造等の規制に関する法律,Chemical Substances Control Law,NITE-CHRIP RJ_01_010 通し番号: 34,349CO0000000202
35860-22-1,monitoring,監視化学物質,Monitoring Chemical,化学物質の審査及び製造等の規制に関する法律,Chemical Substances Control Law,NITE-CHRIP RJ_01_010 通し番号: 21,349CO0000000202
35860-37-8,monitoring,監視化学物質,Monitoring Chemical,化学物質の審査及び製造等の規制に関する法律,Chemical Substances Control Law,NITE-CHRIP RJ_01_010 通し番号: 16,349CO0000000202
36065-30-2,monitoring,監視化学物質,Monitoring Chemical,化学物質の審査及び製造等の規制に関する法律,Chemical Substances Control Law,NITE-CHRIP RJ_01_010,349CO0000000202
36437-37-3,monitoring,監視化学物質,Monitoring Chemical,化学物質の審査及び製造等の規制に関する法律,Chemical Substances Control Law,NITE-CHRIP RJ_01_010,349CO0000000202
376-06-7,monitoring,監視化学物質,Monitoring Chemical,化学物質の審査及び製造等の規制に関する法律,Chemical Substances Control Law,NITE-CHRIP RJ_01_010 通し番号: 31,349CO0000000202
3792-59-4,monitoring,監視化学物質,Monitoring Chemical,化学物質の審査及び製造等の規制に関する法律,Chemical Substances Control Law,NITE-CHRIP RJ_01_010,349CO0000000202
3842-58-8,monitoring,監視化学物質,Monitoring Chemical,化学物質の審査及び製造等の規制に関する法律,Chemical Substances Control Law,NITE-CHRIP RJ_01_010,349CO0000000202
38421-62-4,monitoring,監視化学物質,Monitoring Chemical,化学物質の審査及び製造等の規制に関する法律,Chemical Substances Control Law,NITE-CHRIP RJ_01_010,349CO0000000202
3864-99-1,monitoring,監視化学物質,Monitoring Chemical,化学物質の審査及び製造等の規制に関する法律,Chemical Substances Control Law,NITE-CHRIP RJ_01_010,349CO0000000202
38640-62-9,monitoring,監視化学物質,Monitoring Chemical,化学物質の審査及び製造等の規制に関する法律,Chemical Substances Control Law,NITE-CHRIP RJ_01_010 通し番号: 15,349CO0000000202
40088-45-7,monitoring,監視化学物質,Monitoring Chemical,化学物質の審査及び製造等の規制に関する法律,Chemical Substances Control Law,NITE-CHRIP RJ_01_010,349CO0000000202
40458-98-8,monitoring,監視化学物質,Monitoring Chemical,化学物質の審査及び製造等の規制に関する法律,Chemical Substances Control Law,NITE-CHRIP RJ_01_010 通し番号: 15,349CO0000000202
40464-54-8,monitoring,監視化学物質,Monitoring Chemical,化学物質の審査及び製造等の規制に関する法律,Chemical Substances Control Law,NITE-CHRIP RJ_01_010,349CO0000000202
42343-17-9,monitoring,監視化学物質,Monitoring Chemical,化学物質の審査及び製造等の規制に関する法律,Chemical Substances Control Law,NITE-CHRIP RJ_01_010 通し番号: 23,349CO0000000202
4736-48-5,monitoring,監視化学物質,Monitoring Chemical,化学物質の審査及び製造等の規制に関する法律,Chemical Substances Control Law,NITE-CHRIP RJ_01_010 通し番号: 3,349CO0000000202
4904-61-4,monitoring,監視化学物質,Monitoring Chemical,化学物質の審査及び製造等の規制に関する法律,Chemical Substances Control Law,NITE-CHRIP RJ_01_010,349CO0000000202
49602-90-6,monitoring,監視化学物質,Monitoring Chemical,化学物質の審査及び製造等の規制に関する法律,Chemical Substances Control Law,NITE-CHRIP RJ_01_010,349CO0000000202
49602-91-7,monitoring,監視化学物質,Monitoring Chemical,化学物質の審査及び製造等の規制に関する法律,Chemical Substances Control Law,NITE-CHRIP RJ_01_010,349CO0000000202
4979-32-2,monitoring,監視化学物質,Monitoring Chemical,化学物質の審査及び製造等の規制に関する法律,Chemical Substances Control Law,NITE-CHRIP RJ_01_010,349CO0000000202
507241-82-9,monitoring,監視化学物質,Monitoring Chemical,化学物質の審査及び製造等の規制に関する法律,Chemical Substances Control Law,NITE-CHRIP RJ_01_010,349CO0000000202
51113-41-8,monitoring,監視化学物質,Monitoring Chemical,化学物質の審査及び製造等の規制に関する法律,Chemical Substances Control Law,NITE-CHRIP RJ_01_010 通し番号: 15,349CO0000000202
51202-79-0,monitoring,監視化学物質,Monitoring Chemical,化学物質の審査及び製造等の規制に関する法律,Chemical Substances Control Law,NITE-CHRIP RJ_01_010,349CO0000000202
52184-14-2,monitoring,監視化学物質,Monitoring Chemical,化学物質の審査及び製造等の規制に関する法律,Chemical Substances Control Law,NITE-CHRIP RJ_01_010 通し番号: 26,349CO0000000202
53585-53-8,monitoring,監視化学物質,Monitoring Chemical,化学物質の審査及び製造等の規制に関する法律,Chemical Substances Control Law,NITE-CHRIP RJ_01_010 通し番号: 22,349CO0000000202
53592-10-2,monitoring,監視化学物質,Monitoring Chemical,化学物質の審査及び製造等の規制に関する法律,Chemical Substances Control Law,NITE-CHRIP RJ_01_010,349CO0000000202
540-97-6,monitoring,監視化学物質,Monitoring Chemical,化学物質の審査及び製造等の規制に関する法律,Chemical Substances Control Law,NITE-CHRIP RJ_01_010,349CO0000000202
556-67-2,monitoring,監視化学物質,Monitoring Chemical,化学物質の審査及び製造等の規制に関する法律,Chemical Substances Control Law,NITE-CHRIP RJ_01_010 通し番号: 40,349CO0000000202
56307-79-0,monitoring,監視化学物質,Monitoring Chemical,化学物質の審査及び製造等の規制に関する法律,Chemical Substances Control Law,NITE-CHRIP RJ_01_010,349CO0000000202
57122-16-4,monitoring,監視化学物質,Monitoring Chemical,化学物質の審査及び製造等の規制に関する法律,Chemical Substances Control Law,NITE-CHRIP RJ_01_010 通し番号: 15,349CO0000000202
57186-90-0,monitoring,監視化学物質,Monitoring Chemical,化学物質の審査及び製造等の規制に関する法律,Chemical Substances Control Law,NITE-CHRIP RJ_01_010,349CO0000000202
57422-77-2,monitoring,監視化学物質,Monitoring Chemical,化学物質の審査及び製造等の規制に関する法律,Chemical Substances Control Law,NITE-CHRIP RJ_01_010,349CO0000000202
57912-86-4,monitoring,監視化学物質,Monitoring Chemical,化学物質の審査及び製造等の規制に関する法律,Chemical Substances Control Law,NITE-CHRIP RJ_01_010,349CO0000000202
59080-32-9,monitoring,監視化学物質,Monitoring Chemical,化学物質の審査及び製造等の規制に関する法律,Chemical Substances Control Law,NITE-CHRIP RJ_01_010,349CO0000000202
59080-33-0,monitoring,監視化学物質,Monitoring Chemical,化学物質の審査及び製造等の規制に関する法律,Chemical Substances Control Law,NITE-CHRIP RJ_01_010,349CO0000000202
59080-34-1,monitoring,監視化学物質,Monitoring Chemical,化学物質の審査及び製造等の規制に関する法律,Chemical Substances Control Law,NITE-CHRIP RJ_01_010,349CO0000000202
59080-35-2,monitoring,監視化学物質,Monitoring Chemical,化学物質の審査及び製造等の規制に関する法律,Chemical Substances Control Law,NITE-CHRIP RJ_01_010,349CO0000000202
59080-36-3,monitoring,監視化学物質,Monitoring Chemical,化学物質の審査及び製造等の規制に関する法律,Chemical Substances Control Law,NITE-CHRIP RJ_01_010,349CO0000000202
59080-37-4,monitoring,監視化学物質,Monitoring Chemical,化学物質の審査及び製造等の規制に関する法律,Chemical Substances Control Law,NITE-CHRIP RJ_01_010,349CO0000000202
59080-38-5,monitoring,監視化学物質,Monitoring Chemical,化学物質の審査及び製造等の規制に関する法律,Chemical Substances Control Law,NITE-CHRIP RJ_01_010,349CO0000000202
59080-39-6,monitoring,監視化学物質,Monitoring Chemical,化学物質の審査及び製造等の規制に関する法律,Chemical Substances Control Law,NITE-CHRIP RJ_01_010,349CO0000000202
595-90-4,monitoring,監視化学物質,Monitoring Chemical,化学物質の審査及び製造等の規制に関する法律,Chemical Substances Control Law,NITE-CHRIP RJ_01_010 通し番号: 7,349CO0000000202
59589-92-3,monitoring,監視化学物質,Monitoring Chemical,化学物質の審査及び製造等の規制に関する法律,Chemical Substances Control Law,NITE-CHRIP RJ_01_010,349CO0000000202
60044-24-8,monitoring,監視化学物質,Monitoring Chemical,化学物質の審査及び製造等の規制に関する法律,Chemical Substances Control Law,NITE-CHRIP RJ_01_010,349CO0000000202
60044-25-9,monitoring,監視化学物質,Monitoring Chemical,化学物質の審査及び製造等の規制に関する法律,Chemical Substances Control Law,NITE-CHRIP RJ_01_010,349CO0000000202
60108-72-7,monitoring,監視化学物質,Monitoring Chemical,化学物質の審査及び製造等の規制に関する法律,Chemical Substances Control Law,NITE-CHRIP RJ_01_010,349CO0000000202
61788-32-7,monitoring,監視化学物質,Monitoring Chemical,化学物質の審査及び製造等の規制に関する法律,Chemical Substances Control Law,NITE-CHRIP RJ_01_010 通し番号: 21,349CO0000000202
64258-02-2,monitoring,監視化学物質,Monitoring Chemical,化学物質の審査及び製造等の規制に関する法律,Chemical Substances Control Law,NITE-CHRIP RJ_01_010,349CO0000000202
64258-03-3,monitoring,監視化学物質,Monitoring Chemical,化学物質の審査及び製造等の規制に関する法律,Chemical Substances Control Law,NITE-CHRIP RJ_01_010,349CO0000000202
6430-90-6,monitoring,監視化学物質,Monitoring Chemical,化学物質の審査及び製造等の規制に関する法律,Chemical Substances Control Law,NITE-CHRIP RJ_01_010,349CO0000000202
646-85-5,monitoring,監視化学物質,Monitoring Chemical,化学物質の審査及び製造等の規制に関する法律,Chemical Substances Control Law,NITE-CHRIP RJ_01_010,349CO0000000202
66115-57-9,monitoring,監視化学物質,Monitoring Chemical,化学物質の審査及び製造等の規制に関する法律,Chemical Substances Control Law,NITE-CHRIP RJ_01_010,349CO0000000202
6683-35-8,monitoring,監視化学物質,Monitoring Chemical,化学物質の審査及び製造等の規制に関する法律,Chemical Substances Control Law,NITE-CHRIP RJ_01_010,349CO0000000202
6731-36-8,monitoring,監視化学物質,Monitoring Chemical,化学物質の審査及び製造等の規制に関する法律,Chemical Substances Control Law,NITE-CHRIP RJ_01_010,349CO0000000202
676-22-2,monitoring,監視化学物質,Monitoring Chemical,化学物質の審査及び製造等の規制に関する法律,Chemical Substances Control Law,NITE-CHRIP RJ_01_010 通し番号: 3,349CO0000000202
67888-96-4,monitoring,監視化学物質,Monitoring Chemical,化学物質の審査及び製造等の規制に関する法律,Chemical Substances Control Law,NITE-CHRIP RJ_01_010,349CO0000000202
67888-97-5,monitoring,監視化学物質,Monitoring Chemical,化学物質の審査及び製造等の規制に関する法律,Chemical Substances Control Law,NITE-CHRIP RJ_01_010,349CO0000000202
67905-19-5,monitoring,監視化学物質,Monitoring Chemical,化学物質の審査及び製造等の規制に関する法律,Chemical Substances Control Law,NITE-CHRIP RJ_01_010 通し番号: 33,349CO0000000202
706-31-0,monitoring,監視化学物質,Monitoring Chemical,化学物質の審査及び製造等の規制に関する法律,Chemical Substances Control Law,NITE-CHRIP RJ_01_010 通し番号: 3,349CO0000000202
71911-41-6,monitoring,監視化学物質,Monitoring Chemical,化学物質の審査及び製造等の規制に関する法律,Chemical Substances Control Law,NITE-CHRIP RJ_01_010,349CO0000000202
72416-87-6,monitoring,監視化学物質,Monitoring Chemical,化学物質の審査及び製造等の規制に関する法律,Chemical Substances Control Law,NITE-CHRIP RJ_01_010,349CO0000000202
72629-94-8,monitoring,監視化学物質,Monitoring Chemical,化学物質の審査及び製造等の規制に関する法律,Chemical Substances Control Law,NITE-CHRIP RJ_01_010 通し番号: 30,349CO0000000202
73141-48-7,monitoring,監視化学物質,Monitoring Chemical,化学物質の審査及び製造等の規制に関する法律,Chemical Substances Control Law,NITE-CHRIP RJ_01_010,349CO0000000202
74114-77-5,monitoring,監視化学物質,Monitoring Chemical,化学物質の審査及び製造等の規制に関する法律,Chemical Substances Control Law,NITE-CHRIP RJ_01_010,349CO0000000202
76804-33-6,monitoring,監視化学物質,Monitoring Chemical,化学物質の審査及び製造等の規制に関する法律,Chemical Substances Control Law,NITE-CHRIP RJ_01_010,349CO0000000202
77102-82-0,monitoring,監視化学物質,Monitoring Chemical,化学物質の審査及び製造等の規制に関する法律,Chemical Substances Control Law,NITE-CHRIP RJ_01_010,349CO0000000202
77910-04-4,monitoring,監視化学物質,Monitoring Chemical,化学物質の審査及び製造等の規制に関する法律,Chemical Substances Control Law,NITE-CHRIP RJ_01_010,349CO0000000202
80274-92-6,monitoring,監視化学物質,Monitoring Chemical,化学物質の審査及び製造等の規制に関する法律,Chemical Substances Control Law,NITE-CHRIP RJ_01_010,349CO0000000202
80407-70-1,monitoring,監視化学物質,Monitoring Chemical,化学物質の審査及び製造等の規制に関する法律,Chemical Substances Control Law,NITE-CHRIP RJ_01_010,349CO0000000202
81-15-2,monitoring,監視化学物質,Monitoring Chemical,化学物質の審査及び製造等の規制に関する法律,Chemical Substances Control Law,NITE-CHRIP RJ_01_010 通し番号: 2,349CO0000000202
81397-99-1,monitoring,監視化学物質,Monitoring Chemical,化学物質の審査及び製造等の規制に関する法律,Chemical Substances Control Law,NITE-CHRIP RJ_01_010,349CO0000000202
81902-33-2,monitoring,監視化学物質,Monitoring Chemical,化学物質の審査及び製造等の規制に関する法律,Chemical Substances Control Law,NITE-CHRIP RJ_01_010,349CO0000000202
84303-45-7,monitoring,監視化学物質,Monitoring Chemical,化学物質の審査及び製造等の規制に関する法律,Chemical Substances Control Law,NITE-CHRIP RJ_01_010,349CO0000000202
84303-46-8,monitoring,監視化学物質,Monitoring Chemical,化学物質の審査及び製造等の規制に関する法律,Chemical Substances Control Law,NITE-CHRIP RJ_01_010,349CO0000000202
84304-87-0,monitoring,監視化学物質,Monitoring Chemical,化学物質の審査及び製造等の規制に関する法律,Chemical Substances Control Law,NITE-CHRIP RJ_01_010,349CO0000000202
86029-64-3,monitoring,監視化学物質,Monitoring Chemical,化学物質の審査及び製造等の規制に関する法律,Chemical Substances Control Law,NITE-CHRIP RJ_01_010,349CO0000000202
861642-00-4,monitoring,監視化学物質,Monitoring Chemical,化学物質の審査及び製造等の規制に関する法律,Chemical Substances Control Law,NITE-CHRIP RJ_01_010,349CO0000000202
88700-05-4,monitoring,監視化学物質,Monitoring Chemical,化学物質の審査及び製造等の規制に関する法律,Chemical Substances Control Law,NITE-CHRIP RJ_01_010,349CO0000000202
92-86-4,monitoring,監視化学物質,Monitoring Chemical,化学物質の審査及び製造等の規制に関する法律,Chemical Substances Control Law,NITE-CHRIP RJ_01_010,349CO0000000202
94133-79-6,monitoring,監視化学物質,Monitoring Chemical,化学物質の審査及び製造等の規制に関する法律,Chemical Substances Control Law,NITE-CHRIP RJ_01_010 通し番号: 15,349CO0000000202
94133-80-9,monitoring,監視化学物質,Monitoring Chemical,化学物質の審査及び製造等の規制に関する法律,Chemical Substances Control Law,NITE-CHRIP RJ_01_010 通し番号: 15,349CO0000000202
94133-81-0,monitoring,監視化学物質,Monitoring Chemical,化学物質の審査及び製造等の規制に関する法律,Chemical Substances Control Law,NITE-CHRIP RJ_01_010 通し番号: 15,349CO0000000202
96551-70-1,monitoring,監視化学物質,Monitoring Chemical,化学物質の審査及び製造等の規制に関する法律,Chemical Substances Control Law,NITE-CHRIP RJ_01_010,349CO0000000202
97038-95-4,monitoring,監視化学物質,Monitoring Chemical,化学物質の審査及び製造等の規制に関する法律,Chemical Substances Control Law,NITE-CHRIP RJ_01_010,349CO0000000202
97038-96-5,monitoring,監視化学物質,Monitoring Chemical,化学物質の審査及び製造等の規制に関する法律,Chemical Substances Control Law,NITE-CHRIP RJ_01_010,349CO0000000202
97038-97-6,monitoring,監視化学物質,Monitoring Chemical,化学物質の審査及び製造等の規制に関する法律,Chemical Substances Control Law,NITE-CHRIP RJ_01_010,349CO0000000202
97038-98-7,monitoring,監視化学物質,Monitoring Chemical,化学物質の審査及び製造等の規制に関する法律,Chemical Substances Control Law,NITE-CHRIP RJ_01_010,349CO0000000202
97038-99-8,monitoring,監視化学物質,Monitoring Chemical,化学物質の審査及び製造等の規制に関する法律,Chemical Substances Control Law,NITE-CHRIP RJ_01_010,349CO0000000202
97063-75-7,monitoring,監視化学物質,Monitoring Chemical,化学物質の審査及び製造等の規制に関する法律,Chemical Substances Control Law,NITE-CHRIP RJ_01_010,349CO0000000202
100-00-5,priority_evaluation,優先評価化学物質,Priority Assessment Chemical,化学物質の審査及び製造等の規制に関する法律,Chemical Substances Control Law,NITE-CHRIP RJ_01_020 通し番号: 60,349CO0000000202
100-21-0,priority_evaluation,優先評価化学物質,Priority Assessment Chemical,化学物質の審査及び製造等の規制に関する法律,Chemical Substances Control Law,NITE-CHRIP RJ_01_020 通し番号: 68,349CO0000000202
100-41-4,priority_evaluation,優先評価化学物質,Priority Assessment Chemical,化学物質の審査及び製造等の規制に関する法律,Chemical Substances Control Law,NITE-CHRIP RJ_01_020 通し番号: 50,349CO0000000202
100-42-5,priority_evaluation,優先評価化学物質,Priority Assessment Chemical,化学物質の審査及び製造等の規制に関する法律,Chemical Substances Control Law,NITE-CHRIP RJ_01_020 通し番号: 47,349CO0000000202
100-44-7,priority_evaluation,優先評価化学物質,Priority Assessment Chemical,化学物質の審査及び製造等の規制に関する法律,Chemical Substances Control Law,NITE-CHRIP RJ_01_020 通し番号: 51,349CO0000000202
10017-56-8,priority_evaluation,優先評価化学物質,Priority Assessment Chemical,化学物質の審査及び製造等の規制に関する法律,Chemical Substances Control Law,NITE-CHRIP RJ_01_020,349CO0000000202
1002-62-6,priority_evaluation,優先評価化学物質,Priority Assessment Chemical,化学物質の審査及び製造等の規制に関する法律,Chemical Substances Control Law,NITE-CHRIP RJ_01_020,349CO0000000202
1002-82-0,priority_evaluation,優先評価化学物質,Priority Assessment Chemical,化学物質の審査及び製造等の規制に関する法律,Chemical Substances Control Law,NITE-CHRIP RJ_01_020,349CO0000000202
100231-65-0,priority_evaluation,優先評価化学物質,Priority Assessment Chemical,化学物質の審査及び製造等の規制に関する法律,Chemical Substances Control Law,NITE-CHRIP RJ_01_020,349CO0000000202
100243-42-3,priority_evaluation,優先評価化学物質,Priority Assessment Chemical,化学物質の審査及び製造等の規制に関する法律,Chemical Substances Control Law,NITE-CHRIP RJ_01_020,349CO0000000202
10034-93-2,priority_evaluation,優先評価化学物質,Priority Assessment Chemical,化学物質の審査及び製造等の規制に関する法律,Chemical Substances Control Law,NITE-CHRIP RJ_01_020,349CO0000000202
10039-54-0,priority_evaluation,優先評価化学物質,Priority Assessment Chemical,化学物質の審査及び製造等の規制に関する法律,Chemical Substances Control Law,NITE-CHRIP RJ_01_020,349CO0000000202
10039-55-1,priority_evaluation,優先評価化学物質,Priority Assessment Chemical,化学物質の審査及び製造等の規制に関する法律,Chemical Substances Control Law,NITE-CHRIP RJ_01_020,349CO0000000202
10042-84-9,priority_evaluation,優先評価化学物質,Priority Assessment Chemical,化学物質の審査及び製造等の規制に関する法律,Chemical Substances Control Law,NITE-CHRIP RJ_01_020,349CO0000000202
100757-71-9,priority_evaluation,優先評価化学物質,Priority Assessment Chemical,化学物質の審査及び製造等の規制に関する法律,Chemical Substances Control Law,NITE-CHRIP RJ_01_020,349CO0000000202
100833-63-4,priority_evaluation,優先評価化学物質,Priority Assessment Chemical,化学物質の審査及び製造等の規制に関する法律,Chemical Substances Control Law,NITE-CHRIP RJ_01_020,349CO0000000202
101-68-8,priority_evaluation,優先評価化学物質,Priority Assessment Chemical,化学物質の審査及び製造等の規制に関する法律,Chemical Substances Control Law,NITE-CHRIP RJ_01_020,349CO0000000202
101-86-0,priority_evaluation,優先評価化学物質,Priority Assessment Chemical,化学物質の審査及び製造等の規制に関する法律,Chemical Substances Control Law,NITE-CHRIP RJ_01_020 通し番号: 199,349CO0000000202
10101-97-0,priority_evaluation,優先評価化学物質,Priority Assessment Chemical,化学物質の審査及び製造等の規制に関する法律,Chemical Substances Control Law,NITE-CHRIP RJ_01_020,349CO0000000202
10101-98-1,priority_evaluation,優先評価化学物質,Priority Assessment Chemical,化学物質の審査及び製造等の規制に関する法律,Chemical Substances Control Law,NITE-CHRIP RJ_01_020,349CO0000000202
10108-91-5,priority_evaluation,優先評価化学物質,Priority Assessment Chemical,化学物質の審査及び製造等の規制に関する法律,Chemical Substances Control Law,NITE-CHRIP RJ_01_020,349CO0000000202
10124-65-9,priority_evaluation,優先評価化学物質,Priority Assessment Chemical,化学物質の審査及び製造等の規制に関する法律,Chemical Substances Control Law,NITE-CHRIP RJ_01_020,349CO0000000202
10138-93-9,priority_evaluation,優先評価化学物質,Priority Assessment Chemical,化学物質の審査及び製造等の規制に関する法律,Chemical Substances Control Law,NITE-CHRIP RJ_01_020,349CO0000000202
102-71-6,priority_evaluation,優先評価化学物質,Priority Assessment Chemical,化学物質の審査及び製造等の規制に関する法律,Chemical Substances Control Law,NITE-CHRIP RJ_01_020 通し番号: 108,349CO0000000202
10202-77-4,priority_evaluation,優先評価化学物質,Priority Assessment Chemical,化学物質の審査及び製造等の規制に関する法律,Chemical Substances Control Law,NITE-CHRIP RJ_01_020,349CO0000000202
10203-28-8,priority_evaluation,優先評価化学物質,Priority Assessment Chemical,化学物質の審査及び製造等の規制に関する法律,Chemical Substances Control Law,NITE-CHRIP RJ_01_020,349CO0000000202
10203-30-2,priority_evaluation,優先評価化学物質,Priority Assessment Chemical,化学物質の審査及び製造等の規制に関する法律,Chemical Substances Control Law,NITE-CHRIP RJ_01_020,349CO0000000202
10203-32-4,priority_evaluation,優先評価化学物質,Priority Assessment Chemical,化学物質の審査及び製造等の規制に関する法律,Chemical Substances Control Law,NITE-CHRIP RJ_01_020,349CO0000000202
10203-33-5,priority_evaluation,優先評価化学物質,Priority Assessment Chemical,化学物質の審査及び製造等の規制に関する法律,Chemical Substances Control Law,NITE-CHRIP RJ_01_020,349CO0000000202
10213-78-2,priority_evaluation,優先評価化学物質,Priority Assessment Chemical,化学物質の審査及び製造等の規制に関する法律,Chemical Substances Control Law,NITE-CHRIP RJ_01_020,349CO0000000202
10217-52-4,priority_evaluation,優先評価化学物質,Priority Assessment Chemical,化学物質の審査及び製造等の規制に関する法律,Chemical Substances Control Law,NITE-CHRIP RJ_01_020,349CO0000000202
10222-01-2,priority_evaluation,優先評価化学物質,Priority Assessment Chemical,化学物質の審査及び製造等の規制に関する法律,Chemical Substances Control Law,NITE-CHRIP RJ_01_020 通し番号: 182,349CO0000000202
102782-43-4,priority_evaluation,優先評価化学物質,Priority Assessment Chemical,化学物質の審査及び製造等の規制に関する法律,Chemical Substances Control Law,NITE-CHRIP RJ_01_020,349CO0000000202
10289-68-6,priority_evaluation,優先評価化学物質,Priority Assessment Chemical,化学物質の審査及び製造等の規制に関する法律,Chemical Substances Control Law,NITE-CHRIP RJ_01_020,349CO0000000202
10294-65-2,priority_evaluation,優先評価化学物質,Priority Assessment Chemical,化学物質の審査及び製造等の規制に関する法律,Chemical Substances Control Law,NITE-CHRIP RJ_01_020,349CO0000000202
102968-75-2,priority_evaluation,優先評価化学物質,Priority Assessment Chemical,化学物質の審査及び製造等の規制に関する法律,Chemical Substances Control Law,NITE-CHRIP RJ_01_020,349CO0000000202
102968-76-3,priority_evaluation,優先評価化学物質,Priority Assessment Chemical,化学物質の審査及び製造等の規制に関する法律,Chemical Substances Control Law,NITE-CHRIP RJ_01_020,349CO0000000202
103-20-8,priority_evaluation,優先評価化学物質,Priority Assessment Chemical,化学物質の審査及び製造等の規制に関する法律,Chemical Substances Control Law,NITE-CHRIP RJ_01_020,349CO0000000202
103331-86-8,priority_evaluation,優先評価化学物質,Priority Assessment Chemical,化学物質の審査及び製造等の規制に関する法律,Chemical Substances Control Law,NITE-CHRIP RJ_01_020,349CO0000000202
10378-22-0,priority_evaluation,優先評価化学物質,Priority Assessment Chemical,化学物質の審査及び製造等の規制に関する法律,Chemical Substances Control Law,NITE-CHRIP RJ_01_020,349CO0000000202
10378-23-1,priority_evaluation,優先評価化学物質,Priority Assessment Chemical,化学物質の審査及び製造等の規制に関する法律,Chemical Substances Control Law,NITE-CHRIP RJ_01_020,349CO0000000202
103818-93-5,priority_evaluation,優先評価化学物質,Priority Assessment Chemical,化学物質の審査及び製造等の規制に関する法律,Chemical Substances Control Law,NITE-CHRIP RJ_01_020,349CO0000000202
1039646-79-1,priority_evaluation,優先評価化学物質,Priority Assessment Chemical,化学物質の審査及び製造等の規制に関する法律,Chemical Substances Control Law,NITE-CHRIP RJ_01_020,349CO0000000202
104-67-6,priority_evaluation,優先評価化学物質,Priority Assessment Chemical,化学物質の審査及び製造等の規制に関する法律,Chemical Substances Control Law,NITE-CHRIP RJ_01_020 通し番号: 208,349CO0000000202
104233-68-3,priority_evaluation,優先評価化学物質,Priority Assessment Chemical,化学物質の審査及び製造等の規制に関する法律,Chemical Substances Control Law,NITE-CHRIP RJ_01_020,349CO0000000202
10424-65-4,priority_evaluation,優先評価化学物質,Priority Assessment Chemical,化学物質の審査及び製造等の規制に関する法律,Chemical Substances Control Law,NITE-CHRIP RJ_01_020,349CO0000000202
104596-58-9,priority_evaluation,優先評価化学物質,Priority Assessment Chemical,化学物質の審査及び製造等の規制に関する法律,Chemical Substances Control Law,NITE-CHRIP RJ_01_020,349CO0000000202
104596-59-0,priority_evaluation,優先評価化学物質,Priority Assessment Chemical,化学物質の審査及び製造等の規制に関する法律,Chemical Substances Control Law,NITE-CHRIP RJ_01_020,349CO0000000202
104596-60-3,priority_evaluation,優先評価化学物質,Priority Assessment Chemical,化学物質の審査及び製造等の規制に関する法律,Chemical Substances Control Law,NITE-CHRIP RJ_01_020,349CO0000000202
10460-00-1,priority_evaluation,優先評価化学物質,Priority Assessment Chemical,化学物質の審査及び製造等の規制に関する法律,Chemical Substances Control Law,NITE-CHRIP RJ_01_020,349CO0000000202
10461-98-0,priority_evaluation,優先評価化学物質,Priority Assessment Chemical,化学物質の審査及び製造等の規制に関する法律,Chemical Substances Control Law,NITE-CHRIP RJ_01_020 通し番号: 249,349CO0000000202
104719-58-6,priority_evaluation,優先評価化学物質,Priority Assessment Chemical,化学物質の審査及び製造等の規制に関する法律,Chemical Substances Control Law,NITE-CHRIP RJ_01_020,349CO0000000202
105-60-2,priority_evaluation,優先評価化学物質,Priority Assessment Chemical,化学物質の審査及び製造等の規制に関する法律,Chemical Substances Control Law,NITE-CHRIP RJ_01_020 通し番号: 82,349CO0000000202
105-95-3,priority_evaluation,優先評価化学物質,Priority Assessment Chemical,化学物質の審査及び製造等の規制に関する法律,Chemical Substances Control Law,NITE-CHRIP RJ_01_020 通し番号: 206,349CO0000000202
10522-26-6,priority_evaluation,優先評価化学物質,Priority Assessment Chemical,化学物質の審査及び製造等の規制に関する法律,Chemical Substances Control Law,NITE-CHRIP RJ_01_020,349CO0000000202
105444-19-7,priority_evaluation,優先評価化学物質,Priority Assessment Chemical,化学物質の審査及び製造等の規制に関する法律,Chemical Substances Control Law,NITE-CHRIP RJ_01_020,349CO0000000202
105485-69-6,priority_evaluation,優先評価化学物質,Priority Assessment Chemical,化学物質の審査及び製造等の規制に関する法律,Chemical Substances Control Law,NITE-CHRIP RJ_01_020,349CO0000000202
10581-12-1,priority_evaluation,優先評価化学物質,Priority Assessment Chemical,化学物質の審査及び製造等の規制に関する法律,Chemical Substances Control Law,NITE-CHRIP RJ_01_020,349CO0000000202
106-02-5,priority_evaluation,優先評価化学物質,Priority Assessment Chemical,化学物質の審査及び製造等の規制に関する法律,Chemical Substances Control Law,NITE-CHRIP RJ_01_020 通し番号: 205,349CO0000000202
106-12-7,priority_evaluation,優先評価化学物質,Priority Assessment Chemical,化学物質の審査及び製造等の規制に関する法律,Chemical Substances Control Law,NITE-CHRIP RJ_01_020,349CO0000000202
106-42-3,priority_evaluation,優先評価化学物質,Priority Assessment Chemical,化学物質の審査及び製造等の規制に関する法律,Chemical Substances Control Law,NITE-CHRIP RJ_01_020,349CO0000000202
106-44-5,priority_evaluation,優先評価化学物質,Priority Assessment Chemical,化学物質の審査及び製造等の規制に関する法律,Chemical Substances Control Law,NITE-CHRIP RJ_01_020,349CO0000000202
106-46-7,priority_evaluation,優先評価化学物質,Priority Assessment Chemical,化学物質の審査及び製造等の規制に関する法律,Chemical Substances Control Law,NITE-CHRIP RJ_01_020 通し番号: 53,349CO0000000202
106-89-8,priority_evaluation,優先評価化学物質,Priority Assessment Chemical,化学物質の審査及び製造等の規制に関する法律,Chemical Substances Control Law,NITE-CHRIP RJ_01_020 通し番号: 22,349CO0000000202
106-94-5,priority_evaluation,優先評価化学物質,Priority Assessment Chemical,化学物質の審査及び製造等の規制に関する法律,Chemical Substances Control Law,NITE-CHRIP RJ_01_020 通し番号: 228,349CO0000000202
106-99-0,priority_evaluation,優先評価化学物質,Priority Assessment Chemical,化学物質の審査及び製造等の規制に関する法律,Chemical Substances Control Law,NITE-CHRIP RJ_01_020 通し番号: 4,349CO0000000202
10605-21-7,priority_evaluation,優先評価化学物質,Priority Assessment Chemical,化学物質の審査及び製造等の規制に関する法律,Chemical Substances Control Law,NITE-CHRIP RJ_01_020 通し番号: 265,349CO0000000202
106232-83-1,priority_evaluation,優先評価化学物質,Priority Assessment Chemical,化学物質の審査及び製造等の規制に関する法律,Chemical Substances Control Law,NITE-CHRIP RJ_01_020,349CO0000000202
106402-05-5,priority_evaluation,優先評価化学物質,Priority Assessment Chemical,化学物質の審査及び製造等の規制に関する法律,Chemical Substances Control Law,NITE-CHRIP RJ_01_020,349CO0000000202
106593-58-2,priority_evaluation,優先評価化学物質,Priority Assessment Chemical,化学物質の審査及び製造等の規制に関する法律,Chemical Substances Control Law,NITE-CHRIP RJ_01_020,349CO0000000202
106868-38-6,priority_evaluation,優先評価化学物質,Priority Assessment Chemical,化学物質の審査及び製造等の規制に関する法律,Chemical Substances Control Law,NITE-CHRIP RJ_01_020,349CO0000000202
1069-58-5,priority_evaluation,優先評価化学物質,Priority Assessment Chemical,化学物質の審査及び製造等の規制に関する法律,Chemical Substances Control Law,NITE-CHRIP RJ_01_020,349CO0000000202
107-05-1,priority_evaluation,優先評価化学物質,Priority Assessment Chemical,化学物質の審査及び製造等の規制に関する法律,Chemical Substances Control Law,NITE-CHRIP RJ_01_020 通し番号: 149,349CO0000000202
107-06-2,priority_evaluation,優先評価化学物質,Priority Assessment Chemical,化学物質の審査及び製造等の規制に関する法律,Chemical Substances Control Law,NITE-CHRIP RJ_01_020 通し番号: 11,349CO0000000202
107-13-1,priority_evaluation,優先評価化学物質,Priority Assessment Chemical,化学物質の審査及び製造等の規制に関する法律,Chemical Substances Control Law,NITE-CHRIP RJ_01_020 通し番号: 39,349CO0000000202
107-21-1,priority_evaluation,優先評価化学物質,Priority Assessment Chemical,化学物質の審査及び製造等の規制に関する法律,Chemical Substances Control Law,NITE-CHRIP RJ_01_020 通し番号: 105,349CO0000000202
107-22-2,priority_evaluation,優先評価化学物質,Priority Assessment Chemical,化学物質の審査及び製造等の規制に関する法律,Chemical Substances Control Law,NITE-CHRIP RJ_01_020 通し番号: 112,349CO0000000202
107-64-2,priority_evaluation,優先評価化学物質,Priority Assessment Chemical,化学物質の審査及び製造等の規制に関する法律,Chemical Substances Control Law,NITE-CHRIP RJ_01_020,349CO0000000202
107065-10-1,priority_evaluation,優先評価化学物質,Priority Assessment Chemical,化学物質の審査及び製造等の規制に関する法律,Chemical Substances Control Law,NITE-CHRIP RJ_01_020 通し番号: 70,349CO0000000202
1072-15-7,priority_evaluation,優先評価化学物質,Priority Assessment Chemical,化学物質の審査及び製造等の規制に関する法律,Chemical Substances Control Law,NITE-CHRIP RJ_01_020,349CO0000000202
1072-24-8,priority_evaluation,優先評価化学物質,Priority Assessment Chemical,化学物質の審査及び製造等の規制に関する法律,Chemical Substances Control Law,NITE-CHRIP RJ_01_020,349CO0000000202
107251-05-8,priority_evaluation,優先評価化学物質,Priority Assessment Chemical,化学物質の審査及び製造等の規制に関する法律,Chemical Substances Control Law,NITE-CHRIP RJ_01_020 通し番号: 143,349CO0000000202
107251-06-9,priority_evaluation,優先評価化学物質,Priority Assessment Chemical,化学物質の審査及び製造等の規制に関する法律,Chemical Substances Control Law,NITE-CHRIP RJ_01_020 通し番号: 143,349CO0000000202
107251-07-0,priority_evaluation,優先評価化学物質,Priority Assessment Chemical,化学物質の審査及び製造等の規制に関する法律,Chemical Substances Control Law,NITE-CHRIP RJ_01_020 通し番号: 143,349CO0000000202
107251-08-1,priority_evaluation,優先評価化学物質,Priority Assessment Chemical,化学物質の審査及び製造等の規制に関する法律,Chemical Substances Control Law,NITE-CHRIP RJ_01_020 通し番号: 143,349CO0000000202
107251-10-5,priority_evaluation,優先評価化学物質,Priority Assessment Chemical,化学物質の審査及び製造等の規制に関する法律,Chemical Substances Control Law,NITE-CHRIP RJ_01_020 通し番号: 143,349CO0000000202
107251-11-6,priority_evaluation,優先評価化学物質,Priority Assessment Chemical,化学物質の審査及び製造等の規制に関する法律,Chemical Substances Control Law,NITE-CHRIP RJ_01_020 通し番号: 143,349CO0000000202
107251-12-7,priority_evaluation,優先評価化学物質,Priority Assessment Chemical,化学物質の審査及び製造等の規制に関する法律,Chemical Substances Control Law,NITE-CHRIP RJ_01_020 通し番号: 143,349CO0000000202
107251-13-8,priority_evaluation,優先評価化学物質,Priority Assessment Chemical,化学物質の審査及び製造等の規制に関する法律,Chemical Substances Control Law,NITE-CHRIP RJ_01_020 通し番号: 143,349CO0000000202
107251-14-9,priority_evaluation,優先評価化学物質,Priority Assessment Chemical,化学物質の審査及び製造等の規制に関する法律,Chemical Substances Control Law,NITE-CHRIP RJ_01_020 通し番号: 143,349CO0000000202
107284-03-7,priority_evaluation,優先評価化学物質,Priority Assessment Chemical,化学物質の審査及び製造等の規制に関する法律,Chemical Substances Control Law,NITE-CHRIP RJ_01_020 通し番号: 143,349CO0000000202
107284-04-8,priority_evaluation,優先評価化学物質,Priority Assessment Chemical,化学物質の審査及び製造等の規制に関する法律,Chemical Substances Control Law,NITE-CHRIP RJ_01_020 通し番号: 143,349CO0000000202
107284-05-9,priority_evaluation,優先評価化学物質,Priority Assessment Chemical,化学物質の審査及び製造等の規制に関する法律,Chemical Substances Control Law,NITE-CHRIP RJ_01_020 通し番号: 143,349CO0000000202
107494-37-1,priority_evaluation,優先評価化学物質,Priority Assessment Chemical,化学物質の審査及び製造等の規制に関する法律,Chemical Substances Control Law,NITE-CHRIP RJ_01_020,349CO0000000202
107566-50-7,priority_evaluation,優先評価化学物質,Priority Assessment Chemical,化学物質の審査及び製造等の規制に関する法律,Chemical Substances Control Law,NITE-CHRIP RJ_01_020 通し番号: 143,349CO0000000202
1076-43-3,priority_evaluation,優先評価化学物質,Priority Assessment Chemical,化学物質の審査及び製造等の規制に関する法律,Chemical Substances Control Law,NITE-CHRIP RJ_01_020,349CO0000000202
1079184-43-2,priority_evaluation,優先評価化学物質,Priority Assessment Chemical,化学物質の審査及び製造等の規制に関する法律,Chemical Substances Control Law,NITE-CHRIP RJ_01_020,349CO0000000202
107992-37-0,priority_evaluation,優先評価化学物質,Priority Assessment Chemical,化学物質の審査及び製造等の規制に関する法律,Chemical Substances Control Law,NITE-CHRIP RJ_01_020 通し番号: 143,349CO0000000202
108-05-4,priority_evaluation,優先評価化学物質,Priority Assessment Chemical,化学物質の審査及び製造等の規制に関する法律,Chemical Substances Control Law,NITE-CHRIP RJ_01_020 通し番号: 28,349CO0000000202
108-10-1,priority_evaluation,優先評価化学物質,Priority Assessment Chemical,化学物質の審査及び製造等の規制に関する法律,Chemical Substances Control Law,NITE-CHRIP RJ_01_020 通し番号: 116,349CO0000000202
108-24-7,priority_evaluation,優先評価化学物質,Priority Assessment Chemical,化学物質の審査及び製造等の規制に関する法律,Chemical Substances Control Law,NITE-CHRIP RJ_01_020 通し番号: 93,349CO0000000202
108-38-3,priority_evaluation,優先評価化学物質,Priority Assessment Chemical,化学物質の審査及び製造等の規制に関する法律,Chemical Substances Control Law,NITE-CHRIP RJ_01_020,349CO0000000202
108-39-4,priority_evaluation,優先評価化学物質,Priority Assessment Chemical,化学物質の審査及び製造等の規制に関する法律,Chemical Substances Control Law,NITE-CHRIP RJ_01_020,349CO0000000202
108-45-2,priority_evaluation,優先評価化学物質,Priority Assessment Chemical,化学物質の審査及び製造等の規制に関する法律,Chemical Substances Control Law,NITE-CHRIP RJ_01_020 通し番号: 55,349CO0000000202
108-67-8,priority_evaluation,優先評価化学物質,Priority Assessment Chemical,化学物質の審査及び製造等の規制に関する法律,Chemical Substances Control Law,NITE-CHRIP RJ_01_020 通し番号: 201,349CO0000000202
108-88-3,priority_evaluation,優先評価化学物質,Priority Assessment Chemical,化学物質の審査及び製造等の規制に関する法律,Chemical Substances Control Law,NITE-CHRIP RJ_01_020 通し番号: 46,349CO0000000202
108-94-1,priority_evaluation,優先評価化学物質,Priority Assessment Chemical,化学物質の審査及び製造等の規制に関する法律,Chemical Substances Control Law,NITE-CHRIP RJ_01_020 通し番号: 131,349CO0000000202
108-95-2,priority_evaluation,優先評価化学物質,Priority Assessment Chemical,化学物質の審査及び製造等の規制に関する法律,Chemical Substances Control Law,NITE-CHRIP RJ_01_020 通し番号: 62,349CO0000000202
108385-07-5,priority_evaluation,優先評価化学物質,Priority Assessment Chemical,化学物質の審査及び製造等の規制に関する法律,Chemical Substances Control Law,NITE-CHRIP RJ_01_020,349CO0000000202
108398-81-8,priority_evaluation,優先評価化学物質,Priority Assessment Chemical,化学物質の審査及び製造等の規制に関する法律,Chemical Substances Control Law,NITE-CHRIP RJ_01_020 通し番号: 143,349CO0000000202
108439-06-1,priority_evaluation,優先評価化学物質,Priority Assessment Chemical,化学物質の審査及び製造等の規制に関する法律,Chemical Substances Control Law,NITE-CHRIP RJ_01_020,349CO0000000202
108821-37-0,priority_evaluation,優先評価化学物質,Priority Assessment Chemical,化学物質の審査及び製造等の規制に関する法律,Chemical Substances Control Law,NITE-CHRIP RJ_01_020 通し番号: 143,349CO0000000202
108821-38-1,priority_evaluation,優先評価化学物質,Priority Assessment Chemical,化学物質の審査及び製造等の規制に関する法律,Chemical Substances Control Law,NITE-CHRIP RJ_01_020 通し番号: 143,349CO0000000202
109-59-1,priority_evaluation,優先評価化学物質,Priority Assessment Chemical,化学物質の審査及び製造等の規制に関する法律,Chemical Substances Control Law,NITE-CHRIP RJ_01_020,349CO0000000202
109-60-4,priority_evaluation,優先評価化学物質,Priority Assessment Chemical,化学物質の審査及び製造等の規制に関する法律,Chemical Substances Control Law,NITE-CHRIP RJ_01_020 通し番号: 279,349CO0000000202
109-86-4,priority_evaluation,優先評価化学物質,Priority Assessment Chemical,化学物質の審査及び製造等の規制に関する法律,Chemical Substances Control Law,NITE-CHRIP RJ_01_020 通し番号: 23,349CO0000000202
109-99-9,priority_evaluation,優先評価化学物質,Priority Assessment Chemical,化学物質の審査及び製造等の規制に関する法律,Chemical Substances Control Law,NITE-CHRIP RJ_01_020 通し番号: 135,349CO0000000202
109120-04-9,priority_evaluation,優先評価化学物質,Priority Assessment Chemical,化学物質の審査及び製造等の規制に関する法律,Chemical Substances Control Law,NITE-CHRIP RJ_01_020,349CO0000000202
109166-26-9,priority_evaluation,優先評価化学物質,Priority Assessment Chemical,化学物質の審査及び製造等の規制に関する法律,Chemical Substances Control Law,NITE-CHRIP RJ_01_020 通し番号: 143,349CO0000000202
109166-27-0,priority_evaluation,優先評価化学物質,Priority Assessment Chemical,化学物質の審査及び製造等の規制に関する法律,Chemical Substances Control Law,NITE-CHRIP RJ_01_020 通し番号: 143,349CO0000000202
109166-28-1,priority_evaluation,優先評価化学物質,Priority Assessment Chemical,化学物質の審査及び製造等の規制に関する法律,Chemical Substances Control Law,NITE-CHRIP RJ_01_020 通し番号: 143,349CO0000000202
109166-29-2,priority_evaluation,優先評価化学物質,Priority Assessment Chemical,化学物質の審査及び製造等の規制に関する法律,Chemical Substances Control Law,NITE-CHRIP RJ_01_020 通し番号: 143,349CO0000000202
109166-30-5,priority_evaluation,優先評価化学物質,Priority Assessment Chemical,化学物質の審査及び製造等の規制に関する法律,Chemical Substances Control Law,NITE-CHRIP RJ_01_020 通し番号: 143,349CO0000000202
109166-31-6,priority_evaluation,優先評価化学物質,Priority Assessment Chemical,化学物質の審査及び製造等の規制に関する法律,Chemical Substances Control Law,NITE-CHRIP RJ_01_020 通し番号: 143,349CO0000000202
109166-32-7,priority_evaluation,優先評価化学物質,Priority Assessment Chemical,化学物質の審査及び製造等の規制に関する法律,Chemical Substances Control Law,NITE-CHRIP RJ_01_020 通し番号: 143,349CO0000000202
109166-33-8,priority_evaluation,優先評価化学物質,Priority Assessment Chemical,化学物質の審査及び製造等の規制に関する法律,Chemical Substances Control Law,NITE-CHRIP RJ_01_020 通し番号: 143,349CO0000000202
109166-34-9,priority_evaluation,優先評価化学物質,Priority Assessment Chemical,化学物質の審査及び製造等の規制に関する法律,Chemical Substances Control Law,NITE-CHRIP RJ_01_020 通し番号: 143,349CO0000000202
109166-35-0,priority_evaluation,優先評価化学物質,Priority Assessment Chemical,化学物質の審査及び製造等の規制に関する法律,Chemical Substances Control Law,NITE-CHRIP RJ_01_020 通し番号: 143,349CO0000000202
109166-36-1,priority_evaluation,優先評価化学物質,Priority Assessment Chemical,化学物質の審査及び製造等の規制に関する法律,Chemical Substances Control Law,NITE-CHRIP RJ_01_020 通し番号: 143,349CO0000000202
109166-37-2,priority_evaluation,優先評価化学物質,Priority Assessment Chemical,化学物質の審査及び製造等の規制に関する法律,Chemical Substances Control Law,NITE-CHRIP RJ_01_020 通し番号: 143,349CO0000000202
109302-18-3,priority_evaluation,優先評価化学物質,Priority Assessment Chemical,化学物質の審査及び製造等の規制に関する法律,Chemical Substances Control Law,NITE-CHRIP RJ_01_020 通し番号: 143,349CO0000000202
109302-19-4,priority_evaluation,優先評価化学物質,Priority Assessment Chemical,化学物質の審査及び製造等の規制に関する法律,Chemical Substances Control Law,NITE-CHRIP RJ_01_020 通し番号: 143,349CO0000000202
109302-20-7,priority_evaluation,優先評価化学物質,Priority Assessment Chemical,化学物質の審査及び製造等の規制に関する法律,Chemical Substances Control Law,NITE-CHRIP RJ_01_020 通し番号: 143,349CO0000000202
109302-21-8,priority_evaluation,優先評価化学物質,Priority Assessment Chemical,化学物質の審査及び製造等の規制に関する法律,Chemical Substances Control Law,NITE-CHRIP RJ_01_020 通し番号: 143,349CO0000000202
110-54-3,priority_evaluation,優先評価化学物質,Priority Assessment Chemical,化学物質の審査及び製造等の規制に関する法律,Chemical Substances Control Law,NITE-CHRIP RJ_01_020 通し番号: 3,349CO0000000202
110-82-7,priority_evaluation,優先評価化学物質,Priority Assessment Chemical,化学物質の審査及び製造等の規制に関する法律,Chemical Substances Control Law,NITE-CHRIP RJ_01_020 通し番号: 96,349CO0000000202
110-86-1,priority_evaluation,優先評価化学物質,Priority Assessment Chemical,化学物質の審査及び製造等の規制に関する法律,Chemical Substances Control Law,NITE-CHRIP RJ_01_020 通し番号: 292,349CO0000000202
110-91-8,priority_evaluation,優先評価化学物質,Priority Assessment Chemical,化学物質の審査及び製造等の規制に関する法律,Chemical Substances Control Law,NITE-CHRIP RJ_01_020 通し番号: 81,349CO0000000202
110-98-5,priority_evaluation,優先評価化学物質,Priority Assessment Chemical,化学物質の審査及び製造等の規制に関する法律,Chemical Substances Control Law,NITE-CHRIP RJ_01_020,349CO0000000202
1100607-35-9,priority_evaluation,優先評価化学物質,Priority Assessment Chemical,化学物質の審査及び製造等の規制に関する法律,Chemical Substances Control Law,NITE-CHRIP RJ_01_020,349CO0000000202
110392-50-2,priority_evaluation,優先評価化学物質,Priority Assessment Chemical,化学物質の審査及び製造等の規制に関する法律,Chemical Substances Control Law,NITE-CHRIP RJ_01_020,349CO0000000202
110412-77-6,priority_evaluation,優先評価化学物質,Priority Assessment Chemical,化学物質の審査及び製造等の規制に関する法律,Chemical Substances Control Law,NITE-CHRIP RJ_01_020,349CO0000000202
110615-47-9,priority_evaluation,優先評価化学物質,Priority Assessment Chemical,化学物質の審査及び製造等の規制に関する法律,Chemical Substances Control Law,NITE-CHRIP RJ_01_020,349CO0000000202
11066-21-0,priority_evaluation,優先評価化学物質,Priority Assessment Chemical,化学物質の審査及び製造等の規制に関する法律,Chemical Substances Control Law,NITE-CHRIP RJ_01_020,349CO0000000202
11067-19-9,priority_evaluation,優先評価化学物質,Priority Assessment Chemical,化学物質の審査及び製造等の規制に関する法律,Chemical Substances Control Law,NITE-CHRIP RJ_01_020,349CO0000000202
110686-87-8,priority_evaluation,優先評価化学物質,Priority Assessment Chemical,化学物質の審査及び製造等の規制に関する法律,Chemical Substances Control Law,NITE-CHRIP RJ_01_020 通し番号: 143,349CO0000000202
110686-88-9,priority_evaluation,優先評価化学物質,Priority Assessment Chemical,化学物質の審査及び製造等の規制に関する法律,Chemical Substances Control Law,NITE-CHRIP RJ_01_020 通し番号: 143,349CO0000000202
110686-89-0,priority_evaluation,優先評価化学物質,Priority Assessment Chemical,化学物質の審査及び製造等の規制に関する法律,Chemical Substances Control Law,NITE-CHRIP RJ_01_020 通し番号: 143,349CO0000000202
110686-95-8,priority_evaluation,優先評価化学物質,Priority Assessment Chemical,化学物質の審査及び製造等の規制に関する法律,Chemical Substances Control Law,NITE-CHRIP RJ_01_020 通し番号: 143,349CO0000000202
110687-05-3,priority_evaluation,優先評価化学物質,Priority Assessment Chemical,化学物質の審査及び製造等の規制に関する法律,Chemical Substances Control Law,NITE-CHRIP RJ_01_020 通し番号: 143,349CO0000000202
110687-19-9,priority_evaluation,優先評価化学物質,Priority Assessment Chemical,化学物質の審査及び製造等の規制に関する法律,Chemical Substances Control Law,NITE-CHRIP RJ_01_020 通し番号: 143,349CO0000000202
110687-20-2,priority_evaluation,優先評価化学物質,Priority Assessment Chemical,化学物質の審査及び製造等の規制に関する法律,Chemical Substances Control Law,NITE-CHRIP RJ_01_020 通し番号: 143,349CO0000000202
110687-21-3,priority_evaluation,優先評価化学物質,Priority Assessment Chemical,化学物質の審査及び製造等の規制に関する法律,Chemical Substances Control Law,NITE-CHRIP RJ_01_020 通し番号: 143,349CO0000000202
110687-22-4,priority_evaluation,優先評価化学物質,Priority Assessment Chemical,化学物質の審査及び製造等の規制に関する法律,Chemical Substances Control Law,NITE-CHRIP RJ_01_020 通し番号: 143,349CO0000000202
110710-27-5,priority_evaluation,優先評価化学物質,Priority Assessment Chemical,化学物質の審査及び製造等の規制に関する法律,Chemical Substances Control Law,NITE-CHRIP RJ_01_020 通し番号: 143,349CO0000000202
110759-26-7,priority_evaluation,優先評価化学物質,Priority Assessment Chemical,化学物質の審査及び製造等の規制に関する法律,Chemical Substances Control Law,NITE-CHRIP RJ_01_020 通し番号: 143,349CO0000000202
111-42-2,priority_evaluation,優先評価化学物質,Priority Assessment Chemical,化学物質の審査及び製造等の規制に関する法律,Chemical Substances Control Law,NITE-CHRIP RJ_01_020 通し番号: 91,349CO0000000202
111-76-2,priority_evaluation,優先評価化学物質,Priority Assessment Chemical,化学物質の審査及び製造等の規制に関する法律,Chemical Substances Control Law,NITE-CHRIP RJ_01_020 通し番号: 109,349CO0000000202
111-86-4,priority_evaluation,優先評価化学物質,Priority Assessment Chemical,化学物質の審査及び製造等の規制に関する法律,Chemical Substances Control Law,NITE-CHRIP RJ_01_020,349CO0000000202
111-90-0,priority_evaluation,優先評価化学物質,Priority Assessment Chemical,化学物質の審査及び製造等の規制に関する法律,Chemical Substances Control Law,NITE-CHRIP RJ_01_020 通し番号: 110,349CO0000000202
1111-67-7,priority_evaluation,優先評価化学物質,Priority Assessment Chemical,化学物質の審査及び製造等の規制に関する法律,Chemical Substances Control Law,NITE-CHRIP RJ_01_020 通し番号: 286,349CO0000000202
11113-74-9,priority_evaluation,優先評価化学物質,Priority Assessment Chemical,化学物質の審査及び製造等の規制に関する法律,Chemical Substances Control Law,NITE-CHRIP RJ_01_020,349CO0000000202
11118-57-3,priority_evaluation,優先評価化学物質,Priority Assessment Chemical,化学物質の審査及び製造等の規制に関する法律,Chemical Substances Control Law,NITE-CHRIP RJ_01_020,349CO0000000202
111242-43-4,priority_evaluation,優先評価化学物質,Priority Assessment Chemical,化学物質の審査及び製造等の規制に関する法律,Chemical Substances Control Law,NITE-CHRIP RJ_01_020 通し番号: 143,349CO0000000202
111568-95-7,priority_evaluation,優先評価化学物質,Priority Assessment Chemical,化学物質の審査及び製造等の規制に関する法律,Chemical Substances Control Law,NITE-CHRIP RJ_01_020 通し番号: 143,349CO0000000202
111568-96-8,priority_evaluation,優先評価化学物質,Priority Assessment Chemical,化学物質の審査及び製造等の規制に関する法律,Chemical Substances Control Law,NITE-CHRIP RJ_01_020 通し番号: 143,349CO0000000202
111568-97-9,priority_evaluation,優先評価化学物質,Priority Assessment Chemical,化学物質の審査及び製造等の規制に関する法律,Chemical Substances Control Law,NITE-CHRIP RJ_01_020 通し番号: 143,349CO0000000202
111745-55-2,priority_evaluation,優先評価化学物質,Priority Assessment Chemical,化学物質の審査及び製造等の規制に関する法律,Chemical Substances Control Law,NITE-CHRIP RJ_01_020,349CO0000000202
1119-94-4,priority_evaluation,優先評価化学物質,Priority Assessment Chemical,化学物質の審査及び製造等の規制に関する法律,Chemical Substances Control Law,NITE-CHRIP RJ_01_020,349CO0000000202
111924-56-2,priority_evaluation,優先評価化学物質,Priority Assessment Chemical,化学物質の審査及び製造等の規制に関する法律,Chemical Substances Control Law,NITE-CHRIP RJ_01_020,349CO0000000202
111924-57-3,priority_evaluation,優先評価化学物質,Priority Assessment Chemical,化学物質の審査及び製造等の規制に関する法律,Chemical Substances Control Law,NITE-CHRIP RJ_01_020,349CO0000000202
112-00-5,priority_evaluation,優先評価化学物質,Priority Assessment Chemical,化学物質の審査及び製造等の規制に関する法律,Chemical Substances Control Law,NITE-CHRIP RJ_01_020,349CO0000000202
112-02-7,priority_evaluation,優先評価化学物質,Priority Assessment Chemical,化学物質の審査及び製造等の規制に関する法律,Chemical Substances Control Law,NITE-CHRIP RJ_01_020,349CO0000000202
112-03-8,priority_evaluation,優先評価化学物質,Priority Assessment Chemical,化学物質の審査及び製造等の規制に関する法律,Chemical Substances Control Law,NITE-CHRIP RJ_01_020,349CO0000000202
112-07-2,priority_evaluation,優先評価化学物質,Priority Assessment Chemical,化学物質の審査及び製造等の規制に関する法律,Chemical Substances Control Law,NITE-CHRIP RJ_01_020 通し番号: 118,349CO0000000202
112-18-5,priority_evaluation,優先評価化学物質,Priority Assessment Chemical,化学物質の審査及び製造等の規制に関する法律,Chemical Substances Control Law,NITE-CHRIP RJ_01_020 通し番号: 165,349CO0000000202
112-34-5,priority_evaluation,優先評価化学物質,Priority Assessment Chemical,化学物質の審査及び製造等の規制に関する法律,Chemical Substances Control Law,NITE-CHRIP RJ_01_020 通し番号: 276,349CO0000000202
112-42-5,priority_evaluation,優先評価化学物質,Priority Assessment Chemical,化学物質の審査及び製造等の規制に関する法律,Chemical Substances Control Law,NITE-CHRIP RJ_01_020,349CO0000000202
112-53-8,priority_evaluation,優先評価化学物質,Priority Assessment Chemical,化学物質の審査及び製造等の規制に関する法律,Chemical Substances Control Law,NITE-CHRIP RJ_01_020,349CO0000000202
112-70-9,priority_evaluation,優先評価化学物質,Priority Assessment Chemical,化学物質の審査及び製造等の規制に関する法律,Chemical Substances Control Law,NITE-CHRIP RJ_01_020,349CO0000000202
112-72-1,priority_evaluation,優先評価化学物質,Priority Assessment Chemical,化学物質の審査及び製造等の規制に関する法律,Chemical Substances Control Law,NITE-CHRIP RJ_01_020,349CO0000000202
112-90-3,priority_evaluation,優先評価化学物質,Priority Assessment Chemical,化学物質の審査及び製造等の規制に関する法律,Chemical Substances Control Law,NITE-CHRIP RJ_01_020,349CO0000000202
1120-01-0,priority_evaluation,優先評価化学物質,Priority Assessment Chemical,化学物質の審査及び製造等の規制に関する法律,Chemical Substances Control Law,NITE-CHRIP RJ_01_020,349CO0000000202
1120-02-1,priority_evaluation,優先評価化学物質,Priority Assessment Chemical,化学物質の審査及び製造等の規制に関する法律,Chemical Substances Control Law,NITE-CHRIP RJ_01_020,349CO0000000202
1120-04-3,priority_evaluation,優先評価化学物質,Priority Assessment Chemical,化学物質の審査及び製造等の規制に関する法律,Chemical Substances Control Law,NITE-CHRIP RJ_01_020,349CO0000000202
112004-24-7,priority_evaluation,優先評価化学物質,Priority Assessment Chemical,化学物質の審査及び製造等の規制に関する法律,Chemical Substances Control Law,NITE-CHRIP RJ_01_020 通し番号: 143,349CO0000000202
112004-25-8,priority_evaluation,優先評価化学物質,Priority Assessment Chemical,化学物質の審査及び製造等の規制に関する法律,Chemical Substances Control Law,NITE-CHRIP RJ_01_020 通し番号: 143,349CO0000000202
112077-84-6,priority_evaluation,優先評価化学物質,Priority Assessment Chemical,化学物質の審査及び製造等の規制に関する法律,Chemical Substances Control Law,NITE-CHRIP RJ_01_020,349CO0000000202
112416-88-3,priority_evaluation,優先評価化学物質,Priority Assessment Chemical,化学物質の審査及び製造等の規制に関する法律,Chemical Substances Control Law,NITE-CHRIP RJ_01_020 通し番号: 143,349CO0000000202
112416-89-4,priority_evaluation,優先評価化学物質,Priority Assessment Chemical,化学物質の審査及び製造等の規制に関する法律,Chemical Substances Control Law,NITE-CHRIP RJ_01_020 通し番号: 143,349CO0000000202
112416-90-7,priority_evaluation,優先評価化学物質,Priority Assessment Chemical,化学物質の審査及び製造等の規制に関する法律,Chemical Substances Control Law,NITE-CHRIP RJ_01_020 通し番号: 143,349CO0000000202
112874-14-3,priority_evaluation,優先評価化学物質,Priority Assessment Chemical,化学物質の審査及び製造等の規制に関する法律,Chemical Substances Control Law,NITE-CHRIP RJ_01_020 通し番号: 143,349CO0000000202
112973-88-3,priority_evaluation,優先評価化学物質,Priority Assessment Chemical,化学物質の審査及び製造等の規制に関する法律,Chemical Substances Control Law,NITE-CHRIP RJ_01_020 通し番号: 143,349CO0000000202
113133-73-6,priority_evaluation,優先評価化学物質,Priority Assessment Chemical,化学物質の審査及び製造等の規制に関する法律,Chemical Substances Control Law,NITE-CHRIP RJ_01_020,349CO0000000202
113298-92-3,priority_evaluation,優先評価化学物質,Priority Assessment Chemical,化学物質の審査及び製造等の規制に関する法律,Chemical Substances Control Law,NITE-CHRIP RJ_01_020,349CO0000000202
113609-85-1,priority_evaluation,優先評価化学物質,Priority Assessment Chemical,化学物質の審査及び製造等の規制に関する法律,Chemical Substances Control Law,NITE-CHRIP RJ_01_020,349CO0000000202
113666-64-1,priority_evaluation,優先評価化学物質,Priority Assessment Chemical,化学物質の審査及び製造等の規制に関する法律,Chemical Substances Control Law,NITE-CHRIP RJ_01_020,349CO0000000202
113920-00-6,priority_evaluation,優先評価化学物質,Priority Assessment Chemical,化学物質の審査及び製造等の規制に関する法律,Chemical Substances Control Law,NITE-CHRIP RJ_01_020 通し番号: 143,349CO0000000202
113920-01-7,priority_evaluation,優先評価化学物質,Priority Assessment Chemical,化学物質の審査及び製造等の規制に関する法律,Chemical Substances Control Law,NITE-CHRIP RJ_01_020 通し番号: 143,349CO0000000202
113976-90-2,priority_evaluation,優先評価化学物質,Priority Assessment Chemical,化学物質の審査及び製造等の規制に関する法律,Chemical Substances Control Law,NITE-CHRIP RJ_01_020,349CO0000000202
114418-07-4,priority_evaluation,優先評価化学物質,Priority Assessment Chemical,化学物質の審査及び製造等の規制に関する法律,Chemical Substances Control Law,NITE-CHRIP RJ_01_020,349CO0000000202
114656-39-2,priority_evaluation,優先評価化学物質,Priority Assessment Chemical,化学物質の審査及び製造等の規制に関する法律,Chemical Substances Control Law,NITE-CHRIP RJ_01_020,349CO0000000202
114734-28-0,priority_evaluation,優先評価化学物質,Priority Assessment Chemical,化学物質の審査及び製造等の規制に関する法律,Chemical Substances Control Law,NITE-CHRIP RJ_01_020 通し番号: 143,349CO0000000202
114734-29-1,priority_evaluation,優先評価化学物質,Priority Assessment Chemical,化学物質の審査及び製造等の規制に関する法律,Chemical Substances Control Law,NITE-CHRIP RJ_01_020 通し番号: 143,349CO0000000202
114766-14-2,priority_evaluation,優先評価化学物質,Priority Assessment Chemical,化学物質の審査及び製造等の規制に関する法律,Chemical Substances Control Law,NITE-CHRIP RJ_01_020,349CO0000000202
115135-48-3,priority_evaluation,優先評価化学物質,Priority Assessment Chemical,化学物質の審査及び製造等の規制に関する法律,Chemical Substances Control Law,NITE-CHRIP RJ_01_020 通し番号: 143,349CO0000000202
115135-49-4,priority_evaluation,優先評価化学物質,Priority Assessment Chemical,化学物質の審査及び製造等の規制に関する法律,Chemical Substances Control Law,NITE-CHRIP RJ_01_020 通し番号: 143,349CO0000000202
115135-50-7,priority_evaluation,優先評価化学物質,Priority Assessment Chemical,化学物質の審査及び製造等の規制に関する法律,Chemical Substances Control Law,NITE-CHRIP RJ_01_020 通し番号: 143,349CO0000000202
115300-71-5,priority_evaluation,優先評価化学物質,Priority Assessment Chemical,化学物質の審査及び製造等の規制に関する法律,Chemical Substances Control Law,NITE-CHRIP RJ_01_020 通し番号: 143,349CO0000000202
115477-79-7,priority_evaluation,優先評価化学物質,Priority Assessment Chemical,化学物質の審査及び製造等の規制に関する法律,Chemical Substances Control Law,NITE-CHRIP RJ_01_020 通し番号: 143,349CO0000000202
115667-95-3,priority_evaluation,優先評価化学物質,Priority Assessment Chemical,化学物質の審査及び製造等の規制に関する法律,Chemical Substances Control Law,NITE-CHRIP RJ_01_020,349CO0000000202
115968-23-5,priority_evaluation,優先評価化学物質,Priority Assessment Chemical,化学物質の審査及び製造等の規制に関する法律,Chemical Substances Control Law,NITE-CHRIP RJ_01_020 通し番号: 143,349CO0000000202
116011-11-1,priority_evaluation,優先評価化学物質,Priority Assessment Chemical,化学物質の審査及び製造等の規制に関する法律,Chemical Substances Control Law,NITE-CHRIP RJ_01_020 通し番号: 143,349CO0000000202
116011-12-2,priority_evaluation,優先評価化学物質,Priority Assessment Chemical,化学物質の審査及び製造等の規制に関する法律,Chemical Substances Control Law,NITE-CHRIP RJ_01_020 通し番号: 143,349CO0000000202
116011-13-3,priority_evaluation,優先評価化学物質,Priority Assessment Chemical,化学物質の審査及び製造等の規制に関する法律,Chemical Substances Control Law,NITE-CHRIP RJ_01_020 通し番号: 143,349CO0000000202
116011-23-5,priority_evaluation,優先評価化学物質,Priority Assessment Chemical,化学物質の審査及び製造等の規制に関する法律,Chemical Substances Control Law,NITE-CHRIP RJ_01_020 通し番号: 143,349CO0000000202
116011-24-6,priority_evaluation,優先評価化学物質,Priority Assessment Chemical,化学物質の審査及び製造等の規制に関する法律,Chemical Substances Control Law,NITE-CHRIP RJ_01_020 通し番号: 143,349CO0000000202
116183-64-3,priority_evaluation,優先評価化学物質,Priority Assessment Chemical,化学物質の審査及び製造等の規制に関する法律,Chemical Substances Control Law,NITE-CHRIP RJ_01_020,349CO0000000202
116550-87-9,priority_evaluation,優先評価化学物質,Priority Assessment Chemical,化学物質の審査及び製造等の規制に関する法律,Chemical Substances Control Law,NITE-CHRIP RJ_01_020 通し番号: 143,349CO0000000202
116550-88-0,priority_evaluation,優先評価化学物質,Priority Assessment Chemical,化学物質の審査及び製造等の規制に関する法律,Chemical Substances Control Law,NITE-CHRIP RJ_01_020 通し番号: 143,349CO0000000202
116550-89-1,priority_evaluation,優先評価化学物質,Priority Assessment Chemical,化学物質の審査及び製造等の規制に関する法律,Chemical Substances Control Law,NITE-CHRIP RJ_01_020 通し番号: 143,349CO0000000202
116552-58-0,priority_evaluation,優先評価化学物質,Priority Assessment Chemical,化学物質の審査及び製造等の規制に関する法律,Chemical Substances Control Law,NITE-CHRIP RJ_01_020 通し番号: 143,349CO0000000202
116640-81-4,priority_evaluation,優先評価化学物質,Priority Assessment Chemical,化学物質の審査及び製造等の規制に関する法律,Chemical Substances Control Law,NITE-CHRIP RJ_01_020 通し番号: 143,349CO0000000202
116640-82-5,priority_evaluation,優先評価化学物質,Priority Assessment Chemical,化学物質の審査及び製造等の規制に関する法律,Chemical Substances Control Law,NITE-CHRIP RJ_01_020 通し番号: 143,349CO0000000202
116640-83-6,priority_evaluation,優先評価化学物質,Priority Assessment Chemical,化学物質の審査及び製造等の規制に関する法律,Chemical Substances Control Law,NITE-CHRIP RJ_01_020 通し番号: 143,349CO0000000202
116810-39-0,priority_evaluation,優先評価化学物質,Priority Assessment Chemical,化学物質の審査及び製造等の規制に関する法律,Chemical Substances Control Law,NITE-CHRIP RJ_01_020,349CO0000000202
117-81-7,priority_evaluation,優先評価化学物質,Priority Assessment Chemical,化学物質の審査及び製造等の規制に関する法律,Chemical Substances Control Law,NITE-CHRIP RJ_01_020 通し番号: 66,349CO0000000202
117127-09-0,priority_evaluation,優先評価化学物質,Priority Assessment Chemical,化学物質の審査及び製造等の規制に関する法律,Chemical Substances Control Law,NITE-CHRIP RJ_01_020 通し番号: 143,349CO0000000202
117127-49-8,priority_evaluation,優先評価化学物質,Priority Assessment Chemical,化学物質の審査及び製造等の規制に関する法律,Chemical Substances Control Law,NITE-CHRIP RJ_01_020 通し番号: 143,349CO0000000202
117151-20-9,priority_evaluation,優先評価化学物質,Priority Assessment Chemical,化学物質の審査及び製造等の規制に関する法律,Chemical Substances Control Law,NITE-CHRIP RJ_01_020 通し番号: 143,349CO0000000202
117218-41-4,priority_evaluation,優先評価化学物質,Priority Assessment Chemical,化学物質の審査及び製造等の規制に関する法律,Chemical Substances Control Law,NITE-CHRIP RJ_01_020 通し番号: 143,349CO0000000202
117342-25-3,priority_evaluation,優先評価化学物質,Priority Assessment Chemical,化学物質の審査及び製造等の規制に関する法律,Chemical Substances Control Law,NITE-CHRIP RJ_01_020,349CO0000000202
1174522-27-0,priority_evaluation,優先評価化学物質,Priority Assessment Chemical,化学物質の審査及び製造等の規制に関する法律,Chemical Substances Control Law,NITE-CHRIP RJ_01_020,349CO0000000202
1174522-28-1,priority_evaluation,優先評価化学物質,Priority Assessment Chemical,化学物質の審査及び製造等の規制に関する法律,Chemical Substances Control Law,NITE-CHRIP RJ_01_020,349CO0000000202
1174522-33-8,priority_evaluation,優先評価化学物質,Priority Assessment Chemical,化学物質の審査及び製造等の規制に関する法律,Chemical Substances Control Law,NITE-CHRIP RJ_01_020,349CO0000000202
117533-43-4,priority_evaluation,優先評価化学物質,Priority Assessment Chemical,化学物質の審査及び製造等の規制に関する法律,Chemical Substances Control Law,NITE-CHRIP RJ_01_020,349CO0000000202
117596-02-8,priority_evaluation,優先評価化学物質,Priority Assessment Chemical,化学物質の審査及び製造等の規制に関する法律,Chemical Substances Control Law,NITE-CHRIP RJ_01_020 通し番号: 143,349CO0000000202
117875-77-1,priority_evaluation,優先評価化学物質,Priority Assessment Chemical,化学物質の審査及び製造等の規制に関する法律,Chemical Substances Control Law,NITE-CHRIP RJ_01_020,349CO0000000202
117944-88-4,priority_evaluation,優先評価化学物質,Priority Assessment Chemical,化学物質の審査及び製造等の規制に関する法律,Chemical Substances Control Law,NITE-CHRIP RJ_01_020 通し番号: 143,349CO0000000202
1184-66-3,priority_evaluation,優先評価化学物質,Priority Assessment Chemical,化学物質の審査及び製造等の規制に関する法律,Chemical Substances Control Law,NITE-CHRIP RJ_01_020,349CO0000000202
1184178-80-0,priority_evaluation,優先評価化学物質,Priority Assessment Chemical,化学物質の審査及び製造等の規制に関する法律,Chemical Substances Control Law,NITE-CHRIP RJ_01_020,349CO0000000202
118447-53-3,priority_evaluation,優先評価化学物質,Priority Assessment Chemical,化学物質の審査及び製造等の規制に関する法律,Chemical Substances Control Law,NITE-CHRIP RJ_01_020,349CO0000000202
118479-56-4,priority_evaluation,優先評価化学物質,Priority Assessment Chemical,化学物質の審査及び製造等の規制に関する法律,Chemical Substances Control Law,NITE-CHRIP RJ_01_020 通し番号: 143,349CO0000000202
118479-93-9,priority_evaluation,優先評価化学物質,Priority Assessment Chemical,化学物質の審査及び製造等の規制に関する法律,Chemical Substances Control Law,NITE-CHRIP RJ_01_020 通し番号: 143,349CO0000000202
118479-94-0,priority_evaluation,優先評価化学物質,Priority Assessment Chemical,化学物質の審査及び製造等の規制に関する法律,Chemical Substances Control Law,NITE-CHRIP RJ_01_020 通し番号: 143,349CO0000000202
118488-36-1,priority_evaluation,優先評価化学物質,Priority Assessment Chemical,化学物質の審査及び製造等の規制に関する法律,Chemical Substances Control Law,NITE-CHRIP RJ_01_020,349CO0000000202
118558-04-6,priority_evaluation,優先評価化学物質,Priority Assessment Chemical,化学物質の審査及び製造等の規制に関する法律,Chemical Substances Control Law,NITE-CHRIP RJ_01_020 通し番号: 143,349CO0000000202
118558-05-7,priority_evaluation,優先評価化学物質,Priority Assessment Chemical,化学物質の審査及び製造等の規制に関する法律,Chemical Substances Control Law,NITE-CHRIP RJ_01_020 通し番号: 143,349CO0000000202
118558-06-8,priority_evaluation,優先評価化学物質,Priority Assessment Chemical,化学物質の審査及び製造等の規制に関する法律,Chemical Substances Control Law,NITE-CHRIP RJ_01_020 通し番号: 143,349CO0000000202
118558-07-9,priority_evaluation,優先評価化学物質,Priority Assessment Chemical,化学物質の審査及び製造等の規制に関する法律,Chemical Substances Control Law,NITE-CHRIP RJ_01_020 通し番号: 143,349CO0000000202
118819-44-6,priority_evaluation,優先評価化学物質,Priority Assessment Chemical,化学物質の審査及び製造等の規制に関する法律,Chemical Substances Control Law,NITE-CHRIP RJ_01_020 通し番号: 143,349CO0000000202
118819-47-9,priority_evaluation,優先評価化学物質,Priority Assessment Chemical,化学物質の審査及び製造等の規制に関する法律,Chemical Substances Control Law,NITE-CHRIP RJ_01_020 通し番号: 143,349CO0000000202
118819-62-8,priority_evaluation,優先評価化学物質,Priority Assessment Chemical,化学物質の審査及び製造等の規制に関する法律,Chemical Substances Control Law,NITE-CHRIP RJ_01_020 通し番号: 143,349CO0000000202
118819-63-9,priority_evaluation,優先評価化学物質,Priority Assessment Chemical,化学物質の審査及び製造等の規制に関する法律,Chemical Substances Control Law,NITE-CHRIP RJ_01_020 通し番号: 143,349CO0000000202
118819-71-9,priority_evaluation,優先評価化学物質,Priority Assessment Chemical,化学物質の審査及び製造等の規制に関する法律,Chemical Substances Control Law,NITE-CHRIP RJ_01_020 通し番号: 143,349CO0000000202
118820-51-2,priority_evaluation,優先評価化学物質,Priority Assessment Chemical,化学物質の審査及び製造等の規制に関する法律,Chemical Substances Control Law,NITE-CHRIP RJ_01_020 通し番号: 143,349CO0000000202
1189173-46-3,priority_evaluation,優先評価化学物質,Priority Assessment Chemical,化学物質の審査及び製造等の規制に関する法律,Chemical Substances Control Law,NITE-CHRIP RJ_01_020,349CO0000000202
118956-10-8,priority_evaluation,優先評価化学物質,Priority Assessment Chemical,化学物質の審査及び製造等の規制に関する法律,Chemical Substances Control Law,NITE-CHRIP RJ_01_020 通し番号: 143,349CO0000000202
1191-50-0,priority_evaluation,優先評価化学物質,Priority Assessment Chemical,化学物質の審査及び製造等の規制に関する法律,Chemical Substances Control Law,NITE-CHRIP RJ_01_020,349CO0000000202
119345-04-9,priority_evaluation,優先評価化学物質,Priority Assessment Chemical,化学物質の審査及び製造等の規制に関する法律,Chemical Substances Control Law,NITE-CHRIP RJ_01_020,349CO0000000202
119575-29-0,priority_evaluation,優先評価化学物質,Priority Assessment Chemical,化学物質の審査及び製造等の規制に関する法律,Chemical Substances Control Law,NITE-CHRIP RJ_01_020 通し番号: 143,349CO0000000202
119659-45-9,priority_evaluation,優先評価化学物質,Priority Assessment Chemical,化学物質の審査及び製造等の規制に関する法律,Chemical Substances Control Law,NITE-CHRIP RJ_01_020,349CO0000000202
119666-80-7,priority_evaluation,優先評価化学物質,Priority Assessment Chemical,化学物質の審査及び製造等の規制に関する法律,Chemical Substances Control Law,NITE-CHRIP RJ_01_020 通し番号: 143,349CO0000000202
120-40-1,priority_evaluation,優先評価化学物質,Priority Assessment Chemical,化学物質の審査及び製造等の規制に関する法律,Chemical Substances Control Law,NITE-CHRIP RJ_01_020,349CO0000000202
120-80-9,priority_evaluation,優先評価化学物質,Priority Assessment Chemical,化学物質の審査及び製造等の規制に関する法律,Chemical Substances Control Law,NITE-CHRIP RJ_01_020 通し番号: 65,349CO0000000202
120313-48-6,priority_evaluation,優先評価化学物質,Priority Assessment Chemical,化学物質の審査及び製造等の規制に関する法律,Chemical Substances Control Law,NITE-CHRIP RJ_01_020,349CO0000000202
1205-17-0,priority_evaluation,優先評価化学物質,Priority Assessment Chemical,化学物質の審査及び製造等の規制に関する法律,Chemical Substances Control Law,NITE-CHRIP RJ_01_020 通し番号: 207,349CO0000000202
12054-48-7,priority_evaluation,優先評価化学物質,Priority Assessment Chemical,化学物質の審査及び製造等の規制に関する法律,Chemical Substances Control Law,NITE-CHRIP RJ_01_020 通し番号: 177,349CO0000000202
12070-04-1,priority_evaluation,優先評価化学物質,Priority Assessment Chemical,化学物質の審査及び製造等の規制に関する法律,Chemical Substances Control Law,NITE-CHRIP RJ_01_020 通し番号: 143,349CO0000000202
12071-27-1,priority_evaluation,優先評価化学物質,Priority Assessment Chemical,化学物質の審査及び製造等の規制に関する法律,Chemical Substances Control Law,NITE-CHRIP RJ_01_020 通し番号: 143,349CO0000000202
120968-16-3,priority_evaluation,優先評価化学物質,Priority Assessment Chemical,化学物質の審査及び製造等の規制に関する法律,Chemical Substances Control Law,NITE-CHRIP RJ_01_020,349CO0000000202
121-44-8,priority_evaluation,優先評価化学物質,Priority Assessment Chemical,化学物質の審査及び製造等の規制に関する法律,Chemical Substances Control Law,NITE-CHRIP RJ_01_020 通し番号: 190,349CO0000000202
121009-74-3,priority_evaluation,優先評価化学物質,Priority Assessment Chemical,化学物質の審査及び製造等の規制に関する法律,Chemical Substances Control Law,NITE-CHRIP RJ_01_020 通し番号: 143,349CO0000000202
12144-09-1,priority_evaluation,優先評価化学物質,Priority Assessment Chemical,化学物質の審査及び製造等の規制に関する法律,Chemical Substances Control Law,NITE-CHRIP RJ_01_020 通し番号: 143,349CO0000000202
121575-60-8,priority_evaluation,優先評価化学物質,Priority Assessment Chemical,化学物質の審査及び製造等の規制に関する法律,Chemical Substances Control Law,NITE-CHRIP RJ_01_020,349CO0000000202
121682-48-2,priority_evaluation,優先評価化学物質,Priority Assessment Chemical,化学物質の審査及び製造等の規制に関する法律,Chemical Substances Control Law,NITE-CHRIP RJ_01_020,349CO0000000202
1219016-21-3,priority_evaluation,優先評価化学物質,Priority Assessment Chemical,化学物質の審査及び製造等の規制に関する法律,Chemical Substances Control Law,NITE-CHRIP RJ_01_020,349CO0000000202
1219027-51-6,priority_evaluation,優先評価化学物質,Priority Assessment Chemical,化学物質の審査及び製造等の規制に関する法律,Chemical Substances Control Law,NITE-CHRIP RJ_01_020,349CO0000000202
122-18-9,priority_evaluation,優先評価化学物質,Priority Assessment Chemical,化学物質の審査及び製造等の規制に関する法律,Chemical Substances Control Law,NITE-CHRIP RJ_01_020,349CO0000000202
122016-02-8,priority_evaluation,優先評価化学物質,Priority Assessment Chemical,化学物質の審査及び製造等の規制に関する法律,Chemical Substances Control Law,NITE-CHRIP RJ_01_020 通し番号: 143,349CO0000000202
122119-57-7,priority_evaluation,優先評価化学物質,Priority Assessment Chemical,化学物質の審査及び製造等の規制に関する法律,Chemical Substances Control Law,NITE-CHRIP RJ_01_020,349CO0000000202
1222-05-5,priority_evaluation,優先評価化学物質,Priority Assessment Chemical,化学物質の審査及び製造等の規制に関する法律,Chemical Substances Control Law,NITE-CHRIP RJ_01_020 通し番号: 187,349CO0000000202
122211-80-7,priority_evaluation,優先評価化学物質,Priority Assessment Chemical,化学物質の審査及び製造等の規制に関する法律,Chemical Substances Control Law,NITE-CHRIP RJ_01_020,349CO0000000202
122362-52-1,priority_evaluation,優先評価化学物質,Priority Assessment Chemical,化学物質の審査及び製造等の規制に関する法律,Chemical Substances Control Law,NITE-CHRIP RJ_01_020 通し番号: 143,349CO0000000202
122362-53-2,priority_evaluation,優先評価化学物質,Priority Assessment Chemical,化学物質の審査及び製造等の規制に関する法律,Chemical Substances Control Law,NITE-CHRIP RJ_01_020 通し番号: 143,349CO0000000202
122362-73-6,priority_evaluation,優先評価化学物質,Priority Assessment Chemical,化学物質の審査及び製造等の規制に関する法律,Chemical Substances Control Law,NITE-CHRIP RJ_01_020 通し番号: 143,349CO0000000202
122526-74-3,priority_evaluation,優先評価化学物質,Priority Assessment Chemical,化学物質の審査及び製造等の規制に関する法律,Chemical Substances Control Law,NITE-CHRIP RJ_01_020 通し番号: 143,349CO0000000202
122526-75-4,priority_evaluation,優先評価化学物質,Priority Assessment Chemical,化学物質の審査及び製造等の規制に関する法律,Chemical Substances Control Law,NITE-CHRIP RJ_01_020 通し番号: 143,349CO0000000202
122573-32-4,priority_evaluation,優先評価化学物質,Priority Assessment Chemical,化学物質の審査及び製造等の規制に関する法律,Chemical Substances Control Law,NITE-CHRIP RJ_01_020 通し番号: 143,349CO0000000202
122680-66-4,priority_evaluation,優先評価化学物質,Priority Assessment Chemical,化学物質の審査及び製造等の規制に関する法律,Chemical Substances Control Law,NITE-CHRIP RJ_01_020 通し番号: 143,349CO0000000202
1226979-35-6,priority_evaluation,優先評価化学物質,Priority Assessment Chemical,化学物質の審査及び製造等の規制に関する法律,Chemical Substances Control Law,NITE-CHRIP RJ_01_020,349CO0000000202
123-17-1,priority_evaluation,優先評価化学物質,Priority Assessment Chemical,化学物質の審査及び製造等の規制に関する法律,Chemical Substances Control Law,NITE-CHRIP RJ_01_020,349CO0000000202
123-31-9,priority_evaluation,優先評価化学物質,Priority Assessment Chemical,化学物質の審査及び製造等の規制に関する法律,Chemical Substances Control Law,NITE-CHRIP RJ_01_020 通し番号: 203,349CO0000000202
123-68-2,priority_evaluation,優先評価化学物質,Priority Assessment Chemical,化学物質の審査及び製造等の規制に関する法律,Chemical Substances Control Law,NITE-CHRIP RJ_01_020 通し番号: 196,349CO0000000202
123-77-3,priority_evaluation,優先評価化学物質,Priority Assessment Chemical,化学物質の審査及び製造等の規制に関する法律,Chemical Substances Control Law,NITE-CHRIP RJ_01_020,349CO0000000202
123-91-1,priority_evaluation,優先評価化学物質,Priority Assessment Chemical,化学物質の審査及び製造等の規制に関する法律,Chemical Substances Control Law,NITE-CHRIP RJ_01_020 通し番号: 80,349CO0000000202
123010-90-2,priority_evaluation,優先評価化学物質,Priority Assessment Chemical,化学物質の審査及び製造等の規制に関する法律,Chemical Substances Control Law,NITE-CHRIP RJ_01_020 通し番号: 143,349CO0000000202
12326-86-2,priority_evaluation,優先評価化学物質,Priority Assessment Chemical,化学物質の審査及び製造等の規制に関する法律,Chemical Substances Control Law,NITE-CHRIP RJ_01_020 通し番号: 143,349CO0000000202
12327-32-1,priority_evaluation,優先評価化学物質,Priority Assessment Chemical,化学物質の審査及び製造等の規制に関する法律,Chemical Substances Control Law,NITE-CHRIP RJ_01_020 通し番号: 143,349CO0000000202
123312-54-9,priority_evaluation,優先評価化学物質,Priority Assessment Chemical,化学物質の審査及び製造等の規制に関する法律,Chemical Substances Control Law,NITE-CHRIP RJ_01_020,349CO0000000202
123610-76-4,priority_evaluation,優先評価化学物質,Priority Assessment Chemical,化学物質の審査及び製造等の規制に関する法律,Chemical Substances Control Law,NITE-CHRIP RJ_01_020 通し番号: 143,349CO0000000202
123727-73-1,priority_evaluation,優先評価化学物質,Priority Assessment Chemical,化学物質の審査及び製造等の規制に関する法律,Chemical Substances Control Law,NITE-CHRIP RJ_01_020,349CO0000000202
12385-08-9,priority_evaluation,優先評価化学物質,Priority Assessment Chemical,化学物質の審査及び製造等の規制に関する法律,Chemical Substances Control Law,NITE-CHRIP RJ_01_020,349CO0000000202
123968-91-2,priority_evaluation,優先評価化学物質,Priority Assessment Chemical,化学物質の審査及び製造等の規制に関する法律,Chemical Substances Control Law,NITE-CHRIP RJ_01_020 通し番号: 143,349CO0000000202
123968-92-3,priority_evaluation,優先評価化学物質,Priority Assessment Chemical,化学物質の審査及び製造等の規制に関する法律,Chemical Substances Control Law,NITE-CHRIP RJ_01_020 通し番号: 143,349CO0000000202
123968-93-4,priority_evaluation,優先評価化学物質,Priority Assessment Chemical,化学物質の審査及び製造等の規制に関する法律,Chemical Substances Control Law,NITE-CHRIP RJ_01_020 通し番号: 143,349CO0000000202
123968-94-5,priority_evaluation,優先評価化学物質,Priority Assessment Chemical,化学物質の審査及び製造等の規制に関する法律,Chemical Substances Control Law,NITE-CHRIP RJ_01_020 通し番号: 143,349CO0000000202
123968-95-6,priority_evaluation,優先評価化学物質,Priority Assessment Chemical,化学物質の審査及び製造等の規制に関する法律,Chemical Substances Control Law,NITE-CHRIP RJ_01_020 通し番号: 143,349CO0000000202
123968-96-7,priority_evaluation,優先評価化学物質,Priority Assessment Chemical,化学物質の審査及び製造等の規制に関する法律,Chemical Substances Control Law,NITE-CHRIP RJ_01_020 通し番号: 143,349CO0000000202
124-09-4,priority_evaluation,優先評価化学物質,Priority Assessment Chemical,化学物質の審査及び製造等の規制に関する法律,Chemical Substances Control Law,NITE-CHRIP RJ_01_020 通し番号: 290,349CO0000000202
124-22-1,priority_evaluation,優先評価化学物質,Priority Assessment Chemical,化学物質の審査及び製造等の規制に関する法律,Chemical Substances Control Law,NITE-CHRIP RJ_01_020,349CO0000000202
124-30-1,priority_evaluation,優先評価化学物質,Priority Assessment Chemical,化学物質の審査及び製造等の規制に関する法律,Chemical Substances Control Law,NITE-CHRIP RJ_01_020,349CO0000000202
124-40-3,priority_evaluation,優先評価化学物質,Priority Assessment Chemical,化学物質の審査及び製造等の規制に関する法律,Chemical Substances Control Law,NITE-CHRIP RJ_01_020 通し番号: 16,349CO0000000202
124204-70-2,priority_evaluation,優先評価化学物質,Priority Assessment Chemical,化学物質の審査及び製造等の規制に関する法律,Chemical Substances Control Law,NITE-CHRIP RJ_01_020 通し番号: 143,349CO0000000202
124204-71-3,priority_evaluation,優先評価化学物質,Priority Assessment Chemical,化学物質の審査及び製造等の規制に関する法律,Chemical Substances Control Law,NITE-CHRIP RJ_01_020 通し番号: 143,349CO0000000202
124225-51-0,priority_evaluation,優先評価化学物質,Priority Assessment Chemical,化学物質の審査及び製造等の規制に関する法律,Chemical Substances Control Law,NITE-CHRIP RJ_01_020,349CO0000000202
124229-61-4,priority_evaluation,優先評価化学物質,Priority Assessment Chemical,化学物質の審査及び製造等の規制に関する法律,Chemical Substances Control Law,NITE-CHRIP RJ_01_020 通し番号: 143,349CO0000000202
124275-52-1,priority_evaluation,優先評価化学物質,Priority Assessment Chemical,化学物質の審査及び製造等の規制に関する法律,Chemical Substances Control Law,NITE-CHRIP RJ_01_020 通し番号: 143,349CO0000000202
124347-71-3,priority_evaluation,優先評価化学物質,Priority Assessment Chemical,化学物質の審査及び製造等の規制に関する法律,Chemical Substances Control Law,NITE-CHRIP RJ_01_020,349CO0000000202
124411-37-6,priority_evaluation,優先評価化学物質,Priority Assessment Chemical,化学物質の審査及び製造等の規制に関する法律,Chemical Substances Control Law,NITE-CHRIP RJ_01_020,349CO0000000202
124508-84-5,priority_evaluation,優先評価化学物質,Priority Assessment Chemical,化学物質の審査及び製造等の規制に関する法律,Chemical Substances Control Law,NITE-CHRIP RJ_01_020,349CO0000000202
124594-15-6,priority_evaluation,優先評価化学物質,Priority Assessment Chemical,化学物質の審査及び製造等の規制に関する法律,Chemical Substances Control Law,NITE-CHRIP RJ_01_020,349CO0000000202
124616-51-9,priority_evaluation,優先評価化学物質,Priority Assessment Chemical,化学物質の審査及び製造等の規制に関する法律,Chemical Substances Control Law,NITE-CHRIP RJ_01_020,349CO0000000202
124702-95-0,priority_evaluation,優先評価化学物質,Priority Assessment Chemical,化学物質の審査及び製造等の規制に関する法律,Chemical Substances Control Law,NITE-CHRIP RJ_01_020,349CO0000000202
125005-52-9,priority_evaluation,優先評価化学物質,Priority Assessment Chemical,化学物質の審査及び製造等の規制に関する法律,Chemical Substances Control Law,NITE-CHRIP RJ_01_020,349CO0000000202
125635-82-7,priority_evaluation,優先評価化学物質,Priority Assessment Chemical,化学物質の審査及び製造等の規制に関する法律,Chemical Substances Control Law,NITE-CHRIP RJ_01_020,349CO0000000202
125736-54-1,priority_evaluation,優先評価化学物質,Priority Assessment Chemical,化学物質の審査及び製造等の規制に関する法律,Chemical Substances Control Law,NITE-CHRIP RJ_01_020,349CO0000000202
125980-08-7,priority_evaluation,優先評価化学物質,Priority Assessment Chemical,化学物質の審査及び製造等の規制に関する法律,Chemical Substances Control Law,NITE-CHRIP RJ_01_020 通し番号: 143,349CO0000000202
126-92-1,priority_evaluation,優先評価化学物質,Priority Assessment Chemical,化学物質の審査及び製造等の規制に関する法律,Chemical Substances Control Law,NITE-CHRIP RJ_01_020,349CO0000000202
126-97-6,priority_evaluation,優先評価化学物質,Priority Assessment Chemical,化学物質の審査及び製造等の規制に関する法律,Chemical Substances Control Law,NITE-CHRIP RJ_01_020,349CO0000000202
1261391-40-5,priority_evaluation,優先評価化学物質,Priority Assessment Chemical,化学物質の審査及び製造等の規制に関する法律,Chemical Substances Control Law,NITE-CHRIP RJ_01_020,349CO0000000202
1262733-15-2,priority_evaluation,優先評価化学物質,Priority Assessment Chemical,化学物質の審査及び製造等の規制に関する法律,Chemical Substances Control Law,NITE-CHRIP RJ_01_020,349CO0000000202
126283-77-0,priority_evaluation,優先評価化学物質,Priority Assessment Chemical,化学物質の審査及び製造等の規制に関する法律,Chemical Substances Control Law,NITE-CHRIP RJ_01_020 通し番号: 143,349CO0000000202
126302-72-5,priority_evaluation,優先評価化学物質,Priority Assessment Chemical,化学物質の審査及び製造等の規制に関する法律,Chemical Substances Control Law,NITE-CHRIP RJ_01_020 通し番号: 143,349CO0000000202
126414-48-0,priority_evaluation,優先評価化学物質,Priority Assessment Chemical,化学物質の審査及び製造等の規制に関する法律,Chemical Substances Control Law,NITE-CHRIP RJ_01_020 通し番号: 143,349CO0000000202
126603-77-8,priority_evaluation,優先評価化学物質,Priority Assessment Chemical,化学物質の審査及び製造等の規制に関する法律,Chemical Substances Control Law,NITE-CHRIP RJ_01_020 通し番号: 143,349CO0000000202
1266378-54-4,priority_evaluation,優先評価化学物質,Priority Assessment Chemical,化学物質の審査及び製造等の規制に関する法律,Chemical Substances Control Law,NITE-CHRIP RJ_01_020,349CO0000000202
126646-02-4,priority_evaluation,優先評価化学物質,Priority Assessment Chemical,化学物質の審査及び製造等の規制に関する法律,Chemical Substances Control Law,NITE-CHRIP RJ_01_020,349CO0000000202
1266621-29-7,priority_evaluation,優先評価化学物質,Priority Assessment Chemical,化学物質の審査及び製造等の規制に関する法律,Chemical Substances Control Law,NITE-CHRIP RJ_01_020,349CO0000000202
1266621-31-1,priority_evaluation,優先評価化学物質,Priority Assessment Chemical,化学物質の審査及び製造等の規制に関する法律,Chemical Substances Control Law,NITE-CHRIP RJ_01_020,349CO0000000202
126731-91-7,priority_evaluation,優先評価化学物質,Priority Assessment Chemical,化学物質の審査及び製造等の規制に関する法律,Chemical Substances Control Law,NITE-CHRIP RJ_01_020 通し番号: 143,349CO0000000202
126731-92-8,priority_evaluation,優先評価化学物質,Priority Assessment Chemical,化学物質の審査及び製造等の規制に関する法律,Chemical Substances Control Law,NITE-CHRIP RJ_01_020 通し番号: 143,349CO0000000202
126950-60-5,priority_evaluation,優先評価化学物質,Priority Assessment Chemical,化学物質の審査及び製造等の規制に関する法律,Chemical Substances Control Law,NITE-CHRIP RJ_01_020,349CO0000000202
127-19-5,priority_evaluation,優先評価化学物質,Priority Assessment Chemical,化学物質の審査及び製造等の規制に関する法律,Chemical Substances Control Law,NITE-CHRIP RJ_01_020 通し番号: 277,349CO0000000202
127036-24-2,priority_evaluation,優先評価化学物質,Priority Assessment Chemical,化学物質の審査及び製造等の規制に関する法律,Chemical Substances Control Law,NITE-CHRIP RJ_01_020,349CO0000000202
127162-58-7,priority_evaluation,優先評価化学物質,Priority Assessment Chemical,化学物質の審査及び製造等の規制に関する法律,Chemical Substances Control Law,NITE-CHRIP RJ_01_020,349CO0000000202
127184-52-5,priority_evaluation,優先評価化学物質,Priority Assessment Chemical,化学物質の審査及び製造等の規制に関する法律,Chemical Substances Control Law,NITE-CHRIP RJ_01_020,349CO0000000202
127560-15-0,priority_evaluation,優先評価化学物質,Priority Assessment Chemical,化学物質の審査及び製造等の規制に関する法律,Chemical Substances Control Law,NITE-CHRIP RJ_01_020,349CO0000000202
127576-01-6,priority_evaluation,優先評価化学物質,Priority Assessment Chemical,化学物質の審査及び製造等の規制に関する法律,Chemical Substances Control Law,NITE-CHRIP RJ_01_020 通し番号: 143,349CO0000000202
128-37-0,priority_evaluation,優先評価化学物質,Priority Assessment Chemical,化学物質の審査及び製造等の規制に関する法律,Chemical Substances Control Law,NITE-CHRIP RJ_01_020 通し番号: 64,349CO0000000202
128482-64-4,priority_evaluation,優先評価化学物質,Priority Assessment Chemical,化学物質の審査及び製造等の規制に関する法律,Chemical Substances Control Law,NITE-CHRIP RJ_01_020,349CO0000000202
128585-79-5,priority_evaluation,優先評価化学物質,Priority Assessment Chemical,化学物質の審査及び製造等の規制に関する法律,Chemical Substances Control Law,NITE-CHRIP RJ_01_020 通し番号: 143,349CO0000000202
128973-77-3,priority_evaluation,優先評価化学物質,Priority Assessment Chemical,化学物質の審査及び製造等の規制に関する法律,Chemical Substances Control Law,NITE-CHRIP RJ_01_020,349CO0000000202
129131-80-2,priority_evaluation,優先評価化学物質,Priority Assessment Chemical,化学物質の審査及び製造等の規制に関する法律,Chemical Substances Control Law,NITE-CHRIP RJ_01_020 通し番号: 143,349CO0000000202
129240-71-7,priority_evaluation,優先評価化学物質,Priority Assessment Chemical,化学物質の審査及び製造等の規制に関する法律,Chemical Substances Control Law,NITE-CHRIP RJ_01_020,349CO0000000202
129344-37-2,priority_evaluation,優先評価化学物質,Priority Assessment Chemical,化学物質の審査及び製造等の規制に関する法律,Chemical Substances Control Law,NITE-CHRIP RJ_01_020 通し番号: 143,349CO0000000202
129813-66-7,priority_evaluation,優先評価化学物質,Priority Assessment Chemical,化学物質の審査及び製造等の規制に関する法律,Chemical Substances Control Law,NITE-CHRIP RJ_01_020,349CO0000000202
129813-67-8,priority_evaluation,優先評価化学物質,Priority Assessment Chemical,化学物質の審査及び製造等の規制に関する法律,Chemical Substances Control Law,NITE-CHRIP RJ_01_020,349CO0000000202
129922-19-6,priority_evaluation,優先評価化学物質,Priority Assessment Chemical,化学物質の審査及び製造等の規制に関する法律,Chemical Substances Control Law,NITE-CHRIP RJ_01_020,349CO0000000202
130262-96-3,priority_evaluation,優先評価化学物質,Priority Assessment Chemical,化学物質の審査及び製造等の規制に関する法律,Chemical Substances Control Law,NITE-CHRIP RJ_01_020,349CO0000000202
130392-83-5,priority_evaluation,優先評価化学物質,Priority Assessment Chemical,化学物質の審査及び製造等の規制に関する法律,Chemical Substances Control Law,NITE-CHRIP RJ_01_020 通し番号: 143,349CO0000000202
130393-14-5,priority_evaluation,優先評価化学物質,Priority Assessment Chemical,化学物質の審査及び製造等の規制に関する法律,Chemical Substances Control Law,NITE-CHRIP RJ_01_020 通し番号: 143,349CO0000000202
13040-18-1,priority_evaluation,優先評価化学物質,Priority Assessment Chemical,化学物質の審査及び製造等の規制に関する法律,Chemical Substances Control Law,NITE-CHRIP RJ_01_020,349CO0000000202
130462-56-5,priority_evaluation,優先評価化学物質,Priority Assessment Chemical,化学物質の審査及び製造等の規制に関する法律,Chemical Substances Control Law,NITE-CHRIP RJ_01_020,349CO0000000202
130567-74-7,priority_evaluation,優先評価化学物質,Priority Assessment Chemical,化学物質の審査及び製造等の規制に関する法律,Chemical Substances Control Law,NITE-CHRIP RJ_01_020,349CO0000000202
130680-01-2,priority_evaluation,優先評価化学物質,Priority Assessment Chemical,化学物質の審査及び製造等の規制に関する法律,Chemical Substances Control Law,NITE-CHRIP RJ_01_020 通し番号: 143,349CO0000000202
130869-26-0,priority_evaluation,優先評価化学物質,Priority Assessment Chemical,化学物質の審査及び製造等の規制に関する法律,Chemical Substances Control Law,NITE-CHRIP RJ_01_020,349CO0000000202
1309-64-4,priority_evaluation,優先評価化学物質,Priority Assessment Chemical,化学物質の審査及び製造等の規制に関する法律,Chemical Substances Control Law,NITE-CHRIP RJ_01_020,349CO0000000202
130988-53-3,priority_evaluation,優先評価化学物質,Priority Assessment Chemical,化学物質の審査及び製造等の規制に関する法律,Chemical Substances Control Law,NITE-CHRIP RJ_01_020 通し番号: 143,349CO0000000202
130988-88-4,priority_evaluation,優先評価化学物質,Priority Assessment Chemical,化学物質の審査及び製造等の規制に関する法律,Chemical Substances Control Law,NITE-CHRIP RJ_01_020 通し番号: 143,349CO0000000202
130988-89-5,priority_evaluation,優先評価化学物質,Priority Assessment Chemical,化学物質の審査及び製造等の規制に関する法律,Chemical Substances Control Law,NITE-CHRIP RJ_01_020 通し番号: 143,349CO0000000202
131047-39-7,priority_evaluation,優先評価化学物質,Priority Assessment Chemical,化学物質の審査及び製造等の規制に関する法律,Chemical Substances Control Law,NITE-CHRIP RJ_01_020 通し番号: 143,349CO0000000202
131047-40-0,priority_evaluation,優先評価化学物質,Priority Assessment Chemical,化学物質の審査及び製造等の規制に関する法律,Chemical Substances Control Law,NITE-CHRIP RJ_01_020 通し番号: 143,349CO0000000202
131047-41-1,priority_evaluation,優先評価化学物質,Priority Assessment Chemical,化学物質の審査及び製造等の規制に関する法律,Chemical Substances Control Law,NITE-CHRIP RJ_01_020 通し番号: 143,349CO0000000202
13177-52-1,priority_evaluation,優先評価化学物質,Priority Assessment Chemical,化学物質の審査及び製造等の規制に関する法律,Chemical Substances Control Law,NITE-CHRIP RJ_01_020,349CO0000000202
13188-60-8,priority_evaluation,優先評価化学物質,Priority Assessment Chemical,化学物質の審査及び製造等の規制に関する法律,Chemical Substances Control Law,NITE-CHRIP RJ_01_020,349CO0000000202
1319-77-3,priority_evaluation,優先評価化学物質,Priority Assessment Chemical,化学物質の審査及び製造等の規制に関する法律,Chemical Substances Control Law,NITE-CHRIP RJ_01_020 通し番号: 156,349CO0000000202
13197-76-7,priority_evaluation,優先評価化学物質,Priority Assessment Chemical,化学物質の審査及び製造等の規制に関する法律,Chemical Substances Control Law,NITE-CHRIP RJ_01_020,349CO0000000202
132002-60-9,priority_evaluation,優先評価化学物質,Priority Assessment Chemical,化学物質の審査及び製造等の規制に関する法律,Chemical Substances Control Law,NITE-CHRIP RJ_01_020 通し番号: 143,349CO0000000202
132147-88-7,priority_evaluation,優先評価化学物質,Priority Assessment Chemical,化学物質の審査及び製造等の規制に関する法律,Chemical Substances Control Law,NITE-CHRIP RJ_01_020,349CO0000000202
1322-98-1,priority_evaluation,優先評価化学物質,Priority Assessment Chemical,化学物質の審査及び製造等の規制に関する法律,Chemical Substances Control Law,NITE-CHRIP RJ_01_020,349CO0000000202
132238-97-2,priority_evaluation,優先評価化学物質,Priority Assessment Chemical,化学物質の審査及び製造等の規制に関する法律,Chemical Substances Control Law,NITE-CHRIP RJ_01_020 通し番号: 143,349CO0000000202
132266-12-7,priority_evaluation,優先評価化学物質,Priority Assessment Chemical,化学物質の審査及び製造等の規制に関する法律,Chemical Substances Control Law,NITE-CHRIP RJ_01_020 通し番号: 143,349CO0000000202
132266-13-8,priority_evaluation,優先評価化学物質,Priority Assessment Chemical,化学物質の審査及び製造等の規制に関する法律,Chemical Substances Control Law,NITE-CHRIP RJ_01_020 通し番号: 143,349CO0000000202
132266-48-9,priority_evaluation,優先評価化学物質,Priority Assessment Chemical,化学物質の審査及び製造等の規制に関する法律,Chemical Substances Control Law,NITE-CHRIP RJ_01_020 通し番号: 143,349CO0000000202
13235-36-4,priority_evaluation,優先評価化学物質,Priority Assessment Chemical,化学物質の審査及び製造等の規制に関する法律,Chemical Substances Control Law,NITE-CHRIP RJ_01_020,349CO0000000202
13255-48-6,priority_evaluation,優先評価化学物質,Priority Assessment Chemical,化学物質の審査及び製造等の規制に関する法律,Chemical Substances Control Law,NITE-CHRIP RJ_01_020,349CO0000000202
1327-33-9,priority_evaluation,優先評価化学物質,Priority Assessment Chemical,化学物質の審査及び製造等の規制に関する法律,Chemical Substances Control Law,NITE-CHRIP RJ_01_020,349CO0000000202
132778-08-6,priority_evaluation,優先評価化学物質,Priority Assessment Chemical,化学物質の審査及び製造等の規制に関する法律,Chemical Substances Control Law,NITE-CHRIP RJ_01_020,349CO0000000202
13282-70-7,priority_evaluation,優先評価化学物質,Priority Assessment Chemical,化学物質の審査及び製造等の規制に関する法律,Chemical Substances Control Law,NITE-CHRIP RJ_01_020,349CO0000000202
1330-20-7,priority_evaluation,優先評価化学物質,Priority Assessment Chemical,化学物質の審査及び製造等の規制に関する法律,Chemical Substances Control Law,NITE-CHRIP RJ_01_020 通し番号: 125,349CO0000000202
1330-78-5,priority_evaluation,優先評価化学物質,Priority Assessment Chemical,化学物質の審査及び製造等の規制に関する法律,Chemical Substances Control Law,NITE-CHRIP RJ_01_020 通し番号: 219,349CO0000000202
1331-61-9,priority_evaluation,優先評価化学物質,Priority Assessment Chemical,化学物質の審査及び製造等の規制に関する法律,Chemical Substances Control Law,NITE-CHRIP RJ_01_020,349CO0000000202
133211-22-0,priority_evaluation,優先評価化学物質,Priority Assessment Chemical,化学物質の審査及び製造等の規制に関する法律,Chemical Substances Control Law,NITE-CHRIP RJ_01_020,349CO0000000202
133211-23-1,priority_evaluation,優先評価化学物質,Priority Assessment Chemical,化学物質の審査及び製造等の規制に関する法律,Chemical Substances Control Law,NITE-CHRIP RJ_01_020,349CO0000000202
133211-24-2,priority_evaluation,優先評価化学物質,Priority Assessment Chemical,化学物質の審査及び製造等の規制に関する法律,Chemical Substances Control Law,NITE-CHRIP RJ_01_020,349CO0000000202
133211-25-3,priority_evaluation,優先評価化学物質,Priority Assessment Chemical,化学物質の審査及び製造等の規制に関する法律,Chemical Substances Control Law,NITE-CHRIP RJ_01_020,349CO0000000202
1333-82-0,priority_evaluation,優先評価化学物質,Priority Assessment Chemical,化学物質の審査及び製造等の規制に関する法律,Chemical Substances Control Law,NITE-CHRIP RJ_01_020,349CO0000000202
13393-71-0,priority_evaluation,優先評価化学物質,Priority Assessment Chemical,化学物質の審査及び製造等の規制に関する法律,Chemical Substances Control Law,NITE-CHRIP RJ_01_020,349CO0000000202
134016-39-0,priority_evaluation,優先評価化学物質,Priority Assessment Chemical,化学物質の審査及び製造等の規制に関する法律,Chemical Substances Control Law,NITE-CHRIP RJ_01_020,349CO0000000202
13419-31-3,priority_evaluation,優先評価化学物質,Priority Assessment Chemical,化学物質の審査及び製造等の規制に関する法律,Chemical Substances Control Law,NITE-CHRIP RJ_01_020,349CO0000000202
13419-61-9,priority_evaluation,優先評価化学物質,Priority Assessment Chemical,化学物質の審査及び製造等の規制に関する法律,Chemical Substances Control Law,NITE-CHRIP RJ_01_020,349CO0000000202
13427-63-9,priority_evaluation,優先評価化学物質,Priority Assessment Chemical,化学物質の審査及び製造等の規制に関する法律,Chemical Substances Control Law,NITE-CHRIP RJ_01_020,349CO0000000202
13429-27-1,priority_evaluation,優先評価化学物質,Priority Assessment Chemical,化学物質の審査及び製造等の規制に関する法律,Chemical Substances Control Law,NITE-CHRIP RJ_01_020,349CO0000000202
13435-20-6,priority_evaluation,優先評価化学物質,Priority Assessment Chemical,化学物質の審査及び製造等の規制に関する法律,Chemical Substances Control Law,NITE-CHRIP RJ_01_020,349CO0000000202
134579-07-0,priority_evaluation,優先評価化学物質,Priority Assessment Chemical,化学物質の審査及び製造等の規制に関する法律,Chemical Substances Control Law,NITE-CHRIP RJ_01_020,349CO0000000202
13463-41-7,priority_evaluation,優先評価化学物質,Priority Assessment Chemical,化学物質の審査及び製造等の規制に関する法律,Chemical Substances Control Law,NITE-CHRIP RJ_01_020,349CO0000000202
13464-80-7,priority_evaluation,優先評価化学物質,Priority Assessment Chemical,化学物質の審査及び製造等の規制に関する法律,Chemical Substances Control Law,NITE-CHRIP RJ_01_020,349CO0000000202
13464-97-6,priority_evaluation,優先評価化学物質,Priority Assessment Chemical,化学物質の審査及び製造等の規制に関する法律,Chemical Substances Control Law,NITE-CHRIP RJ_01_020,349CO0000000202
13464-98-7,priority_evaluation,優先評価化学物質,Priority Assessment Chemical,化学物質の審査及び製造等の規制に関する法律,Chemical Substances Control Law,NITE-CHRIP RJ_01_020,349CO0000000202
13475-82-6,priority_evaluation,優先評価化学物質,Priority Assessment Chemical,化学物質の審査及び製造等の規制に関する法律,Chemical Substances Control Law,NITE-CHRIP RJ_01_020 通し番号: 212,349CO0000000202
134766-55-5,priority_evaluation,優先評価化学物質,Priority Assessment Chemical,化学物質の審査及び製造等の規制に関する法律,Chemical Substances Control Law,NITE-CHRIP RJ_01_020,349CO0000000202
134958-13-7,priority_evaluation,優先評価化学物質,Priority Assessment Chemical,化学物質の審査及び製造等の規制に関する法律,Chemical Substances Control Law,NITE-CHRIP RJ_01_020,349CO0000000202
134958-14-8,priority_evaluation,優先評価化学物質,Priority Assessment Chemical,化学物質の審査及び製造等の規制に関する法律,Chemical Substances Control Law,NITE-CHRIP RJ_01_020,349CO0000000202
13502-12-0,priority_evaluation,優先評価化学物質,Priority Assessment Chemical,化学物質の審査及び製造等の規制に関する法律,Chemical Substances Control Law,NITE-CHRIP RJ_01_020,349CO0000000202
13502-13-1,priority_evaluation,優先評価化学物質,Priority Assessment Chemical,化学物質の審査及び製造等の規制に関する法律,Chemical Substances Control Law,NITE-CHRIP RJ_01_020,349CO0000000202
13502-15-3,priority_evaluation,優先評価化学物質,Priority Assessment Chemical,化学物質の審査及び製造等の規制に関する法律,Chemical Substances Control Law,NITE-CHRIP RJ_01_020,349CO0000000202
13502-20-0,priority_evaluation,優先評価化学物質,Priority Assessment Chemical,化学物質の審査及び製造等の規制に関する法律,Chemical Substances Control Law,NITE-CHRIP RJ_01_020,349CO0000000202
13513-23-0,priority_evaluation,優先評価化学物質,Priority Assessment Chemical,化学物質の審査及び製造等の規制に関する法律,Chemical Substances Control Law,NITE-CHRIP RJ_01_020,349CO0000000202
13513-24-1,priority_evaluation,優先評価化学物質,Priority Assessment Chemical,化学物質の審査及び製造等の規制に関する法律,Chemical Substances Control Law,NITE-CHRIP RJ_01_020,349CO0000000202
13513-36-5,priority_evaluation,優先評価化学物質,Priority Assessment Chemical,化学物質の審査及び製造等の規制に関する法律,Chemical Substances Control Law,NITE-CHRIP RJ_01_020,349CO0000000202
13513-40-1,priority_evaluation,優先評価化学物質,Priority Assessment Chemical,化学物質の審査及び製造等の規制に関する法律,Chemical Substances Control Law,NITE-CHRIP RJ_01_020,349CO0000000202
13513-47-8,priority_evaluation,優先評価化学物質,Priority Assessment Chemical,化学物質の審査及び製造等の規制に関する法律,Chemical Substances Control Law,NITE-CHRIP RJ_01_020,349CO0000000202
135141-21-8,priority_evaluation,優先評価化学物質,Priority Assessment Chemical,化学物質の審査及び製造等の規制に関する法律,Chemical Substances Control Law,NITE-CHRIP RJ_01_020 通し番号: 143,349CO0000000202
13520-92-8,priority_evaluation,優先評価化学物質,Priority Assessment Chemical,化学物質の審査及び製造等の規制に関する法律,Chemical Substances Control Law,NITE-CHRIP RJ_01_020,349CO0000000202
13537-45-6,priority_evaluation,優先評価化学物質,Priority Assessment Chemical,化学物質の審査及び製造等の規制に関する法律,Chemical Substances Control Law,NITE-CHRIP RJ_01_020,349CO0000000202
135454-69-2,priority_evaluation,優先評価化学物質,Priority Assessment Chemical,化学物質の審査及び製造等の規制に関する法律,Chemical Substances Control Law,NITE-CHRIP RJ_01_020,349CO0000000202
136-26-5,priority_evaluation,優先評価化学物質,Priority Assessment Chemical,化学物質の審査及び製造等の規制に関する法律,Chemical Substances Control Law,NITE-CHRIP RJ_01_020,349CO0000000202
13623-06-8,priority_evaluation,優先評価化学物質,Priority Assessment Chemical,化学物質の審査及び製造等の規制に関する法律,Chemical Substances Control Law,NITE-CHRIP RJ_01_020,349CO0000000202
136233-94-8,priority_evaluation,優先評価化学物質,Priority Assessment Chemical,化学物質の審査及び製造等の規制に関する法律,Chemical Substances Control Law,NITE-CHRIP RJ_01_020,349CO0000000202
137008-30-1,priority_evaluation,優先評価化学物質,Priority Assessment Chemical,化学物質の審査及び製造等の規制に関する法律,Chemical Substances Control Law,NITE-CHRIP RJ_01_020,349CO0000000202
137008-38-9,priority_evaluation,優先評価化学物質,Priority Assessment Chemical,化学物質の審査及び製造等の規制に関する法律,Chemical Substances Control Law,NITE-CHRIP RJ_01_020,349CO0000000202
137083-44-4,priority_evaluation,優先評価化学物質,Priority Assessment Chemical,化学物質の審査及び製造等の規制に関する法律,Chemical Substances Control Law,NITE-CHRIP RJ_01_020 通し番号: 143,349CO0000000202
13710-39-9,priority_evaluation,優先評価化学物質,Priority Assessment Chemical,化学物質の審査及び製造等の規制に関する法律,Chemical Substances Control Law,NITE-CHRIP RJ_01_020,349CO0000000202
137142-59-7,priority_evaluation,優先評価化学物質,Priority Assessment Chemical,化学物質の審査及び製造等の規制に関する法律,Chemical Substances Control Law,NITE-CHRIP RJ_01_020,349CO0000000202
137142-60-0,priority_evaluation,優先評価化学物質,Priority Assessment Chemical,化学物質の審査及び製造等の規制に関する法律,Chemical Substances Control Law,NITE-CHRIP RJ_01_020,349CO0000000202
137142-63-3,priority_evaluation,優先評価化学物質,Priority Assessment Chemical,化学物質の審査及び製造等の規制に関する法律,Chemical Substances Control Law,NITE-CHRIP RJ_01_020,349CO0000000202
13732-62-2,priority_evaluation,優先評価化学物質,Priority Assessment Chemical,化学物質の審査及び製造等の規制に関する法律,Chemical Substances Control Law,NITE-CHRIP RJ_01_020,349CO0000000202
137321-78-9,priority_evaluation,優先評価化学物質,Priority Assessment Chemical,化学物質の審査及び製造等の規制に関する法律,Chemical Substances Control Law,NITE-CHRIP RJ_01_020,349CO0000000202
137324-08-4,priority_evaluation,優先評価化学物質,Priority Assessment Chemical,化学物質の審査及び製造等の規制に関する法律,Chemical Substances Control Law,NITE-CHRIP RJ_01_020,349CO0000000202
13770-89-3,priority_evaluation,優先評価化学物質,Priority Assessment Chemical,化学物質の審査及び製造等の規制に関する法律,Chemical Substances Control Law,NITE-CHRIP RJ_01_020 通し番号: 146,349CO0000000202
13775-80-9,priority_evaluation,優先評価化学物質,Priority Assessment Chemical,化学物質の審査及び製造等の規制に関する法律,Chemical Substances Control Law,NITE-CHRIP RJ_01_020,349CO0000000202
1379525-85-5,priority_evaluation,優先評価化学物質,Priority Assessment Chemical,化学物質の審査及び製造等の規制に関する法律,Chemical Substances Control Law,NITE-CHRIP RJ_01_020,349CO0000000202
13812-39-0,priority_evaluation,優先評価化学物質,Priority Assessment Chemical,化学物質の審査及び製造等の規制に関する法律,Chemical Substances Control Law,NITE-CHRIP RJ_01_020,349CO0000000202
13842-46-1,priority_evaluation,優先評価化学物質,Priority Assessment Chemical,化学物質の審査及び製造等の規制に関する法律,Chemical Substances Control Law,NITE-CHRIP RJ_01_020,349CO0000000202
13848-60-7,priority_evaluation,優先評価化学物質,Priority Assessment Chemical,化学物質の審査及び製造等の規制に関する法律,Chemical Substances Control Law,NITE-CHRIP RJ_01_020,349CO0000000202
13893-34-0,priority_evaluation,優先評価化学物質,Priority Assessment Chemical,化学物質の審査及び製造等の規制に関する法律,Chemical Substances Control Law,NITE-CHRIP RJ_01_020,349CO0000000202
13895-77-7,priority_evaluation,優先評価化学物質,Priority Assessment Chemical,化学物質の審査及び製造等の規制に関する法律,Chemical Substances Control Law,NITE-CHRIP RJ_01_020,349CO0000000202
139-07-1,priority_evaluation,優先評価化学物質,Priority Assessment Chemical,化学物質の審査及び製造等の規制に関する法律,Chemical Substances Control Law,NITE-CHRIP RJ_01_020,349CO0000000202
139-08-2,priority_evaluation,優先評価化学物質,Priority Assessment Chemical,化学物質の審査及び製造等の規制に関する法律,Chemical Substances Control Law,NITE-CHRIP RJ_01_020,349CO0000000202
139-33-3,priority_evaluation,優先評価化学物質,Priority Assessment Chemical,化学物質の審査及び製造等の規制に関する法律,Chemical Substances Control Law,NITE-CHRIP RJ_01_020,349CO0000000202
139-88-8,priority_evaluation,優先評価化学物質,Priority Assessment Chemical,化学物質の審査及び製造等の規制に関する法律,Chemical Substances Control Law,NITE-CHRIP RJ_01_020,349CO0000000202
139-96-8,priority_evaluation,優先評価化学物質,Priority Assessment Chemical,化学物質の審査及び製造等の規制に関する法律,Chemical Substances Control Law,NITE-CHRIP RJ_01_020,349CO0000000202
13961-86-9,priority_evaluation,優先評価化学物質,Priority Assessment Chemical,化学物質の審査及び製造等の規制に関する法律,Chemical Substances Control Law,NITE-CHRIP RJ_01_020,349CO0000000202
139657-01-5,priority_evaluation,優先評価化学物質,Priority Assessment Chemical,化学物質の審査及び製造等の規制に関する法律,Chemical Substances Control Law,NITE-CHRIP RJ_01_020,349CO0000000202
140-66-9,priority_evaluation,優先評価化学物質,Priority Assessment Chemical,化学物質の審査及び製造等の規制に関する法律,Chemical Substances Control Law,NITE-CHRIP RJ_01_020 通し番号: 157,349CO0000000202
140-88-5,priority_evaluation,優先評価化学物質,Priority Assessment Chemical,化学物質の審査及び製造等の規制に関する法律,Chemical Substances Control Law,NITE-CHRIP RJ_01_020 通し番号: 32,349CO0000000202
14011-37-1,priority_evaluation,優先評価化学物質,Priority Assessment Chemical,化学物質の審査及び製造等の規制に関する法律,Chemical Substances Control Law,NITE-CHRIP RJ_01_020,349CO0000000202
14047-60-0,priority_evaluation,優先評価化学物質,Priority Assessment Chemical,化学物質の審査及び製造等の規制に関する法律,Chemical Substances Control Law,NITE-CHRIP RJ_01_020,349CO0000000202
140632-83-3,priority_evaluation,優先評価化学物質,Priority Assessment Chemical,化学物質の審査及び製造等の規制に関する法律,Chemical Substances Control Law,NITE-CHRIP RJ_01_020,349CO0000000202
141-43-5,priority_evaluation,優先評価化学物質,Priority Assessment Chemical,化学物質の審査及び製造等の規制に関する法律,Chemical Substances Control Law,NITE-CHRIP RJ_01_020 通し番号: 107,349CO0000000202
141-78-6,priority_evaluation,優先評価化学物質,Priority Assessment Chemical,化学物質の審査及び製造等の規制に関する法律,Chemical Substances Control Law,NITE-CHRIP RJ_01_020 通し番号: 278,349CO0000000202
141239-87-4,priority_evaluation,優先評価化学物質,Priority Assessment Chemical,化学物質の審査及び製造等の規制に関する法律,Chemical Substances Control Law,NITE-CHRIP RJ_01_020,349CO0000000202
141239-88-5,priority_evaluation,優先評価化学物質,Priority Assessment Chemical,化学物質の審査及び製造等の規制に関する法律,Chemical Substances Control Law,NITE-CHRIP RJ_01_020,349CO0000000202
141456-72-6,priority_evaluation,優先評価化学物質,Priority Assessment Chemical,化学物質の審査及び製造等の規制に関する法律,Chemical Substances Control Law,NITE-CHRIP RJ_01_020,349CO0000000202
14190-16-0,priority_evaluation,優先評価化学物質,Priority Assessment Chemical,化学物質の審査及び製造等の規制に関する法律,Chemical Substances Control Law,NITE-CHRIP RJ_01_020,349CO0000000202
142-04-1,priority_evaluation,優先評価化学物質,Priority Assessment Chemical,化学物質の審査及び製造等の規制に関する法律,Chemical Substances Control Law,NITE-CHRIP RJ_01_020,349CO0000000202
142-19-8,priority_evaluation,優先評価化学物質,Priority Assessment Chemical,化学物質の審査及び製造等の規制に関する法律,Chemical Substances Control Law,NITE-CHRIP RJ_01_020 通し番号: 151,349CO0000000202
142-31-4,priority_evaluation,優先評価化学物質,Priority Assessment Chemical,化学物質の審査及び製造等の規制に関する法律,Chemical Substances Control Law,NITE-CHRIP RJ_01_020,349CO0000000202
142-87-0,priority_evaluation,優先評価化学物質,Priority Assessment Chemical,化学物質の審査及び製造等の規制に関する法律,Chemical Substances Control Law,NITE-CHRIP RJ_01_020,349CO0000000202
14250-80-7,priority_evaluation,優先評価化学物質,Priority Assessment Chemical,化学物質の審査及び製造等の規制に関する法律,Chemical Substances Control Law,NITE-CHRIP RJ_01_020,349CO0000000202
142696-64-8,priority_evaluation,優先評価化学物質,Priority Assessment Chemical,化学物質の審査及び製造等の規制に関する法律,Chemical Substances Control Law,NITE-CHRIP RJ_01_020,349CO0000000202
143-00-0,priority_evaluation,優先評価化学物質,Priority Assessment Chemical,化学物質の審査及び製造等の規制に関する法律,Chemical Substances Control Law,NITE-CHRIP RJ_01_020,349CO0000000202
143-18-0,priority_evaluation,優先評価化学物質,Priority Assessment Chemical,化学物質の審査及び製造等の規制に関する法律,Chemical Substances Control Law,NITE-CHRIP RJ_01_020,349CO0000000202
143-19-1,priority_evaluation,優先評価化学物質,Priority Assessment Chemical,化学物質の審査及び製造等の規制に関する法律,Chemical Substances Control Law,NITE-CHRIP RJ_01_020,349CO0000000202
143-27-1,priority_evaluation,優先評価化学物質,Priority Assessment Chemical,化学物質の審査及び製造等の規制に関する法律,Chemical Substances Control Law,NITE-CHRIP RJ_01_020,349CO0000000202
143-33-9,priority_evaluation,優先評価化学物質,Priority Assessment Chemical,化学物質の審査及び製造等の規制に関する法律,Chemical Substances Control Law,NITE-CHRIP RJ_01_020 通し番号: 192,349CO0000000202
14351-50-9,priority_evaluation,優先評価化学物質,Priority Assessment Chemical,化学物質の審査及び製造等の規制に関する法律,Chemical Substances Control Law,NITE-CHRIP RJ_01_020,349CO0000000202
14356-33-3,priority_evaluation,優先評価化学物質,Priority Assessment Chemical,化学物質の審査及び製造等の規制に関する法律,Chemical Substances Control Law,NITE-CHRIP RJ_01_020,349CO0000000202
14356-40-2,priority_evaluation,優先評価化学物質,Priority Assessment Chemical,化学物質の審査及び製造等の規制に関する法律,Chemical Substances Control Law,NITE-CHRIP RJ_01_020,349CO0000000202
1437281-03-2,priority_evaluation,優先評価化学物質,Priority Assessment Chemical,化学物質の審査及び製造等の規制に関する法律,Chemical Substances Control Law,NITE-CHRIP RJ_01_020,349CO0000000202
14402-30-3,priority_evaluation,優先評価化学物質,Priority Assessment Chemical,化学物質の審査及び製造等の規制に関する法律,Chemical Substances Control Law,NITE-CHRIP RJ_01_020,349CO0000000202
14426-21-2,priority_evaluation,優先評価化学物質,Priority Assessment Chemical,化学物質の審査及び製造等の規制に関する法律,Chemical Substances Control Law,NITE-CHRIP RJ_01_020,349CO0000000202
14499-84-4,priority_evaluation,優先評価化学物質,Priority Assessment Chemical,化学物質の審査及び製造等の規制に関する法律,Chemical Substances Control Law,NITE-CHRIP RJ_01_020,349CO0000000202
14613-32-2,priority_evaluation,優先評価化学物質,Priority Assessment Chemical,化学物質の審査及び製造等の規制に関する法律,Chemical Substances Control Law,NITE-CHRIP RJ_01_020,349CO0000000202
146222-26-6,priority_evaluation,優先評価化学物質,Priority Assessment Chemical,化学物質の審査及び製造等の規制に関する法律,Chemical Substances Control Law,NITE-CHRIP RJ_01_020,349CO0000000202
146985-74-2,priority_evaluation,優先評価化学物質,Priority Assessment Chemical,化学物質の審査及び製造等の規制に関する法律,Chemical Substances Control Law,NITE-CHRIP RJ_01_020,349CO0000000202
1471-93-8,priority_evaluation,優先評価化学物質,Priority Assessment Chemical,化学物質の審査及び製造等の規制に関する法律,Chemical Substances Control Law,NITE-CHRIP RJ_01_020,349CO0000000202
147228-81-7,priority_evaluation,優先評価化学物質,Priority Assessment Chemical,化学物質の審査及び製造等の規制に関する法律,Chemical Substances Control Law,NITE-CHRIP RJ_01_020,349CO0000000202
14806-72-5,priority_evaluation,優先評価化学物質,Priority Assessment Chemical,化学物質の審査及び製造等の規制に関する法律,Chemical Substances Control Law,NITE-CHRIP RJ_01_020,349CO0000000202
14860-53-8,priority_evaluation,優先評価化学物質,Priority Assessment Chemical,化学物質の審査及び製造等の規制に関する法律,Chemical Substances Control Law,NITE-CHRIP RJ_01_020,349CO0000000202
148766-44-3,priority_evaluation,優先評価化学物質,Priority Assessment Chemical,化学物質の審査及び製造等の規制に関する法律,Chemical Substances Control Law,NITE-CHRIP RJ_01_020,349CO0000000202
148788-55-0,priority_evaluation,優先評価化学物質,Priority Assessment Chemical,化学物質の審査及び製造等の規制に関する法律,Chemical Substances Control Law,NITE-CHRIP RJ_01_020,349CO0000000202
148812-65-1,priority_evaluation,優先評価化学物質,Priority Assessment Chemical,化学物質の審査及び製造等の規制に関する法律,Chemical Substances Control Law,NITE-CHRIP RJ_01_020,349CO0000000202
14901-07-6,priority_evaluation,優先評価化学物質,Priority Assessment Chemical,化学物質の審査及び製造等の規制に関する法律,Chemical Substances Control Law,NITE-CHRIP RJ_01_020,349CO0000000202
14912-86-8,priority_evaluation,優先評価化学物質,Priority Assessment Chemical,化学物質の審査及び製造等の規制に関する法律,Chemical Substances Control Law,NITE-CHRIP RJ_01_020,349CO0000000202
14915-37-8,priority_evaluation,優先評価化学物質,Priority Assessment Chemical,化学物質の審査及び製造等の規制に関する法律,Chemical Substances Control Law,NITE-CHRIP RJ_01_020 通し番号: 84,349CO0000000202
14999-75-8,priority_evaluation,優先評価化学物質,Priority Assessment Chemical,化学物質の審査及び製造等の規制に関する法律,Chemical Substances Control Law,NITE-CHRIP RJ_01_020,349CO0000000202
150-38-9,priority_evaluation,優先評価化学物質,Priority Assessment Chemical,化学物質の審査及び製造等の規制に関する法律,Chemical Substances Control Law,NITE-CHRIP RJ_01_020,349CO0000000202
15015-81-3,priority_evaluation,優先評価化学物質,Priority Assessment Chemical,化学物質の審査及び製造等の規制に関する法律,Chemical Substances Control Law,NITE-CHRIP RJ_01_020,349CO0000000202
150413-26-6,priority_evaluation,優先評価化学物質,Priority Assessment Chemical,化学物質の審査及び製造等の規制に関する法律,Chemical Substances Control Law,NITE-CHRIP RJ_01_020,349CO0000000202
151-21-3,priority_evaluation,優先評価化学物質,Priority Assessment Chemical,化学物質の審査及び製造等の規制に関する法律,Chemical Substances Control Law,NITE-CHRIP RJ_01_020,349CO0000000202
15163-46-9,priority_evaluation,優先評価化学物質,Priority Assessment Chemical,化学物質の審査及び製造等の規制に関する法律,Chemical Substances Control Law,NITE-CHRIP RJ_01_020,349CO0000000202
151820-17-6,priority_evaluation,優先評価化学物質,Priority Assessment Chemical,化学物質の審査及び製造等の規制に関する法律,Chemical Substances Control Law,NITE-CHRIP RJ_01_020,349CO0000000202
152231-44-2,priority_evaluation,優先評価化学物質,Priority Assessment Chemical,化学物質の審査及び製造等の規制に関する法律,Chemical Substances Control Law,NITE-CHRIP RJ_01_020,349CO0000000202
1541-67-9,priority_evaluation,優先評価化学物質,Priority Assessment Chemical,化学物質の審査及び製造等の規制に関する法律,Chemical Substances Control Law,NITE-CHRIP RJ_01_020,349CO0000000202
154518-36-2,priority_evaluation,優先評価化学物質,Priority Assessment Chemical,化学物質の審査及び製造等の規制に関する法律,Chemical Substances Control Law,NITE-CHRIP RJ_01_020,349CO0000000202
15461-27-5,priority_evaluation,優先評価化学物質,Priority Assessment Chemical,化学物質の審査及び製造等の規制に関する法律,Chemical Substances Control Law,NITE-CHRIP RJ_01_020,349CO0000000202
15467-20-6,priority_evaluation,優先評価化学物質,Priority Assessment Chemical,化学物質の審査及び製造等の規制に関する法律,Chemical Substances Control Law,NITE-CHRIP RJ_01_020,349CO0000000202
15520-05-5,priority_evaluation,優先評価化学物質,Priority Assessment Chemical,化学物質の審査及び製造等の規制に関する法律,Chemical Substances Control Law,NITE-CHRIP RJ_01_020,349CO0000000202
155238-31-6,priority_evaluation,優先評価化学物質,Priority Assessment Chemical,化学物質の審査及び製造等の規制に関する法律,Chemical Substances Control Law,NITE-CHRIP RJ_01_020,349CO0000000202
15525-13-0,priority_evaluation,優先評価化学物質,Priority Assessment Chemical,化学物質の審査及び製造等の規制に関する法律,Chemical Substances Control Law,NITE-CHRIP RJ_01_020,349CO0000000202
15535-10-1,priority_evaluation,優先評価化学物質,Priority Assessment Chemical,化学物質の審査及び製造等の規制に関する法律,Chemical Substances Control Law,NITE-CHRIP RJ_01_020,349CO0000000202
15535-29-2,priority_evaluation,優先評価化学物質,Priority Assessment Chemical,化学物質の審査及び製造等の規制に関する法律,Chemical Substances Control Law,NITE-CHRIP RJ_01_020,349CO0000000202
155449-44-8,priority_evaluation,優先評価化学物質,Priority Assessment Chemical,化学物質の審査及び製造等の規制に関する法律,Chemical Substances Control Law,NITE-CHRIP RJ_01_020,349CO0000000202
155683-77-5,priority_evaluation,優先評価化学物質,Priority Assessment Chemical,化学物質の審査及び製造等の規制に関する法律,Chemical Substances Control Law,NITE-CHRIP RJ_01_020,349CO0000000202
1561-17-7,priority_evaluation,優先評価化学物質,Priority Assessment Chemical,化学物質の審査及び製造等の規制に関する法律,Chemical Substances Control Law,NITE-CHRIP RJ_01_020,349CO0000000202
15699-18-0,priority_evaluation,優先評価化学物質,Priority Assessment Chemical,化学物質の審査及び製造等の規制に関する法律,Chemical Substances Control Law,NITE-CHRIP RJ_01_020,349CO0000000202
157627-86-6,priority_evaluation,優先評価化学物質,Priority Assessment Chemical,化学物質の審査及び製造等の規制に関する法律,Chemical Substances Control Law,NITE-CHRIP RJ_01_020,349CO0000000202
157627-95-7,priority_evaluation,優先評価化学物質,Priority Assessment Chemical,化学物質の審査及び製造等の規制に関する法律,Chemical Substances Control Law,NITE-CHRIP RJ_01_020,349CO0000000202
157856-36-5,priority_evaluation,優先評価化学物質,Priority Assessment Chemical,化学物質の審査及び製造等の規制に関する法律,Chemical Substances Control Law,NITE-CHRIP RJ_01_020,349CO0000000202
15823-35-5,priority_evaluation,優先評価化学物質,Priority Assessment Chemical,化学物質の審査及び製造等の規制に関する法律,Chemical Substances Control Law,NITE-CHRIP RJ_01_020,349CO0000000202
15826-16-1,priority_evaluation,優先評価化学物質,Priority Assessment Chemical,化学物質の審査及び製造等の規制に関する法律,Chemical Substances Control Law,NITE-CHRIP RJ_01_020,349CO0000000202
15934-01-7,priority_evaluation,優先評価化学物質,Priority Assessment Chemical,化学物質の審査及び製造等の規制に関する法律,Chemical Substances Control Law,NITE-CHRIP RJ_01_020,349CO0000000202
1593849-98-9,priority_evaluation,優先評価化学物質,Priority Assessment Chemical,化学物質の審査及び製造等の規制に関する法律,Chemical Substances Control Law,NITE-CHRIP RJ_01_020,349CO0000000202
160336-23-2,priority_evaluation,優先評価化学物質,Priority Assessment Chemical,化学物質の審査及び製造等の規制に関する法律,Chemical Substances Control Law,NITE-CHRIP RJ_01_020,349CO0000000202
160611-14-3,priority_evaluation,優先評価化学物質,Priority Assessment Chemical,化学物質の審査及び製造等の規制に関する法律,Chemical Substances Control Law,NITE-CHRIP RJ_01_020,349CO0000000202
160611-33-6,priority_evaluation,優先評価化学物質,Priority Assessment Chemical,化学物質の審査及び製造等の規制に関する法律,Chemical Substances Control Law,NITE-CHRIP RJ_01_020,349CO0000000202
160875-66-1,priority_evaluation,優先評価化学物質,Priority Assessment Chemical,化学物質の審査及び製造等の規制に関する法律,Chemical Substances Control Law,NITE-CHRIP RJ_01_020,349CO0000000202
16090-02-1,priority_evaluation,優先評価化学物質,Priority Assessment Chemical,化学物質の審査及び製造等の規制に関する法律,Chemical Substances Control Law,NITE-CHRIP RJ_01_020 通し番号: 138,349CO0000000202
160901-09-7,priority_evaluation,優先評価化学物質,Priority Assessment Chemical,化学物質の審査及び製造等の規制に関する法律,Chemical Substances Control Law,NITE-CHRIP RJ_01_020,349CO0000000202
160901-19-9,priority_evaluation,優先評価化学物質,Priority Assessment Chemical,化学物質の審査及び製造等の規制に関する法律,Chemical Substances Control Law,NITE-CHRIP RJ_01_020,349CO0000000202
161025-29-2,priority_evaluation,優先評価化学物質,Priority Assessment Chemical,化学物質の審査及び製造等の規制に関する法律,Chemical Substances Control Law,NITE-CHRIP RJ_01_020,349CO0000000202
161074-78-8,priority_evaluation,優先評価化学物質,Priority Assessment Chemical,化学物質の審査及び製造等の規制に関する法律,Chemical Substances Control Law,NITE-CHRIP RJ_01_020,349CO0000000202
161074-85-7,priority_evaluation,優先評価化学物質,Priority Assessment Chemical,化学物質の審査及び製造等の規制に関する法律,Chemical Substances Control Law,NITE-CHRIP RJ_01_020,349CO0000000202
1610882-36-4,priority_evaluation,優先評価化学物質,Priority Assessment Chemical,化学物質の審査及び製造等の規制に関する法律,Chemical Substances Control Law,NITE-CHRIP RJ_01_020,349CO0000000202
1610882-95-5,priority_evaluation,優先評価化学物質,Priority Assessment Chemical,化学物質の審査及び製造等の規制に関する法律,Chemical Substances Control Law,NITE-CHRIP RJ_01_020,349CO0000000202
161294-46-8,priority_evaluation,優先評価化学物質,Priority Assessment Chemical,化学物質の審査及び製造等の規制に関する法律,Chemical Substances Control Law,NITE-CHRIP RJ_01_020,349CO0000000202
16286-48-9,priority_evaluation,優先評価化学物質,Priority Assessment Chemical,化学物質の審査及び製造等の規制に関する法律,Chemical Substances Control Law,NITE-CHRIP RJ_01_020,349CO0000000202
1641-93-6,priority_evaluation,優先評価化学物質,Priority Assessment Chemical,化学物質の審査及び製造等の規制に関する法律,Chemical Substances Control Law,NITE-CHRIP RJ_01_020,349CO0000000202
1643-20-5,priority_evaluation,優先評価化学物質,Priority Assessment Chemical,化学物質の審査及び製造等の規制に関する法律,Chemical Substances Control Law,NITE-CHRIP RJ_01_020,349CO0000000202
165184-98-5,priority_evaluation,優先評価化学物質,Priority Assessment Chemical,化学物質の審査及び製造等の規制に関する法律,Chemical Substances Control Law,NITE-CHRIP RJ_01_020,349CO0000000202
1653-30-1,priority_evaluation,優先評価化学物質,Priority Assessment Chemical,化学物質の審査及び製造等の規制に関する法律,Chemical Substances Control Law,NITE-CHRIP RJ_01_020,349CO0000000202
1653-31-2,priority_evaluation,優先評価化学物質,Priority Assessment Chemical,化学物質の審査及び製造等の規制に関する法律,Chemical Substances Control Law,NITE-CHRIP RJ_01_020,349CO0000000202
1653-33-4,priority_evaluation,優先評価化学物質,Priority Assessment Chemical,化学物質の審査及び製造等の規制に関する法律,Chemical Substances Control Law,NITE-CHRIP RJ_01_020,349CO0000000202
1653-37-8,priority_evaluation,優先評価化学物質,Priority Assessment Chemical,化学物質の審査及び製造等の規制に関する法律,Chemical Substances Control Law,NITE-CHRIP RJ_01_020,349CO0000000202
16530-72-6,priority_evaluation,優先評価化学物質,Priority Assessment Chemical,化学物質の審査及び製造等の規制に関する法律,Chemical Substances Control Law,NITE-CHRIP RJ_01_020,349CO0000000202
16558-02-4,priority_evaluation,優先評価化学物質,Priority Assessment Chemical,化学物質の審査及び製造等の規制に関する法律,Chemical Substances Control Law,NITE-CHRIP RJ_01_020,349CO0000000202
16576-96-8,priority_evaluation,優先評価化学物質,Priority Assessment Chemical,化学物質の審査及び製造等の規制に関する法律,Chemical Substances Control Law,NITE-CHRIP RJ_01_020,349CO0000000202
166736-08-9,priority_evaluation,優先評価化学物質,Priority Assessment Chemical,化学物質の審査及び製造等の規制に関する法律,Chemical Substances Control Law,NITE-CHRIP RJ_01_020,349CO0000000202
16693-53-1,priority_evaluation,優先評価化学物質,Priority Assessment Chemical,化学物質の審査及び製造等の規制に関する法律,Chemical Substances Control Law,NITE-CHRIP RJ_01_020,349CO0000000202
1675-54-3,priority_evaluation,優先評価化学物質,Priority Assessment Chemical,化学物質の審査及び製造等の規制に関する法律,Chemical Substances Control Law,NITE-CHRIP RJ_01_020,349CO0000000202
167893-56-3,priority_evaluation,優先評価化学物質,Priority Assessment Chemical,化学物質の審査及び製造等の規制に関する法律,Chemical Substances Control Law,NITE-CHRIP RJ_01_020,349CO0000000202
167893-57-4,priority_evaluation,優先評価化学物質,Priority Assessment Chemical,化学物質の審査及び製造等の規制に関する法律,Chemical Substances Control Law,NITE-CHRIP RJ_01_020,349CO0000000202
167893-59-6,priority_evaluation,優先評価化学物質,Priority Assessment Chemical,化学物質の審査及び製造等の規制に関する法律,Chemical Substances Control Law,NITE-CHRIP RJ_01_020,349CO0000000202
167893-60-9,priority_evaluation,優先評価化学物質,Priority Assessment Chemical,化学物質の審査及び製造等の規制に関する法律,Chemical Substances Control Law,NITE-CHRIP RJ_01_020,349CO0000000202
167893-61-0,priority_evaluation,優先評価化学物質,Priority Assessment Chemical,化学物質の審査及び製造等の規制に関する法律,Chemical Substances Control Law,NITE-CHRIP RJ_01_020,349CO0000000202
167893-62-1,priority_evaluation,優先評価化学物質,Priority Assessment Chemical,化学物質の審査及び製造等の規制に関する法律,Chemical Substances Control Law,NITE-CHRIP RJ_01_020,349CO0000000202
167893-63-2,priority_evaluation,優先評価化学物質,Priority Assessment Chemical,化学物質の審査及び製造等の規制に関する法律,Chemical Substances Control Law,NITE-CHRIP RJ_01_020,349CO0000000202
167893-64-3,priority_evaluation,優先評価化学物質,Priority Assessment Chemical,化学物質の審査及び製造等の規制に関する法律,Chemical Substances Control Law,NITE-CHRIP RJ_01_020,349CO0000000202
167893-65-4,priority_evaluation,優先評価化学物質,Priority Assessment Chemical,化学物質の審査及び製造等の規制に関する法律,Chemical Substances Control Law,NITE-CHRIP RJ_01_020,349CO0000000202
168037-07-8,priority_evaluation,優先評価化学物質,Priority Assessment Chemical,化学物質の審査及び製造等の規制に関する法律,Chemical Substances Control Law,NITE-CHRIP RJ_01_020,349CO0000000202
168037-08-9,priority_evaluation,優先評価化学物質,Priority Assessment Chemical,化学物質の審査及び製造等の規制に関する法律,Chemical Substances Control Law,NITE-CHRIP RJ_01_020,349CO0000000202
168037-09-0,priority_evaluation,優先評価化学物質,Priority Assessment Chemical,化学物質の審査及び製造等の規制に関する法律,Chemical Substances Control Law,NITE-CHRIP RJ_01_020,349CO0000000202
168037-10-3,priority_evaluation,優先評価化学物質,Priority Assessment Chemical,化学物質の審査及び製造等の規制に関する法律,Chemical Substances Control Law,NITE-CHRIP RJ_01_020,349CO0000000202
168037-11-4,priority_evaluation,優先評価化学物質,Priority Assessment Chemical,化学物質の審査及び製造等の規制に関する法律,Chemical Substances Control Law,NITE-CHRIP RJ_01_020,349CO0000000202
168037-12-5,priority_evaluation,優先評価化学物質,Priority Assessment Chemical,化学物質の審査及び製造等の規制に関する法律,Chemical Substances Control Law,NITE-CHRIP RJ_01_020,349CO0000000202
168037-13-6,priority_evaluation,優先評価化学物質,Priority Assessment Chemical,化学物質の審査及び製造等の規制に関する法律,Chemical Substances Control Law,NITE-CHRIP RJ_01_020,349CO0000000202
169107-21-5,priority_evaluation,優先評価化学物質,Priority Assessment Chemical,化学物質の審査及び製造等の規制に関する法律,Chemical Substances Control Law,NITE-CHRIP RJ_01_020,349CO0000000202
169762-27-0,priority_evaluation,優先評価化学物質,Priority Assessment Chemical,化学物質の審査及び製造等の規制に関する法律,Chemical Substances Control Law,NITE-CHRIP RJ_01_020,349CO0000000202
170552-39-3,priority_evaluation,優先評価化学物質,Priority Assessment Chemical,化学物質の審査及び製造等の規制に関する法律,Chemical Substances Control Law,NITE-CHRIP RJ_01_020,349CO0000000202
170678-59-8,priority_evaluation,優先評価化学物質,Priority Assessment Chemical,化学物質の審査及び製造等の規制に関する法律,Chemical Substances Control Law,NITE-CHRIP RJ_01_020,349CO0000000202
172343-37-2,priority_evaluation,優先評価化学物質,Priority Assessment Chemical,化学物質の審査及び製造等の規制に関する法律,Chemical Substances Control Law,NITE-CHRIP RJ_01_020,349CO0000000202
172588-43-1,priority_evaluation,優先評価化学物質,Priority Assessment Chemical,化学物質の審査及び製造等の規制に関する法律,Chemical Substances Control Law,NITE-CHRIP RJ_01_020,349CO0000000202
17265-30-4,priority_evaluation,優先評価化学物質,Priority Assessment Chemical,化学物質の審査及び製造等の規制に関する法律,Chemical Substances Control Law,NITE-CHRIP RJ_01_020,349CO0000000202
172821-74-8,priority_evaluation,優先評価化学物質,Priority Assessment Chemical,化学物質の審査及び製造等の規制に関する法律,Chemical Substances Control Law,NITE-CHRIP RJ_01_020,349CO0000000202
173314-24-4,priority_evaluation,優先評価化学物質,Priority Assessment Chemical,化学物質の審査及び製造等の規制に関する法律,Chemical Substances Control Law,NITE-CHRIP RJ_01_020,349CO0000000202
173314-25-5,priority_evaluation,優先評価化学物質,Priority Assessment Chemical,化学物質の審査及び製造等の規制に関する法律,Chemical Substances Control Law,NITE-CHRIP RJ_01_020,349CO0000000202
17378-35-7,priority_evaluation,優先評価化学物質,Priority Assessment Chemical,化学物質の審査及び製造等の規制に関する法律,Chemical Substances Control Law,NITE-CHRIP RJ_01_020,349CO0000000202
17378-36-8,priority_evaluation,優先評価化学物質,Priority Assessment Chemical,化学物質の審査及び製造等の規制に関する法律,Chemical Substances Control Law,NITE-CHRIP RJ_01_020,349CO0000000202
17378-39-1,priority_evaluation,優先評価化学物質,Priority Assessment Chemical,化学物質の審査及び製造等の規制に関する法律,Chemical Substances Control Law,NITE-CHRIP RJ_01_020,349CO0000000202
17421-79-3,priority_evaluation,優先評価化学物質,Priority Assessment Chemical,化学物質の審査及び製造等の規制に関する法律,Chemical Substances Control Law,NITE-CHRIP RJ_01_020,349CO0000000202
17463-34-2,priority_evaluation,優先評価化学物質,Priority Assessment Chemical,化学物質の審査及び製造等の規制に関する法律,Chemical Substances Control Law,NITE-CHRIP RJ_01_020,349CO0000000202
175081-83-1,priority_evaluation,優先評価化学物質,Priority Assessment Chemical,化学物質の審査及び製造等の規制に関する法律,Chemical Substances Control Law,NITE-CHRIP RJ_01_020,349CO0000000202
175344-08-8,priority_evaluation,優先評価化学物質,Priority Assessment Chemical,化学物質の審査及び製造等の規制に関する法律,Chemical Substances Control Law,NITE-CHRIP RJ_01_020,349CO0000000202
1755-01-7,priority_evaluation,優先評価化学物質,Priority Assessment Chemical,化学物質の審査及び製造等の規制に関する法律,Chemical Substances Control Law,NITE-CHRIP RJ_01_020,349CO0000000202
17687-70-6,priority_evaluation,優先評価化学物質,Priority Assessment Chemical,化学物質の審査及び製造等の規制に関する法律,Chemical Substances Control Law,NITE-CHRIP RJ_01_020,349CO0000000202
17687-71-7,priority_evaluation,優先評価化学物質,Priority Assessment Chemical,化学物質の審査及び製造等の規制に関する法律,Chemical Substances Control Law,NITE-CHRIP RJ_01_020,349CO0000000202
1797-33-7,priority_evaluation,優先評価化学物質,Priority Assessment Chemical,化学物質の審査及び製造等の規制に関する法律,Chemical Substances Control Law,NITE-CHRIP RJ_01_020,349CO0000000202
1809170-78-2,priority_evaluation,優先評価化学物質,Priority Assessment Chemical,化学物質の審査及び製造等の規制に関する法律,Chemical Substances Control Law,NITE-CHRIP RJ_01_020,349CO0000000202
1810046-51-5,priority_evaluation,優先評価化学物質,Priority Assessment Chemical,化学物質の審査及び製造等の規制に関する法律,Chemical Substances Control Law,NITE-CHRIP RJ_01_020,349CO0000000202
1812-53-9,priority_evaluation,優先評価化学物質,Priority Assessment Chemical,化学物質の審査及び製造等の規制に関する法律,Chemical Substances Control Law,NITE-CHRIP RJ_01_020,349CO0000000202
18175-45-6,priority_evaluation,優先評価化学物質,Priority Assessment Chemical,化学物質の審査及び製造等の規制に関する法律,Chemical Substances Control Law,NITE-CHRIP RJ_01_020,349CO0000000202
181875-97-8,priority_evaluation,優先評価化学物質,Priority Assessment Chemical,化学物質の審査及び製造等の規制に関する法律,Chemical Substances Control Law,NITE-CHRIP RJ_01_020,349CO0000000202
18352-67-5,priority_evaluation,優先評価化学物質,Priority Assessment Chemical,化学物質の審査及び製造等の規制に関する法律,Chemical Substances Control Law,NITE-CHRIP RJ_01_020,349CO0000000202
18352-71-1,priority_evaluation,優先評価化学物質,Priority Assessment Chemical,化学物質の審査及び製造等の規制に関する法律,Chemical Substances Control Law,NITE-CHRIP RJ_01_020,349CO0000000202
1838-19-3,priority_evaluation,優先評価化学物質,Priority Assessment Chemical,化学物質の審査及び製造等の規制に関する法律,Chemical Substances Control Law,NITE-CHRIP RJ_01_020,349CO0000000202
18449-82-6,priority_evaluation,優先評価化学物質,Priority Assessment Chemical,化学物質の審査及び製造等の規制に関する法律,Chemical Substances Control Law,NITE-CHRIP RJ_01_020,349CO0000000202
18469-21-1,priority_evaluation,優先評価化学物質,Priority Assessment Chemical,化学物質の審査及び製造等の規制に関する法律,Chemical Substances Control Law,NITE-CHRIP RJ_01_020,349CO0000000202
185857-36-7,priority_evaluation,優先評価化学物質,Priority Assessment Chemical,化学物質の審査及び製造等の規制に関する法律,Chemical Substances Control Law,NITE-CHRIP RJ_01_020,349CO0000000202
18662-53-8,priority_evaluation,優先評価化学物質,Priority Assessment Chemical,化学物質の審査及び製造等の規制に関する法律,Chemical Substances Control Law,NITE-CHRIP RJ_01_020,349CO0000000202
18675-24-6,priority_evaluation,優先評価化学物質,Priority Assessment Chemical,化学物質の審査及び製造等の規制に関する法律,Chemical Substances Control Law,NITE-CHRIP RJ_01_020,349CO0000000202
18684-11-2,priority_evaluation,優先評価化学物質,Priority Assessment Chemical,化学物質の審査及び製造等の規制に関する法律,Chemical Substances Control Law,NITE-CHRIP RJ_01_020,349CO0000000202
18820-82-1,priority_evaluation,優先評価化学物質,Priority Assessment Chemical,化学物質の審査及び製造等の規制に関する法律,Chemical Substances Control Law,NITE-CHRIP RJ_01_020,349CO0000000202
18924-66-8,priority_evaluation,優先評価化学物質,Priority Assessment Chemical,化学物質の審査及び製造等の規制に関する法律,Chemical Substances Control Law,NITE-CHRIP RJ_01_020,349CO0000000202
18924-67-9,priority_evaluation,優先評価化学物質,Priority Assessment Chemical,化学物質の審査及び製造等の規制に関する法律,Chemical Substances Control Law,NITE-CHRIP RJ_01_020,349CO0000000202
189313-53-9,priority_evaluation,優先評価化学物質,Priority Assessment Chemical,化学物質の審査及び製造等の規制に関する法律,Chemical Substances Control Law,NITE-CHRIP RJ_01_020,349CO0000000202
18994-66-6,priority_evaluation,優先評価化学物質,Priority Assessment Chemical,化学物質の審査及び製造等の規制に関する法律,Chemical Substances Control Law,NITE-CHRIP RJ_01_020,349CO0000000202
1920-05-4,priority_evaluation,優先評価化学物質,Priority Assessment Chemical,化学物質の審査及び製造等の規制に関する法律,Chemical Substances Control Law,NITE-CHRIP RJ_01_020,349CO0000000202
19309-23-0,priority_evaluation,優先評価化学物質,Priority Assessment Chemical,化学物質の審査及び製造等の規制に関する法律,Chemical Substances Control Law,NITE-CHRIP RJ_01_020,349CO0000000202
19327-30-1,priority_evaluation,優先評価化学物質,Priority Assessment Chemical,化学物質の審査及び製造等の規制に関する法律,Chemical Substances Control Law,NITE-CHRIP RJ_01_020,349CO0000000202
1941-24-8,priority_evaluation,優先評価化学物質,Priority Assessment Chemical,化学物質の審査及び製造等の規制に関する法律,Chemical Substances Control Law,NITE-CHRIP RJ_01_020,349CO0000000202
194491-31-1,priority_evaluation,優先評価化学物質,Priority Assessment Chemical,化学物質の審査及び製造等の規制に関する法律,Chemical Substances Control Law,NITE-CHRIP RJ_01_020,349CO0000000202
19589-59-4,priority_evaluation,優先評価化学物質,Priority Assessment Chemical,化学物質の審査及び製造等の規制に関する法律,Chemical Substances Control Law,NITE-CHRIP RJ_01_020,349CO0000000202
196823-11-7,priority_evaluation,優先評価化学物質,Priority Assessment Chemical,化学物質の審査及び製造等の規制に関する法律,Chemical Substances Control Law,NITE-CHRIP RJ_01_020,349CO0000000202
19780-31-5,priority_evaluation,優先評価化学物質,Priority Assessment Chemical,化学物質の審査及び製造等の規制に関する法律,Chemical Substances Control Law,NITE-CHRIP RJ_01_020,349CO0000000202
19780-79-1,priority_evaluation,優先評価化学物質,Priority Assessment Chemical,化学物質の審査及び製造等の規制に関する法律,Chemical Substances Control Law,NITE-CHRIP RJ_01_020,349CO0000000202
1984-06-1,priority_evaluation,優先評価化学物質,Priority Assessment Chemical,化学物質の審査及び製造等の規制に関する法律,Chemical Substances Control Law,NITE-CHRIP RJ_01_020,349CO0000000202
19965-71-0,priority_evaluation,優先評価化学物質,Priority Assessment Chemical,化学物質の審査及び製造等の規制に関する法律,Chemical Substances Control Law,NITE-CHRIP RJ_01_020,349CO0000000202
2016-42-4,priority_evaluation,優先評価化学物質,Priority Assessment Chemical,化学物質の審査及び製造等の規制に関する法律,Chemical Substances Control Law,NITE-CHRIP RJ_01_020,349CO0000000202
2016-54-8,priority_evaluation,優先評価化学物質,Priority Assessment Chemical,化学物質の審査及び製造等の規制に関する法律,Chemical Substances Control Law,NITE-CHRIP RJ_01_020,349CO0000000202
2016-57-1,priority_evaluation,優先評価化学物質,Priority Assessment Chemical,化学物質の審査及び製造等の規制に関する法律,Chemical Substances Control Law,NITE-CHRIP RJ_01_020,349CO0000000202
201732-70-9,priority_evaluation,優先評価化学物質,Priority Assessment Chemical,化学物質の審査及び製造等の規制に関する法律,Chemical Substances Control Law,NITE-CHRIP RJ_01_020,349CO0000000202
20194-45-0,priority_evaluation,優先評価化学物質,Priority Assessment Chemical,化学物質の審査及び製造等の規制に関する法律,Chemical Substances Control Law,NITE-CHRIP RJ_01_020,349CO0000000202
20256-56-8,priority_evaluation,優先評価化学物質,Priority Assessment Chemical,化学物質の審査及び製造等の規制に関する法律,Chemical Substances Control Law,NITE-CHRIP RJ_01_020,349CO0000000202
20261-60-3,priority_evaluation,優先評価化学物質,Priority Assessment Chemical,化学物質の審査及び製造等の規制に関する法律,Chemical Substances Control Law,NITE-CHRIP RJ_01_020,349CO0000000202
20261-61-4,priority_evaluation,優先評価化学物質,Priority Assessment Chemical,化学物質の審査及び製造等の規制に関する法律,Chemical Substances Control Law,NITE-CHRIP RJ_01_020,349CO0000000202
20275-74-5,priority_evaluation,優先評価化学物質,Priority Assessment Chemical,化学物質の審査及び製造等の規制に関する法律,Chemical Substances Control Law,NITE-CHRIP RJ_01_020,349CO0000000202
20298-69-5,priority_evaluation,優先評価化学物質,Priority Assessment Chemical,化学物質の審査及び製造等の規制に関する法律,Chemical Substances Control Law,NITE-CHRIP RJ_01_020,349CO0000000202
20298-70-8,priority_evaluation,優先評価化学物質,Priority Assessment Chemical,化学物質の審査及び製造等の規制に関する法律,Chemical Substances Control Law,NITE-CHRIP RJ_01_020,349CO0000000202
204336-40-3,priority_evaluation,優先評価化学物質,Priority Assessment Chemical,化学物質の審査及び製造等の規制に関する法律,Chemical Substances Control Law,NITE-CHRIP RJ_01_020,349CO0000000202
20467-91-8,priority_evaluation,優先評価化学物質,Priority Assessment Chemical,化学物質の審査及び製造等の規制に関する法律,Chemical Substances Control Law,NITE-CHRIP RJ_01_020,349CO0000000202
20680-53-9,priority_evaluation,優先評価化学物質,Priority Assessment Chemical,化学物質の審査及び製造等の規制に関する法律,Chemical Substances Control Law,NITE-CHRIP RJ_01_020,349CO0000000202
20824-56-0,priority_evaluation,優先評価化学物質,Priority Assessment Chemical,化学物質の審査及び製造等の規制に関する法律,Chemical Substances Control Law,NITE-CHRIP RJ_01_020,349CO0000000202
210420-85-2,priority_evaluation,優先評価化学物質,Priority Assessment Chemical,化学物質の審査及び製造等の規制に関する法律,Chemical Substances Control Law,NITE-CHRIP RJ_01_020,349CO0000000202
21071-31-8,priority_evaluation,優先評価化学物質,Priority Assessment Chemical,化学物質の審査及び製造等の規制に関する法律,Chemical Substances Control Law,NITE-CHRIP RJ_01_020,349CO0000000202
21078-65-9,priority_evaluation,優先評価化学物質,Priority Assessment Chemical,化学物質の審査及び製造等の規制に関する法律,Chemical Substances Control Law,NITE-CHRIP RJ_01_020,349CO0000000202
21078-68-2,priority_evaluation,優先評価化学物質,Priority Assessment Chemical,化学物質の審査及び製造等の規制に関する法律,Chemical Substances Control Law,NITE-CHRIP RJ_01_020,349CO0000000202
21078-80-8,priority_evaluation,優先評価化学物質,Priority Assessment Chemical,化学物質の審査及び製造等の規制に関する法律,Chemical Substances Control Law,NITE-CHRIP RJ_01_020,349CO0000000202
21078-81-9,priority_evaluation,優先評価化学物質,Priority Assessment Chemical,化学物質の審査及び製造等の規制に関する法律,Chemical Substances Control Law,NITE-CHRIP RJ_01_020,349CO0000000202
21078-83-1,priority_evaluation,優先評価化学物質,Priority Assessment Chemical,化学物質の審査及び製造等の規制に関する法律,Chemical Substances Control Law,NITE-CHRIP RJ_01_020,349CO0000000202
21089-06-5,priority_evaluation,優先評価化学物質,Priority Assessment Chemical,化学物質の審査及び製造等の規制に関する法律,Chemical Substances Control Law,NITE-CHRIP RJ_01_020,349CO0000000202
210993-53-6,priority_evaluation,優先評価化学物質,Priority Assessment Chemical,化学物質の審査及び製造等の規制に関する法律,Chemical Substances Control Law,NITE-CHRIP RJ_01_020,349CO0000000202
21121-22-2,priority_evaluation,優先評価化学物質,Priority Assessment Chemical,化学物質の審査及び製造等の規制に関する法律,Chemical Substances Control Law,NITE-CHRIP RJ_01_020,349CO0000000202
21142-28-9,priority_evaluation,優先評価化学物質,Priority Assessment Chemical,化学物質の審査及び製造等の規制に関する法律,Chemical Substances Control Law,NITE-CHRIP RJ_01_020,349CO0000000202
2136-70-1,priority_evaluation,優先評価化学物質,Priority Assessment Chemical,化学物質の審査及び製造等の規制に関する法律,Chemical Substances Control Law,NITE-CHRIP RJ_01_020,349CO0000000202
2136-71-2,priority_evaluation,優先評価化学物質,Priority Assessment Chemical,化学物質の審査及び製造等の規制に関する法律,Chemical Substances Control Law,NITE-CHRIP RJ_01_020,349CO0000000202
2136-72-3,priority_evaluation,優先評価化学物質,Priority Assessment Chemical,化学物質の審査及び製造等の規制に関する法律,Chemical Substances Control Law,NITE-CHRIP RJ_01_020,349CO0000000202
2149-63-5,priority_evaluation,優先評価化学物質,Priority Assessment Chemical,化学物質の審査及び製造等の規制に関する法律,Chemical Substances Control Law,NITE-CHRIP RJ_01_020,349CO0000000202
21707-27-7,priority_evaluation,優先評価化学物質,Priority Assessment Chemical,化学物質の審査及び製造等の規制に関する法律,Chemical Substances Control Law,NITE-CHRIP RJ_01_020,349CO0000000202
2190-04-7,priority_evaluation,優先評価化学物質,Priority Assessment Chemical,化学物質の審査及び製造等の規制に関する法律,Chemical Substances Control Law,NITE-CHRIP RJ_01_020,349CO0000000202
219756-63-5,priority_evaluation,優先評価化学物質,Priority Assessment Chemical,化学物質の審査及び製造等の規制に関する法律,Chemical Substances Control Law,NITE-CHRIP RJ_01_020,349CO0000000202
2206-26-0,priority_evaluation,優先評価化学物質,Priority Assessment Chemical,化学物質の審査及び製造等の規制に関する法律,Chemical Substances Control Law,NITE-CHRIP RJ_01_020,349CO0000000202
2210238-42-7,priority_evaluation,優先評価化学物質,Priority Assessment Chemical,化学物質の審査及び製造等の規制に関する法律,Chemical Substances Control Law,NITE-CHRIP RJ_01_020,349CO0000000202
2210238-56-3,priority_evaluation,優先評価化学物質,Priority Assessment Chemical,化学物質の審査及び製造等の規制に関する法律,Chemical Substances Control Law,NITE-CHRIP RJ_01_020,349CO0000000202
2211-98-5,priority_evaluation,優先評価化学物質,Priority Assessment Chemical,化学物質の審査及び製造等の規制に関する法律,Chemical Substances Control Law,NITE-CHRIP RJ_01_020,349CO0000000202
22113-87-7,priority_evaluation,優先評価化学物質,Priority Assessment Chemical,化学物質の審査及び製造等の規制に関する法律,Chemical Substances Control Law,NITE-CHRIP RJ_01_020,349CO0000000202
2212-50-2,priority_evaluation,優先評価化学物質,Priority Assessment Chemical,化学物質の審査及び製造等の規制に関する法律,Chemical Substances Control Law,NITE-CHRIP RJ_01_020,349CO0000000202
2212-51-3,priority_evaluation,優先評価化学物質,Priority Assessment Chemical,化学物質の審査及び製造等の規制に関する法律,Chemical Substances Control Law,NITE-CHRIP RJ_01_020,349CO0000000202
2224-49-9,priority_evaluation,優先評価化学物質,Priority Assessment Chemical,化学物質の審査及び製造等の規制に関する法律,Chemical Substances Control Law,NITE-CHRIP RJ_01_020,349CO0000000202
222400-21-7,priority_evaluation,優先評価化学物質,Priority Assessment Chemical,化学物質の審査及び製造等の規制に関する法律,Chemical Substances Control Law,NITE-CHRIP RJ_01_020,349CO0000000202
2235-54-3,priority_evaluation,優先評価化学物質,Priority Assessment Chemical,化学物質の審査及び製造等の規制に関する法律,Chemical Substances Control Law,NITE-CHRIP RJ_01_020,349CO0000000202
22417-49-8,priority_evaluation,優先評価化学物質,Priority Assessment Chemical,化学物質の審査及び製造等の規制に関する法律,Chemical Substances Control Law,NITE-CHRIP RJ_01_020,349CO0000000202
22418-70-8,priority_evaluation,優先評価化学物質,Priority Assessment Chemical,化学物質の審査及び製造等の規制に関する法律,Chemical Substances Control Law,NITE-CHRIP RJ_01_020,349CO0000000202
2243481-13-0,priority_evaluation,優先評価化学物質,Priority Assessment Chemical,化学物質の審査及び製造等の規制に関する法律,Chemical Substances Control Law,NITE-CHRIP RJ_01_020,349CO0000000202
22663-61-2,priority_evaluation,優先評価化学物質,Priority Assessment Chemical,化学物質の審査及び製造等の規制に関する法律,Chemical Substances Control Law,NITE-CHRIP RJ_01_020,349CO0000000202
2272-11-9,priority_evaluation,優先評価化学物質,Priority Assessment Chemical,化学物質の審査及び製造等の規制に関する法律,Chemical Substances Control Law,NITE-CHRIP RJ_01_020,349CO0000000202
2277-01-2,priority_evaluation,優先評価化学物質,Priority Assessment Chemical,化学物質の審査及び製造等の規制に関する法律,Chemical Substances Control Law,NITE-CHRIP RJ_01_020,349CO0000000202
22882-82-2,priority_evaluation,優先評価化学物質,Priority Assessment Chemical,化学物質の審査及び製造等の規制に関する法律,Chemical Substances Control Law,NITE-CHRIP RJ_01_020,349CO0000000202
22919-56-8,priority_evaluation,優先評価化学物質,Priority Assessment Chemical,化学物質の審査及び製造等の規制に関する法律,Chemical Substances Control Law,NITE-CHRIP RJ_01_020,349CO0000000202
2300-66-5,priority_evaluation,優先評価化学物質,Priority Assessment Chemical,化学物質の審査及び製造等の規制に関する法律,Chemical Substances Control Law,NITE-CHRIP RJ_01_020,349CO0000000202
2300039-34-1,priority_evaluation,優先評価化学物質,Priority Assessment Chemical,化学物質の審査及び製造等の規制に関する法律,Chemical Substances Control Law,NITE-CHRIP RJ_01_020,349CO0000000202
23010-35-7,priority_evaluation,優先評価化学物質,Priority Assessment Chemical,化学物質の審査及び製造等の規制に関する法律,Chemical Substances Control Law,NITE-CHRIP RJ_01_020,349CO0000000202
23238-40-6,priority_evaluation,優先評価化学物質,Priority Assessment Chemical,化学物質の審査及び製造等の規制に関する法律,Chemical Substances Control Law,NITE-CHRIP RJ_01_020,349CO0000000202
23255-03-0,priority_evaluation,優先評価化学物質,Priority Assessment Chemical,化学物質の審査及び製造等の規制に関する法律,Chemical Substances Control Law,NITE-CHRIP RJ_01_020,349CO0000000202
23282-34-0,priority_evaluation,優先評価化学物質,Priority Assessment Chemical,化学物質の審査及び製造等の規制に関する法律,Chemical Substances Control Law,NITE-CHRIP RJ_01_020,349CO0000000202
23282-35-1,priority_evaluation,優先評価化学物質,Priority Assessment Chemical,化学物質の審査及び製造等の規制に関する法律,Chemical Substances Control Law,NITE-CHRIP RJ_01_020,349CO0000000202
23349-61-3,priority_evaluation,優先評価化学物質,Priority Assessment Chemical,化学物質の審査及び製造等の規制に関する法律,Chemical Substances Control Law,NITE-CHRIP RJ_01_020,349CO0000000202
23488-13-3,priority_evaluation,優先評価化学物質,Priority Assessment Chemical,化学物質の審査及び製造等の規制に関する法律,Chemical Substances Control Law,NITE-CHRIP RJ_01_020,349CO0000000202
23661-75-8,priority_evaluation,優先評価化学物質,Priority Assessment Chemical,化学物質の審査及び製造等の規制に関する法律,Chemical Substances Control Law,NITE-CHRIP RJ_01_020,349CO0000000202
2370-15-2,priority_evaluation,優先評価化学物質,Priority Assessment Chemical,化学物質の審査及び製造等の規制に関する法律,Chemical Substances Control Law,NITE-CHRIP RJ_01_020,349CO0000000202
23708-56-7,priority_evaluation,優先評価化学物質,Priority Assessment Chemical,化学物質の審査及び製造等の規制に関する法律,Chemical Substances Control Law,NITE-CHRIP RJ_01_020,349CO0000000202
2386-53-0,priority_evaluation,優先評価化学物質,Priority Assessment Chemical,化学物質の審査及び製造等の規制に関する法律,Chemical Substances Control Law,NITE-CHRIP RJ_01_020,349CO0000000202
2390-68-3,priority_evaluation,優先評価化学物質,Priority Assessment Chemical,化学物質の審査及び製造等の規制に関する法律,Chemical Substances Control Law,NITE-CHRIP RJ_01_020,349CO0000000202
2399-73-7,priority_evaluation,優先評価化学物質,Priority Assessment Chemical,化学物質の審査及び製造等の規制に関する法律,Chemical Substances Control Law,NITE-CHRIP RJ_01_020,349CO0000000202
24057-28-1,priority_evaluation,優先評価化学物質,Priority Assessment Chemical,化学物質の審査及び製造等の規制に関する法律,Chemical Substances Control Law,NITE-CHRIP RJ_01_020,349CO0000000202
2425-54-9,priority_evaluation,優先評価化学物質,Priority Assessment Chemical,化学物質の審査及び製造等の規制に関する法律,Chemical Substances Control Law,NITE-CHRIP RJ_01_020,349CO0000000202
244161-36-2,priority_evaluation,優先評価化学物質,Priority Assessment Chemical,化学物質の審査及び製造等の規制に関する法律,Chemical Substances Control Law,NITE-CHRIP RJ_01_020,349CO0000000202
244624-99-5,priority_evaluation,優先評価化学物質,Priority Assessment Chemical,化学物質の審査及び製造等の規制に関する法律,Chemical Substances Control Law,NITE-CHRIP RJ_01_020,349CO0000000202
246538-76-1,priority_evaluation,優先評価化学物質,Priority Assessment Chemical,化学物質の審査及び製造等の規制に関する法律,Chemical Substances Control Law,NITE-CHRIP RJ_01_020,349CO0000000202
246538-78-3,priority_evaluation,優先評価化学物質,Priority Assessment Chemical,化学物質の審査及び製造等の規制に関する法律,Chemical Substances Control Law,NITE-CHRIP RJ_01_020,349CO0000000202
2471-06-9,priority_evaluation,優先評価化学物質,Priority Assessment Chemical,化学物質の審査及び製造等の規制に関する法律,Chemical Substances Control Law,NITE-CHRIP RJ_01_020,349CO0000000202
24794-58-9,priority_evaluation,優先評価化学物質,Priority Assessment Chemical,化学物質の審査及び製造等の規制に関する法律,Chemical Substances Control Law,NITE-CHRIP RJ_01_020,349CO0000000202
24938-91-8,priority_evaluation,優先評価化学物質,Priority Assessment Chemical,化学物質の審査及び製造等の規制に関する法律,Chemical Substances Control Law,NITE-CHRIP RJ_01_020,349CO0000000202
25036-25-3,priority_evaluation,優先評価化学物質,Priority Assessment Chemical,化学物質の審査及び製造等の規制に関する法律,Chemical Substances Control Law,NITE-CHRIP RJ_01_020,349CO0000000202
25054-76-6,priority_evaluation,優先評価化学物質,Priority Assessment Chemical,化学物質の審査及び製造等の規制に関する法律,Chemical Substances Control Law,NITE-CHRIP RJ_01_020,349CO0000000202
250578-38-2,priority_evaluation,優先評価化学物質,Priority Assessment Chemical,化学物質の審査及び製造等の規制に関する法律,Chemical Substances Control Law,NITE-CHRIP RJ_01_020 通し番号: 71,349CO0000000202
25068-38-6,priority_evaluation,優先評価化学物質,Priority Assessment Chemical,化学物質の審査及び製造等の規制に関する法律,Chemical Substances Control Law,NITE-CHRIP RJ_01_020,349CO0000000202
25114-70-9,priority_evaluation,優先評価化学物質,Priority Assessment Chemical,化学物質の審査及び製造等の規制に関する法律,Chemical Substances Control Law,NITE-CHRIP RJ_01_020,349CO0000000202
25155-30-0,priority_evaluation,優先評価化学物質,Priority Assessment Chemical,化学物質の審査及び製造等の規制に関する法律,Chemical Substances Control Law,NITE-CHRIP RJ_01_020,349CO0000000202
25190-05-0,priority_evaluation,優先評価化学物質,Priority Assessment Chemical,化学物質の審査及び製造等の規制に関する法律,Chemical Substances Control Law,NITE-CHRIP RJ_01_020,349CO0000000202
25212-19-5,priority_evaluation,優先評価化学物質,Priority Assessment Chemical,化学物質の審査及び製造等の規制に関する法律,Chemical Substances Control Law,NITE-CHRIP RJ_01_020,349CO0000000202
25237-85-8,priority_evaluation,優先評価化学物質,Priority Assessment Chemical,化学物質の審査及び製造等の規制に関する法律,Chemical Substances Control Law,NITE-CHRIP RJ_01_020,349CO0000000202
25265-71-8,priority_evaluation,優先評価化学物質,Priority Assessment Chemical,化学物質の審査及び製造等の規制に関する法律,Chemical Substances Control Law,NITE-CHRIP RJ_01_020,349CO0000000202
25265-76-3,priority_evaluation,優先評価化学物質,Priority Assessment Chemical,化学物質の審査及び製造等の規制に関する法律,Chemical Substances Control Law,NITE-CHRIP RJ_01_020,349CO0000000202
25268-73-9,priority_evaluation,優先評価化学物質,Priority Assessment Chemical,化学物質の審査及び製造等の規制に関する法律,Chemical Substances Control Law,NITE-CHRIP RJ_01_020,349CO0000000202
25321-22-6,priority_evaluation,優先評価化学物質,Priority Assessment Chemical,化学物質の審査及び製造等の規制に関する法律,Chemical Substances Control Law,NITE-CHRIP RJ_01_020,349CO0000000202
2537-36-2,priority_evaluation,優先評価化学物質,Priority Assessment Chemical,化学物質の審査及び製造等の規制に関する法律,Chemical Substances Control Law,NITE-CHRIP RJ_01_020,349CO0000000202
25382-44-9,priority_evaluation,優先評価化学物質,Priority Assessment Chemical,化学物質の審査及び製造等の規制に関する法律,Chemical Substances Control Law,NITE-CHRIP RJ_01_020,349CO0000000202
25382-45-0,priority_evaluation,優先評価化学物質,Priority Assessment Chemical,化学物質の審査及び製造等の規制に関する法律,Chemical Substances Control Law,NITE-CHRIP RJ_01_020,349CO0000000202
25428-98-2,priority_evaluation,優先評価化学物質,Priority Assessment Chemical,化学物質の審査及び製造等の規制に関する法律,Chemical Substances Control Law,NITE-CHRIP RJ_01_020,349CO0000000202
25446-78-0,priority_evaluation,優先評価化学物質,Priority Assessment Chemical,化学物質の審査及び製造等の規制に関する法律,Chemical Substances Control Law,NITE-CHRIP RJ_01_020,349CO0000000202
25542-86-3,priority_evaluation,優先評価化学物質,Priority Assessment Chemical,化学物質の審査及び製造等の規制に関する法律,Chemical Substances Control Law,NITE-CHRIP RJ_01_020,349CO0000000202
25549-84-2,priority_evaluation,優先評価化学物質,Priority Assessment Chemical,化学物質の審査及び製造等の規制に関する法律,Chemical Substances Control Law,NITE-CHRIP RJ_01_020,349CO0000000202
25551-13-7,priority_evaluation,優先評価化学物質,Priority Assessment Chemical,化学物質の審査及び製造等の規制に関する法律,Chemical Substances Control Law,NITE-CHRIP RJ_01_020,349CO0000000202
25564-53-8,priority_evaluation,優先評価化学物質,Priority Assessment Chemical,化学物質の審査及び製造等の規制に関する法律,Chemical Substances Control Law,NITE-CHRIP RJ_01_020,349CO0000000202
25564-57-2,priority_evaluation,優先評価化学物質,Priority Assessment Chemical,化学物質の審査及び製造等の規制に関する法律,Chemical Substances Control Law,NITE-CHRIP RJ_01_020,349CO0000000202
25564-59-4,priority_evaluation,優先評価化学物質,Priority Assessment Chemical,化学物質の審査及び製造等の規制に関する法律,Chemical Substances Control Law,NITE-CHRIP RJ_01_020,349CO0000000202
25564-62-9,priority_evaluation,優先評価化学物質,Priority Assessment Chemical,化学物質の審査及び製造等の規制に関する法律,Chemical Substances Control Law,NITE-CHRIP RJ_01_020,349CO0000000202
25570-11-0,priority_evaluation,優先評価化学物質,Priority Assessment Chemical,化学物質の審査及び製造等の規制に関する法律,Chemical Substances Control Law,NITE-CHRIP RJ_01_020,349CO0000000202
2571-88-2,priority_evaluation,優先評価化学物質,Priority Assessment Chemical,化学物質の審査及び製造等の規制に関する法律,Chemical Substances Control Law,NITE-CHRIP RJ_01_020,349CO0000000202
25749-08-0,priority_evaluation,優先評価化学物質,Priority Assessment Chemical,化学物質の審査及び製造等の規制に関する法律,Chemical Substances Control Law,NITE-CHRIP RJ_01_020,349CO0000000202
25876-34-0,priority_evaluation,優先評価化学物質,Priority Assessment Chemical,化学物質の審査及び製造等の規制に関する法律,Chemical Substances Control Law,NITE-CHRIP RJ_01_020,349CO0000000202
25966-64-7,priority_evaluation,優先評価化学物質,Priority Assessment Chemical,化学物質の審査及び製造等の規制に関する法律,Chemical Substances Control Law,NITE-CHRIP RJ_01_020,349CO0000000202
25966-65-8,priority_evaluation,優先評価化学物質,Priority Assessment Chemical,化学物質の審査及び製造等の規制に関する法律,Chemical Substances Control Law,NITE-CHRIP RJ_01_020,349CO0000000202
2601-33-4,priority_evaluation,優先評価化学物質,Priority Assessment Chemical,化学物質の審査及び製造等の規制に関する法律,Chemical Substances Control Law,NITE-CHRIP RJ_01_020,349CO0000000202
26038-87-9,priority_evaluation,優先評価化学物質,Priority Assessment Chemical,化学物質の審査及び製造等の規制に関する法律,Chemical Substances Control Law,NITE-CHRIP RJ_01_020,349CO0000000202
2605-79-0,priority_evaluation,優先評価化学物質,Priority Assessment Chemical,化学物質の審査及び製造等の規制に関する法律,Chemical Substances Control Law,NITE-CHRIP RJ_01_020,349CO0000000202
2612357-96-5,priority_evaluation,優先評価化学物質,Priority Assessment Chemical,化学物質の審査及び製造等の規制に関する法律,Chemical Substances Control Law,NITE-CHRIP RJ_01_020,349CO0000000202
2613220-58-7,priority_evaluation,優先評価化学物質,Priority Assessment Chemical,化学物質の審査及び製造等の規制に関する法律,Chemical Substances Control Law,NITE-CHRIP RJ_01_020,349CO0000000202
26183-52-8,priority_evaluation,優先評価化学物質,Priority Assessment Chemical,化学物質の審査及び製造等の規制に関する法律,Chemical Substances Control Law,NITE-CHRIP RJ_01_020,349CO0000000202
26209-94-9,priority_evaluation,優先評価化学物質,Priority Assessment Chemical,化学物質の審査及び製造等の規制に関する法律,Chemical Substances Control Law,NITE-CHRIP RJ_01_020,349CO0000000202
26215-92-9,priority_evaluation,優先評価化学物質,Priority Assessment Chemical,化学物質の審査及び製造等の規制に関する法律,Chemical Substances Control Law,NITE-CHRIP RJ_01_020,349CO0000000202
2624-31-9,priority_evaluation,優先評価化学物質,Priority Assessment Chemical,化学物質の審査及び製造等の規制に関する法律,Chemical Substances Control Law,NITE-CHRIP RJ_01_020,349CO0000000202
26248-24-8,priority_evaluation,優先評価化学物質,Priority Assessment Chemical,化学物質の審査及び製造等の規制に関する法律,Chemical Substances Control Law,NITE-CHRIP RJ_01_020,349CO0000000202
26264-14-2,priority_evaluation,優先評価化学物質,Priority Assessment Chemical,化学物質の審査及び製造等の規制に関する法律,Chemical Substances Control Law,NITE-CHRIP RJ_01_020,349CO0000000202
26266-59-1,priority_evaluation,優先評価化学物質,Priority Assessment Chemical,化学物質の審査及び製造等の規制に関する法律,Chemical Substances Control Law,NITE-CHRIP RJ_01_020,349CO0000000202
2627-06-7,priority_evaluation,優先評価化学物質,Priority Assessment Chemical,化学物質の審査及び製造等の規制に関する法律,Chemical Substances Control Law,NITE-CHRIP RJ_01_020,349CO0000000202
26330-76-7,priority_evaluation,優先評価化学物質,Priority Assessment Chemical,化学物質の審査及び製造等の規制に関する法律,Chemical Substances Control Law,NITE-CHRIP RJ_01_020,349CO0000000202
2634-33-5,priority_evaluation,優先評価化学物質,Priority Assessment Chemical,化学物質の審査及び製造等の規制に関する法律,Chemical Substances Control Law,NITE-CHRIP RJ_01_020 通し番号: 294,349CO0000000202
26402-79-9,priority_evaluation,優先評価化学物質,Priority Assessment Chemical,化学物質の審査及び製造等の規制に関する法律,Chemical Substances Control Law,NITE-CHRIP RJ_01_020,349CO0000000202
26412-87-3,priority_evaluation,優先評価化学物質,Priority Assessment Chemical,化学物質の審査及び製造等の規制に関する法律,Chemical Substances Control Law,NITE-CHRIP RJ_01_020,349CO0000000202
2644-70-4,priority_evaluation,優先評価化学物質,Priority Assessment Chemical,化学物質の審査及び製造等の規制に関する法律,Chemical Substances Control Law,NITE-CHRIP RJ_01_020,349CO0000000202
26545-53-9,priority_evaluation,優先評価化学物質,Priority Assessment Chemical,化学物質の審査及び製造等の規制に関する法律,Chemical Substances Control Law,NITE-CHRIP RJ_01_020,349CO0000000202
26568-79-6,priority_evaluation,優先評価化学物質,Priority Assessment Chemical,化学物質の審査及び製造等の規制に関する法律,Chemical Substances Control Law,NITE-CHRIP RJ_01_020,349CO0000000202
26635-75-6,priority_evaluation,優先評価化学物質,Priority Assessment Chemical,化学物質の審査及び製造等の規制に関する法律,Chemical Substances Control Law,NITE-CHRIP RJ_01_020,349CO0000000202
26635-92-7,priority_evaluation,優先評価化学物質,Priority Assessment Chemical,化学物質の審査及び製造等の規制に関する法律,Chemical Substances Control Law,NITE-CHRIP RJ_01_020,349CO0000000202
26635-94-9,priority_evaluation,優先評価化学物質,Priority Assessment Chemical,化学物質の審査及び製造等の規制に関する法律,Chemical Substances Control Law,NITE-CHRIP RJ_01_020,349CO0000000202
26656-82-6,priority_evaluation,優先評価化学物質,Priority Assessment Chemical,化学物質の審査及び製造等の規制に関する法律,Chemical Substances Control Law,NITE-CHRIP RJ_01_020,349CO0000000202
2666-14-0,priority_evaluation,優先評価化学物質,Priority Assessment Chemical,化学物質の審査及び製造等の規制に関する法律,Chemical Substances Control Law,NITE-CHRIP RJ_01_020,349CO0000000202
26826-30-2,priority_evaluation,優先評価化学物質,Priority Assessment Chemical,化学物質の審査及び製造等の規制に関する法律,Chemical Substances Control Law,NITE-CHRIP RJ_01_020,349CO0000000202
26856-96-2,priority_evaluation,優先評価化学物質,Priority Assessment Chemical,化学物質の審査及び製造等の規制に関する法律,Chemical Substances Control Law,NITE-CHRIP RJ_01_020,349CO0000000202
26912-60-7,priority_evaluation,優先評価化学物質,Priority Assessment Chemical,化学物質の審査及び製造等の規制に関する法律,Chemical Substances Control Law,NITE-CHRIP RJ_01_020,349CO0000000202
27013-89-4,priority_evaluation,優先評価化学物質,Priority Assessment Chemical,化学物質の審査及び製造等の規制に関する法律,Chemical Substances Control Law,NITE-CHRIP RJ_01_020,349CO0000000202
27028-83-7,priority_evaluation,優先評価化学物質,Priority Assessment Chemical,化学物質の審査及び製造等の規制に関する法律,Chemical Substances Control Law,NITE-CHRIP RJ_01_020,349CO0000000202
27039-85-6,priority_evaluation,優先評価化学物質,Priority Assessment Chemical,化学物質の審査及び製造等の規制に関する法律,Chemical Substances Control Law,NITE-CHRIP RJ_01_020,349CO0000000202
27096-31-7,priority_evaluation,優先評価化学物質,Priority Assessment Chemical,化学物質の審査及び製造等の規制に関する法律,Chemical Substances Control Law,NITE-CHRIP RJ_01_020,349CO0000000202
27136-81-8,priority_evaluation,優先評価化学物質,Priority Assessment Chemical,化学物質の審査及び製造等の規制に関する法律,Chemical Substances Control Law,NITE-CHRIP RJ_01_020,349CO0000000202
27139-99-7,priority_evaluation,優先評価化学物質,Priority Assessment Chemical,化学物質の審査及び製造等の規制に関する法律,Chemical Substances Control Law,NITE-CHRIP RJ_01_020,349CO0000000202
27143-60-8,priority_evaluation,優先評価化学物質,Priority Assessment Chemical,化学物質の審査及び製造等の規制に関する法律,Chemical Substances Control Law,NITE-CHRIP RJ_01_020,349CO0000000202
2717-15-9,priority_evaluation,優先評価化学物質,Priority Assessment Chemical,化学物質の審査及び製造等の規制に関する法律,Chemical Substances Control Law,NITE-CHRIP RJ_01_020,349CO0000000202
27175-90-2,priority_evaluation,優先評価化学物質,Priority Assessment Chemical,化学物質の審査及び製造等の規制に関する法律,Chemical Substances Control Law,NITE-CHRIP RJ_01_020,349CO0000000202
27175-91-3,priority_evaluation,優先評価化学物質,Priority Assessment Chemical,化学物質の審査及び製造等の規制に関する法律,Chemical Substances Control Law,NITE-CHRIP RJ_01_020,349CO0000000202
27193-28-8,priority_evaluation,優先評価化学物質,Priority Assessment Chemical,化学物質の審査及び製造等の規制に関する法律,Chemical Substances Control Law,NITE-CHRIP RJ_01_020,349CO0000000202
27196-00-5,priority_evaluation,優先評価化学物質,Priority Assessment Chemical,化学物質の審査及び製造等の規制に関する法律,Chemical Substances Control Law,NITE-CHRIP RJ_01_020,349CO0000000202
27243-09-0,priority_evaluation,優先評価化学物質,Priority Assessment Chemical,化学物質の審査及び製造等の規制に関する法律,Chemical Substances Control Law,NITE-CHRIP RJ_01_020,349CO0000000202
27243-10-3,priority_evaluation,優先評価化学物質,Priority Assessment Chemical,化学物質の審査及び製造等の規制に関する法律,Chemical Substances Control Law,NITE-CHRIP RJ_01_020,349CO0000000202
27306-79-2,priority_evaluation,優先評価化学物質,Priority Assessment Chemical,化学物質の審査及び製造等の規制に関する法律,Chemical Substances Control Law,NITE-CHRIP RJ_01_020,349CO0000000202
27323-41-7,priority_evaluation,優先評価化学物質,Priority Assessment Chemical,化学物質の審査及び製造等の規制に関する法律,Chemical Substances Control Law,NITE-CHRIP RJ_01_020,349CO0000000202
27342-88-7,priority_evaluation,優先評価化学物質,Priority Assessment Chemical,化学物質の審査及び製造等の規制に関する法律,Chemical Substances Control Law,NITE-CHRIP RJ_01_020,349CO0000000202
27458-92-0,priority_evaluation,優先評価化学物質,Priority Assessment Chemical,化学物質の審査及び製造等の規制に関する法律,Chemical Substances Control Law,NITE-CHRIP RJ_01_020,349CO0000000202
27574-56-7,priority_evaluation,優先評価化学物質,Priority Assessment Chemical,化学物質の審査及び製造等の規制に関する法律,Chemical Substances Control Law,NITE-CHRIP RJ_01_020,349CO0000000202
27636-75-5,priority_evaluation,優先評価化学物質,Priority Assessment Chemical,化学物質の審査及び製造等の規制に関する法律,Chemical Substances Control Law,NITE-CHRIP RJ_01_020,349CO0000000202
27649-34-9,priority_evaluation,優先評価化学物質,Priority Assessment Chemical,化学物質の審査及び製造等の規制に関する法律,Chemical Substances Control Law,NITE-CHRIP RJ_01_020,349CO0000000202
27649-36-1,priority_evaluation,優先評価化学物質,Priority Assessment Chemical,化学物質の審査及び製造等の規制に関する法律,Chemical Substances Control Law,NITE-CHRIP RJ_01_020,349CO0000000202
27731-62-0,priority_evaluation,優先評価化学物質,Priority Assessment Chemical,化学物質の審査及び製造等の規制に関する法律,Chemical Substances Control Law,NITE-CHRIP RJ_01_020,349CO0000000202
27836-64-2,priority_evaluation,優先評価化学物質,Priority Assessment Chemical,化学物質の審査及び製造等の規制に関する法律,Chemical Substances Control Law,NITE-CHRIP RJ_01_020,349CO0000000202
27936-81-8,priority_evaluation,優先評価化学物質,Priority Assessment Chemical,化学物質の審査及び製造等の規制に関する法律,Chemical Substances Control Law,NITE-CHRIP RJ_01_020,349CO0000000202
27978-54-7,priority_evaluation,優先評価化学物質,Priority Assessment Chemical,化学物質の審査及び製造等の規制に関する法律,Chemical Substances Control Law,NITE-CHRIP RJ_01_020,349CO0000000202
28038-27-9,priority_evaluation,優先評価化学物質,Priority Assessment Chemical,化学物質の審査及び製造等の規制に関する法律,Chemical Substances Control Law,NITE-CHRIP RJ_01_020,349CO0000000202
28065-97-6,priority_evaluation,優先評価化学物質,Priority Assessment Chemical,化学物質の審査及び製造等の規制に関する法律,Chemical Substances Control Law,NITE-CHRIP RJ_01_020,349CO0000000202
2809-21-4,priority_evaluation,優先評価化学物質,Priority Assessment Chemical,化学物質の審査及び製造等の規制に関する法律,Chemical Substances Control Law,NITE-CHRIP RJ_01_020 通し番号: 217,349CO0000000202
28098-03-5,priority_evaluation,優先評価化学物質,Priority Assessment Chemical,化学物質の審査及び製造等の規制に関する法律,Chemical Substances Control Law,NITE-CHRIP RJ_01_020,349CO0000000202
28214-57-5,priority_evaluation,優先評価化学物質,Priority Assessment Chemical,化学物質の審査及び製造等の規制に関する法律,Chemical Substances Control Law,NITE-CHRIP RJ_01_020,349CO0000000202
283158-20-3,priority_evaluation,優先評価化学物質,Priority Assessment Chemical,化学物質の審査及び製造等の規制に関する法律,Chemical Substances Control Law,NITE-CHRIP RJ_01_020,349CO0000000202
28322-92-1,priority_evaluation,優先評価化学物質,Priority Assessment Chemical,化学物質の審査及び製造等の規制に関する法律,Chemical Substances Control Law,NITE-CHRIP RJ_01_020,349CO0000000202
28339-05-1,priority_evaluation,優先評価化学物質,Priority Assessment Chemical,化学物質の審査及び製造等の規制に関する法律,Chemical Substances Control Law,NITE-CHRIP RJ_01_020,349CO0000000202
28348-61-0,priority_evaluation,優先評価化学物質,Priority Assessment Chemical,化学物質の審査及び製造等の規制に関する法律,Chemical Substances Control Law,NITE-CHRIP RJ_01_020,349CO0000000202
2893-78-9,priority_evaluation,優先評価化学物質,Priority Assessment Chemical,化学物質の審査及び製造等の規制に関する法律,Chemical Substances Control Law,NITE-CHRIP RJ_01_020 通し番号: 159,349CO0000000202
289711-48-4,priority_evaluation,優先評価化学物質,Priority Assessment Chemical,化学物質の審査及び製造等の規制に関する法律,Chemical Substances Control Law,NITE-CHRIP RJ_01_020,349CO0000000202
289711-49-5,priority_evaluation,優先評価化学物質,Priority Assessment Chemical,化学物質の審査及び製造等の規制に関する法律,Chemical Substances Control Law,NITE-CHRIP RJ_01_020,349CO0000000202
29061-63-0,priority_evaluation,優先評価化学物質,Priority Assessment Chemical,化学物質の審査及び製造等の規制に関する法律,Chemical Substances Control Law,NITE-CHRIP RJ_01_020,349CO0000000202
29329-71-3,priority_evaluation,優先評価化学物質,Priority Assessment Chemical,化学物質の審査及び製造等の規制に関する法律,Chemical Substances Control Law,NITE-CHRIP RJ_01_020,349CO0000000202
29340-81-6,priority_evaluation,優先評価化学物質,Priority Assessment Chemical,化学物質の審査及び製造等の規制に関する法律,Chemical Substances Control Law,NITE-CHRIP RJ_01_020,349CO0000000202
29585-72-6,priority_evaluation,優先評価化学物質,Priority Assessment Chemical,化学物質の審査及び製造等の規制に関する法律,Chemical Substances Control Law,NITE-CHRIP RJ_01_020,349CO0000000202
29781-80-4,priority_evaluation,優先評価化学物質,Priority Assessment Chemical,化学物質の審査及び製造等の規制に関する法律,Chemical Substances Control Law,NITE-CHRIP RJ_01_020,349CO0000000202
29781-81-5,priority_evaluation,優先評価化学物質,Priority Assessment Chemical,化学物質の審査及び製造等の規制に関する法律,Chemical Substances Control Law,NITE-CHRIP RJ_01_020,349CO0000000202
29835-44-7,priority_evaluation,優先評価化学物質,Priority Assessment Chemical,化学物質の審査及び製造等の規制に関する法律,Chemical Substances Control Law,NITE-CHRIP RJ_01_020,349CO0000000202
29836-26-8,priority_evaluation,優先評価化学物質,Priority Assessment Chemical,化学物質の審査及び製造等の規制に関する法律,Chemical Substances Control Law,NITE-CHRIP RJ_01_020,349CO0000000202
29933-69-5,priority_evaluation,優先評価化学物質,Priority Assessment Chemical,化学物質の審査及び製造等の規制に関する法律,Chemical Substances Control Law,NITE-CHRIP RJ_01_020,349CO0000000202
29963-33-5,priority_evaluation,優先評価化学物質,Priority Assessment Chemical,化学物質の審査及び製造等の規制に関する法律,Chemical Substances Control Law,NITE-CHRIP RJ_01_020,349CO0000000202
29980-16-3,priority_evaluation,優先評価化学物質,Priority Assessment Chemical,化学物質の審査及び製造等の規制に関する法律,Chemical Substances Control Law,NITE-CHRIP RJ_01_020,349CO0000000202
3015-50-7,priority_evaluation,優先評価化学物質,Priority Assessment Chemical,化学物質の審査及び製造等の規制に関する法律,Chemical Substances Control Law,NITE-CHRIP RJ_01_020,349CO0000000202
302-01-2,priority_evaluation,優先評価化学物質,Priority Assessment Chemical,化学物質の審査及び製造等の規制に関する法律,Chemical Substances Control Law,NITE-CHRIP RJ_01_020 通し番号: 2,349CO0000000202
30207-98-8,priority_evaluation,優先評価化学物質,Priority Assessment Chemical,化学物質の審査及び製造等の規制に関する法律,Chemical Substances Control Law,NITE-CHRIP RJ_01_020,349CO0000000202
3026-63-9,priority_evaluation,優先評価化学物質,Priority Assessment Chemical,化学物質の審査及び製造等の規制に関する法律,Chemical Substances Control Law,NITE-CHRIP RJ_01_020,349CO0000000202
3026-64-0,priority_evaluation,優先評価化学物質,Priority Assessment Chemical,化学物質の審査及び製造等の規制に関する法律,Chemical Substances Control Law,NITE-CHRIP RJ_01_020,349CO0000000202
3032-58-4,priority_evaluation,優先評価化学物質,Priority Assessment Chemical,化学物質の審査及び製造等の規制に関する法律,Chemical Substances Control Law,NITE-CHRIP RJ_01_020,349CO0000000202
3033-77-0,priority_evaluation,優先評価化学物質,Priority Assessment Chemical,化学物質の審査及び製造等の規制に関する法律,Chemical Substances Control Law,NITE-CHRIP RJ_01_020,349CO0000000202
3054-66-8,priority_evaluation,優先評価化学物質,Priority Assessment Chemical,化学物質の審査及び製造等の規制に関する法律,Chemical Substances Control Law,NITE-CHRIP RJ_01_020,349CO0000000202
3055-93-4,priority_evaluation,優先評価化学物質,Priority Assessment Chemical,化学物質の審査及び製造等の規制に関する法律,Chemical Substances Control Law,NITE-CHRIP RJ_01_020,349CO0000000202
3055-94-5,priority_evaluation,優先評価化学物質,Priority Assessment Chemical,化学物質の審査及び製造等の規制に関する法律,Chemical Substances Control Law,NITE-CHRIP RJ_01_020,349CO0000000202
3055-95-6,priority_evaluation,優先評価化学物質,Priority Assessment Chemical,化学物質の審査及び製造等の規制に関する法律,Chemical Substances Control Law,NITE-CHRIP RJ_01_020,349CO0000000202
3055-98-9,priority_evaluation,優先評価化学物質,Priority Assessment Chemical,化学物質の審査及び製造等の規制に関する法律,Chemical Substances Control Law,NITE-CHRIP RJ_01_020,349CO0000000202
3055-99-0,priority_evaluation,優先評価化学物質,Priority Assessment Chemical,化学物質の審査及び製造等の規制に関する法律,Chemical Substances Control Law,NITE-CHRIP RJ_01_020,349CO0000000202
3077-30-3,priority_evaluation,優先評価化学物質,Priority Assessment Chemical,化学物質の審査及び製造等の規制に関する法律,Chemical Substances Control Law,NITE-CHRIP RJ_01_020,349CO0000000202
308061-46-3,priority_evaluation,優先評価化学物質,Priority Assessment Chemical,化学物質の審査及び製造等の規制に関する法律,Chemical Substances Control Law,NITE-CHRIP RJ_01_020,349CO0000000202
308061-47-4,priority_evaluation,優先評価化学物質,Priority Assessment Chemical,化学物質の審査及び製造等の規制に関する法律,Chemical Substances Control Law,NITE-CHRIP RJ_01_020,349CO0000000202
308062-21-7,priority_evaluation,優先評価化学物質,Priority Assessment Chemical,化学物質の審査及び製造等の規制に関する法律,Chemical Substances Control Law,NITE-CHRIP RJ_01_020,349CO0000000202
308067-68-7,priority_evaluation,優先評価化学物質,Priority Assessment Chemical,化学物質の審査及び製造等の規制に関する法律,Chemical Substances Control Law,NITE-CHRIP RJ_01_020,349CO0000000202
308076-74-6,priority_evaluation,優先評価化学物質,Priority Assessment Chemical,化学物質の審査及び製造等の規制に関する法律,Chemical Substances Control Law,NITE-CHRIP RJ_01_020,349CO0000000202
308081-45-0,priority_evaluation,優先評価化学物質,Priority Assessment Chemical,化学物質の審査及び製造等の規制に関する法律,Chemical Substances Control Law,NITE-CHRIP RJ_01_020,349CO0000000202
30862-34-1,priority_evaluation,優先評価化学物質,Priority Assessment Chemical,化学物質の審査及び製造等の規制に関する法律,Chemical Substances Control Law,NITE-CHRIP RJ_01_020,349CO0000000202
30862-35-2,priority_evaluation,優先評価化学物質,Priority Assessment Chemical,化学物質の審査及び製造等の規制に関する法律,Chemical Substances Control Law,NITE-CHRIP RJ_01_020,349CO0000000202
3088-31-1,priority_evaluation,優先評価化学物質,Priority Assessment Chemical,化学物質の審査及び製造等の規制に関する法律,Chemical Substances Control Law,NITE-CHRIP RJ_01_020,349CO0000000202
31017-83-1,priority_evaluation,優先評価化学物質,Priority Assessment Chemical,化学物質の審査及び製造等の規制に関する法律,Chemical Substances Control Law,NITE-CHRIP RJ_01_020,349CO0000000202
31271-00-8,priority_evaluation,優先評価化学物質,Priority Assessment Chemical,化学物質の審査及び製造等の規制に関する法律,Chemical Substances Control Law,NITE-CHRIP RJ_01_020,349CO0000000202
31334-78-8,priority_evaluation,優先評価化学物質,Priority Assessment Chemical,化学物質の審査及び製造等の規制に関する法律,Chemical Substances Control Law,NITE-CHRIP RJ_01_020,349CO0000000202
31334-80-2,priority_evaluation,優先評価化学物質,Priority Assessment Chemical,化学物質の審査及び製造等の規制に関する法律,Chemical Substances Control Law,NITE-CHRIP RJ_01_020,349CO0000000202
31500-63-7,priority_evaluation,優先評価化学物質,Priority Assessment Chemical,化学物質の審査及び製造等の規制に関する法律,Chemical Substances Control Law,NITE-CHRIP RJ_01_020,349CO0000000202
31727-16-9,priority_evaluation,優先評価化学物質,Priority Assessment Chemical,化学物質の審査及び製造等の規制に関する法律,Chemical Substances Control Law,NITE-CHRIP RJ_01_020,349CO0000000202
31841-58-4,priority_evaluation,優先評価化学物質,Priority Assessment Chemical,化学物質の審査及び製造等の規制に関する法律,Chemical Substances Control Law,NITE-CHRIP RJ_01_020,349CO0000000202
31841-74-4,priority_evaluation,優先評価化学物質,Priority Assessment Chemical,化学物質の審査及び製造等の規制に関する法律,Chemical Substances Control Law,NITE-CHRIP RJ_01_020,349CO0000000202
32001-55-1,priority_evaluation,優先評価化学物質,Priority Assessment Chemical,化学物質の審査及び製造等の規制に関する法律,Chemical Substances Control Law,NITE-CHRIP RJ_01_020,349CO0000000202
32055-14-4,priority_evaluation,優先評価化学物質,Priority Assessment Chemical,化学物質の審査及び製造等の規制に関する法律,Chemical Substances Control Law,NITE-CHRIP RJ_01_020,349CO0000000202
32154-53-3,priority_evaluation,優先評価化学物質,Priority Assessment Chemical,化学物質の審査及び製造等の規制に関する法律,Chemical Substances Control Law,NITE-CHRIP RJ_01_020,349CO0000000202
32208-04-1,priority_evaluation,優先評価化学物質,Priority Assessment Chemical,化学物質の審査及び製造等の規制に関する法律,Chemical Substances Control Law,NITE-CHRIP RJ_01_020,349CO0000000202
32288-33-8,priority_evaluation,優先評価化学物質,Priority Assessment Chemical,化学物質の審査及び製造等の規制に関する法律,Chemical Substances Control Law,NITE-CHRIP RJ_01_020,349CO0000000202
32289-58-0,priority_evaluation,優先評価化学物質,Priority Assessment Chemical,化学物質の審査及び製造等の規制に関する法律,Chemical Substances Control Law,NITE-CHRIP RJ_01_020,349CO0000000202
32329-01-4,priority_evaluation,優先評価化学物質,Priority Assessment Chemical,化学物質の審査及び製造等の規制に関する法律,Chemical Substances Control Law,NITE-CHRIP RJ_01_020,349CO0000000202
32441-17-1,priority_evaluation,優先評価化学物質,Priority Assessment Chemical,化学物質の審査及び製造等の規制に関する法律,Chemical Substances Control Law,NITE-CHRIP RJ_01_020,349CO0000000202
32579-68-3,priority_evaluation,優先評価化学物質,Priority Assessment Chemical,化学物質の審査及び製造等の規制に関する法律,Chemical Substances Control Law,NITE-CHRIP RJ_01_020,349CO0000000202
32579-69-4,priority_evaluation,優先評価化学物質,Priority Assessment Chemical,化学物質の審査及び製造等の規制に関する法律,Chemical Substances Control Law,NITE-CHRIP RJ_01_020,349CO0000000202
32579-70-7,priority_evaluation,優先評価化学物質,Priority Assessment Chemical,化学物質の審査及び製造等の規制に関する法律,Chemical Substances Control Law,NITE-CHRIP RJ_01_020,349CO0000000202
32580-85-1,priority_evaluation,優先評価化学物質,Priority Assessment Chemical,化学物質の審査及び製造等の規制に関する法律,Chemical Substances Control Law,NITE-CHRIP RJ_01_020,349CO0000000202
32687-84-6,priority_evaluation,優先評価化学物質,Priority Assessment Chemical,化学物質の審査及び製造等の規制に関する法律,Chemical Substances Control Law,NITE-CHRIP RJ_01_020,349CO0000000202
32761-35-6,priority_evaluation,優先評価化学物質,Priority Assessment Chemical,化学物質の審査及び製造等の規制に関する法律,Chemical Substances Control Law,NITE-CHRIP RJ_01_020,349CO0000000202
3282-73-3,priority_evaluation,優先評価化学物質,Priority Assessment Chemical,化学物質の審査及び製造等の規制に関する法律,Chemical Substances Control Law,NITE-CHRIP RJ_01_020,349CO0000000202
3282-85-7,priority_evaluation,優先評価化学物質,Priority Assessment Chemical,化学物質の審査及び製造等の規制に関する法律,Chemical Substances Control Law,NITE-CHRIP RJ_01_020,349CO0000000202
32836-42-3,priority_evaluation,優先評価化学物質,Priority Assessment Chemical,化学物質の審査及び製造等の規制に関する法律,Chemical Substances Control Law,NITE-CHRIP RJ_01_020,349CO0000000202
32954-43-1,priority_evaluation,優先評価化学物質,Priority Assessment Chemical,化学物質の審査及び製造等の規制に関する法律,Chemical Substances Control Law,NITE-CHRIP RJ_01_020,349CO0000000202
331466-38-7,priority_evaluation,優先評価化学物質,Priority Assessment Chemical,化学物質の審査及び製造等の規制に関する法律,Chemical Substances Control Law,NITE-CHRIP RJ_01_020,349CO0000000202
3323-53-3,priority_evaluation,優先評価化学物質,Priority Assessment Chemical,化学物質の審査及び製造等の規制に関する法律,Chemical Substances Control Law,NITE-CHRIP RJ_01_020,349CO0000000202
3332-27-2,priority_evaluation,優先評価化学物質,Priority Assessment Chemical,化学物質の審査及び製造等の規制に関する法律,Chemical Substances Control Law,NITE-CHRIP RJ_01_020,349CO0000000202
33508-66-6,priority_evaluation,優先評価化学物質,Priority Assessment Chemical,化学物質の審査及び製造等の規制に関する法律,Chemical Substances Control Law,NITE-CHRIP RJ_01_020,349CO0000000202
3354-62-9,priority_evaluation,優先評価化学物質,Priority Assessment Chemical,化学物質の審査及び製造等の規制に関する法律,Chemical Substances Control Law,NITE-CHRIP RJ_01_020,349CO0000000202
3380-30-1,priority_evaluation,優先評価化学物質,Priority Assessment Chemical,化学物質の審査及び製造等の規制に関する法律,Chemical Substances Control Law,NITE-CHRIP RJ_01_020 通し番号: 254,349CO0000000202
33933-80-1,priority_evaluation,優先評価化学物質,Priority Assessment Chemical,化学物質の審査及び製造等の規制に関する法律,Chemical Substances Control Law,NITE-CHRIP RJ_01_020,349CO0000000202
33939-64-9,priority_evaluation,優先評価化学物質,Priority Assessment Chemical,化学物質の審査及び製造等の規制に関する法律,Chemical Substances Control Law,NITE-CHRIP RJ_01_020,349CO0000000202
3396-02-9,priority_evaluation,優先評価化学物質,Priority Assessment Chemical,化学物質の審査及び製造等の規制に関する法律,Chemical Substances Control Law,NITE-CHRIP RJ_01_020,349CO0000000202
33978-71-1,priority_evaluation,優先評価化学物質,Priority Assessment Chemical,化学物質の審査及び製造等の規制に関する法律,Chemical Substances Control Law,NITE-CHRIP RJ_01_020,349CO0000000202
3401-74-9,priority_evaluation,優先評価化学物質,Priority Assessment Chemical,化学物質の審査及び製造等の規制に関する法律,Chemical Substances Control Law,NITE-CHRIP RJ_01_020,349CO0000000202
3414-89-9,priority_evaluation,優先評価化学物質,Priority Assessment Chemical,化学物質の審査及び製造等の規制に関する法律,Chemical Substances Control Law,NITE-CHRIP RJ_01_020,349CO0000000202
34197-82-5,priority_evaluation,優先評価化学物質,Priority Assessment Chemical,化学物質の審査及び製造等の規制に関する法律,Chemical Substances Control Law,NITE-CHRIP RJ_01_020,349CO0000000202
34202-37-4,priority_evaluation,優先評価化学物質,Priority Assessment Chemical,化学物質の審査及び製造等の規制に関する法律,Chemical Substances Control Law,NITE-CHRIP RJ_01_020,349CO0000000202
34214-86-3,priority_evaluation,優先評価化学物質,Priority Assessment Chemical,化学物質の審査及び製造等の規制に関する法律,Chemical Substances Control Law,NITE-CHRIP RJ_01_020,349CO0000000202
3427-97-2,priority_evaluation,優先評価化学物質,Priority Assessment Chemical,化学物質の審査及び製造等の規制に関する法律,Chemical Substances Control Law,NITE-CHRIP RJ_01_020,349CO0000000202
34397-99-4,priority_evaluation,優先評価化学物質,Priority Assessment Chemical,化学物質の審査及び製造等の規制に関する法律,Chemical Substances Control Law,NITE-CHRIP RJ_01_020,349CO0000000202
34398-01-1,priority_evaluation,優先評価化学物質,Priority Assessment Chemical,化学物質の審査及び製造等の規制に関する法律,Chemical Substances Control Law,NITE-CHRIP RJ_01_020,349CO0000000202
34398-05-5,priority_evaluation,優先評価化学物質,Priority Assessment Chemical,化学物質の審査及び製造等の規制に関する法律,Chemical Substances Control Law,NITE-CHRIP RJ_01_020,349CO0000000202
34455-29-3,priority_evaluation,優先評価化学物質,Priority Assessment Chemical,化学物質の審査及び製造等の規制に関する法律,Chemical Substances Control Law,NITE-CHRIP RJ_01_020,349CO0000000202
34506-45-1,priority_evaluation,優先評価化学物質,Priority Assessment Chemical,化学物質の審査及び製造等の規制に関する法律,Chemical Substances Control Law,NITE-CHRIP RJ_01_020,349CO0000000202
34890-37-4,priority_evaluation,優先評価化学物質,Priority Assessment Chemical,化学物質の審査及び製造等の規制に関する法律,Chemical Substances Control Law,NITE-CHRIP RJ_01_020,349CO0000000202
34942-43-3,priority_evaluation,優先評価化学物質,Priority Assessment Chemical,化学物質の審査及び製造等の規制に関する法律,Chemical Substances Control Law,NITE-CHRIP RJ_01_020,349CO0000000202
35119-84-7,priority_evaluation,優先評価化学物質,Priority Assessment Chemical,化学物質の審査及び製造等の規制に関する法律,Chemical Substances Control Law,NITE-CHRIP RJ_01_020,349CO0000000202
35176-28-4,priority_evaluation,優先評価化学物質,Priority Assessment Chemical,化学物質の審査及び製造等の規制に関する法律,Chemical Substances Control Law,NITE-CHRIP RJ_01_020,349CO0000000202
3529-04-2,priority_evaluation,優先評価化学物質,Priority Assessment Chemical,化学物質の審査及び製造等の規制に関する法律,Chemical Substances Control Law,NITE-CHRIP RJ_01_020,349CO0000000202
35365-94-7,priority_evaluation,優先評価化学物質,Priority Assessment Chemical,化学物質の審査及び製造等の規制に関する法律,Chemical Substances Control Law,NITE-CHRIP RJ_01_020,349CO0000000202
35424-80-7,priority_evaluation,優先評価化学物質,Priority Assessment Chemical,化学物質の審査及び製造等の規制に関する法律,Chemical Substances Control Law,NITE-CHRIP RJ_01_020,349CO0000000202
35674-62-5,priority_evaluation,優先評価化学物質,Priority Assessment Chemical,化学物質の審査及び製造等の規制に関する法律,Chemical Substances Control Law,NITE-CHRIP RJ_01_020,349CO0000000202
35724-28-8,priority_evaluation,優先評価化学物質,Priority Assessment Chemical,化学物質の審査及び製造等の規制に関する法律,Chemical Substances Control Law,NITE-CHRIP RJ_01_020,349CO0000000202
36087-10-2,priority_evaluation,優先評価化学物質,Priority Assessment Chemical,化学物質の審査及び製造等の規制に関する法律,Chemical Substances Control Law,NITE-CHRIP RJ_01_020,349CO0000000202
36348-64-8,priority_evaluation,優先評価化学物質,Priority Assessment Chemical,化学物質の審査及び製造等の規制に関する法律,Chemical Substances Control Law,NITE-CHRIP RJ_01_020,349CO0000000202
364059-53-0,priority_evaluation,優先評価化学物質,Priority Assessment Chemical,化学物質の審査及び製造等の規制に関する法律,Chemical Substances Control Law,NITE-CHRIP RJ_01_020,349CO0000000202
364059-57-4,priority_evaluation,優先評価化学物質,Priority Assessment Chemical,化学物質の審査及び製造等の規制に関する法律,Chemical Substances Control Law,NITE-CHRIP RJ_01_020,349CO0000000202
364059-75-6,priority_evaluation,優先評価化学物質,Priority Assessment Chemical,化学物質の審査及び製造等の規制に関する法律,Chemical Substances Control Law,NITE-CHRIP RJ_01_020,349CO0000000202
364364-06-7,priority_evaluation,優先評価化学物質,Priority Assessment Chemical,化学物質の審査及び製造等の規制に関する法律,Chemical Substances Control Law,NITE-CHRIP RJ_01_020,349CO0000000202
36813-24-8,priority_evaluation,優先評価化学物質,Priority Assessment Chemical,化学物質の審査及び製造等の規制に関する法律,Chemical Substances Control Law,NITE-CHRIP RJ_01_020,349CO0000000202
3699-30-7,priority_evaluation,優先評価化学物質,Priority Assessment Chemical,化学物質の審査及び製造等の規制に関する法律,Chemical Substances Control Law,NITE-CHRIP RJ_01_020 通し番号: 179,349CO0000000202
3700-67-2,priority_evaluation,優先評価化学物質,Priority Assessment Chemical,化学物質の審査及び製造等の規制に関する法律,Chemical Substances Control Law,NITE-CHRIP RJ_01_020,349CO0000000202
37211-05-5,priority_evaluation,優先評価化学物質,Priority Assessment Chemical,化学物質の審査及び製造等の規制に関する法律,Chemical Substances Control Law,NITE-CHRIP RJ_01_020,349CO0000000202
37251-67-5,priority_evaluation,優先評価化学物質,Priority Assessment Chemical,化学物質の審査及び製造等の規制に関する法律,Chemical Substances Control Law,NITE-CHRIP RJ_01_020,349CO0000000202
373-68-2,priority_evaluation,優先評価化学物質,Priority Assessment Chemical,化学物質の審査及び製造等の規制に関する法律,Chemical Substances Control Law,NITE-CHRIP RJ_01_020,349CO0000000202
37311-00-5,priority_evaluation,優先評価化学物質,Priority Assessment Chemical,化学物質の審査及び製造等の規制に関する法律,Chemical Substances Control Law,NITE-CHRIP RJ_01_020,349CO0000000202
37311-01-6,priority_evaluation,優先評価化学物質,Priority Assessment Chemical,化学物質の審査及び製造等の規制に関する法律,Chemical Substances Control Law,NITE-CHRIP RJ_01_020,349CO0000000202
37311-02-7,priority_evaluation,優先評価化学物質,Priority Assessment Chemical,化学物質の審査及び製造等の規制に関する法律,Chemical Substances Control Law,NITE-CHRIP RJ_01_020,349CO0000000202
37311-04-9,priority_evaluation,優先評価化学物質,Priority Assessment Chemical,化学物質の審査及び製造等の規制に関する法律,Chemical Substances Control Law,NITE-CHRIP RJ_01_020,349CO0000000202
37490-40-7,priority_evaluation,優先評価化学物質,Priority Assessment Chemical,化学物質の審査及び製造等の規制に関する法律,Chemical Substances Control Law,NITE-CHRIP RJ_01_020,349CO0000000202
37493-70-2,priority_evaluation,優先評価化学物質,Priority Assessment Chemical,化学物質の審査及び製造等の規制に関する法律,Chemical Substances Control Law,NITE-CHRIP RJ_01_020,349CO0000000202
37574-18-8,priority_evaluation,優先評価化学物質,Priority Assessment Chemical,化学物質の審査及び製造等の規制に関する法律,Chemical Substances Control Law,NITE-CHRIP RJ_01_020,349CO0000000202
37773-96-9,priority_evaluation,優先評価化学物質,Priority Assessment Chemical,化学物質の審査及び製造等の規制に関する法律,Chemical Substances Control Law,NITE-CHRIP RJ_01_020,349CO0000000202
37836-27-4,priority_evaluation,優先評価化学物質,Priority Assessment Chemical,化学物質の審査及び製造等の規制に関する法律,Chemical Substances Control Law,NITE-CHRIP RJ_01_020,349CO0000000202
37849-30-2,priority_evaluation,優先評価化学物質,Priority Assessment Chemical,化学物質の審査及び製造等の規制に関する法律,Chemical Substances Control Law,NITE-CHRIP RJ_01_020,349CO0000000202
3794-83-0,priority_evaluation,優先評価化学物質,Priority Assessment Chemical,化学物質の審査及び製造等の規制に関する法律,Chemical Substances Control Law,NITE-CHRIP RJ_01_020,349CO0000000202
3811-73-2,priority_evaluation,優先評価化学物質,Priority Assessment Chemical,化学物質の審査及び製造等の規制に関する法律,Chemical Substances Control Law,NITE-CHRIP RJ_01_020 通し番号: 251,349CO0000000202
38206-58-5,priority_evaluation,優先評価化学物質,Priority Assessment Chemical,化学物質の審査及び製造等の規制に関する法律,Chemical Substances Control Law,NITE-CHRIP RJ_01_020,349CO0000000202
38344-72-8,priority_evaluation,優先評価化学物質,Priority Assessment Chemical,化学物質の審査及び製造等の規制に関する法律,Chemical Substances Control Law,NITE-CHRIP RJ_01_020,349CO0000000202
38395-41-4,priority_evaluation,優先評価化学物質,Priority Assessment Chemical,化学物質の審査及び製造等の規制に関する法律,Chemical Substances Control Law,NITE-CHRIP RJ_01_020,349CO0000000202
3843-16-1,priority_evaluation,優先評価化学物質,Priority Assessment Chemical,化学物質の審査及び製造等の規制に関する法律,Chemical Substances Control Law,NITE-CHRIP RJ_01_020,349CO0000000202
38443-88-8,priority_evaluation,優先評価化学物質,Priority Assessment Chemical,化学物質の審査及び製造等の規制に関する法律,Chemical Substances Control Law,NITE-CHRIP RJ_01_020,349CO0000000202
38471-49-7,priority_evaluation,優先評価化学物質,Priority Assessment Chemical,化学物質の審査及び製造等の規制に関する法律,Chemical Substances Control Law,NITE-CHRIP RJ_01_020,349CO0000000202
38514-11-3,priority_evaluation,優先評価化学物質,Priority Assessment Chemical,化学物質の審査及び製造等の規制に関する法律,Chemical Substances Control Law,NITE-CHRIP RJ_01_020,349CO0000000202
38514-12-4,priority_evaluation,優先評価化学物質,Priority Assessment Chemical,化学物質の審査及び製造等の規制に関する法律,Chemical Substances Control Law,NITE-CHRIP RJ_01_020,349CO0000000202
38660-45-6,priority_evaluation,優先評価化学物質,Priority Assessment Chemical,化学物質の審査及び製造等の規制に関する法律,Chemical Substances Control Law,NITE-CHRIP RJ_01_020,349CO0000000202
38664-32-3,priority_evaluation,優先評価化学物質,Priority Assessment Chemical,化学物質の審査及び製造等の規制に関する法律,Chemical Substances Control Law,NITE-CHRIP RJ_01_020,349CO0000000202
38713-13-2,priority_evaluation,優先評価化学物質,Priority Assessment Chemical,化学物質の審査及び製造等の規制に関する法律,Chemical Substances Control Law,NITE-CHRIP RJ_01_020,349CO0000000202
38725-46-1,priority_evaluation,優先評価化学物質,Priority Assessment Chemical,化学物質の審査及び製造等の規制に関する法律,Chemical Substances Control Law,NITE-CHRIP RJ_01_020,349CO0000000202
3877-26-7,priority_evaluation,優先評価化学物質,Priority Assessment Chemical,化学物質の審査及び製造等の規制に関する法律,Chemical Substances Control Law,NITE-CHRIP RJ_01_020,349CO0000000202
38775-37-0,priority_evaluation,優先評価化学物質,Priority Assessment Chemical,化学物質の審査及び製造等の規制に関する法律,Chemical Substances Control Law,NITE-CHRIP RJ_01_020,349CO0000000202
39106-92-8,priority_evaluation,優先評価化学物質,Priority Assessment Chemical,化学物質の審査及び製造等の規制に関する法律,Chemical Substances Control Law,NITE-CHRIP RJ_01_020,349CO0000000202
3913-02-8,priority_evaluation,優先評価化学物質,Priority Assessment Chemical,化学物質の審査及び製造等の規制に関する法律,Chemical Substances Control Law,NITE-CHRIP RJ_01_020,349CO0000000202
3926-62-3,priority_evaluation,優先評価化学物質,Priority Assessment Chemical,化学物質の審査及び製造等の規制に関する法律,Chemical Substances Control Law,NITE-CHRIP RJ_01_020 通し番号: 95,349CO0000000202
39346-20-8,priority_evaluation,優先評価化学物質,Priority Assessment Chemical,化学物質の審査及び製造等の規制に関する法律,Chemical Substances Control Law,NITE-CHRIP RJ_01_020,349CO0000000202
39365-90-7,priority_evaluation,優先評価化学物質,Priority Assessment Chemical,化学物質の審査及び製造等の規制に関する法律,Chemical Substances Control Law,NITE-CHRIP RJ_01_020,349CO0000000202
39479-63-5,priority_evaluation,優先評価化学物質,Priority Assessment Chemical,化学物質の審査及び製造等の規制に関する法律,Chemical Substances Control Law,NITE-CHRIP RJ_01_020,349CO0000000202
39587-22-9,priority_evaluation,優先評価化学物質,Priority Assessment Chemical,化学物質の審査及び製造等の規制に関する法律,Chemical Substances Control Law,NITE-CHRIP RJ_01_020,349CO0000000202
3983-91-3,priority_evaluation,優先評価化学物質,Priority Assessment Chemical,化学物質の審査及び製造等の規制に関する法律,Chemical Substances Control Law,NITE-CHRIP RJ_01_020,349CO0000000202
39943-70-9,priority_evaluation,優先評価化学物質,Priority Assessment Chemical,化学物質の審査及び製造等の規制に関する法律,Chemical Substances Control Law,NITE-CHRIP RJ_01_020,349CO0000000202
4016-24-4,priority_evaluation,優先評価化学物質,Priority Assessment Chemical,化学物質の審査及び製造等の規制に関する法律,Chemical Substances Control Law,NITE-CHRIP RJ_01_020,349CO0000000202
40589-16-0,priority_evaluation,優先評価化学物質,Priority Assessment Chemical,化学物質の審査及び製造等の規制に関する法律,Chemical Substances Control Law,NITE-CHRIP RJ_01_020,349CO0000000202
4062-78-6,priority_evaluation,優先評価化学物質,Priority Assessment Chemical,化学物質の審査及び製造等の規制に関する法律,Chemical Substances Control Law,NITE-CHRIP RJ_01_020,349CO0000000202
40766-31-2,priority_evaluation,優先評価化学物質,Priority Assessment Chemical,化学物質の審査及び製造等の規制に関する法律,Chemical Substances Control Law,NITE-CHRIP RJ_01_020 通し番号: 220,349CO0000000202
40768-19-2,priority_evaluation,優先評価化学物質,Priority Assessment Chemical,化学物質の審査及び製造等の規制に関する法律,Chemical Substances Control Law,NITE-CHRIP RJ_01_020,349CO0000000202
408-35-5,priority_evaluation,優先評価化学物質,Priority Assessment Chemical,化学物質の審査及び製造等の規制に関する法律,Chemical Substances Control Law,NITE-CHRIP RJ_01_020,349CO0000000202
40839-73-4,priority_evaluation,優先評価化学物質,Priority Assessment Chemical,化学物質の審査及び製造等の規制に関する法律,Chemical Substances Control Law,NITE-CHRIP RJ_01_020 通し番号: 85,349CO0000000202
40849-90-9,priority_evaluation,優先評価化学物質,Priority Assessment Chemical,化学物質の審査及び製造等の規制に関する法律,Chemical Substances Control Law,NITE-CHRIP RJ_01_020,349CO0000000202
40853-58-5,priority_evaluation,優先評価化学物質,Priority Assessment Chemical,化学物質の審査及び製造等の規制に関する法律,Chemical Substances Control Law,NITE-CHRIP RJ_01_020,349CO0000000202
409-21-2,priority_evaluation,優先評価化学物質,Priority Assessment Chemical,化学物質の審査及び製造等の規制に関する法律,Chemical Substances Control Law,NITE-CHRIP RJ_01_020 通し番号: 143,349CO0000000202
4098-71-9,priority_evaluation,優先評価化学物質,Priority Assessment Chemical,化学物質の審査及び製造等の規制に関する法律,Chemical Substances Control Law,NITE-CHRIP RJ_01_020 通し番号: 284,349CO0000000202
41096-61-1,priority_evaluation,優先評価化学物質,Priority Assessment Chemical,化学物質の審査及び製造等の規制に関する法律,Chemical Substances Control Law,NITE-CHRIP RJ_01_020,349CO0000000202
4131-80-0,priority_evaluation,優先評価化学物質,Priority Assessment Chemical,化学物質の審査及び製造等の規制に関する法律,Chemical Substances Control Law,NITE-CHRIP RJ_01_020,349CO0000000202
41444-50-2,priority_evaluation,優先評価化学物質,Priority Assessment Chemical,化学物質の審査及び製造等の規制に関する法律,Chemical Substances Control Law,NITE-CHRIP RJ_01_020,349CO0000000202
41444-55-7,priority_evaluation,優先評価化学物質,Priority Assessment Chemical,化学物質の審査及び製造等の規制に関する法律,Chemical Substances Control Law,NITE-CHRIP RJ_01_020,349CO0000000202
41444-56-8,priority_evaluation,優先評価化学物質,Priority Assessment Chemical,化学物質の審査及び製造等の規制に関する法律,Chemical Substances Control Law,NITE-CHRIP RJ_01_020,349CO0000000202
4165-61-1,priority_evaluation,優先評価化学物質,Priority Assessment Chemical,化学物質の審査及び製造等の規制に関する法律,Chemical Substances Control Law,NITE-CHRIP RJ_01_020,349CO0000000202
41669-40-3,priority_evaluation,優先評価化学物質,Priority Assessment Chemical,化学物質の審査及び製造等の規制に関する法律,Chemical Substances Control Law,NITE-CHRIP RJ_01_020,349CO0000000202
41746-85-4,priority_evaluation,優先評価化学物質,Priority Assessment Chemical,化学物質の審査及び製造等の規制に関する法律,Chemical Substances Control Law,NITE-CHRIP RJ_01_020,349CO0000000202
41902-42-5,priority_evaluation,優先評価化学物質,Priority Assessment Chemical,化学物質の審査及び製造等の規制に関する法律,Chemical Substances Control Law,NITE-CHRIP RJ_01_020,349CO0000000202
42072-62-8,priority_evaluation,優先評価化学物質,Priority Assessment Chemical,化学物質の審査及び製造等の規制に関する法律,Chemical Substances Control Law,NITE-CHRIP RJ_01_020,349CO0000000202
42184-01-0,priority_evaluation,優先評価化学物質,Priority Assessment Chemical,化学物質の審査及び製造等の規制に関する法律,Chemical Substances Control Law,NITE-CHRIP RJ_01_020,349CO0000000202
4254-14-2,priority_evaluation,優先評価化学物質,Priority Assessment Chemical,化学物質の審査及び製造等の規制に関する法律,Chemical Substances Control Law,NITE-CHRIP RJ_01_020,349CO0000000202
4254-15-3,priority_evaluation,優先評価化学物質,Priority Assessment Chemical,化学物質の審査及び製造等の規制に関する法律,Chemical Substances Control Law,NITE-CHRIP RJ_01_020,349CO0000000202
42608-87-7,priority_evaluation,優先評価化学物質,Priority Assessment Chemical,化学物質の審査及び製造等の規制に関する法律,Chemical Substances Control Law,NITE-CHRIP RJ_01_020,349CO0000000202
4268-63-7,priority_evaluation,優先評価化学物質,Priority Assessment Chemical,化学物質の審査及び製造等の規制に関する法律,Chemical Substances Control Law,NITE-CHRIP RJ_01_020,349CO0000000202
4272-06-4,priority_evaluation,優先評価化学物質,Priority Assessment Chemical,化学物質の審査及び製造等の規制に関する法律,Chemical Substances Control Law,NITE-CHRIP RJ_01_020,349CO0000000202
42842-12-6,priority_evaluation,優先評価化学物質,Priority Assessment Chemical,化学物質の審査及び製造等の規制に関する法律,Chemical Substances Control Law,NITE-CHRIP RJ_01_020,349CO0000000202
42842-13-7,priority_evaluation,優先評価化学物質,Priority Assessment Chemical,化学物質の審査及び製造等の規制に関する法律,Chemical Substances Control Law,NITE-CHRIP RJ_01_020,349CO0000000202
4292-10-8,priority_evaluation,優先評価化学物質,Priority Assessment Chemical,化学物質の審査及び製造等の規制に関する法律,Chemical Substances Control Law,NITE-CHRIP RJ_01_020,349CO0000000202
42930-67-6,priority_evaluation,優先評価化学物質,Priority Assessment Chemical,化学物質の審査及び製造等の規制に関する法律,Chemical Substances Control Law,NITE-CHRIP RJ_01_020,349CO0000000202
43126-89-2,priority_evaluation,優先評価化学物質,Priority Assessment Chemical,化学物質の審査及び製造等の規制に関する法律,Chemical Substances Control Law,NITE-CHRIP RJ_01_020,349CO0000000202
4337-66-0,priority_evaluation,優先評価化学物質,Priority Assessment Chemical,化学物質の審査及び製造等の規制に関する法律,Chemical Substances Control Law,NITE-CHRIP RJ_01_020,349CO0000000202
4403-12-7,priority_evaluation,優先評価化学物質,Priority Assessment Chemical,化学物質の審査及び製造等の規制に関する法律,Chemical Substances Control Law,NITE-CHRIP RJ_01_020,349CO0000000202
441053-10-7,priority_evaluation,優先評価化学物質,Priority Assessment Chemical,化学物質の審査及び製造等の規制に関する法律,Chemical Substances Control Law,NITE-CHRIP RJ_01_020,349CO0000000202
4439-24-1,priority_evaluation,優先評価化学物質,Priority Assessment Chemical,化学物質の審査及び製造等の規制に関する法律,Chemical Substances Control Law,NITE-CHRIP RJ_01_020 通し番号: 150,349CO0000000202
4492-78-8,priority_evaluation,優先評価化学物質,Priority Assessment Chemical,化学物質の審査及び製造等の規制に関する法律,Chemical Substances Control Law,NITE-CHRIP RJ_01_020,349CO0000000202
4492-79-9,priority_evaluation,優先評価化学物質,Priority Assessment Chemical,化学物質の審査及び製造等の規制に関する法律,Chemical Substances Control Law,NITE-CHRIP RJ_01_020,349CO0000000202
4492-80-2,priority_evaluation,優先評価化学物質,Priority Assessment Chemical,化学物質の審査及び製造等の規制に関する法律,Chemical Substances Control Law,NITE-CHRIP RJ_01_020,349CO0000000202
4536-30-5,priority_evaluation,優先評価化学物質,Priority Assessment Chemical,化学物質の審査及び製造等の規制に関する法律,Chemical Substances Control Law,NITE-CHRIP RJ_01_020,349CO0000000202
4615-11-6,priority_evaluation,優先評価化学物質,Priority Assessment Chemical,化学物質の審査及び製造等の規制に関する法律,Chemical Substances Control Law,NITE-CHRIP RJ_01_020,349CO0000000202
4615-13-8,priority_evaluation,優先評価化学物質,Priority Assessment Chemical,化学物質の審査及び製造等の規制に関する法律,Chemical Substances Control Law,NITE-CHRIP RJ_01_020,349CO0000000202
4636-73-1,priority_evaluation,優先評価化学物質,Priority Assessment Chemical,化学物質の審査及び製造等の規制に関する法律,Chemical Substances Control Law,NITE-CHRIP RJ_01_020,349CO0000000202
4696-46-2,priority_evaluation,優先評価化学物質,Priority Assessment Chemical,化学物質の審査及び製造等の規制に関する法律,Chemical Substances Control Law,NITE-CHRIP RJ_01_020,349CO0000000202
4696-47-3,priority_evaluation,優先評価化学物質,Priority Assessment Chemical,化学物質の審査及び製造等の規制に関する法律,Chemical Substances Control Law,NITE-CHRIP RJ_01_020,349CO0000000202
4696-48-4,priority_evaluation,優先評価化学物質,Priority Assessment Chemical,化学物質の審査及び製造等の規制に関する法律,Chemical Substances Control Law,NITE-CHRIP RJ_01_020,349CO0000000202
4696-49-5,priority_evaluation,優先評価化学物質,Priority Assessment Chemical,化学物質の審査及び製造等の規制に関する法律,Chemical Substances Control Law,NITE-CHRIP RJ_01_020,349CO0000000202
469874-33-7,priority_evaluation,優先評価化学物質,Priority Assessment Chemical,化学物質の審査及び製造等の規制に関する法律,Chemical Substances Control Law,NITE-CHRIP RJ_01_020,349CO0000000202
4706-81-4,priority_evaluation,優先評価化学物質,Priority Assessment Chemical,化学物質の審査及び製造等の規制に関する法律,Chemical Substances Control Law,NITE-CHRIP RJ_01_020,349CO0000000202
4722-98-9,priority_evaluation,優先評価化学物質,Priority Assessment Chemical,化学物質の審査及び製造等の規制に関する法律,Chemical Substances Control Law,NITE-CHRIP RJ_01_020,349CO0000000202
473774-90-2,priority_evaluation,優先評価化学物質,Priority Assessment Chemical,化学物質の審査及び製造等の規制に関する法律,Chemical Substances Control Law,NITE-CHRIP RJ_01_020,349CO0000000202
476628-78-1,priority_evaluation,優先評価化学物質,Priority Assessment Chemical,化学物質の審査及び製造等の規制に関する法律,Chemical Substances Control Law,NITE-CHRIP RJ_01_020,349CO0000000202
4860-03-1,priority_evaluation,優先評価化学物質,Priority Assessment Chemical,化学物質の審査及び製造等の規制に関する法律,Chemical Substances Control Law,NITE-CHRIP RJ_01_020,349CO0000000202
4862-03-7,priority_evaluation,優先評価化学物質,Priority Assessment Chemical,化学物質の審査及び製造等の規制に関する法律,Chemical Substances Control Law,NITE-CHRIP RJ_01_020,349CO0000000202
4989-79-1,priority_evaluation,優先評価化学物質,Priority Assessment Chemical,化学物質の審査及び製造等の規制に関する法律,Chemical Substances Control Law,NITE-CHRIP RJ_01_020,349CO0000000202
50-00-0,priority_evaluation,優先評価化学物質,Priority Assessment Chemical,化学物質の審査及び製造等の規制に関する法律,Chemical Substances Control Law,NITE-CHRIP RJ_01_020 通し番号: 25,349CO0000000202
506-59-2,priority_evaluation,優先評価化学物質,Priority Assessment Chemical,化学物質の審査及び製造等の規制に関する法律,Chemical Substances Control Law,NITE-CHRIP RJ_01_020,349CO0000000202
50614-01-2,priority_evaluation,優先評価化学物質,Priority Assessment Chemical,化学物質の審査及び製造等の規制に関する法律,Chemical Substances Control Law,NITE-CHRIP RJ_01_020,349CO0000000202
5064-31-3,priority_evaluation,優先評価化学物質,Priority Assessment Chemical,化学物質の審査及び製造等の規制に関する法律,Chemical Substances Control Law,NITE-CHRIP RJ_01_020,349CO0000000202
50861-66-0,priority_evaluation,優先評価化学物質,Priority Assessment Chemical,化学物質の審査及び製造等の規制に関する法律,Chemical Substances Control Law,NITE-CHRIP RJ_01_020,349CO0000000202
50996-85-5,priority_evaluation,優先評価化学物質,Priority Assessment Chemical,化学物質の審査及び製造等の規制に関する法律,Chemical Substances Control Law,NITE-CHRIP RJ_01_020,349CO0000000202
5108-33-8,priority_evaluation,優先評価化学物質,Priority Assessment Chemical,化学物質の審査及び製造等の規制に関する法律,Chemical Substances Control Law,NITE-CHRIP RJ_01_020,349CO0000000202
51200-84-1,priority_evaluation,優先評価化学物質,Priority Assessment Chemical,化学物質の審査及び製造等の規制に関する法律,Chemical Substances Control Law,NITE-CHRIP RJ_01_020,349CO0000000202
51246-24-3,priority_evaluation,優先評価化学物質,Priority Assessment Chemical,化学物質の審査及び製造等の規制に関する法律,Chemical Substances Control Law,NITE-CHRIP RJ_01_020,349CO0000000202
51246-25-4,priority_evaluation,優先評価化学物質,Priority Assessment Chemical,化学物質の審査及び製造等の規制に関する法律,Chemical Substances Control Law,NITE-CHRIP RJ_01_020,349CO0000000202
51246-26-5,priority_evaluation,優先評価化学物質,Priority Assessment Chemical,化学物質の審査及び製造等の規制に関する法律,Chemical Substances Control Law,NITE-CHRIP RJ_01_020,349CO0000000202
512802-76-5,priority_evaluation,優先評価化学物質,Priority Assessment Chemical,化学物質の審査及び製造等の規制に関する法律,Chemical Substances Control Law,NITE-CHRIP RJ_01_020,349CO0000000202
51290-41-6,priority_evaluation,優先評価化学物質,Priority Assessment Chemical,化学物質の審査及び製造等の規制に関する法律,Chemical Substances Control Law,NITE-CHRIP RJ_01_020,349CO0000000202
51301-55-4,priority_evaluation,優先評価化学物質,Priority Assessment Chemical,化学物質の審査及び製造等の規制に関する法律,Chemical Substances Control Law,NITE-CHRIP RJ_01_020,349CO0000000202
5153-63-9,priority_evaluation,優先評価化学物質,Priority Assessment Chemical,化学物質の審査及び製造等の規制に関する法律,Chemical Substances Control Law,NITE-CHRIP RJ_01_020,349CO0000000202
51541-51-6,priority_evaluation,優先評価化学物質,Priority Assessment Chemical,化学物質の審査及び製造等の規制に関する法律,Chemical Substances Control Law,NITE-CHRIP RJ_01_020,349CO0000000202
51552-64-8,priority_evaluation,優先評価化学物質,Priority Assessment Chemical,化学物質の審査及び製造等の規制に関する法律,Chemical Substances Control Law,NITE-CHRIP RJ_01_020,349CO0000000202
51580-86-0,priority_evaluation,優先評価化学物質,Priority Assessment Chemical,化学物質の審査及び製造等の規制に関する法律,Chemical Substances Control Law,NITE-CHRIP RJ_01_020,349CO0000000202
51594-55-9,priority_evaluation,優先評価化学物質,Priority Assessment Chemical,化学物質の審査及び製造等の規制に関する法律,Chemical Substances Control Law,NITE-CHRIP RJ_01_020,349CO0000000202
51606-31-6,priority_evaluation,優先評価化学物質,Priority Assessment Chemical,化学物質の審査及び製造等の規制に関する法律,Chemical Substances Control Law,NITE-CHRIP RJ_01_020,349CO0000000202
51655-55-1,priority_evaluation,優先評価化学物質,Priority Assessment Chemical,化学物質の審査及び製造等の規制に関する法律,Chemical Substances Control Law,NITE-CHRIP RJ_01_020,349CO0000000202
51655-56-2,priority_evaluation,優先評価化学物質,Priority Assessment Chemical,化学物質の審査及び製造等の規制に関する法律,Chemical Substances Control Law,NITE-CHRIP RJ_01_020,349CO0000000202
51655-57-3,priority_evaluation,優先評価化学物質,Priority Assessment Chemical,化学物質の審査及び製造等の規制に関する法律,Chemical Substances Control Law,NITE-CHRIP RJ_01_020,349CO0000000202
51655-63-1,priority_evaluation,優先評価化学物質,Priority Assessment Chemical,化学物質の審査及び製造等の規制に関する法律,Chemical Substances Control Law,NITE-CHRIP RJ_01_020,349CO0000000202
51750-47-1,priority_evaluation,優先評価化学物質,Priority Assessment Chemical,化学物質の審査及び製造等の規制に関する法律,Chemical Substances Control Law,NITE-CHRIP RJ_01_020,349CO0000000202
51822-75-4,priority_evaluation,優先評価化学物質,Priority Assessment Chemical,化学物質の審査及び製造等の規制に関する法律,Chemical Substances Control Law,NITE-CHRIP RJ_01_020,349CO0000000202
51864-92-7,priority_evaluation,優先評価化学物質,Priority Assessment Chemical,化学物質の審査及び製造等の規制に関する法律,Chemical Substances Control Law,NITE-CHRIP RJ_01_020,349CO0000000202
51864-93-8,priority_evaluation,優先評価化学物質,Priority Assessment Chemical,化学物質の審査及び製造等の規制に関する法律,Chemical Substances Control Law,NITE-CHRIP RJ_01_020,349CO0000000202
52001-65-7,priority_evaluation,優先評価化学物質,Priority Assessment Chemical,化学物質の審査及び製造等の規制に関する法律,Chemical Substances Control Law,NITE-CHRIP RJ_01_020,349CO0000000202
52232-09-4,priority_evaluation,優先評価化学物質,Priority Assessment Chemical,化学物質の審査及び製造等の規制に関する法律,Chemical Substances Control Law,NITE-CHRIP RJ_01_020,349CO0000000202
52243-33-1,priority_evaluation,優先評価化学物質,Priority Assessment Chemical,化学物質の審査及び製造等の規制に関する法律,Chemical Substances Control Law,NITE-CHRIP RJ_01_020,349CO0000000202
52292-17-8,priority_evaluation,優先評価化学物質,Priority Assessment Chemical,化学物質の審査及び製造等の規制に関する法律,Chemical Substances Control Law,NITE-CHRIP RJ_01_020,349CO0000000202
52304-21-9,priority_evaluation,優先評価化学物質,Priority Assessment Chemical,化学物質の審査及び製造等の規制に関する法律,Chemical Substances Control Law,NITE-CHRIP RJ_01_020,349CO0000000202
52609-19-5,priority_evaluation,優先評価化学物質,Priority Assessment Chemical,化学物質の審査及び製造等の規制に関する法律,Chemical Substances Control Law,NITE-CHRIP RJ_01_020,349CO0000000202
5274-68-0,priority_evaluation,優先評価化学物質,Priority Assessment Chemical,化学物質の審査及び製造等の規制に関する法律,Chemical Substances Control Law,NITE-CHRIP RJ_01_020,349CO0000000202
52847-43-5,priority_evaluation,優先評価化学物質,Priority Assessment Chemical,化学物質の審査及び製造等の規制に関する法律,Chemical Substances Control Law,NITE-CHRIP RJ_01_020,349CO0000000202
52880-57-6,priority_evaluation,優先評価化学物質,Priority Assessment Chemical,化学物質の審査及び製造等の規制に関する法律,Chemical Substances Control Law,NITE-CHRIP RJ_01_020,349CO0000000202
52973-43-0,priority_evaluation,優先評価化学物質,Priority Assessment Chemical,化学物質の審査及び製造等の規制に関する法律,Chemical Substances Control Law,NITE-CHRIP RJ_01_020 通し番号: 143,349CO0000000202
52973-46-3,priority_evaluation,優先評価化学物質,Priority Assessment Chemical,化学物質の審査及び製造等の規制に関する法律,Chemical Substances Control Law,NITE-CHRIP RJ_01_020 通し番号: 143,349CO0000000202
53398-71-3,priority_evaluation,優先評価化学物質,Priority Assessment Chemical,化学物質の審査及び製造等の規制に関する法律,Chemical Substances Control Law,NITE-CHRIP RJ_01_020,349CO0000000202
5340-31-8,priority_evaluation,優先評価化学物質,Priority Assessment Chemical,化学物質の審査及び製造等の規制に関する法律,Chemical Substances Control Law,NITE-CHRIP RJ_01_020,349CO0000000202
5340-35-2,priority_evaluation,優先評価化学物質,Priority Assessment Chemical,化学物質の審査及び製造等の規制に関する法律,Chemical Substances Control Law,NITE-CHRIP RJ_01_020,349CO0000000202
5340-51-2,priority_evaluation,優先評価化学物質,Priority Assessment Chemical,化学物質の審査及び製造等の規制に関する法律,Chemical Substances Control Law,NITE-CHRIP RJ_01_020,349CO0000000202
5340-52-3,priority_evaluation,優先評価化学物質,Priority Assessment Chemical,化学物質の審査及び製造等の規制に関する法律,Chemical Substances Control Law,NITE-CHRIP RJ_01_020,349CO0000000202
5340-80-7,priority_evaluation,優先評価化学物質,Priority Assessment Chemical,化学物質の審査及び製造等の規制に関する法律,Chemical Substances Control Law,NITE-CHRIP RJ_01_020,349CO0000000202
53404-52-7,priority_evaluation,優先評価化学物質,Priority Assessment Chemical,化学物質の審査及び製造等の規制に関する法律,Chemical Substances Control Law,NITE-CHRIP RJ_01_020,349CO0000000202
5341-61-7,priority_evaluation,優先評価化学物質,Priority Assessment Chemical,化学物質の審査及び製造等の規制に関する法律,Chemical Substances Control Law,NITE-CHRIP RJ_01_020,349CO0000000202
53803-13-7,priority_evaluation,優先評価化学物質,Priority Assessment Chemical,化学物質の審査及び製造等の規制に関する法律,Chemical Substances Control Law,NITE-CHRIP RJ_01_020,349CO0000000202
540-69-2,priority_evaluation,優先評価化学物質,Priority Assessment Chemical,化学物質の審査及び製造等の規制に関する法律,Chemical Substances Control Law,NITE-CHRIP RJ_01_020,349CO0000000202
54116-08-4,priority_evaluation,優先評価化学物質,Priority Assessment Chemical,化学物質の審査及び製造等の規制に関する法律,Chemical Substances Control Law,NITE-CHRIP RJ_01_020,349CO0000000202
54190-21-5,priority_evaluation,優先評価化学物質,Priority Assessment Chemical,化学物質の審査及び製造等の規制に関する法律,Chemical Substances Control Law,NITE-CHRIP RJ_01_020,349CO0000000202
54272-29-6,priority_evaluation,優先評価化学物質,Priority Assessment Chemical,化学物質の審査及び製造等の規制に関する法律,Chemical Substances Control Law,NITE-CHRIP RJ_01_020,349CO0000000202
543-54-4,priority_evaluation,優先評価化学物質,Priority Assessment Chemical,化学物質の審査及び製造等の規制に関する法律,Chemical Substances Control Law,NITE-CHRIP RJ_01_020,349CO0000000202
54322-29-1,priority_evaluation,優先評価化学物質,Priority Assessment Chemical,化学物質の審査及び製造等の規制に関する法律,Chemical Substances Control Law,NITE-CHRIP RJ_01_020,349CO0000000202
54381-03-2,priority_evaluation,優先評価化学物質,Priority Assessment Chemical,化学物質の審査及び製造等の規制に関する法律,Chemical Substances Control Law,NITE-CHRIP RJ_01_020,349CO0000000202
54381-04-3,priority_evaluation,優先評価化学物質,Priority Assessment Chemical,化学物質の審査及び製造等の規制に関する法律,Chemical Substances Control Law,NITE-CHRIP RJ_01_020,349CO0000000202
54460-99-0,priority_evaluation,優先評価化学物質,Priority Assessment Chemical,化学物質の審査及び製造等の規制に関する法律,Chemical Substances Control Law,NITE-CHRIP RJ_01_020,349CO0000000202
54464-57-2,priority_evaluation,優先評価化学物質,Priority Assessment Chemical,化学物質の審査及び製造等の規制に関する法律,Chemical Substances Control Law,NITE-CHRIP RJ_01_020,349CO0000000202
54530-88-0,priority_evaluation,優先評価化学物質,Priority Assessment Chemical,化学物質の審査及び製造等の規制に関する法律,Chemical Substances Control Law,NITE-CHRIP RJ_01_020,349CO0000000202
54549-23-4,priority_evaluation,優先評価化学物質,Priority Assessment Chemical,化学物質の審査及び製造等の規制に関する法律,Chemical Substances Control Law,NITE-CHRIP RJ_01_020,349CO0000000202
54549-25-6,priority_evaluation,優先評価化学物質,Priority Assessment Chemical,化学物質の審査及び製造等の規制に関する法律,Chemical Substances Control Law,NITE-CHRIP RJ_01_020,349CO0000000202
54549-26-7,priority_evaluation,優先評価化学物質,Priority Assessment Chemical,化学物質の審査及び製造等の規制に関する法律,Chemical Substances Control Law,NITE-CHRIP RJ_01_020,349CO0000000202
54549-27-8,priority_evaluation,優先評価化学物質,Priority Assessment Chemical,化学物質の審査及び製造等の規制に関する法律,Chemical Substances Control Law,NITE-CHRIP RJ_01_020,349CO0000000202
5457-42-1,priority_evaluation,優先評価化学物質,Priority Assessment Chemical,化学物質の審査及び製造等の規制に関する法律,Chemical Substances Control Law,NITE-CHRIP RJ_01_020,349CO0000000202
54668-12-1,priority_evaluation,優先評価化学物質,Priority Assessment Chemical,化学物質の審査及び製造等の規制に関する法律,Chemical Substances Control Law,NITE-CHRIP RJ_01_020,349CO0000000202
54673-97-1,priority_evaluation,優先評価化学物質,Priority Assessment Chemical,化学物質の審査及び製造等の規制に関する法律,Chemical Substances Control Law,NITE-CHRIP RJ_01_020,349CO0000000202
5470-11-1,priority_evaluation,優先評価化学物質,Priority Assessment Chemical,化学物質の審査及び製造等の規制に関する法律,Chemical Substances Control Law,NITE-CHRIP RJ_01_020,349CO0000000202
54774-83-3,priority_evaluation,優先評価化学物質,Priority Assessment Chemical,化学物質の審査及び製造等の規制に関する法律,Chemical Substances Control Law,NITE-CHRIP RJ_01_020,349CO0000000202
54775-01-8,priority_evaluation,優先評価化学物質,Priority Assessment Chemical,化学物質の審査及び製造等の規制に関する法律,Chemical Substances Control Law,NITE-CHRIP RJ_01_020,349CO0000000202
54982-83-1,priority_evaluation,優先評価化学物質,Priority Assessment Chemical,化学物質の審査及び製造等の規制に関する法律,Chemical Substances Control Law,NITE-CHRIP RJ_01_020 通し番号: 285,349CO0000000202
552-30-7,priority_evaluation,優先評価化学物質,Priority Assessment Chemical,化学物質の審査及び製造等の規制に関する法律,Chemical Substances Control Law,NITE-CHRIP RJ_01_020 通し番号: 69,349CO0000000202
554-68-7,priority_evaluation,優先評価化学物質,Priority Assessment Chemical,化学物質の審査及び製造等の規制に関する法律,Chemical Substances Control Law,NITE-CHRIP RJ_01_020,349CO0000000202
55489-20-8,priority_evaluation,優先評価化学物質,Priority Assessment Chemical,化学物質の審査及び製造等の規制に関する法律,Chemical Substances Control Law,NITE-CHRIP RJ_01_020,349CO0000000202
55505-28-7,priority_evaluation,優先評価化学物質,Priority Assessment Chemical,化学物質の審査及び製造等の規制に関する法律,Chemical Substances Control Law,NITE-CHRIP RJ_01_020,349CO0000000202
55505-29-8,priority_evaluation,優先評価化学物質,Priority Assessment Chemical,化学物質の審査及び製造等の規制に関する法律,Chemical Substances Control Law,NITE-CHRIP RJ_01_020,349CO0000000202
55505-33-4,priority_evaluation,優先評価化学物質,Priority Assessment Chemical,化学物質の審査及び製造等の規制に関する法律,Chemical Substances Control Law,NITE-CHRIP RJ_01_020,349CO0000000202
55514-25-5,priority_evaluation,優先評価化学物質,Priority Assessment Chemical,化学物質の審査及び製造等の規制に関する法律,Chemical Substances Control Law,NITE-CHRIP RJ_01_020,349CO0000000202
55656-86-5,priority_evaluation,優先評価化学物質,Priority Assessment Chemical,化学物質の審査及び製造等の規制に関する法律,Chemical Substances Control Law,NITE-CHRIP RJ_01_020,349CO0000000202
55720-01-9,priority_evaluation,優先評価化学物質,Priority Assessment Chemical,化学物質の審査及び製造等の規制に関する法律,Chemical Substances Control Law,NITE-CHRIP RJ_01_020,349CO0000000202
558-32-7,priority_evaluation,優先評価化学物質,Priority Assessment Chemical,化学物質の審査及び製造等の規制に関する法律,Chemical Substances Control Law,NITE-CHRIP RJ_01_020,349CO0000000202
55816-17-6,priority_evaluation,優先評価化学物質,Priority Assessment Chemical,化学物質の審査及び製造等の規制に関する法律,Chemical Substances Control Law,NITE-CHRIP RJ_01_020,349CO0000000202
55819-53-9,priority_evaluation,優先評価化学物質,Priority Assessment Chemical,化学物質の審査及び製造等の規制に関する法律,Chemical Substances Control Law,NITE-CHRIP RJ_01_020,349CO0000000202
55840-90-9,priority_evaluation,優先評価化学物質,Priority Assessment Chemical,化学物質の審査及び製造等の規制に関する法律,Chemical Substances Control Law,NITE-CHRIP RJ_01_020,349CO0000000202
56065-39-5,priority_evaluation,優先評価化学物質,Priority Assessment Chemical,化学物質の審査及び製造等の規制に関する法律,Chemical Substances Control Law,NITE-CHRIP RJ_01_020,349CO0000000202
563-04-2,priority_evaluation,優先評価化学物質,Priority Assessment Chemical,化学物質の審査及び製造等の規制に関する法律,Chemical Substances Control Law,NITE-CHRIP RJ_01_020,349CO0000000202
56314-72-8,priority_evaluation,優先評価化学物質,Priority Assessment Chemical,化学物質の審査及び製造等の規制に関する法律,Chemical Substances Control Law,NITE-CHRIP RJ_01_020,349CO0000000202
56314-73-9,priority_evaluation,優先評価化学物質,Priority Assessment Chemical,化学物質の審査及び製造等の規制に関する法律,Chemical Substances Control Law,NITE-CHRIP RJ_01_020,349CO0000000202
56314-74-0,priority_evaluation,優先評価化学物質,Priority Assessment Chemical,化学物質の審査及び製造等の規制に関する法律,Chemical Substances Control Law,NITE-CHRIP RJ_01_020,349CO0000000202
56314-75-1,priority_evaluation,優先評価化学物質,Priority Assessment Chemical,化学物質の審査及び製造等の規制に関する法律,Chemical Substances Control Law,NITE-CHRIP RJ_01_020,349CO0000000202
56314-76-2,priority_evaluation,優先評価化学物質,Priority Assessment Chemical,化学物質の審査及び製造等の規制に関する法律,Chemical Substances Control Law,NITE-CHRIP RJ_01_020,349CO0000000202
56314-77-3,priority_evaluation,優先評価化学物質,Priority Assessment Chemical,化学物質の審査及び製造等の規制に関する法律,Chemical Substances Control Law,NITE-CHRIP RJ_01_020,349CO0000000202
56449-46-8,priority_evaluation,優先評価化学物質,Priority Assessment Chemical,化学物質の審査及び製造等の規制に関する法律,Chemical Substances Control Law,NITE-CHRIP RJ_01_020,349CO0000000202
56595-19-8,priority_evaluation,優先評価化学物質,Priority Assessment Chemical,化学物質の審査及び製造等の規制に関する法律,Chemical Substances Control Law,NITE-CHRIP RJ_01_020,349CO0000000202
56619-62-6,priority_evaluation,優先評価化学物質,Priority Assessment Chemical,化学物質の審査及び製造等の規制に関する法律,Chemical Substances Control Law,NITE-CHRIP RJ_01_020,349CO0000000202
56780-58-6,priority_evaluation,優先評価化学物質,Priority Assessment Chemical,化学物質の審査及び製造等の規制に関する法律,Chemical Substances Control Law,NITE-CHRIP RJ_01_020,349CO0000000202
56863-02-6,priority_evaluation,優先評価化学物質,Priority Assessment Chemical,化学物質の審査及び製造等の規制に関する法律,Chemical Substances Control Law,NITE-CHRIP RJ_01_020,349CO0000000202
57-09-0,priority_evaluation,優先評価化学物質,Priority Assessment Chemical,化学物質の審査及び製造等の規制に関する法律,Chemical Substances Control Law,NITE-CHRIP RJ_01_020,349CO0000000202
57-55-6,priority_evaluation,優先評価化学物質,Priority Assessment Chemical,化学物質の審査及び製造等の規制に関する法律,Chemical Substances Control Law,NITE-CHRIP RJ_01_020 通し番号: 106,349CO0000000202
57233-26-8,priority_evaluation,優先評価化学物質,Priority Assessment Chemical,化学物質の審査及び製造等の規制に関する法律,Chemical Substances Control Law,NITE-CHRIP RJ_01_020,349CO0000000202
57233-29-1,priority_evaluation,優先評価化学物質,Priority Assessment Chemical,化学物質の審査及び製造等の規制に関する法律,Chemical Substances Control Law,NITE-CHRIP RJ_01_020,349CO0000000202
57233-32-6,priority_evaluation,優先評価化学物質,Priority Assessment Chemical,化学物質の審査及び製造等の規制に関する法律,Chemical Substances Control Law,NITE-CHRIP RJ_01_020,349CO0000000202
57244-96-9,priority_evaluation,優先評価化学物質,Priority Assessment Chemical,化学物質の審査及び製造等の規制に関する法律,Chemical Substances Control Law,NITE-CHRIP RJ_01_020,349CO0000000202
57431-47-7,priority_evaluation,優先評価化学物質,Priority Assessment Chemical,化学物質の審査及び製造等の規制に関する法律,Chemical Substances Control Law,NITE-CHRIP RJ_01_020,349CO0000000202
57540-23-5,priority_evaluation,優先評価化学物質,Priority Assessment Chemical,化学物質の審査及び製造等の規制に関する法律,Chemical Substances Control Law,NITE-CHRIP RJ_01_020,349CO0000000202
57592-59-3,priority_evaluation,優先評価化学物質,Priority Assessment Chemical,化学物質の審査及び製造等の規制に関する法律,Chemical Substances Control Law,NITE-CHRIP RJ_01_020,349CO0000000202
57671-19-9,priority_evaluation,優先評価化学物質,Priority Assessment Chemical,化学物質の審査及び製造等の規制に関する法律,Chemical Substances Control Law,NITE-CHRIP RJ_01_020,349CO0000000202
57678-02-1,priority_evaluation,優先評価化学物質,Priority Assessment Chemical,化学物質の審査及び製造等の規制に関する法律,Chemical Substances Control Law,NITE-CHRIP RJ_01_020,349CO0000000202
57689-21-1,priority_evaluation,優先評価化学物質,Priority Assessment Chemical,化学物質の審査及び製造等の規制に関する法律,Chemical Substances Control Law,NITE-CHRIP RJ_01_020,349CO0000000202
577-11-7,priority_evaluation,優先評価化学物質,Priority Assessment Chemical,化学物質の審査及び製造等の規制に関する法律,Chemical Substances Control Law,NITE-CHRIP RJ_01_020 通し番号: 213,349CO0000000202
5770-03-6,priority_evaluation,優先評価化学物質,Priority Assessment Chemical,化学物質の審査及び製造等の規制に関する法律,Chemical Substances Control Law,NITE-CHRIP RJ_01_020,349CO0000000202
5802-89-1,priority_evaluation,優先評価化学物質,Priority Assessment Chemical,化学物質の審査及び製造等の規制に関する法律,Chemical Substances Control Law,NITE-CHRIP RJ_01_020,349CO0000000202
58345-96-3,priority_evaluation,優先評価化学物質,Priority Assessment Chemical,化学物質の審査及び製造等の規制に関する法律,Chemical Substances Control Law,NITE-CHRIP RJ_01_020,349CO0000000202
5838-34-6,priority_evaluation,優先評価化学物質,Priority Assessment Chemical,化学物質の審査及び製造等の規制に関する法律,Chemical Substances Control Law,NITE-CHRIP RJ_01_020,349CO0000000202
58783-82-7,priority_evaluation,優先評価化学物質,Priority Assessment Chemical,化学物質の審査及び製造等の規制に関する法律,Chemical Substances Control Law,NITE-CHRIP RJ_01_020,349CO0000000202
58846-77-8,priority_evaluation,優先評価化学物質,Priority Assessment Chemical,化学物質の審査及び製造等の規制に関する法律,Chemical Substances Control Law,NITE-CHRIP RJ_01_020,349CO0000000202
5896-54-8,priority_evaluation,優先評価化学物質,Priority Assessment Chemical,化学物質の審査及び製造等の規制に関する法律,Chemical Substances Control Law,NITE-CHRIP RJ_01_020,349CO0000000202
5910-79-2,priority_evaluation,優先評価化学物質,Priority Assessment Chemical,化学物質の審査及び製造等の規制に関する法律,Chemical Substances Control Law,NITE-CHRIP RJ_01_020,349CO0000000202
59117-31-6,priority_evaluation,優先評価化学物質,Priority Assessment Chemical,化学物質の審査及び製造等の規制に関する法律,Chemical Substances Control Law,NITE-CHRIP RJ_01_020,349CO0000000202
59122-55-3,priority_evaluation,優先評価化学物質,Priority Assessment Chemical,化学物質の審査及び製造等の規制に関する法律,Chemical Substances Control Law,NITE-CHRIP RJ_01_020,349CO0000000202
59138-84-0,priority_evaluation,優先評価化学物質,Priority Assessment Chemical,化学物質の審査及び製造等の規制に関する法律,Chemical Substances Control Law,NITE-CHRIP RJ_01_020,349CO0000000202
59139-19-4,priority_evaluation,優先評価化学物質,Priority Assessment Chemical,化学物質の審査及び製造等の規制に関する法律,Chemical Substances Control Law,NITE-CHRIP RJ_01_020,349CO0000000202
5919-72-2,priority_evaluation,優先評価化学物質,Priority Assessment Chemical,化学物質の審査及び製造等の規制に関する法律,Chemical Substances Control Law,NITE-CHRIP RJ_01_020,349CO0000000202
59222-84-3,priority_evaluation,優先評価化学物質,Priority Assessment Chemical,化学物質の審査及び製造等の規制に関する法律,Chemical Substances Control Law,NITE-CHRIP RJ_01_020,349CO0000000202
59272-84-3,priority_evaluation,優先評価化学物質,Priority Assessment Chemical,化学物質の審査及び製造等の規制に関する法律,Chemical Substances Control Law,NITE-CHRIP RJ_01_020,349CO0000000202
593-29-3,priority_evaluation,優先評価化学物質,Priority Assessment Chemical,化学物質の審査及び製造等の規制に関する法律,Chemical Substances Control Law,NITE-CHRIP RJ_01_020,349CO0000000202
593-51-1,priority_evaluation,優先評価化学物質,Priority Assessment Chemical,化学物質の審査及び製造等の規制に関する法律,Chemical Substances Control Law,NITE-CHRIP RJ_01_020,349CO0000000202
59419-51-1,priority_evaluation,優先評価化学物質,Priority Assessment Chemical,化学物質の審査及び製造等の規制に関する法律,Chemical Substances Control Law,NITE-CHRIP RJ_01_020,349CO0000000202
597-93-3,priority_evaluation,優先評価化学物質,Priority Assessment Chemical,化学物質の審査及び製造等の規制に関する法律,Chemical Substances Control Law,NITE-CHRIP RJ_01_020,349CO0000000202
59707-21-0,priority_evaluation,優先評価化学物質,Priority Assessment Chemical,化学物質の審査及び製造等の規制に関する法律,Chemical Substances Control Law,NITE-CHRIP RJ_01_020,349CO0000000202
59779-45-2,priority_evaluation,優先評価化学物質,Priority Assessment Chemical,化学物質の審査及び製造等の規制に関する法律,Chemical Substances Control Law,NITE-CHRIP RJ_01_020,349CO0000000202
59965-28-5,priority_evaluation,優先評価化学物質,Priority Assessment Chemical,化学物質の審査及び製造等の規制に関する法律,Chemical Substances Control Law,NITE-CHRIP RJ_01_020,349CO0000000202
59993-86-1,priority_evaluation,優先評価化学物質,Priority Assessment Chemical,化学物質の審査及び製造等の規制に関する法律,Chemical Substances Control Law,NITE-CHRIP RJ_01_020,349CO0000000202
60-00-4,priority_evaluation,優先評価化学物質,Priority Assessment Chemical,化学物質の審査及び製造等の規制に関する法律,Chemical Substances Control Law,NITE-CHRIP RJ_01_020 通し番号: 36,349CO0000000202
60085-15-6,priority_evaluation,優先評価化学物質,Priority Assessment Chemical,化学物質の審査及び製造等の規制に関する法律,Chemical Substances Control Law,NITE-CHRIP RJ_01_020,349CO0000000202
60097-32-7,priority_evaluation,優先評価化学物質,Priority Assessment Chemical,化学物質の審査及び製造等の規制に関する法律,Chemical Substances Control Law,NITE-CHRIP RJ_01_020,349CO0000000202
60376-08-1,priority_evaluation,優先評価化学物質,Priority Assessment Chemical,化学物質の審査及び製造等の規制に関する法律,Chemical Substances Control Law,NITE-CHRIP RJ_01_020,349CO0000000202
60564-75-2,priority_evaluation,優先評価化学物質,Priority Assessment Chemical,化学物質の審査及び製造等の規制に関する法律,Chemical Substances Control Law,NITE-CHRIP RJ_01_020,349CO0000000202
60564-77-4,priority_evaluation,優先評価化学物質,Priority Assessment Chemical,化学物質の審査及び製造等の規制に関する法律,Chemical Substances Control Law,NITE-CHRIP RJ_01_020,349CO0000000202
60564-79-6,priority_evaluation,優先評価化学物質,Priority Assessment Chemical,化学物質の審査及び製造等の規制に関する法律,Chemical Substances Control Law,NITE-CHRIP RJ_01_020,349CO0000000202
60636-37-5,priority_evaluation,優先評価化学物質,Priority Assessment Chemical,化学物質の審査及び製造等の規制に関する法律,Chemical Substances Control Law,NITE-CHRIP RJ_01_020,349CO0000000202
60671-33-2,priority_evaluation,優先評価化学物質,Priority Assessment Chemical,化学物質の審査及び製造等の規制に関する法律,Chemical Substances Control Law,NITE-CHRIP RJ_01_020,349CO0000000202
60671-34-3,priority_evaluation,優先評価化学物質,Priority Assessment Chemical,化学物質の審査及び製造等の規制に関する法律,Chemical Substances Control Law,NITE-CHRIP RJ_01_020,349CO0000000202
60671-35-4,priority_evaluation,優先評価化学物質,Priority Assessment Chemical,化学物質の審査及び製造等の規制に関する法律,Chemical Substances Control Law,NITE-CHRIP RJ_01_020,349CO0000000202
60671-36-5,priority_evaluation,優先評価化学物質,Priority Assessment Chemical,化学物質の審査及び製造等の規制に関する法律,Chemical Substances Control Law,NITE-CHRIP RJ_01_020,349CO0000000202
60671-37-6,priority_evaluation,優先評価化学物質,Priority Assessment Chemical,化学物質の審査及び製造等の規制に関する法律,Chemical Substances Control Law,NITE-CHRIP RJ_01_020,349CO0000000202
60804-35-5,priority_evaluation,優先評価化学物質,Priority Assessment Chemical,化学物質の審査及び製造等の規制に関する法律,Chemical Substances Control Law,NITE-CHRIP RJ_01_020,349CO0000000202
60828-78-6,priority_evaluation,優先評価化学物質,Priority Assessment Chemical,化学物質の審査及び製造等の規制に関する法律,Chemical Substances Control Law,NITE-CHRIP RJ_01_020,349CO0000000202
6148-68-1,priority_evaluation,優先評価化学物質,Priority Assessment Chemical,化学物質の審査及び製造等の規制に関する法律,Chemical Substances Control Law,NITE-CHRIP RJ_01_020,349CO0000000202
61542-02-7,priority_evaluation,優先評価化学物質,Priority Assessment Chemical,化学物質の審査及び製造等の規制に関する法律,Chemical Substances Control Law,NITE-CHRIP RJ_01_020,349CO0000000202
6165-51-1,priority_evaluation,優先評価化学物質,Priority Assessment Chemical,化学物質の審査及び製造等の規制に関する法律,Chemical Substances Control Law,NITE-CHRIP RJ_01_020,349CO0000000202
6165-52-2,priority_evaluation,優先評価化学物質,Priority Assessment Chemical,化学物質の審査及び製造等の規制に関する法律,Chemical Substances Control Law,NITE-CHRIP RJ_01_020,349CO0000000202
61652-79-7,priority_evaluation,優先評価化学物質,Priority Assessment Chemical,化学物質の審査及び製造等の規制に関する法律,Chemical Substances Control Law,NITE-CHRIP RJ_01_020,349CO0000000202
61702-78-1,priority_evaluation,優先評価化学物質,Priority Assessment Chemical,化学物質の審査及び製造等の規制に関する法律,Chemical Substances Control Law,NITE-CHRIP RJ_01_020,349CO0000000202
61725-89-1,priority_evaluation,優先評価化学物質,Priority Assessment Chemical,化学物質の審査及び製造等の規制に関する法律,Chemical Substances Control Law,NITE-CHRIP RJ_01_020,349CO0000000202
61788-45-2,priority_evaluation,優先評価化学物質,Priority Assessment Chemical,化学物質の審査及び製造等の規制に関する法律,Chemical Substances Control Law,NITE-CHRIP RJ_01_020,349CO0000000202
61788-46-3,priority_evaluation,優先評価化学物質,Priority Assessment Chemical,化学物質の審査及び製造等の規制に関する法律,Chemical Substances Control Law,NITE-CHRIP RJ_01_020,349CO0000000202
61788-76-9,priority_evaluation,優先評価化学物質,Priority Assessment Chemical,化学物質の審査及び製造等の規制に関する法律,Chemical Substances Control Law,NITE-CHRIP RJ_01_020,349CO0000000202
61788-90-7,priority_evaluation,優先評価化学物質,Priority Assessment Chemical,化学物質の審査及び製造等の規制に関する法律,Chemical Substances Control Law,NITE-CHRIP RJ_01_020,349CO0000000202
61788-93-0,priority_evaluation,優先評価化学物質,Priority Assessment Chemical,化学物質の審査及び製造等の規制に関する法律,Chemical Substances Control Law,NITE-CHRIP RJ_01_020,349CO0000000202
61788-95-2,priority_evaluation,優先評価化学物質,Priority Assessment Chemical,化学物質の審査及び製造等の規制に関する法律,Chemical Substances Control Law,NITE-CHRIP RJ_01_020,349CO0000000202
61788-97-4,priority_evaluation,優先評価化学物質,Priority Assessment Chemical,化学物質の審査及び製造等の規制に関する法律,Chemical Substances Control Law,NITE-CHRIP RJ_01_020,349CO0000000202
61789-28-4,priority_evaluation,優先評価化学物質,Priority Assessment Chemical,化学物質の審査及び製造等の規制に関する法律,Chemical Substances Control Law,NITE-CHRIP RJ_01_020 通し番号: 209,349CO0000000202
61789-30-8,priority_evaluation,優先評価化学物質,Priority Assessment Chemical,化学物質の審査及び製造等の規制に関する法律,Chemical Substances Control Law,NITE-CHRIP RJ_01_020,349CO0000000202
61789-31-9,priority_evaluation,優先評価化学物質,Priority Assessment Chemical,化学物質の審査及び製造等の規制に関する法律,Chemical Substances Control Law,NITE-CHRIP RJ_01_020,349CO0000000202
61789-40-0,priority_evaluation,優先評価化学物質,Priority Assessment Chemical,化学物質の審査及び製造等の規制に関する法律,Chemical Substances Control Law,NITE-CHRIP RJ_01_020,349CO0000000202
61789-60-4,priority_evaluation,優先評価化学物質,Priority Assessment Chemical,化学物質の審査及び製造等の規制に関する法律,Chemical Substances Control Law,NITE-CHRIP RJ_01_020,349CO0000000202
61789-89-7,priority_evaluation,優先評価化学物質,Priority Assessment Chemical,化学物質の審査及び製造等の規制に関する法律,Chemical Substances Control Law,NITE-CHRIP RJ_01_020,349CO0000000202
6179-44-8,priority_evaluation,優先評価化学物質,Priority Assessment Chemical,化学物質の審査及び製造等の規制に関する法律,Chemical Substances Control Law,NITE-CHRIP RJ_01_020,349CO0000000202
61790-18-9,priority_evaluation,優先評価化学物質,Priority Assessment Chemical,化学物質の審査及び製造等の規制に関する法律,Chemical Substances Control Law,NITE-CHRIP RJ_01_020,349CO0000000202
61790-32-7,priority_evaluation,優先評価化学物質,Priority Assessment Chemical,化学物質の審査及び製造等の規制に関する法律,Chemical Substances Control Law,NITE-CHRIP RJ_01_020,349CO0000000202
61790-33-8,priority_evaluation,優先評価化学物質,Priority Assessment Chemical,化学物質の審査及び製造等の規制に関する法律,Chemical Substances Control Law,NITE-CHRIP RJ_01_020,349CO0000000202
61790-44-1,priority_evaluation,優先評価化学物質,Priority Assessment Chemical,化学物質の審査及び製造等の規制に関する法律,Chemical Substances Control Law,NITE-CHRIP RJ_01_020,349CO0000000202
61790-45-2,priority_evaluation,優先評価化学物質,Priority Assessment Chemical,化学物質の審査及び製造等の規制に関する法律,Chemical Substances Control Law,NITE-CHRIP RJ_01_020,349CO0000000202
61790-66-7,priority_evaluation,優先評価化学物質,Priority Assessment Chemical,化学物質の審査及び製造等の規制に関する法律,Chemical Substances Control Law,NITE-CHRIP RJ_01_020,349CO0000000202
61790-79-2,priority_evaluation,優先評価化学物質,Priority Assessment Chemical,化学物質の審査及び製造等の規制に関する法律,Chemical Substances Control Law,NITE-CHRIP RJ_01_020,349CO0000000202
61790-82-7,priority_evaluation,優先評価化学物質,Priority Assessment Chemical,化学物質の審査及び製造等の規制に関する法律,Chemical Substances Control Law,NITE-CHRIP RJ_01_020,349CO0000000202
61791-00-2,priority_evaluation,優先評価化学物質,Priority Assessment Chemical,化学物質の審査及び製造等の規制に関する法律,Chemical Substances Control Law,NITE-CHRIP RJ_01_020,349CO0000000202
61791-08-0,priority_evaluation,優先評価化学物質,Priority Assessment Chemical,化学物質の審査及び製造等の規制に関する法律,Chemical Substances Control Law,NITE-CHRIP RJ_01_020,349CO0000000202
61791-13-7,priority_evaluation,優先評価化学物質,Priority Assessment Chemical,化学物質の審査及び製造等の規制に関する法律,Chemical Substances Control Law,NITE-CHRIP RJ_01_020,349CO0000000202
61791-14-8,priority_evaluation,優先評価化学物質,Priority Assessment Chemical,化学物質の審査及び製造等の規制に関する法律,Chemical Substances Control Law,NITE-CHRIP RJ_01_020,349CO0000000202
61791-21-7,priority_evaluation,優先評価化学物質,Priority Assessment Chemical,化学物質の審査及び製造等の規制に関する法律,Chemical Substances Control Law,NITE-CHRIP RJ_01_020,349CO0000000202
61791-24-0,priority_evaluation,優先評価化学物質,Priority Assessment Chemical,化学物質の審査及び製造等の規制に関する法律,Chemical Substances Control Law,NITE-CHRIP RJ_01_020,349CO0000000202
61791-26-2,priority_evaluation,優先評価化学物質,Priority Assessment Chemical,化学物質の審査及び製造等の規制に関する法律,Chemical Substances Control Law,NITE-CHRIP RJ_01_020,349CO0000000202
61791-28-4,priority_evaluation,優先評価化学物質,Priority Assessment Chemical,化学物質の審査及び製造等の規制に関する法律,Chemical Substances Control Law,NITE-CHRIP RJ_01_020,349CO0000000202
61791-29-5,priority_evaluation,優先評価化学物質,Priority Assessment Chemical,化学物質の審査及び製造等の規制に関する法律,Chemical Substances Control Law,NITE-CHRIP RJ_01_020,349CO0000000202
61791-31-9,priority_evaluation,優先評価化学物質,Priority Assessment Chemical,化学物質の審査及び製造等の規制に関する法律,Chemical Substances Control Law,NITE-CHRIP RJ_01_020,349CO0000000202
61791-44-4,priority_evaluation,優先評価化学物質,Priority Assessment Chemical,化学物質の審査及び製造等の規制に関する法律,Chemical Substances Control Law,NITE-CHRIP RJ_01_020,349CO0000000202
61827-42-7,priority_evaluation,優先評価化学物質,Priority Assessment Chemical,化学物質の審査及び製造等の規制に関する法律,Chemical Substances Control Law,NITE-CHRIP RJ_01_020,349CO0000000202
61827-84-7,priority_evaluation,優先評価化学物質,Priority Assessment Chemical,化学物質の審査及び製造等の規制に関する法律,Chemical Substances Control Law,NITE-CHRIP RJ_01_020,349CO0000000202
61837-79-4,priority_evaluation,優先評価化学物質,Priority Assessment Chemical,化学物質の審査及び製造等の規制に関する法律,Chemical Substances Control Law,NITE-CHRIP RJ_01_020,349CO0000000202
61837-80-7,priority_evaluation,優先評価化学物質,Priority Assessment Chemical,化学物質の審査及び製造等の規制に関する法律,Chemical Substances Control Law,NITE-CHRIP RJ_01_020,349CO0000000202
61931-75-7,priority_evaluation,優先評価化学物質,Priority Assessment Chemical,化学物質の審査及び製造等の規制に関する法律,Chemical Substances Control Law,NITE-CHRIP RJ_01_020,349CO0000000202
6196-95-8,priority_evaluation,優先評価化学物質,Priority Assessment Chemical,化学物質の審査及び製造等の規制に関する法律,Chemical Substances Control Law,NITE-CHRIP RJ_01_020,349CO0000000202
62-53-3,priority_evaluation,優先評価化学物質,Priority Assessment Chemical,化学物質の審査及び製造等の規制に関する法律,Chemical Substances Control Law,NITE-CHRIP RJ_01_020 通し番号: 54,349CO0000000202
62-56-6,priority_evaluation,優先評価化学物質,Priority Assessment Chemical,化学物質の審査及び製造等の規制に関する法律,Chemical Substances Control Law,NITE-CHRIP RJ_01_020 通し番号: 40,349CO0000000202
62016-75-5,priority_evaluation,優先評価化学物質,Priority Assessment Chemical,化学物質の審査及び製造等の規制に関する法律,Chemical Substances Control Law,NITE-CHRIP RJ_01_020,349CO0000000202
6203-63-0,priority_evaluation,優先評価化学物質,Priority Assessment Chemical,化学物質の審査及び製造等の規制に関する法律,Chemical Substances Control Law,NITE-CHRIP RJ_01_020,349CO0000000202
6203-64-1,priority_evaluation,優先評価化学物質,Priority Assessment Chemical,化学物質の審査及び製造等の規制に関する法律,Chemical Substances Control Law,NITE-CHRIP RJ_01_020,349CO0000000202
6203-79-8,priority_evaluation,優先評価化学物質,Priority Assessment Chemical,化学物質の審査及び製造等の規制に関する法律,Chemical Substances Control Law,NITE-CHRIP RJ_01_020,349CO0000000202
62101-31-9,priority_evaluation,優先評価化学物質,Priority Assessment Chemical,化学物質の審査及び製造等の規制に関する法律,Chemical Substances Control Law,NITE-CHRIP RJ_01_020,349CO0000000202
62101-32-0,priority_evaluation,優先評価化学物質,Priority Assessment Chemical,化学物質の審査及び製造等の規制に関する法律,Chemical Substances Control Law,NITE-CHRIP RJ_01_020,349CO0000000202
62101-33-1,priority_evaluation,優先評価化学物質,Priority Assessment Chemical,化学物質の審査及び製造等の規制に関する法律,Chemical Substances Control Law,NITE-CHRIP RJ_01_020,349CO0000000202
62314-25-4,priority_evaluation,優先評価化学物質,Priority Assessment Chemical,化学物質の審査及び製造等の規制に関する法律,Chemical Substances Control Law,NITE-CHRIP RJ_01_020,349CO0000000202
62386-97-4,priority_evaluation,優先評価化学物質,Priority Assessment Chemical,化学物質の審査及び製造等の規制に関する法律,Chemical Substances Control Law,NITE-CHRIP RJ_01_020,349CO0000000202
6259-76-3,priority_evaluation,優先評価化学物質,Priority Assessment Chemical,化学物質の審査及び製造等の規制に関する法律,Chemical Substances Control Law,NITE-CHRIP RJ_01_020 通し番号: 185,349CO0000000202
62763-71-7,priority_evaluation,優先評価化学物質,Priority Assessment Chemical,化学物質の審査及び製造等の規制に関する法律,Chemical Substances Control Law,NITE-CHRIP RJ_01_020,349CO0000000202
628-13-7,priority_evaluation,優先評価化学物質,Priority Assessment Chemical,化学物質の審査及び製造等の規制に関する法律,Chemical Substances Control Law,NITE-CHRIP RJ_01_020,349CO0000000202
629-25-4,priority_evaluation,優先評価化学物質,Priority Assessment Chemical,化学物質の審査及び製造等の規制に関する法律,Chemical Substances Control Law,NITE-CHRIP RJ_01_020,349CO0000000202
62916-82-9,priority_evaluation,優先評価化学物質,Priority Assessment Chemical,化学物質の審査及び製造等の規制に関する法律,Chemical Substances Control Law,NITE-CHRIP RJ_01_020,349CO0000000202
62958-39-8,priority_evaluation,優先評価化学物質,Priority Assessment Chemical,化学物質の審査及び製造等の規制に関する法律,Chemical Substances Control Law,NITE-CHRIP RJ_01_020,349CO0000000202
62958-40-1,priority_evaluation,優先評価化学物質,Priority Assessment Chemical,化学物質の審査及び製造等の規制に関する法律,Chemical Substances Control Law,NITE-CHRIP RJ_01_020,349CO0000000202
62958-41-2,priority_evaluation,優先評価化学物質,Priority Assessment Chemical,化学物質の審査及び製造等の規制に関する法律,Chemical Substances Control Law,NITE-CHRIP RJ_01_020,349CO0000000202
63028-40-0,priority_evaluation,優先評価化学物質,Priority Assessment Chemical,化学物質の審査及び製造等の規制に関する法律,Chemical Substances Control Law,NITE-CHRIP RJ_01_020,349CO0000000202
63028-41-1,priority_evaluation,優先評価化学物質,Priority Assessment Chemical,化学物質の審査及び製造等の規制に関する法律,Chemical Substances Control Law,NITE-CHRIP RJ_01_020,349CO0000000202
63393-82-8,priority_evaluation,優先評価化学物質,Priority Assessment Chemical,化学物質の審査及び製造等の規制に関する法律,Chemical Substances Control Law,NITE-CHRIP RJ_01_020,349CO0000000202
63428-87-5,priority_evaluation,優先評価化学物質,Priority Assessment Chemical,化学物質の審査及び製造等の規制に関する法律,Chemical Substances Control Law,NITE-CHRIP RJ_01_020,349CO0000000202
63449-39-8,priority_evaluation,優先評価化学物質,Priority Assessment Chemical,化学物質の審査及び製造等の規制に関する法律,Chemical Substances Control Law,NITE-CHRIP RJ_01_020,349CO0000000202
6345-85-3,priority_evaluation,優先評価化学物質,Priority Assessment Chemical,化学物質の審査及び製造等の規制に関する法律,Chemical Substances Control Law,NITE-CHRIP RJ_01_020,349CO0000000202
63541-45-7,priority_evaluation,優先評価化学物質,Priority Assessment Chemical,化学物質の審査及び製造等の規制に関する法律,Chemical Substances Control Law,NITE-CHRIP RJ_01_020,349CO0000000202
636-70-4,priority_evaluation,優先評価化学物質,Priority Assessment Chemical,化学物質の審査及び製造等の規制に関する法律,Chemical Substances Control Law,NITE-CHRIP RJ_01_020,349CO0000000202
63658-45-7,priority_evaluation,優先評価化学物質,Priority Assessment Chemical,化学物質の審査及び製造等の規制に関する法律,Chemical Substances Control Law,NITE-CHRIP RJ_01_020,349CO0000000202
637-39-8,priority_evaluation,優先評価化学物質,Priority Assessment Chemical,化学物質の審査及び製造等の規制に関する法律,Chemical Substances Control Law,NITE-CHRIP RJ_01_020,349CO0000000202
6381-92-6,priority_evaluation,優先評価化学物質,Priority Assessment Chemical,化学物質の審査及び製造等の規制に関する法律,Chemical Substances Control Law,NITE-CHRIP RJ_01_020,349CO0000000202
638131-95-0,priority_evaluation,優先評価化学物質,Priority Assessment Chemical,化学物質の審査及び製造等の規制に関する法律,Chemical Substances Control Law,NITE-CHRIP RJ_01_020,349CO0000000202
6386-38-5,priority_evaluation,優先評価化学物質,Priority Assessment Chemical,化学物質の審査及び製造等の規制に関する法律,Chemical Substances Control Law,NITE-CHRIP RJ_01_020 通し番号: 283,349CO0000000202
64-02-8,priority_evaluation,優先評価化学物質,Priority Assessment Chemical,化学物質の審査及び製造等の規制に関する法律,Chemical Substances Control Law,NITE-CHRIP RJ_01_020,349CO0000000202
64-18-6,priority_evaluation,優先評価化学物質,Priority Assessment Chemical,化学物質の審査及び製造等の規制に関する法律,Chemical Substances Control Law,NITE-CHRIP RJ_01_020 通し番号: 117,349CO0000000202
64-20-0,priority_evaluation,優先評価化学物質,Priority Assessment Chemical,化学物質の審査及び製造等の規制に関する法律,Chemical Substances Control Law,NITE-CHRIP RJ_01_020,349CO0000000202
64000-88-0,priority_evaluation,優先評価化学物質,Priority Assessment Chemical,化学物質の審査及び製造等の規制に関する法律,Chemical Substances Control Law,NITE-CHRIP RJ_01_020,349CO0000000202
64029-94-3,priority_evaluation,優先評価化学物質,Priority Assessment Chemical,化学物質の審査及び製造等の規制に関する法律,Chemical Substances Control Law,NITE-CHRIP RJ_01_020,349CO0000000202
64339-50-0,priority_evaluation,優先評価化学物質,Priority Assessment Chemical,化学物質の審査及び製造等の規制に関する法律,Chemical Substances Control Law,NITE-CHRIP RJ_01_020,349CO0000000202
64346-12-9,priority_evaluation,優先評価化学物質,Priority Assessment Chemical,化学物質の審査及び製造等の規制に関する法律,Chemical Substances Control Law,NITE-CHRIP RJ_01_020,349CO0000000202
64346-13-0,priority_evaluation,優先評価化学物質,Priority Assessment Chemical,化学物質の審査及び製造等の規制に関する法律,Chemical Substances Control Law,NITE-CHRIP RJ_01_020,349CO0000000202
64346-58-3,priority_evaluation,優先評価化学物質,Priority Assessment Chemical,化学物質の審査及び製造等の規制に関する法律,Chemical Substances Control Law,NITE-CHRIP RJ_01_020,349CO0000000202
64359-81-5,priority_evaluation,優先評価化学物質,Priority Assessment Chemical,化学物質の審査及び製造等の規制に関する法律,Chemical Substances Control Law,NITE-CHRIP RJ_01_020 通し番号: 221,349CO0000000202
64366-70-7,priority_evaluation,優先評価化学物質,Priority Assessment Chemical,化学物質の審査及び製造等の規制に関する法律,Chemical Substances Control Law,NITE-CHRIP RJ_01_020,349CO0000000202
64415-24-3,priority_evaluation,優先評価化学物質,Priority Assessment Chemical,化学物質の審査及び製造等の規制に関する法律,Chemical Substances Control Law,NITE-CHRIP RJ_01_020,349CO0000000202
64440-88-6,priority_evaluation,優先評価化学物質,Priority Assessment Chemical,化学物質の審査及び製造等の規制に関する法律,Chemical Substances Control Law,NITE-CHRIP RJ_01_020 通し番号: 42,349CO0000000202
64683-40-5,priority_evaluation,優先評価化学物質,Priority Assessment Chemical,化学物質の審査及び製造等の規制に関する法律,Chemical Substances Control Law,NITE-CHRIP RJ_01_020,349CO0000000202
64864-07-9,priority_evaluation,優先評価化学物質,Priority Assessment Chemical,化学物質の審査及び製造等の規制に関する法律,Chemical Substances Control Law,NITE-CHRIP RJ_01_020,349CO0000000202
65060-02-8,priority_evaluation,優先評価化学物質,Priority Assessment Chemical,化学物質の審査及び製造等の規制に関する法律,Chemical Substances Control Law,NITE-CHRIP RJ_01_020,349CO0000000202
65104-37-2,priority_evaluation,優先評価化学物質,Priority Assessment Chemical,化学物質の審査及び製造等の規制に関する法律,Chemical Substances Control Law,NITE-CHRIP RJ_01_020,349CO0000000202
65104-38-3,priority_evaluation,優先評価化学物質,Priority Assessment Chemical,化学物質の審査及び製造等の規制に関する法律,Chemical Substances Control Law,NITE-CHRIP RJ_01_020,349CO0000000202
65104-39-4,priority_evaluation,優先評価化学物質,Priority Assessment Chemical,化学物質の審査及び製造等の規制に関する法律,Chemical Substances Control Law,NITE-CHRIP RJ_01_020,349CO0000000202
65104-49-6,priority_evaluation,優先評価化学物質,Priority Assessment Chemical,化学物質の審査及び製造等の規制に関する法律,Chemical Substances Control Law,NITE-CHRIP RJ_01_020,349CO0000000202
65104-61-2,priority_evaluation,優先評価化学物質,Priority Assessment Chemical,化学物質の審査及び製造等の規制に関する法律,Chemical Substances Control Law,NITE-CHRIP RJ_01_020,349CO0000000202
65104-72-5,priority_evaluation,優先評価化学物質,Priority Assessment Chemical,化学物質の審査及び製造等の規制に関する法律,Chemical Substances Control Law,NITE-CHRIP RJ_01_020,349CO0000000202
65121-82-6,priority_evaluation,優先評価化学物質,Priority Assessment Chemical,化学物質の審査及び製造等の規制に関する法律,Chemical Substances Control Law,NITE-CHRIP RJ_01_020,349CO0000000202
65121-83-7,priority_evaluation,優先評価化学物質,Priority Assessment Chemical,化学物質の審査及び製造等の規制に関する法律,Chemical Substances Control Law,NITE-CHRIP RJ_01_020,349CO0000000202
65122-24-9,priority_evaluation,優先評価化学物質,Priority Assessment Chemical,化学物質の審査及び製造等の規制に関する法律,Chemical Substances Control Law,NITE-CHRIP RJ_01_020,349CO0000000202
65138-84-3,priority_evaluation,優先評価化学物質,Priority Assessment Chemical,化学物質の審査及び製造等の規制に関する法律,Chemical Substances Control Law,NITE-CHRIP RJ_01_020,349CO0000000202
65150-81-4,priority_evaluation,優先評価化学物質,Priority Assessment Chemical,化学物質の審査及び製造等の規制に関する法律,Chemical Substances Control Law,NITE-CHRIP RJ_01_020,349CO0000000202
65151-45-3,priority_evaluation,優先評価化学物質,Priority Assessment Chemical,化学物質の審査及び製造等の規制に関する法律,Chemical Substances Control Law,NITE-CHRIP RJ_01_020,349CO0000000202
65151-46-4,priority_evaluation,優先評価化学物質,Priority Assessment Chemical,化学物質の審査及び製造等の規制に関する法律,Chemical Substances Control Law,NITE-CHRIP RJ_01_020,349CO0000000202
65151-79-3,priority_evaluation,優先評価化学物質,Priority Assessment Chemical,化学物質の審査及び製造等の規制に関する法律,Chemical Substances Control Law,NITE-CHRIP RJ_01_020,349CO0000000202
65151-80-6,priority_evaluation,優先評価化学物質,Priority Assessment Chemical,化学物質の審査及び製造等の規制に関する法律,Chemical Substances Control Law,NITE-CHRIP RJ_01_020,349CO0000000202
65309-84-4,priority_evaluation,優先評価化学物質,Priority Assessment Chemical,化学物質の審査及び製造等の規制に関する法律,Chemical Substances Control Law,NITE-CHRIP RJ_01_020,349CO0000000202
65412-44-4,priority_evaluation,優先評価化学物質,Priority Assessment Chemical,化学物質の審査及び製造等の規制に関する法律,Chemical Substances Control Law,NITE-CHRIP RJ_01_020,349CO0000000202
65423-83-8,priority_evaluation,優先評価化学物質,Priority Assessment Chemical,化学物質の審査及び製造等の規制に関する法律,Chemical Substances Control Law,NITE-CHRIP RJ_01_020,349CO0000000202
65501-25-9,priority_evaluation,優先評価化学物質,Priority Assessment Chemical,化学物質の審査及び製造等の規制に関する法律,Chemical Substances Control Law,NITE-CHRIP RJ_01_020,349CO0000000202
65501-69-1,priority_evaluation,優先評価化学物質,Priority Assessment Chemical,化学物質の審査及び製造等の規制に関する法律,Chemical Substances Control Law,NITE-CHRIP RJ_01_020,349CO0000000202
65996-89-6,priority_evaluation,優先評価化学物質,Priority Assessment Chemical,化学物質の審査及び製造等の規制に関する法律,Chemical Substances Control Law,NITE-CHRIP RJ_01_020,349CO0000000202
65996-90-9,priority_evaluation,優先評価化学物質,Priority Assessment Chemical,化学物質の審査及び製造等の規制に関する法律,Chemical Substances Control Law,NITE-CHRIP RJ_01_020 通し番号: 162,349CO0000000202
65996-93-2,priority_evaluation,優先評価化学物質,Priority Assessment Chemical,化学物質の審査及び製造等の規制に関する法律,Chemical Substances Control Law,NITE-CHRIP RJ_01_020,349CO0000000202
66052-90-2,priority_evaluation,優先評価化学物質,Priority Assessment Chemical,化学物質の審査及び製造等の規制に関する法律,Chemical Substances Control Law,NITE-CHRIP RJ_01_020,349CO0000000202
66071-88-3,priority_evaluation,優先評価化学物質,Priority Assessment Chemical,化学物質の審査及び製造等の規制に関する法律,Chemical Substances Control Law,NITE-CHRIP RJ_01_020,349CO0000000202
66072-07-9,priority_evaluation,優先評価化学物質,Priority Assessment Chemical,化学物質の審査及び製造等の規制に関する法律,Chemical Substances Control Law,NITE-CHRIP RJ_01_020,349CO0000000202
661-36-9,priority_evaluation,優先評価化学物質,Priority Assessment Chemical,化学物質の審査及び製造等の規制に関する法律,Chemical Substances Control Law,NITE-CHRIP RJ_01_020,349CO0000000202
66161-59-9,priority_evaluation,優先評価化学物質,Priority Assessment Chemical,化学物質の審査及び製造等の規制に関する法律,Chemical Substances Control Law,NITE-CHRIP RJ_01_020,349CO0000000202
6632-94-6,priority_evaluation,優先評価化学物質,Priority Assessment Chemical,化学物質の審査及び製造等の規制に関する法律,Chemical Substances Control Law,NITE-CHRIP RJ_01_020,349CO0000000202
66368-80-7,priority_evaluation,優先評価化学物質,Priority Assessment Chemical,化学物質の審査及び製造等の規制に関する法律,Chemical Substances Control Law,NITE-CHRIP RJ_01_020,349CO0000000202
66375-32-4,priority_evaluation,優先評価化学物質,Priority Assessment Chemical,化学物質の審査及び製造等の規制に関する法律,Chemical Substances Control Law,NITE-CHRIP RJ_01_020,349CO0000000202
66455-14-9,priority_evaluation,優先評価化学物質,Priority Assessment Chemical,化学物質の審査及び製造等の規制に関する法律,Chemical Substances Control Law,NITE-CHRIP RJ_01_020,349CO0000000202
66455-15-0,priority_evaluation,優先評価化学物質,Priority Assessment Chemical,化学物質の審査及び製造等の規制に関する法律,Chemical Substances Control Law,NITE-CHRIP RJ_01_020,349CO0000000202
66455-17-2,priority_evaluation,優先評価化学物質,Priority Assessment Chemical,化学物質の審査及び製造等の規制に関する法律,Chemical Substances Control Law,NITE-CHRIP RJ_01_020,349CO0000000202
66455-29-6,priority_evaluation,優先評価化学物質,Priority Assessment Chemical,化学物質の審査及び製造等の規制に関する法律,Chemical Substances Control Law,NITE-CHRIP RJ_01_020,349CO0000000202
66534-89-2,priority_evaluation,優先評価化学物質,Priority Assessment Chemical,化学物質の審査及び製造等の規制に関する法律,Chemical Substances Control Law,NITE-CHRIP RJ_01_020,349CO0000000202
66558-66-5,priority_evaluation,優先評価化学物質,Priority Assessment Chemical,化学物質の審査及び製造等の規制に関する法律,Chemical Substances Control Law,NITE-CHRIP RJ_01_020,349CO0000000202
66605-94-5,priority_evaluation,優先評価化学物質,Priority Assessment Chemical,化学物質の審査及び製造等の規制に関する法律,Chemical Substances Control Law,NITE-CHRIP RJ_01_020,349CO0000000202
67-63-0,priority_evaluation,優先評価化学物質,Priority Assessment Chemical,化学物質の審査及び製造等の規制に関する法律,Chemical Substances Control Law,NITE-CHRIP RJ_01_020 通し番号: 102,349CO0000000202
67-66-3,priority_evaluation,優先評価化学物質,Priority Assessment Chemical,化学物質の審査及び製造等の規制に関する法律,Chemical Substances Control Law,NITE-CHRIP RJ_01_020 通し番号: 8,349CO0000000202
67267-96-3,priority_evaluation,優先評価化学物質,Priority Assessment Chemical,化学物質の審査及び製造等の規制に関する法律,Chemical Substances Control Law,NITE-CHRIP RJ_01_020,349CO0000000202
67401-50-7,priority_evaluation,優先評価化学物質,Priority Assessment Chemical,化学物質の審査及び製造等の規制に関する法律,Chemical Substances Control Law,NITE-CHRIP RJ_01_020,349CO0000000202
67584-64-9,priority_evaluation,優先評価化学物質,Priority Assessment Chemical,化学物質の審査及び製造等の規制に関する法律,Chemical Substances Control Law,NITE-CHRIP RJ_01_020,349CO0000000202
67612-03-7,priority_evaluation,優先評価化学物質,Priority Assessment Chemical,化学物質の審査及び製造等の規制に関する法律,Chemical Substances Control Law,NITE-CHRIP RJ_01_020,349CO0000000202
67633-87-8,priority_evaluation,優先評価化学物質,Priority Assessment Chemical,化学物質の審査及び製造等の規制に関する法律,Chemical Substances Control Law,NITE-CHRIP RJ_01_020,349CO0000000202
67633-88-9,priority_evaluation,優先評価化学物質,Priority Assessment Chemical,化学物質の審査及び製造等の規制に関する法律,Chemical Substances Control Law,NITE-CHRIP RJ_01_020,349CO0000000202
67700-98-5,priority_evaluation,優先評価化学物質,Priority Assessment Chemical,化学物質の審査及び製造等の規制に関する法律,Chemical Substances Control Law,NITE-CHRIP RJ_01_020,349CO0000000202
67701-09-1,priority_evaluation,優先評価化学物質,Priority Assessment Chemical,化学物質の審査及び製造等の規制に関する法律,Chemical Substances Control Law,NITE-CHRIP RJ_01_020,349CO0000000202
67701-10-4,priority_evaluation,優先評価化学物質,Priority Assessment Chemical,化学物質の審査及び製造等の規制に関する法律,Chemical Substances Control Law,NITE-CHRIP RJ_01_020,349CO0000000202
67701-11-5,priority_evaluation,優先評価化学物質,Priority Assessment Chemical,化学物質の審査及び製造等の規制に関する法律,Chemical Substances Control Law,NITE-CHRIP RJ_01_020,349CO0000000202
67701-14-8,priority_evaluation,優先評価化学物質,Priority Assessment Chemical,化学物質の審査及び製造等の規制に関する法律,Chemical Substances Control Law,NITE-CHRIP RJ_01_020,349CO0000000202
67701-17-1,priority_evaluation,優先評価化学物質,Priority Assessment Chemical,化学物質の審査及び製造等の規制に関する法律,Chemical Substances Control Law,NITE-CHRIP RJ_01_020,349CO0000000202
67762-25-8,priority_evaluation,優先評価化学物質,Priority Assessment Chemical,化学物質の審査及び製造等の規制に関する法律,Chemical Substances Control Law,NITE-CHRIP RJ_01_020,349CO0000000202
67762-30-5,priority_evaluation,優先評価化学物質,Priority Assessment Chemical,化学物質の審査及び製造等の規制に関する法律,Chemical Substances Control Law,NITE-CHRIP RJ_01_020,349CO0000000202
67762-41-8,priority_evaluation,優先評価化学物質,Priority Assessment Chemical,化学物質の審査及び製造等の規制に関する法律,Chemical Substances Control Law,NITE-CHRIP RJ_01_020,349CO0000000202
67801-50-7,priority_evaluation,優先評価化学物質,Priority Assessment Chemical,化学物質の審査及び製造等の規制に関する法律,Chemical Substances Control Law,NITE-CHRIP RJ_01_020,349CO0000000202
67801-63-2,priority_evaluation,優先評価化学物質,Priority Assessment Chemical,化学物質の審査及び製造等の規制に関する法律,Chemical Substances Control Law,NITE-CHRIP RJ_01_020,349CO0000000202
67826-97-5,priority_evaluation,優先評価化学物質,Priority Assessment Chemical,化学物質の審査及び製造等の規制に関する法律,Chemical Substances Control Law,NITE-CHRIP RJ_01_020,349CO0000000202
67843-74-7,priority_evaluation,優先評価化学物質,Priority Assessment Chemical,化学物質の審査及び製造等の規制に関する法律,Chemical Substances Control Law,NITE-CHRIP RJ_01_020,349CO0000000202
67907-18-0,priority_evaluation,優先評価化学物質,Priority Assessment Chemical,化学物質の審査及び製造等の規制に関する法律,Chemical Substances Control Law,NITE-CHRIP RJ_01_020,349CO0000000202
67907-20-4,priority_evaluation,優先評価化学物質,Priority Assessment Chemical,化学物質の審査及び製造等の規制に関する法律,Chemical Substances Control Law,NITE-CHRIP RJ_01_020,349CO0000000202
67953-76-8,priority_evaluation,優先評価化学物質,Priority Assessment Chemical,化学物質の審査及び製造等の規制に関する法律,Chemical Substances Control Law,NITE-CHRIP RJ_01_020,349CO0000000202
68002-80-2,priority_evaluation,優先評価化学物質,Priority Assessment Chemical,化学物質の審査及び製造等の規制に関する法律,Chemical Substances Control Law,NITE-CHRIP RJ_01_020,349CO0000000202
68002-82-4,priority_evaluation,優先評価化学物質,Priority Assessment Chemical,化学物質の審査及び製造等の規制に関する法律,Chemical Substances Control Law,NITE-CHRIP RJ_01_020,349CO0000000202
68002-96-0,priority_evaluation,優先評価化学物質,Priority Assessment Chemical,化学物質の審査及び製造等の規制に関する法律,Chemical Substances Control Law,NITE-CHRIP RJ_01_020,349CO0000000202
68002-97-1,priority_evaluation,優先評価化学物質,Priority Assessment Chemical,化学物質の審査及び製造等の規制に関する法律,Chemical Substances Control Law,NITE-CHRIP RJ_01_020,349CO0000000202
6801-86-1,priority_evaluation,優先評価化学物質,Priority Assessment Chemical,化学物質の審査及び製造等の規制に関する法律,Chemical Substances Control Law,NITE-CHRIP RJ_01_020,349CO0000000202
6801-88-3,priority_evaluation,優先評価化学物質,Priority Assessment Chemical,化学物質の審査及び製造等の規制に関する法律,Chemical Substances Control Law,NITE-CHRIP RJ_01_020,349CO0000000202
6801-89-4,priority_evaluation,優先評価化学物質,Priority Assessment Chemical,化学物質の審査及び製造等の規制に関する法律,Chemical Substances Control Law,NITE-CHRIP RJ_01_020,349CO0000000202
6801-91-8,priority_evaluation,優先評価化学物質,Priority Assessment Chemical,化学物質の審査及び製造等の規制に関する法律,Chemical Substances Control Law,NITE-CHRIP RJ_01_020,349CO0000000202
6801-92-9,priority_evaluation,優先評価化学物質,Priority Assessment Chemical,化学物質の審査及び製造等の規制に関する法律,Chemical Substances Control Law,NITE-CHRIP RJ_01_020,349CO0000000202
6801-93-0,priority_evaluation,優先評価化学物質,Priority Assessment Chemical,化学物質の審査及び製造等の規制に関する法律,Chemical Substances Control Law,NITE-CHRIP RJ_01_020,349CO0000000202
68015-67-8,priority_evaluation,優先評価化学物質,Priority Assessment Chemical,化学物質の審査及び製造等の規制に関する法律,Chemical Substances Control Law,NITE-CHRIP RJ_01_020,349CO0000000202
68037-49-0,priority_evaluation,優先評価化学物質,Priority Assessment Chemical,化学物質の審査及び製造等の規制に関する法律,Chemical Substances Control Law,NITE-CHRIP RJ_01_020,349CO0000000202
68037-91-2,priority_evaluation,優先評価化学物質,Priority Assessment Chemical,化学物質の審査及び製造等の規制に関する法律,Chemical Substances Control Law,NITE-CHRIP RJ_01_020,349CO0000000202
68037-92-3,priority_evaluation,優先評価化学物質,Priority Assessment Chemical,化学物質の審査及び製造等の規制に関する法律,Chemical Substances Control Law,NITE-CHRIP RJ_01_020,349CO0000000202
68081-81-2,priority_evaluation,優先評価化学物質,Priority Assessment Chemical,化学物質の審査及び製造等の規制に関する法律,Chemical Substances Control Law,NITE-CHRIP RJ_01_020,349CO0000000202
68081-91-4,priority_evaluation,優先評価化学物質,Priority Assessment Chemical,化学物質の審査及び製造等の規制に関する法律,Chemical Substances Control Law,NITE-CHRIP RJ_01_020,349CO0000000202
68081-96-9,priority_evaluation,優先評価化学物質,Priority Assessment Chemical,化学物質の審査及び製造等の規制に関する法律,Chemical Substances Control Law,NITE-CHRIP RJ_01_020,349CO0000000202
68105-02-2,priority_evaluation,優先評価化学物質,Priority Assessment Chemical,化学物質の審査及び製造等の規制に関する法律,Chemical Substances Control Law,NITE-CHRIP RJ_01_020,349CO0000000202
68130-43-8,priority_evaluation,優先評価化学物質,Priority Assessment Chemical,化学物質の審査及び製造等の規制に関する法律,Chemical Substances Control Law,NITE-CHRIP RJ_01_020 通し番号: 214,349CO0000000202
68131-39-5,priority_evaluation,優先評価化学物質,Priority Assessment Chemical,化学物質の審査及び製造等の規制に関する法律,Chemical Substances Control Law,NITE-CHRIP RJ_01_020,349CO0000000202
68131-40-8,priority_evaluation,優先評価化学物質,Priority Assessment Chemical,化学物質の審査及び製造等の規制に関する法律,Chemical Substances Control Law,NITE-CHRIP RJ_01_020,349CO0000000202
68132-46-7,priority_evaluation,優先評価化学物質,Priority Assessment Chemical,化学物質の審査及び製造等の規制に関する法律,Chemical Substances Control Law,NITE-CHRIP RJ_01_020,349CO0000000202
68132-47-8,priority_evaluation,優先評価化学物質,Priority Assessment Chemical,化学物質の審査及び製造等の規制に関する法律,Chemical Substances Control Law,NITE-CHRIP RJ_01_020,349CO0000000202
68133-90-4,priority_evaluation,優先評価化学物質,Priority Assessment Chemical,化学物質の審査及び製造等の規制に関する法律,Chemical Substances Control Law,NITE-CHRIP RJ_01_020,349CO0000000202
68153-57-1,priority_evaluation,優先評価化学物質,Priority Assessment Chemical,化学物質の審査及び製造等の規制に関する法律,Chemical Substances Control Law,NITE-CHRIP RJ_01_020,349CO0000000202
68153-64-0,priority_evaluation,優先評価化学物質,Priority Assessment Chemical,化学物質の審査及び製造等の規制に関する法律,Chemical Substances Control Law,NITE-CHRIP RJ_01_020,349CO0000000202
68153-66-2,priority_evaluation,優先評価化学物質,Priority Assessment Chemical,化学物質の審査及び製造等の規制に関する法律,Chemical Substances Control Law,NITE-CHRIP RJ_01_020,349CO0000000202
68154-24-5,priority_evaluation,優先評価化学物質,Priority Assessment Chemical,化学物質の審査及び製造等の規制に関する法律,Chemical Substances Control Law,NITE-CHRIP RJ_01_020,349CO0000000202
68154-25-6,priority_evaluation,優先評価化学物質,Priority Assessment Chemical,化学物質の審査及び製造等の規制に関する法律,Chemical Substances Control Law,NITE-CHRIP RJ_01_020,349CO0000000202
68154-33-6,priority_evaluation,優先評価化学物質,Priority Assessment Chemical,化学物質の審査及び製造等の規制に関する法律,Chemical Substances Control Law,NITE-CHRIP RJ_01_020,349CO0000000202
68154-96-1,priority_evaluation,優先評価化学物質,Priority Assessment Chemical,化学物質の審査及び製造等の規制に関する法律,Chemical Substances Control Law,NITE-CHRIP RJ_01_020,349CO0000000202
68154-97-2,priority_evaluation,優先評価化学物質,Priority Assessment Chemical,化学物質の審査及び製造等の規制に関する法律,Chemical Substances Control Law,NITE-CHRIP RJ_01_020,349CO0000000202
68154-98-3,priority_evaluation,優先評価化学物質,Priority Assessment Chemical,化学物質の審査及び製造等の規制に関する法律,Chemical Substances Control Law,NITE-CHRIP RJ_01_020,349CO0000000202
68155-00-0,priority_evaluation,優先評価化学物質,Priority Assessment Chemical,化学物質の審査及び製造等の規制に関する法律,Chemical Substances Control Law,NITE-CHRIP RJ_01_020,349CO0000000202
68155-01-1,priority_evaluation,優先評価化学物質,Priority Assessment Chemical,化学物質の審査及び製造等の規制に関する法律,Chemical Substances Control Law,NITE-CHRIP RJ_01_020,349CO0000000202
68155-07-7,priority_evaluation,優先評価化学物質,Priority Assessment Chemical,化学物質の審査及び製造等の規制に関する法律,Chemical Substances Control Law,NITE-CHRIP RJ_01_020,349CO0000000202
68155-20-4,priority_evaluation,優先評価化学物質,Priority Assessment Chemical,化学物質の審査及び製造等の規制に関する法律,Chemical Substances Control Law,NITE-CHRIP RJ_01_020,349CO0000000202
68155-24-8,priority_evaluation,優先評価化学物質,Priority Assessment Chemical,化学物質の審査及び製造等の規制に関する法律,Chemical Substances Control Law,NITE-CHRIP RJ_01_020,349CO0000000202
68155-33-9,priority_evaluation,優先評価化学物質,Priority Assessment Chemical,化学物質の審査及び製造等の規制に関する法律,Chemical Substances Control Law,NITE-CHRIP RJ_01_020,349CO0000000202
68155-66-8,priority_evaluation,優先評価化学物質,Priority Assessment Chemical,化学物質の審査及び製造等の規制に関する法律,Chemical Substances Control Law,NITE-CHRIP RJ_01_020,349CO0000000202
68155-67-9,priority_evaluation,優先評価化学物質,Priority Assessment Chemical,化学物質の審査及び製造等の規制に関する法律,Chemical Substances Control Law,NITE-CHRIP RJ_01_020,349CO0000000202
68187-52-0,priority_evaluation,優先評価化学物質,Priority Assessment Chemical,化学物質の審査及び製造等の規制に関する法律,Chemical Substances Control Law,NITE-CHRIP RJ_01_020,349CO0000000202
68188-18-1,priority_evaluation,優先評価化学物質,Priority Assessment Chemical,化学物質の審査及び製造等の規制に関する法律,Chemical Substances Control Law,NITE-CHRIP RJ_01_020,349CO0000000202
68189-01-5,priority_evaluation,優先評価化学物質,Priority Assessment Chemical,化学物質の審査及び製造等の規制に関する法律,Chemical Substances Control Law,NITE-CHRIP RJ_01_020,349CO0000000202
68213-23-0,priority_evaluation,優先評価化学物質,Priority Assessment Chemical,化学物質の審査及び製造等の規制に関する法律,Chemical Substances Control Law,NITE-CHRIP RJ_01_020,349CO0000000202
68213-24-1,priority_evaluation,優先評価化学物質,Priority Assessment Chemical,化学物質の審査及び製造等の規制に関する法律,Chemical Substances Control Law,NITE-CHRIP RJ_01_020,349CO0000000202
68213-26-3,priority_evaluation,優先評価化学物質,Priority Assessment Chemical,化学物質の審査及び製造等の規制に関する法律,Chemical Substances Control Law,NITE-CHRIP RJ_01_020,349CO0000000202
68238-81-3,priority_evaluation,優先評価化学物質,Priority Assessment Chemical,化学物質の審査及び製造等の規制に関する法律,Chemical Substances Control Law,NITE-CHRIP RJ_01_020,349CO0000000202
68238-82-4,priority_evaluation,優先評価化学物質,Priority Assessment Chemical,化学物質の審査及び製造等の規制に関する法律,Chemical Substances Control Law,NITE-CHRIP RJ_01_020,349CO0000000202
68258-98-0,priority_evaluation,優先評価化学物質,Priority Assessment Chemical,化学物質の審査及び製造等の規制に関する法律,Chemical Substances Control Law,NITE-CHRIP RJ_01_020,349CO0000000202
68299-02-5,priority_evaluation,優先評価化学物質,Priority Assessment Chemical,化学物質の審査及び製造等の規制に関する法律,Chemical Substances Control Law,NITE-CHRIP RJ_01_020,349CO0000000202
68299-17-2,priority_evaluation,優先評価化学物質,Priority Assessment Chemical,化学物質の審査及び製造等の規制に関する法律,Chemical Substances Control Law,NITE-CHRIP RJ_01_020,349CO0000000202
683-10-3,priority_evaluation,優先評価化学物質,Priority Assessment Chemical,化学物質の審査及び製造等の規制に関する法律,Chemical Substances Control Law,NITE-CHRIP RJ_01_020 通し番号: 180,349CO0000000202
68309-30-8,priority_evaluation,優先評価化学物質,Priority Assessment Chemical,化学物質の審査及び製造等の規制に関する法律,Chemical Substances Control Law,NITE-CHRIP RJ_01_020,349CO0000000202
68311-02-4,priority_evaluation,優先評価化学物質,Priority Assessment Chemical,化学物質の審査及び製造等の規制に関する法律,Chemical Substances Control Law,NITE-CHRIP RJ_01_020,349CO0000000202
68333-80-2,priority_evaluation,優先評価化学物質,Priority Assessment Chemical,化学物質の審査及び製造等の規制に関する法律,Chemical Substances Control Law,NITE-CHRIP RJ_01_020,349CO0000000202
6836-38-0,priority_evaluation,優先評価化学物質,Priority Assessment Chemical,化学物質の審査及び製造等の規制に関する法律,Chemical Substances Control Law,NITE-CHRIP RJ_01_020,349CO0000000202
68390-99-8,priority_evaluation,優先評価化学物質,Priority Assessment Chemical,化学物質の審査及び製造等の規制に関する法律,Chemical Substances Control Law,NITE-CHRIP RJ_01_020,349CO0000000202
68391-01-5,priority_evaluation,優先評価化学物質,Priority Assessment Chemical,化学物質の審査及び製造等の規制に関する法律,Chemical Substances Control Law,NITE-CHRIP RJ_01_020,349CO0000000202
68391-04-8,priority_evaluation,優先評価化学物質,Priority Assessment Chemical,化学物質の審査及び製造等の規制に関する法律,Chemical Substances Control Law,NITE-CHRIP RJ_01_020,349CO0000000202
68391-54-8,priority_evaluation,優先評価化学物質,Priority Assessment Chemical,化学物質の審査及び製造等の規制に関する法律,Chemical Substances Control Law,NITE-CHRIP RJ_01_020,349CO0000000202
68411-30-3,priority_evaluation,優先評価化学物質,Priority Assessment Chemical,化学物質の審査及び製造等の規制に関する法律,Chemical Substances Control Law,NITE-CHRIP RJ_01_020,349CO0000000202
68413-73-0,priority_evaluation,優先評価化学物質,Priority Assessment Chemical,化学物質の審査及び製造等の規制に関する法律,Chemical Substances Control Law,NITE-CHRIP RJ_01_020,349CO0000000202
68424-85-1,priority_evaluation,優先評価化学物質,Priority Assessment Chemical,化学物質の審査及び製造等の規制に関する法律,Chemical Substances Control Law,NITE-CHRIP RJ_01_020,349CO0000000202
68424-94-2,priority_evaluation,優先評価化学物質,Priority Assessment Chemical,化学物質の審査及び製造等の規制に関する法律,Chemical Substances Control Law,NITE-CHRIP RJ_01_020,349CO0000000202
68425-44-5,priority_evaluation,優先評価化学物質,Priority Assessment Chemical,化学物質の審査及び製造等の規制に関する法律,Chemical Substances Control Law,NITE-CHRIP RJ_01_020,349CO0000000202
68425-56-9,priority_evaluation,優先評価化学物質,Priority Assessment Chemical,化学物質の審査及び製造等の規制に関する法律,Chemical Substances Control Law,NITE-CHRIP RJ_01_020,349CO0000000202
68439-30-5,priority_evaluation,優先評価化学物質,Priority Assessment Chemical,化学物質の審査及び製造等の規制に関する法律,Chemical Substances Control Law,NITE-CHRIP RJ_01_020,349CO0000000202
68439-45-2,priority_evaluation,優先評価化学物質,Priority Assessment Chemical,化学物質の審査及び製造等の規制に関する法律,Chemical Substances Control Law,NITE-CHRIP RJ_01_020,349CO0000000202
68439-46-3,priority_evaluation,優先評価化学物質,Priority Assessment Chemical,化学物質の審査及び製造等の規制に関する法律,Chemical Substances Control Law,NITE-CHRIP RJ_01_020,349CO0000000202
68439-49-6,priority_evaluation,優先評価化学物質,Priority Assessment Chemical,化学物質の審査及び製造等の規制に関する法律,Chemical Substances Control Law,NITE-CHRIP RJ_01_020,349CO0000000202
68439-50-9,priority_evaluation,優先評価化学物質,Priority Assessment Chemical,化学物質の審査及び製造等の規制に関する法律,Chemical Substances Control Law,NITE-CHRIP RJ_01_020,349CO0000000202
68439-51-0,priority_evaluation,優先評価化学物質,Priority Assessment Chemical,化学物質の審査及び製造等の規制に関する法律,Chemical Substances Control Law,NITE-CHRIP RJ_01_020,349CO0000000202
68439-54-3,priority_evaluation,優先評価化学物質,Priority Assessment Chemical,化学物質の審査及び製造等の規制に関する法律,Chemical Substances Control Law,NITE-CHRIP RJ_01_020,349CO0000000202
68439-57-6,priority_evaluation,優先評価化学物質,Priority Assessment Chemical,化学物質の審査及び製造等の規制に関する法律,Chemical Substances Control Law,NITE-CHRIP RJ_01_020,349CO0000000202
68439-70-3,priority_evaluation,優先評価化学物質,Priority Assessment Chemical,化学物質の審査及び製造等の規制に関する法律,Chemical Substances Control Law,NITE-CHRIP RJ_01_020,349CO0000000202
68439-72-5,priority_evaluation,優先評価化学物質,Priority Assessment Chemical,化学物質の審査及び製造等の規制に関する法律,Chemical Substances Control Law,NITE-CHRIP RJ_01_020,349CO0000000202
68440-04-0,priority_evaluation,優先評価化学物質,Priority Assessment Chemical,化学物質の審査及び製造等の規制に関する法律,Chemical Substances Control Law,NITE-CHRIP RJ_01_020,349CO0000000202
68440-28-8,priority_evaluation,優先評価化学物質,Priority Assessment Chemical,化学物質の審査及び製造等の規制に関する法律,Chemical Substances Control Law,NITE-CHRIP RJ_01_020,349CO0000000202
68440-32-4,priority_evaluation,優先評価化学物質,Priority Assessment Chemical,化学物質の審査及び製造等の規制に関する法律,Chemical Substances Control Law,NITE-CHRIP RJ_01_020,349CO0000000202
6851-03-2,priority_evaluation,優先評価化学物質,Priority Assessment Chemical,化学物質の審査及び製造等の規制に関する法律,Chemical Substances Control Law,NITE-CHRIP RJ_01_020,349CO0000000202
68515-48-0,priority_evaluation,優先評価化学物質,Priority Assessment Chemical,化学物質の審査及び製造等の規制に関する法律,Chemical Substances Control Law,NITE-CHRIP RJ_01_020,349CO0000000202
68515-73-1,priority_evaluation,優先評価化学物質,Priority Assessment Chemical,化学物質の審査及び製造等の規制に関する法律,Chemical Substances Control Law,NITE-CHRIP RJ_01_020,349CO0000000202
68526-85-2,priority_evaluation,優先評価化学物質,Priority Assessment Chemical,化学物質の審査及び製造等の規制に関する法律,Chemical Substances Control Law,NITE-CHRIP RJ_01_020,349CO0000000202
68526-86-3,priority_evaluation,優先評価化学物質,Priority Assessment Chemical,化学物質の審査及び製造等の規制に関する法律,Chemical Substances Control Law,NITE-CHRIP RJ_01_020,349CO0000000202
68526-94-3,priority_evaluation,優先評価化学物質,Priority Assessment Chemical,化学物質の審査及び製造等の規制に関する法律,Chemical Substances Control Law,NITE-CHRIP RJ_01_020,349CO0000000202
68526-95-4,priority_evaluation,優先評価化学物質,Priority Assessment Chemical,化学物質の審査及び製造等の規制に関する法律,Chemical Substances Control Law,NITE-CHRIP RJ_01_020,349CO0000000202
68527-29-7,priority_evaluation,優先評価化学物質,Priority Assessment Chemical,化学物質の審査及び製造等の規制に関する法律,Chemical Substances Control Law,NITE-CHRIP RJ_01_020,349CO0000000202
68527-84-4,priority_evaluation,優先評価化学物質,Priority Assessment Chemical,化学物質の審査及び製造等の規制に関する法律,Chemical Substances Control Law,NITE-CHRIP RJ_01_020,349CO0000000202
68551-07-5,priority_evaluation,優先評価化学物質,Priority Assessment Chemical,化学物質の審査及び製造等の規制に関する法律,Chemical Substances Control Law,NITE-CHRIP RJ_01_020,349CO0000000202
68551-08-6,priority_evaluation,優先評価化学物質,Priority Assessment Chemical,化学物質の審査及び製造等の規制に関する法律,Chemical Substances Control Law,NITE-CHRIP RJ_01_020,349CO0000000202
68551-12-2,priority_evaluation,優先評価化学物質,Priority Assessment Chemical,化学物質の審査及び製造等の規制に関する法律,Chemical Substances Control Law,NITE-CHRIP RJ_01_020,349CO0000000202
68551-13-3,priority_evaluation,優先評価化学物質,Priority Assessment Chemical,化学物質の審査及び製造等の規制に関する法律,Chemical Substances Control Law,NITE-CHRIP RJ_01_020,349CO0000000202
68551-14-4,priority_evaluation,優先評価化学物質,Priority Assessment Chemical,化学物質の審査及び製造等の規制に関する法律,Chemical Substances Control Law,NITE-CHRIP RJ_01_020,349CO0000000202
68551-17-7,priority_evaluation,優先評価化学物質,Priority Assessment Chemical,化学物質の審査及び製造等の規制に関する法律,Chemical Substances Control Law,NITE-CHRIP RJ_01_020,349CO0000000202
68551-18-8,priority_evaluation,優先評価化学物質,Priority Assessment Chemical,化学物質の審査及び製造等の規制に関する法律,Chemical Substances Control Law,NITE-CHRIP RJ_01_020,349CO0000000202
68551-19-9,priority_evaluation,優先評価化学物質,Priority Assessment Chemical,化学物質の審査及び製造等の規制に関する法律,Chemical Substances Control Law,NITE-CHRIP RJ_01_020,349CO0000000202
68573-13-7,priority_evaluation,優先評価化学物質,Priority Assessment Chemical,化学物質の審査及び製造等の規制に関する法律,Chemical Substances Control Law,NITE-CHRIP RJ_01_020,349CO0000000202
68573-14-8,priority_evaluation,優先評価化学物質,Priority Assessment Chemical,化学物質の審査及び製造等の規制に関する法律,Chemical Substances Control Law,NITE-CHRIP RJ_01_020,349CO0000000202
68585-34-2,priority_evaluation,優先評価化学物質,Priority Assessment Chemical,化学物質の審査及び製造等の規制に関する法律,Chemical Substances Control Law,NITE-CHRIP RJ_01_020,349CO0000000202
68585-40-0,priority_evaluation,優先評価化学物質,Priority Assessment Chemical,化学物質の審査及び製造等の規制に関する法律,Chemical Substances Control Law,NITE-CHRIP RJ_01_020,349CO0000000202
68585-47-7,priority_evaluation,優先評価化学物質,Priority Assessment Chemical,化学物質の審査及び製造等の規制に関する法律,Chemical Substances Control Law,NITE-CHRIP RJ_01_020,349CO0000000202
68599-24-6,priority_evaluation,優先評価化学物質,Priority Assessment Chemical,化学物質の審査及び製造等の規制に関する法律,Chemical Substances Control Law,NITE-CHRIP RJ_01_020,349CO0000000202
68603-15-6,priority_evaluation,優先評価化学物質,Priority Assessment Chemical,化学物質の審査及び製造等の規制に関する法律,Chemical Substances Control Law,NITE-CHRIP RJ_01_020,349CO0000000202
68603-20-3,priority_evaluation,優先評価化学物質,Priority Assessment Chemical,化学物質の審査及び製造等の規制に関する法律,Chemical Substances Control Law,NITE-CHRIP RJ_01_020,349CO0000000202
68603-25-8,priority_evaluation,優先評価化学物質,Priority Assessment Chemical,化学物質の審査及び製造等の規制に関する法律,Chemical Substances Control Law,NITE-CHRIP RJ_01_020,349CO0000000202
68603-38-3,priority_evaluation,優先評価化学物質,Priority Assessment Chemical,化学物質の審査及び製造等の規制に関する法律,Chemical Substances Control Law,NITE-CHRIP RJ_01_020,349CO0000000202
68603-40-7,priority_evaluation,優先評価化学物質,Priority Assessment Chemical,化学物質の審査及び製造等の規制に関する法律,Chemical Substances Control Law,NITE-CHRIP RJ_01_020,349CO0000000202
68603-42-9,priority_evaluation,優先評価化学物質,Priority Assessment Chemical,化学物質の審査及び製造等の規制に関する法律,Chemical Substances Control Law,NITE-CHRIP RJ_01_020,349CO0000000202
68604-35-3,priority_evaluation,優先評価化学物質,Priority Assessment Chemical,化学物質の審査及び製造等の規制に関する法律,Chemical Substances Control Law,NITE-CHRIP RJ_01_020,349CO0000000202
68608-15-1,priority_evaluation,優先評価化学物質,Priority Assessment Chemical,化学物質の審査及び製造等の規制に関する法律,Chemical Substances Control Law,NITE-CHRIP RJ_01_020,349CO0000000202
68608-87-7,priority_evaluation,優先評価化学物質,Priority Assessment Chemical,化学物質の審査及び製造等の規制に関する法律,Chemical Substances Control Law,NITE-CHRIP RJ_01_020,349CO0000000202
68628-60-4,priority_evaluation,優先評価化学物質,Priority Assessment Chemical,化学物質の審査及び製造等の規制に関する法律,Chemical Substances Control Law,NITE-CHRIP RJ_01_020,349CO0000000202
68647-70-1,priority_evaluation,優先評価化学物質,Priority Assessment Chemical,化学物質の審査及び製造等の規制に関する法律,Chemical Substances Control Law,NITE-CHRIP RJ_01_020,349CO0000000202
68814-69-7,priority_evaluation,優先評価化学物質,Priority Assessment Chemical,化学物質の審査及び製造等の規制に関する法律,Chemical Substances Control Law,NITE-CHRIP RJ_01_020,349CO0000000202
68815-25-8,priority_evaluation,優先評価化学物質,Priority Assessment Chemical,化学物質の審査及び製造等の規制に関する法律,Chemical Substances Control Law,NITE-CHRIP RJ_01_020,349CO0000000202
68855-56-1,priority_evaluation,優先評価化学物質,Priority Assessment Chemical,化学物質の審査及び製造等の規制に関する法律,Chemical Substances Control Law,NITE-CHRIP RJ_01_020,349CO0000000202
68890-70-0,priority_evaluation,優先評価化学物質,Priority Assessment Chemical,化学物質の審査及び製造等の規制に関する法律,Chemical Substances Control Law,NITE-CHRIP RJ_01_020,349CO0000000202
68890-95-9,priority_evaluation,優先評価化学物質,Priority Assessment Chemical,化学物質の審査及び製造等の規制に関する法律,Chemical Substances Control Law,NITE-CHRIP RJ_01_020,349CO0000000202
68891-38-3,priority_evaluation,優先評価化学物質,Priority Assessment Chemical,化学物質の審査及び製造等の規制に関する法律,Chemical Substances Control Law,NITE-CHRIP RJ_01_020,349CO0000000202
68908-59-8,priority_evaluation,優先評価化学物質,Priority Assessment Chemical,化学物質の審査及び製造等の規制に関する法律,Chemical Substances Control Law,NITE-CHRIP RJ_01_020,349CO0000000202
68908-98-5,priority_evaluation,優先評価化学物質,Priority Assessment Chemical,化学物質の審査及び製造等の規制に関する法律,Chemical Substances Control Law,NITE-CHRIP RJ_01_020,349CO0000000202
68920-66-1,priority_evaluation,優先評価化学物質,Priority Assessment Chemical,化学物質の審査及び製造等の規制に関する法律,Chemical Substances Control Law,NITE-CHRIP RJ_01_020,349CO0000000202
68937-66-6,priority_evaluation,優先評価化学物質,Priority Assessment Chemical,化学物質の審査及び製造等の規制に関する法律,Chemical Substances Control Law,NITE-CHRIP RJ_01_020,349CO0000000202
68937-98-4,priority_evaluation,優先評価化学物質,Priority Assessment Chemical,化学物質の審査及び製造等の規制に関する法律,Chemical Substances Control Law,NITE-CHRIP RJ_01_020,349CO0000000202
68938-26-1,priority_evaluation,優先評価化学物質,Priority Assessment Chemical,化学物質の審査及び製造等の規制に関する法律,Chemical Substances Control Law,NITE-CHRIP RJ_01_020,349CO0000000202
68951-67-7,priority_evaluation,優先評価化学物質,Priority Assessment Chemical,化学物質の審査及び製造等の規制に関する法律,Chemical Substances Control Law,NITE-CHRIP RJ_01_020,349CO0000000202
68952-35-2,priority_evaluation,優先評価化学物質,Priority Assessment Chemical,化学物質の審査及び製造等の規制に関する法律,Chemical Substances Control Law,NITE-CHRIP RJ_01_020,349CO0000000202
68955-19-1,priority_evaluation,優先評価化学物質,Priority Assessment Chemical,化学物質の審査及び製造等の規制に関する法律,Chemical Substances Control Law,NITE-CHRIP RJ_01_020,349CO0000000202
68955-20-4,priority_evaluation,優先評価化学物質,Priority Assessment Chemical,化学物質の審査及び製造等の規制に関する法律,Chemical Substances Control Law,NITE-CHRIP RJ_01_020,349CO0000000202
68955-55-5,priority_evaluation,優先評価化学物質,Priority Assessment Chemical,化学物質の審査及び製造等の規制に関する法律,Chemical Substances Control Law,NITE-CHRIP RJ_01_020,349CO0000000202
68987-81-5,priority_evaluation,優先評価化学物質,Priority Assessment Chemical,化学物質の審査及び製造等の規制に関する法律,Chemical Substances Control Law,NITE-CHRIP RJ_01_020,349CO0000000202
68989-58-2,priority_evaluation,優先評価化学物質,Priority Assessment Chemical,化学物質の審査及び製造等の規制に関する法律,Chemical Substances Control Law,NITE-CHRIP RJ_01_020,349CO0000000202
68991-48-0,priority_evaluation,優先評価化学物質,Priority Assessment Chemical,化学物質の審査及び製造等の規制に関する法律,Chemical Substances Control Law,NITE-CHRIP RJ_01_020,349CO0000000202
68991-49-1,priority_evaluation,優先評価化学物質,Priority Assessment Chemical,化学物質の審査及び製造等の規制に関する法律,Chemical Substances Control Law,NITE-CHRIP RJ_01_020,349CO0000000202
68991-51-5,priority_evaluation,優先評価化学物質,Priority Assessment Chemical,化学物質の審査及び製造等の規制に関する法律,Chemical Substances Control Law,NITE-CHRIP RJ_01_020,349CO0000000202
69011-36-5,priority_evaluation,優先評価化学物質,Priority Assessment Chemical,化学物質の審査及び製造等の規制に関する法律,Chemical Substances Control Law,NITE-CHRIP RJ_01_020,349CO0000000202
69013-18-9,priority_evaluation,優先評価化学物質,Priority Assessment Chemical,化学物質の審査及び製造等の規制に関する法律,Chemical Substances Control Law,NITE-CHRIP RJ_01_020,349CO0000000202
69013-19-0,priority_evaluation,優先評価化学物質,Priority Assessment Chemical,化学物質の審査及び製造等の規制に関する法律,Chemical Substances Control Law,NITE-CHRIP RJ_01_020,349CO0000000202
69227-20-9,priority_evaluation,優先評価化学物質,Priority Assessment Chemical,化学物質の審査及び製造等の規制に関する法律,Chemical Substances Control Law,NITE-CHRIP RJ_01_020,349CO0000000202
69227-21-0,priority_evaluation,優先評価化学物質,Priority Assessment Chemical,化学物質の審査及び製造等の規制に関する法律,Chemical Substances Control Law,NITE-CHRIP RJ_01_020,349CO0000000202
69227-22-1,priority_evaluation,優先評価化学物質,Priority Assessment Chemical,化学物質の審査及び製造等の規制に関する法律,Chemical Substances Control Law,NITE-CHRIP RJ_01_020,349CO0000000202
69227-93-6,priority_evaluation,優先評価化学物質,Priority Assessment Chemical,化学物質の審査及び製造等の規制に関する法律,Chemical Substances Control Law,NITE-CHRIP RJ_01_020,349CO0000000202
6929-08-4,priority_evaluation,優先評価化学物質,Priority Assessment Chemical,化学物質の審査及び製造等の規制に関する法律,Chemical Substances Control Law,NITE-CHRIP RJ_01_020,349CO0000000202
69364-63-2,priority_evaluation,優先評価化学物質,Priority Assessment Chemical,化学物質の審査及び製造等の規制に関する法律,Chemical Substances Control Law,NITE-CHRIP RJ_01_020,349CO0000000202
69669-25-6,priority_evaluation,優先評価化学物質,Priority Assessment Chemical,化学物質の審査及び製造等の規制に関する法律,Chemical Substances Control Law,NITE-CHRIP RJ_01_020,349CO0000000202
69669-44-9,priority_evaluation,優先評価化学物質,Priority Assessment Chemical,化学物質の審査及び製造等の規制に関する法律,Chemical Substances Control Law,NITE-CHRIP RJ_01_020,349CO0000000202
69897-43-4,priority_evaluation,優先評価化学物質,Priority Assessment Chemical,化学物質の審査及び製造等の規制に関する法律,Chemical Substances Control Law,NITE-CHRIP RJ_01_020,349CO0000000202
6994-45-2,priority_evaluation,優先評価化学物質,Priority Assessment Chemical,化学物質の審査及び製造等の規制に関する法律,Chemical Substances Control Law,NITE-CHRIP RJ_01_020,349CO0000000202
69984-73-2,priority_evaluation,優先評価化学物質,Priority Assessment Chemical,化学物質の審査及び製造等の規制に関する法律,Chemical Substances Control Law,NITE-CHRIP RJ_01_020,349CO0000000202
70005-86-6,priority_evaluation,優先評価化学物質,Priority Assessment Chemical,化学物質の審査及び製造等の規制に関する法律,Chemical Substances Control Law,NITE-CHRIP RJ_01_020,349CO0000000202
70084-73-0,priority_evaluation,優先評価化学物質,Priority Assessment Chemical,化学物質の審査及び製造等の規制に関する法律,Chemical Substances Control Law,NITE-CHRIP RJ_01_020,349CO0000000202
70178-78-8,priority_evaluation,優先評価化学物質,Priority Assessment Chemical,化学物質の審査及び製造等の規制に関する法律,Chemical Substances Control Law,NITE-CHRIP RJ_01_020,349CO0000000202
70178-79-9,priority_evaluation,優先評価化学物質,Priority Assessment Chemical,化学物質の審査及び製造等の規制に関する法律,Chemical Substances Control Law,NITE-CHRIP RJ_01_020,349CO0000000202
70214-69-6,priority_evaluation,優先評価化学物質,Priority Assessment Chemical,化学物質の審査及び製造等の規制に関する法律,Chemical Substances Control Law,NITE-CHRIP RJ_01_020,349CO0000000202
70214-77-6,priority_evaluation,優先評価化学物質,Priority Assessment Chemical,化学物質の審査及び製造等の規制に関する法律,Chemical Substances Control Law,NITE-CHRIP RJ_01_020,349CO0000000202
70358-78-0,priority_evaluation,優先評価化学物質,Priority Assessment Chemical,化学物質の審査及び製造等の規制に関する法律,Chemical Substances Control Law,NITE-CHRIP RJ_01_020,349CO0000000202
70358-81-5,priority_evaluation,優先評価化学物質,Priority Assessment Chemical,化学物質の審査及び製造等の規制に関する法律,Chemical Substances Control Law,NITE-CHRIP RJ_01_020,349CO0000000202
70358-83-7,priority_evaluation,優先評価化学物質,Priority Assessment Chemical,化学物質の審査及び製造等の規制に関する法律,Chemical Substances Control Law,NITE-CHRIP RJ_01_020,349CO0000000202
70358-86-0,priority_evaluation,優先評価化学物質,Priority Assessment Chemical,化学物質の審査及び製造等の規制に関する法律,Chemical Substances Control Law,NITE-CHRIP RJ_01_020,349CO0000000202
70358-89-3,priority_evaluation,優先評価化学物質,Priority Assessment Chemical,化学物質の審査及び製造等の規制に関する法律,Chemical Substances Control Law,NITE-CHRIP RJ_01_020,349CO0000000202
70445-33-9,priority_evaluation,優先評価化学物質,Priority Assessment Chemical,化学物質の審査及び製造等の規制に関する法律,Chemical Substances Control Law,NITE-CHRIP RJ_01_020 通し番号: 275,349CO0000000202
70495-37-3,priority_evaluation,優先評価化学物質,Priority Assessment Chemical,化学物質の審査及び製造等の規制に関する法律,Chemical Substances Control Law,NITE-CHRIP RJ_01_020,349CO0000000202
70528-84-6,priority_evaluation,優先評価化学物質,Priority Assessment Chemical,化学物質の審査及び製造等の規制に関する法律,Chemical Substances Control Law,NITE-CHRIP RJ_01_020,349CO0000000202
70592-80-2,priority_evaluation,優先評価化学物質,Priority Assessment Chemical,化学物質の審査及び製造等の規制に関する法律,Chemical Substances Control Law,NITE-CHRIP RJ_01_020,349CO0000000202
70632-06-3,priority_evaluation,優先評価化学物質,Priority Assessment Chemical,化学物質の審査及び製造等の規制に関する法律,Chemical Substances Control Law,NITE-CHRIP RJ_01_020,349CO0000000202
70709-94-3,priority_evaluation,優先評価化学物質,Priority Assessment Chemical,化学物質の審査及び製造等の規制に関する法律,Chemical Substances Control Law,NITE-CHRIP RJ_01_020,349CO0000000202
70729-87-2,priority_evaluation,優先評価化学物質,Priority Assessment Chemical,化学物質の審査及び製造等の規制に関する法律,Chemical Substances Control Law,NITE-CHRIP RJ_01_020,349CO0000000202
70750-27-5,priority_evaluation,優先評価化学物質,Priority Assessment Chemical,化学物質の審査及び製造等の規制に関する法律,Chemical Substances Control Law,NITE-CHRIP RJ_01_020,349CO0000000202
70750-63-9,priority_evaluation,優先評価化学物質,Priority Assessment Chemical,化学物質の審査及び製造等の規制に関する法律,Chemical Substances Control Law,NITE-CHRIP RJ_01_020,349CO0000000202
70755-46-3,priority_evaluation,優先評価化学物質,Priority Assessment Chemical,化学物質の審査及び製造等の規制に関する法律,Chemical Substances Control Law,NITE-CHRIP RJ_01_020,349CO0000000202
70755-47-4,priority_evaluation,優先評価化学物質,Priority Assessment Chemical,化学物質の審査及び製造等の規制に関する法律,Chemical Substances Control Law,NITE-CHRIP RJ_01_020,349CO0000000202
70850-90-7,priority_evaluation,優先評価化学物質,Priority Assessment Chemical,化学物質の審査及び製造等の規制に関する法律,Chemical Substances Control Law,NITE-CHRIP RJ_01_020,349CO0000000202
70879-83-3,priority_evaluation,優先評価化学物質,Priority Assessment Chemical,化学物質の審査及び製造等の規制に関する法律,Chemical Substances Control Law,NITE-CHRIP RJ_01_020,349CO0000000202
70969-43-6,priority_evaluation,優先評価化学物質,Priority Assessment Chemical,化学物質の審査及び製造等の規制に関する法律,Chemical Substances Control Law,NITE-CHRIP RJ_01_020,349CO0000000202
71-36-3,priority_evaluation,優先評価化学物質,Priority Assessment Chemical,化学物質の審査及び製造等の規制に関する法律,Chemical Substances Control Law,NITE-CHRIP RJ_01_020 通し番号: 124,349CO0000000202
71-43-2,priority_evaluation,優先評価化学物質,Priority Assessment Chemical,化学物質の審査及び製造等の規制に関する法律,Chemical Substances Control Law,NITE-CHRIP RJ_01_020 通し番号: 45,349CO0000000202
71011-10-4,priority_evaluation,優先評価化学物質,Priority Assessment Chemical,化学物質の審査及び製造等の規制に関する法律,Chemical Substances Control Law,NITE-CHRIP RJ_01_020,349CO0000000202
71060-57-6,priority_evaluation,優先評価化学物質,Priority Assessment Chemical,化学物質の審査及び製造等の規制に関する法律,Chemical Substances Control Law,NITE-CHRIP RJ_01_020,349CO0000000202
71061-07-9,priority_evaluation,優先評価化学物質,Priority Assessment Chemical,化学物質の審査及び製造等の規制に関する法律,Chemical Substances Control Law,NITE-CHRIP RJ_01_020,349CO0000000202
71155-97-0,priority_evaluation,優先評価化学物質,Priority Assessment Chemical,化学物質の審査及び製造等の規制に関する法律,Chemical Substances Control Law,NITE-CHRIP RJ_01_020,349CO0000000202
71243-46-4,priority_evaluation,優先評価化学物質,Priority Assessment Chemical,化学物質の審査及び製造等の規制に関する法律,Chemical Substances Control Law,NITE-CHRIP RJ_01_020,349CO0000000202
7128-91-8,priority_evaluation,優先評価化学物質,Priority Assessment Chemical,化学物質の審査及び製造等の規制に関する法律,Chemical Substances Control Law,NITE-CHRIP RJ_01_020,349CO0000000202
71302-67-5,priority_evaluation,優先評価化学物質,Priority Assessment Chemical,化学物質の審査及び製造等の規制に関する法律,Chemical Substances Control Law,NITE-CHRIP RJ_01_020,349CO0000000202
71308-04-8,priority_evaluation,優先評価化学物質,Priority Assessment Chemical,化学物質の審査及び製造等の規制に関する法律,Chemical Substances Control Law,NITE-CHRIP RJ_01_020,349CO0000000202
71317-58-3,priority_evaluation,優先評価化学物質,Priority Assessment Chemical,化学物質の審査及び製造等の規制に関する法律,Chemical Substances Control Law,NITE-CHRIP RJ_01_020,349CO0000000202
71326-37-9,priority_evaluation,優先評価化学物質,Priority Assessment Chemical,化学物質の審査及び製造等の規制に関する法律,Chemical Substances Control Law,NITE-CHRIP RJ_01_020,349CO0000000202
71371-60-3,priority_evaluation,優先評価化学物質,Priority Assessment Chemical,化学物質の審査及び製造等の規制に関する法律,Chemical Substances Control Law,NITE-CHRIP RJ_01_020,349CO0000000202
71526-27-7,priority_evaluation,優先評価化学物質,Priority Assessment Chemical,化学物質の審査及び製造等の規制に関する法律,Chemical Substances Control Law,NITE-CHRIP RJ_01_020,349CO0000000202
71612-12-9,priority_evaluation,優先評価化学物質,Priority Assessment Chemical,化学物質の審査及び製造等の規制に関する法律,Chemical Substances Control Law,NITE-CHRIP RJ_01_020,349CO0000000202
71621-77-7,priority_evaluation,優先評価化学物質,Priority Assessment Chemical,化学物質の審査及び製造等の規制に関する法律,Chemical Substances Control Law,NITE-CHRIP RJ_01_020,349CO0000000202
7173-51-5,priority_evaluation,優先評価化学物質,Priority Assessment Chemical,化学物質の審査及び製造等の規制に関する法律,Chemical Substances Control Law,NITE-CHRIP RJ_01_020,349CO0000000202
71786-60-2,priority_evaluation,優先評価化学物質,Priority Assessment Chemical,化学物質の審査及び製造等の規制に関する法律,Chemical Substances Control Law,NITE-CHRIP RJ_01_020,349CO0000000202
71808-33-8,priority_evaluation,優先評価化学物質,Priority Assessment Chemical,化学物質の審査及び製造等の規制に関する法律,Chemical Substances Control Law,NITE-CHRIP RJ_01_020,349CO0000000202
72016-32-1,priority_evaluation,優先評価化学物質,Priority Assessment Chemical,化学物質の審査及び製造等の規制に関する法律,Chemical Substances Control Law,NITE-CHRIP RJ_01_020,349CO0000000202
7206-39-5,priority_evaluation,優先評価化学物質,Priority Assessment Chemical,化学物質の審査及び製造等の規制に関する法律,Chemical Substances Control Law,NITE-CHRIP RJ_01_020,349CO0000000202
7212-69-3,priority_evaluation,優先評価化学物質,Priority Assessment Chemical,化学物質の審査及び製造等の規制に関する法律,Chemical Substances Control Law,NITE-CHRIP RJ_01_020,349CO0000000202
7281-04-1,priority_evaluation,優先評価化学物質,Priority Assessment Chemical,化学物質の審査及び製造等の規制に関する法律,Chemical Substances Control Law,NITE-CHRIP RJ_01_020,349CO0000000202
72854-13-8,priority_evaluation,優先評価化学物質,Priority Assessment Chemical,化学物質の審査及び製造等の規制に関する法律,Chemical Substances Control Law,NITE-CHRIP RJ_01_020,349CO0000000202
72905-87-4,priority_evaluation,優先評価化学物質,Priority Assessment Chemical,化学物質の審査及び製造等の規制に関する法律,Chemical Substances Control Law,NITE-CHRIP RJ_01_020,349CO0000000202
72906-11-7,priority_evaluation,優先評価化学物質,Priority Assessment Chemical,化学物質の審査及び製造等の規制に関する法律,Chemical Substances Control Law,NITE-CHRIP RJ_01_020,349CO0000000202
72928-20-2,priority_evaluation,優先評価化学物質,Priority Assessment Chemical,化学物質の審査及び製造等の規制に関する法律,Chemical Substances Control Law,NITE-CHRIP RJ_01_020,349CO0000000202
72968-37-7,priority_evaluation,優先評価化学物質,Priority Assessment Chemical,化学物質の審査及び製造等の規制に関する法律,Chemical Substances Control Law,NITE-CHRIP RJ_01_020,349CO0000000202
73003-73-3,priority_evaluation,優先評価化学物質,Priority Assessment Chemical,化学物質の審査及び製造等の規制に関する法律,Chemical Substances Control Law,NITE-CHRIP RJ_01_020,349CO0000000202
73010-88-5,priority_evaluation,優先評価化学物質,Priority Assessment Chemical,化学物質の審査及び製造等の規制に関する法律,Chemical Substances Control Law,NITE-CHRIP RJ_01_020,349CO0000000202
73018-31-2,priority_evaluation,優先評価化学物質,Priority Assessment Chemical,化学物質の審査及び製造等の規制に関する法律,Chemical Substances Control Law,NITE-CHRIP RJ_01_020,349CO0000000202
73032-88-9,priority_evaluation,優先評価化学物質,Priority Assessment Chemical,化学物質の審査及び製造等の規制に関する法律,Chemical Substances Control Law,NITE-CHRIP RJ_01_020,349CO0000000202
73049-34-0,priority_evaluation,優先評価化学物質,Priority Assessment Chemical,化学物質の審査及び製造等の規制に関する法律,Chemical Substances Control Law,NITE-CHRIP RJ_01_020,349CO0000000202
73049-82-8,priority_evaluation,優先評価化学物質,Priority Assessment Chemical,化学物質の審査及び製造等の規制に関する法律,Chemical Substances Control Law,NITE-CHRIP RJ_01_020,349CO0000000202
73070-48-1,priority_evaluation,優先評価化学物質,Priority Assessment Chemical,化学物質の審査及び製造等の規制に関する法律,Chemical Substances Control Law,NITE-CHRIP RJ_01_020,349CO0000000202
73105-71-2,priority_evaluation,優先評価化学物質,Priority Assessment Chemical,化学物質の審査及び製造等の規制に関する法律,Chemical Substances Control Law,NITE-CHRIP RJ_01_020,349CO0000000202
73105-79-0,priority_evaluation,優先評価化学物質,Priority Assessment Chemical,化学物質の審査及び製造等の規制に関する法律,Chemical Substances Control Law,NITE-CHRIP RJ_01_020,349CO0000000202
73138-29-1,priority_evaluation,優先評価化学物質,Priority Assessment Chemical,化学物質の審査及び製造等の規制に関する法律,Chemical Substances Control Law,NITE-CHRIP RJ_01_020,349CO0000000202
73138-40-6,priority_evaluation,優先評価化学物質,Priority Assessment Chemical,化学物質の審査及び製造等の規制に関する法律,Chemical Substances Control Law,NITE-CHRIP RJ_01_020,349CO0000000202
73246-96-5,priority_evaluation,優先評価化学物質,Priority Assessment Chemical,化学物質の審査及び製造等の規制に関する法律,Chemical Substances Control Law,NITE-CHRIP RJ_01_020,349CO0000000202
73296-89-6,priority_evaluation,優先評価化学物質,Priority Assessment Chemical,化学物質の審査及び製造等の規制に関する法律,Chemical Substances Control Law,NITE-CHRIP RJ_01_020,349CO0000000202
7335-65-1,priority_evaluation,優先評価化学物質,Priority Assessment Chemical,化学物質の審査及び製造等の規制に関する法律,Chemical Substances Control Law,NITE-CHRIP RJ_01_020,349CO0000000202
73398-63-7,priority_evaluation,優先評価化学物質,Priority Assessment Chemical,化学物質の審査及び製造等の規制に関する法律,Chemical Substances Control Law,NITE-CHRIP RJ_01_020,349CO0000000202
73455-75-1,priority_evaluation,優先評価化学物質,Priority Assessment Chemical,化学物質の審査及び製造等の規制に関する法律,Chemical Substances Control Law,NITE-CHRIP RJ_01_020,349CO0000000202
73497-82-2,priority_evaluation,優先評価化学物質,Priority Assessment Chemical,化学物質の審査及び製造等の規制に関する法律,Chemical Substances Control Law,NITE-CHRIP RJ_01_020,349CO0000000202
73507-37-6,priority_evaluation,優先評価化学物質,Priority Assessment Chemical,化学物質の審査及び製造等の規制に関する法律,Chemical Substances Control Law,NITE-CHRIP RJ_01_020,349CO0000000202
73510-85-7,priority_evaluation,優先評価化学物質,Priority Assessment Chemical,化学物質の審査及び製造等の規制に関する法律,Chemical Substances Control Law,NITE-CHRIP RJ_01_020,349CO0000000202
7355-88-6,priority_evaluation,優先評価化学物質,Priority Assessment Chemical,化学物質の審査及び製造等の規制に関する法律,Chemical Substances Control Law,NITE-CHRIP RJ_01_020,349CO0000000202
73602-61-6,priority_evaluation,優先評価化学物質,Priority Assessment Chemical,化学物質の審査及び製造等の規制に関する法律,Chemical Substances Control Law,NITE-CHRIP RJ_01_020,349CO0000000202
73602-70-7,priority_evaluation,優先評価化学物質,Priority Assessment Chemical,化学物質の審査及び製造等の規制に関する法律,Chemical Substances Control Law,NITE-CHRIP RJ_01_020,349CO0000000202
73602-71-8,priority_evaluation,優先評価化学物質,Priority Assessment Chemical,化学物質の審査及び製造等の規制に関する法律,Chemical Substances Control Law,NITE-CHRIP RJ_01_020,349CO0000000202
73665-22-2,priority_evaluation,優先評価化学物質,Priority Assessment Chemical,化学物質の審査及び製造等の規制に関する法律,Chemical Substances Control Law,NITE-CHRIP RJ_01_020,349CO0000000202
7376-31-0,priority_evaluation,優先評価化学物質,Priority Assessment Chemical,化学物質の審査及び製造等の規制に関する法律,Chemical Substances Control Law,NITE-CHRIP RJ_01_020,349CO0000000202
73772-45-9,priority_evaluation,優先評価化学物質,Priority Assessment Chemical,化学物質の審査及び製造等の規制に関する法律,Chemical Substances Control Law,NITE-CHRIP RJ_01_020,349CO0000000202
73772-46-0,priority_evaluation,優先評価化学物質,Priority Assessment Chemical,化学物質の審査及び製造等の規制に関する法律,Chemical Substances Control Law,NITE-CHRIP RJ_01_020,349CO0000000202
7379-28-4,priority_evaluation,優先評価化学物質,Priority Assessment Chemical,化学物質の審査及び製造等の規制に関する法律,Chemical Substances Control Law,NITE-CHRIP RJ_01_020,349CO0000000202
73807-15-5,priority_evaluation,優先評価化学物質,Priority Assessment Chemical,化学物質の審査及び製造等の規制に関する法律,Chemical Substances Control Law,NITE-CHRIP RJ_01_020,349CO0000000202
7394-38-9,priority_evaluation,優先評価化学物質,Priority Assessment Chemical,化学物質の審査及び製造等の規制に関する法律,Chemical Substances Control Law,NITE-CHRIP RJ_01_020,349CO0000000202
7396-58-9,priority_evaluation,優先評価化学物質,Priority Assessment Chemical,化学物質の審査及び製造等の規制に関する法律,Chemical Substances Control Law,NITE-CHRIP RJ_01_020,349CO0000000202
7399-24-8,priority_evaluation,優先評価化学物質,Priority Assessment Chemical,化学物質の審査及び製造等の規制に関する法律,Chemical Substances Control Law,NITE-CHRIP RJ_01_020,349CO0000000202
74-87-3,priority_evaluation,優先評価化学物質,Priority Assessment Chemical,化学物質の審査及び製造等の規制に関する法律,Chemical Substances Control Law,NITE-CHRIP RJ_01_020 通し番号: 6,349CO0000000202
74-89-5,priority_evaluation,優先評価化学物質,Priority Assessment Chemical,化学物質の審査及び製造等の規制に関する法律,Chemical Substances Control Law,NITE-CHRIP RJ_01_020 通し番号: 15,349CO0000000202
74-90-8,priority_evaluation,優先評価化学物質,Priority Assessment Chemical,化学物質の審査及び製造等の規制に関する法律,Chemical Substances Control Law,NITE-CHRIP RJ_01_020 通し番号: 252,349CO0000000202
74051-86-8,priority_evaluation,優先評価化学物質,Priority Assessment Chemical,化学物質の審査及び製造等の規制に関する法律,Chemical Substances Control Law,NITE-CHRIP RJ_01_020,349CO0000000202
740817-83-8,priority_evaluation,優先評価化学物質,Priority Assessment Chemical,化学物質の審査及び製造等の規制に関する法律,Chemical Substances Control Law,NITE-CHRIP RJ_01_020,349CO0000000202
74139-37-0,priority_evaluation,優先評価化学物質,Priority Assessment Chemical,化学物質の審査及び製造等の規制に関する法律,Chemical Substances Control Law,NITE-CHRIP RJ_01_020,349CO0000000202
7414-83-7,priority_evaluation,優先評価化学物質,Priority Assessment Chemical,化学物質の審査及び製造等の規制に関する法律,Chemical Substances Control Law,NITE-CHRIP RJ_01_020,349CO0000000202
74513-19-2,priority_evaluation,優先評価化学物質,Priority Assessment Chemical,化学物質の審査及び製造等の規制に関する法律,Chemical Substances Control Law,NITE-CHRIP RJ_01_020,349CO0000000202
75-00-3,priority_evaluation,優先評価化学物質,Priority Assessment Chemical,化学物質の審査及び製造等の規制に関する法律,Chemical Substances Control Law,NITE-CHRIP RJ_01_020 通し番号: 10,349CO0000000202
75-05-8,priority_evaluation,優先評価化学物質,Priority Assessment Chemical,化学物質の審査及び製造等の規制に関する法律,Chemical Substances Control Law,NITE-CHRIP RJ_01_020 通し番号: 38,349CO0000000202
75-07-0,priority_evaluation,優先評価化学物質,Priority Assessment Chemical,化学物質の審査及び製造等の規制に関する法律,Chemical Substances Control Law,NITE-CHRIP RJ_01_020 通し番号: 26,349CO0000000202
75-15-0,priority_evaluation,優先評価化学物質,Priority Assessment Chemical,化学物質の審査及び製造等の規制に関する法律,Chemical Substances Control Law,NITE-CHRIP RJ_01_020 通し番号: 1,349CO0000000202
75-21-8,priority_evaluation,優先評価化学物質,Priority Assessment Chemical,化学物質の審査及び製造等の規制に関する法律,Chemical Substances Control Law,NITE-CHRIP RJ_01_020 通し番号: 19,349CO0000000202
75-44-5,priority_evaluation,優先評価化学物質,Priority Assessment Chemical,化学物質の審査及び製造等の規制に関する法律,Chemical Substances Control Law,NITE-CHRIP RJ_01_020 通し番号: 191,349CO0000000202
75-52-5,priority_evaluation,優先評価化学物質,Priority Assessment Chemical,化学物質の審査及び製造等の規制に関する法律,Chemical Substances Control Law,NITE-CHRIP RJ_01_020 通し番号: 18,349CO0000000202
75-57-0,priority_evaluation,優先評価化学物質,Priority Assessment Chemical,化学物質の審査及び製造等の規制に関する法律,Chemical Substances Control Law,NITE-CHRIP RJ_01_020,349CO0000000202
75-58-1,priority_evaluation,優先評価化学物質,Priority Assessment Chemical,化学物質の審査及び製造等の規制に関する法律,Chemical Substances Control Law,NITE-CHRIP RJ_01_020,349CO0000000202
75-59-2,priority_evaluation,優先評価化学物質,Priority Assessment Chemical,化学物質の審査及び製造等の規制に関する法律,Chemical Substances Control Law,NITE-CHRIP RJ_01_020 通し番号: 17,349CO0000000202
75319-63-0,priority_evaluation,優先評価化学物質,Priority Assessment Chemical,化学物質の審査及び製造等の規制に関する法律,Chemical Substances Control Law,NITE-CHRIP RJ_01_020,349CO0000000202
7545-23-5,priority_evaluation,優先評価化学物質,Priority Assessment Chemical,化学物質の審査及び製造等の規制に関する法律,Chemical Substances Control Law,NITE-CHRIP RJ_01_020,349CO0000000202
7545-24-6,priority_evaluation,優先評価化学物質,Priority Assessment Chemical,化学物質の審査及び製造等の規制に関する法律,Chemical Substances Control Law,NITE-CHRIP RJ_01_020,349CO0000000202
75601-76-2,priority_evaluation,優先評価化学物質,Priority Assessment Chemical,化学物質の審査及び製造等の規制に関する法律,Chemical Substances Control Law,NITE-CHRIP RJ_01_020,349CO0000000202
75782-86-4,priority_evaluation,優先評価化学物質,Priority Assessment Chemical,化学物質の審査及び製造等の規制に関する法律,Chemical Substances Control Law,NITE-CHRIP RJ_01_020,349CO0000000202
75782-87-5,priority_evaluation,優先評価化学物質,Priority Assessment Chemical,化学物質の審査及び製造等の規制に関する法律,Chemical Substances Control Law,NITE-CHRIP RJ_01_020,349CO0000000202
75898-09-8,priority_evaluation,優先評価化学物質,Priority Assessment Chemical,化学物質の審査及び製造等の規制に関する法律,Chemical Substances Control Law,NITE-CHRIP RJ_01_020,349CO0000000202
75935-83-0,priority_evaluation,優先評価化学物質,Priority Assessment Chemical,化学物質の審査及び製造等の規制に関する法律,Chemical Substances Control Law,NITE-CHRIP RJ_01_020,349CO0000000202
7601-53-8,priority_evaluation,優先評価化学物質,Priority Assessment Chemical,化学物質の審査及び製造等の規制に関する法律,Chemical Substances Control Law,NITE-CHRIP RJ_01_020,349CO0000000202
76090-67-0,priority_evaluation,優先評価化学物質,Priority Assessment Chemical,化学物質の審査及び製造等の規制に関する法律,Chemical Substances Control Law,NITE-CHRIP RJ_01_020,349CO0000000202
76144-88-2,priority_evaluation,優先評価化学物質,Priority Assessment Chemical,化学物質の審査及び製造等の規制に関する法律,Chemical Substances Control Law,NITE-CHRIP RJ_01_020,349CO0000000202
76265-96-8,priority_evaluation,優先評価化学物質,Priority Assessment Chemical,化学物質の審査及び製造等の規制に関する法律,Chemical Substances Control Law,NITE-CHRIP RJ_01_020,349CO0000000202
764-71-6,priority_evaluation,優先評価化学物質,Priority Assessment Chemical,化学物質の審査及び製造等の規制に関する法律,Chemical Substances Control Law,NITE-CHRIP RJ_01_020,349CO0000000202
7651-02-7,priority_evaluation,優先評価化学物質,Priority Assessment Chemical,化学物質の審査及び製造等の規制に関する法律,Chemical Substances Control Law,NITE-CHRIP RJ_01_020 通し番号: 153,349CO0000000202
7699-43-6,priority_evaluation,優先評価化学物質,Priority Assessment Chemical,化学物質の審査及び製造等の規制に関する法律,Chemical Substances Control Law,NITE-CHRIP RJ_01_020 通し番号: 147,349CO0000000202
77-73-6,priority_evaluation,優先評価化学物質,Priority Assessment Chemical,化学物質の審査及び製造等の規制に関する法律,Chemical Substances Control Law,NITE-CHRIP RJ_01_020 通し番号: 77,349CO0000000202
77-78-1,priority_evaluation,優先評価化学物質,Priority Assessment Chemical,化学物質の審査及び製造等の規制に関する法律,Chemical Substances Control Law,NITE-CHRIP RJ_01_020 通し番号: 122,349CO0000000202
7718-54-9,priority_evaluation,優先評価化学物質,Priority Assessment Chemical,化学物質の審査及び製造等の規制に関する法律,Chemical Substances Control Law,NITE-CHRIP RJ_01_020,349CO0000000202
77261-06-4,priority_evaluation,優先評価化学物質,Priority Assessment Chemical,化学物質の審査及び製造等の規制に関する法律,Chemical Substances Control Law,NITE-CHRIP RJ_01_020,349CO0000000202
7785-20-8,priority_evaluation,優先評価化学物質,Priority Assessment Chemical,化学物質の審査及び製造等の規制に関する法律,Chemical Substances Control Law,NITE-CHRIP RJ_01_020,349CO0000000202
7786-81-4,priority_evaluation,優先評価化学物質,Priority Assessment Chemical,化学物質の審査及び製造等の規制に関する法律,Chemical Substances Control Law,NITE-CHRIP RJ_01_020 通し番号: 148,349CO0000000202
7791-20-0,priority_evaluation,優先評価化学物質,Priority Assessment Chemical,化学物質の審査及び製造等の規制に関する法律,Chemical Substances Control Law,NITE-CHRIP RJ_01_020,349CO0000000202
77973-89-8,priority_evaluation,優先評価化学物質,Priority Assessment Chemical,化学物質の審査及び製造等の規制に関する法律,Chemical Substances Control Law,NITE-CHRIP RJ_01_020,349CO0000000202
78-23-9,priority_evaluation,優先評価化学物質,Priority Assessment Chemical,化学物質の審査及び製造等の規制に関する法律,Chemical Substances Control Law,NITE-CHRIP RJ_01_020,349CO0000000202
78-30-8,priority_evaluation,優先評価化学物質,Priority Assessment Chemical,化学物質の審査及び製造等の規制に関する法律,Chemical Substances Control Law,NITE-CHRIP RJ_01_020,349CO0000000202
78-32-0,priority_evaluation,優先評価化学物質,Priority Assessment Chemical,化学物質の審査及び製造等の規制に関する法律,Chemical Substances Control Law,NITE-CHRIP RJ_01_020,349CO0000000202
78-59-1,priority_evaluation,優先評価化学物質,Priority Assessment Chemical,化学物質の審査及び製造等の規制に関する法律,Chemical Substances Control Law,NITE-CHRIP RJ_01_020,349CO0000000202
78-79-5,priority_evaluation,優先評価化学物質,Priority Assessment Chemical,化学物質の審査及び製造等の規制に関する法律,Chemical Substances Control Law,NITE-CHRIP RJ_01_020 通し番号: 5,349CO0000000202
7803-49-8,priority_evaluation,優先評価化学物質,Priority Assessment Chemical,化学物質の審査及び製造等の規制に関する法律,Chemical Substances Control Law,NITE-CHRIP RJ_01_020 通し番号: 97,349CO0000000202
7803-57-8,priority_evaluation,優先評価化学物質,Priority Assessment Chemical,化学物質の審査及び製造等の規制に関する法律,Chemical Substances Control Law,NITE-CHRIP RJ_01_020,349CO0000000202
78204-56-5,priority_evaluation,優先評価化学物質,Priority Assessment Chemical,化学物質の審査及び製造等の規制に関する法律,Chemical Substances Control Law,NITE-CHRIP RJ_01_020,349CO0000000202
78204-57-6,priority_evaluation,優先評価化学物質,Priority Assessment Chemical,化学物質の審査及び製造等の規制に関する法律,Chemical Substances Control Law,NITE-CHRIP RJ_01_020,349CO0000000202
78330-20-8,priority_evaluation,優先評価化学物質,Priority Assessment Chemical,化学物質の審査及び製造等の規制に関する法律,Chemical Substances Control Law,NITE-CHRIP RJ_01_020,349CO0000000202
78330-21-9,priority_evaluation,優先評価化学物質,Priority Assessment Chemical,化学物質の審査及び製造等の規制に関する法律,Chemical Substances Control Law,NITE-CHRIP RJ_01_020,349CO0000000202
78330-23-1,priority_evaluation,優先評価化学物質,Priority Assessment Chemical,化学物質の審査及び製造等の規制に関する法律,Chemical Substances Control Law,NITE-CHRIP RJ_01_020,349CO0000000202
78330-29-7,priority_evaluation,優先評価化学物質,Priority Assessment Chemical,化学物質の審査及び製造等の規制に関する法律,Chemical Substances Control Law,NITE-CHRIP RJ_01_020,349CO0000000202
78568-66-8,priority_evaluation,優先評価化学物質,Priority Assessment Chemical,化学物質の審査及び製造等の規制に関する法律,Chemical Substances Control Law,NITE-CHRIP RJ_01_020,349CO0000000202
79-06-1,priority_evaluation,優先評価化学物質,Priority Assessment Chemical,化学物質の審査及び製造等の規制に関する法律,Chemical Substances Control Law,NITE-CHRIP RJ_01_020 通し番号: 34,349CO0000000202
79-10-7,priority_evaluation,優先評価化学物質,Priority Assessment Chemical,化学物質の審査及び製造等の規制に関する法律,Chemical Substances Control Law,NITE-CHRIP RJ_01_020 通し番号: 94,349CO0000000202
79-11-8,priority_evaluation,優先評価化学物質,Priority Assessment Chemical,化学物質の審査及び製造等の規制に関する法律,Chemical Substances Control Law,NITE-CHRIP RJ_01_020 通し番号: 119,349CO0000000202
79-21-0,priority_evaluation,優先評価化学物質,Priority Assessment Chemical,化学物質の審査及び製造等の規制に関する法律,Chemical Substances Control Law,NITE-CHRIP RJ_01_020 通し番号: 92,349CO0000000202
79-41-4,priority_evaluation,優先評価化学物質,Priority Assessment Chemical,化学物質の審査及び製造等の規制に関する法律,Chemical Substances Control Law,NITE-CHRIP RJ_01_020 通し番号: 35,349CO0000000202
79-77-6,priority_evaluation,優先評価化学物質,Priority Assessment Chemical,化学物質の審査及び製造等の規制に関する法律,Chemical Substances Control Law,NITE-CHRIP RJ_01_020 通し番号: 133,349CO0000000202
79090-61-2,priority_evaluation,優先評価化学物質,Priority Assessment Chemical,化学物質の審査及び製造等の規制に関する法律,Chemical Substances Control Law,NITE-CHRIP RJ_01_020,349CO0000000202
79092-28-7,priority_evaluation,優先評価化学物質,Priority Assessment Chemical,化学物質の審査及び製造等の規制に関する法律,Chemical Substances Control Law,NITE-CHRIP RJ_01_020,349CO0000000202
79237-71-1,priority_evaluation,優先評価化学物質,Priority Assessment Chemical,化学物質の審査及び製造等の規制に関する法律,Chemical Substances Control Law,NITE-CHRIP RJ_01_020,349CO0000000202
79723-02-7,priority_evaluation,優先評価化学物質,Priority Assessment Chemical,化学物質の審査及び製造等の規制に関する法律,Chemical Substances Control Law,NITE-CHRIP RJ_01_020,349CO0000000202
797757-91-6,priority_evaluation,優先評価化学物質,Priority Assessment Chemical,化学物質の審査及び製造等の規制に関する法律,Chemical Substances Control Law,NITE-CHRIP RJ_01_020,349CO0000000202
79847-79-3,priority_evaluation,優先評価化学物質,Priority Assessment Chemical,化学物質の審査及び製造等の規制に関する法律,Chemical Substances Control Law,NITE-CHRIP RJ_01_020,349CO0000000202
80-05-7,priority_evaluation,優先評価化学物質,Priority Assessment Chemical,化学物質の審査及び製造等の規制に関する法律,Chemical Substances Control Law,NITE-CHRIP RJ_01_020 通し番号: 75,349CO0000000202
80-54-6,priority_evaluation,優先評価化学物質,Priority Assessment Chemical,化学物質の審査及び製造等の規制に関する法律,Chemical Substances Control Law,NITE-CHRIP RJ_01_020 通し番号: 134,349CO0000000202
8001-58-9,priority_evaluation,優先評価化学物質,Priority Assessment Chemical,化学物質の審査及び製造等の規制に関する法律,Chemical Substances Control Law,NITE-CHRIP RJ_01_020,349CO0000000202
8007-45-2,priority_evaluation,優先評価化学物質,Priority Assessment Chemical,化学物質の審査及び製造等の規制に関する法律,Chemical Substances Control Law,NITE-CHRIP RJ_01_020 通し番号: 162,349CO0000000202
8013-51-2,priority_evaluation,優先評価化学物質,Priority Assessment Chemical,化学物質の審査及び製造等の規制に関する法律,Chemical Substances Control Law,NITE-CHRIP RJ_01_020,349CO0000000202
8013-90-9,priority_evaluation,優先評価化学物質,Priority Assessment Chemical,化学物質の審査及び製造等の規制に関する法律,Chemical Substances Control Law,NITE-CHRIP RJ_01_020,349CO0000000202
80206-82-2,priority_evaluation,優先評価化学物質,Priority Assessment Chemical,化学物質の審査及び製造等の規制に関する法律,Chemical Substances Control Law,NITE-CHRIP RJ_01_020,349CO0000000202
80234-51-1,priority_evaluation,優先評価化学物質,Priority Assessment Chemical,化学物質の審査及び製造等の規制に関する法律,Chemical Substances Control Law,NITE-CHRIP RJ_01_020,349CO0000000202
8045-34-9,priority_evaluation,優先評価化学物質,Priority Assessment Chemical,化学物質の審査及び製造等の規制に関する法律,Chemical Substances Control Law,NITE-CHRIP RJ_01_020,349CO0000000202
8051-30-7,priority_evaluation,優先評価化学物質,Priority Assessment Chemical,化学物質の審査及び製造等の規制に関する法律,Chemical Substances Control Law,NITE-CHRIP RJ_01_020,349CO0000000202
8052-48-0,priority_evaluation,優先評価化学物質,Priority Assessment Chemical,化学物質の審査及び製造等の規制に関する法律,Chemical Substances Control Law,NITE-CHRIP RJ_01_020,349CO0000000202
80526-82-5,priority_evaluation,優先評価化学物質,Priority Assessment Chemical,化学物質の審査及び製造等の規制に関する法律,Chemical Substances Control Law,NITE-CHRIP RJ_01_020,349CO0000000202
80698-14-2,priority_evaluation,優先評価化学物質,Priority Assessment Chemical,化学物質の審査及び製造等の規制に関する法律,Chemical Substances Control Law,NITE-CHRIP RJ_01_020,349CO0000000202
80867-10-3,priority_evaluation,優先評価化学物質,Priority Assessment Chemical,化学物質の審査及び製造等の規制に関する法律,Chemical Substances Control Law,NITE-CHRIP RJ_01_020,349CO0000000202
811-92-7,priority_evaluation,優先評価化学物質,Priority Assessment Chemical,化学物質の審査及び製造等の規制に関する法律,Chemical Substances Control Law,NITE-CHRIP RJ_01_020,349CO0000000202
811461-85-5,priority_evaluation,優先評価化学物質,Priority Assessment Chemical,化学物質の審査及び製造等の規制に関する法律,Chemical Substances Control Law,NITE-CHRIP RJ_01_020,349CO0000000202
81628-41-3,priority_evaluation,優先評価化学物質,Priority Assessment Chemical,化学物質の審査及び製造等の規制に関する法律,Chemical Substances Control Law,NITE-CHRIP RJ_01_020,349CO0000000202
81749-28-2,priority_evaluation,優先評価化学物質,Priority Assessment Chemical,化学物質の審査及び製造等の規制に関する法律,Chemical Substances Control Law,NITE-CHRIP RJ_01_020,349CO0000000202
81749-29-3,priority_evaluation,優先評価化学物質,Priority Assessment Chemical,化学物質の審査及び製造等の規制に関する法律,Chemical Substances Control Law,NITE-CHRIP RJ_01_020,349CO0000000202
82147-24-8,priority_evaluation,優先評価化学物質,Priority Assessment Chemical,化学物質の審査及び製造等の規制に関する法律,Chemical Substances Control Law,NITE-CHRIP RJ_01_020,349CO0000000202
822-06-0,priority_evaluation,優先評価化学物質,Priority Assessment Chemical,化学物質の審査及び製造等の規制に関する法律,Chemical Substances Control Law,NITE-CHRIP RJ_01_020 通し番号: 43,349CO0000000202
822-12-8,priority_evaluation,優先評価化学物質,Priority Assessment Chemical,化学物質の審査及び製造等の規制に関する法律,Chemical Substances Control Law,NITE-CHRIP RJ_01_020,349CO0000000202
822-16-2,priority_evaluation,優先評価化学物質,Priority Assessment Chemical,化学物質の審査及び製造等の規制に関する法律,Chemical Substances Control Law,NITE-CHRIP RJ_01_020,349CO0000000202
822-17-3,priority_evaluation,優先評価化学物質,Priority Assessment Chemical,化学物質の審査及び製造等の規制に関する法律,Chemical Substances Control Law,NITE-CHRIP RJ_01_020,349CO0000000202
82494-08-4,priority_evaluation,優先評価化学物質,Priority Assessment Chemical,化学物質の審査及び製造等の規制に関する法律,Chemical Substances Control Law,NITE-CHRIP RJ_01_020,349CO0000000202
82494-09-5,priority_evaluation,優先評価化学物質,Priority Assessment Chemical,化学物質の審査及び製造等の規制に関する法律,Chemical Substances Control Law,NITE-CHRIP RJ_01_020,349CO0000000202
82703-31-9,priority_evaluation,優先評価化学物質,Priority Assessment Chemical,化学物質の審査及び製造等の規制に関する法律,Chemical Substances Control Law,NITE-CHRIP RJ_01_020,349CO0000000202
82749-56-2,priority_evaluation,優先評価化学物質,Priority Assessment Chemical,化学物質の審査及び製造等の規制に関する法律,Chemical Substances Control Law,NITE-CHRIP RJ_01_020,349CO0000000202
82749-57-3,priority_evaluation,優先評価化学物質,Priority Assessment Chemical,化学物質の審査及び製造等の規制に関する法律,Chemical Substances Control Law,NITE-CHRIP RJ_01_020,349CO0000000202
82801-62-5,priority_evaluation,優先評価化学物質,Priority Assessment Chemical,化学物質の審査及び製造等の規制に関する法律,Chemical Substances Control Law,NITE-CHRIP RJ_01_020,349CO0000000202
83155-77-5,priority_evaluation,優先評価化学物質,Priority Assessment Chemical,化学物質の審査及び製造等の規制に関する法律,Chemical Substances Control Law,NITE-CHRIP RJ_01_020,349CO0000000202
83212-61-7,priority_evaluation,優先評価化学物質,Priority Assessment Chemical,化学物質の審査及び製造等の規制に関する法律,Chemical Substances Control Law,NITE-CHRIP RJ_01_020,349CO0000000202
83474-29-7,priority_evaluation,優先評価化学物質,Priority Assessment Chemical,化学物質の審査及び製造等の規制に関する法律,Chemical Substances Control Law,NITE-CHRIP RJ_01_020,349CO0000000202
83607-13-0,priority_evaluation,優先評価化学物質,Priority Assessment Chemical,化学物質の審査及び製造等の規制に関する法律,Chemical Substances Control Law,NITE-CHRIP RJ_01_020,349CO0000000202
84-66-2,priority_evaluation,優先評価化学物質,Priority Assessment Chemical,化学物質の審査及び製造等の規制に関する法律,Chemical Substances Control Law,NITE-CHRIP RJ_01_020 通し番号: 253,349CO0000000202
84133-50-6,priority_evaluation,優先評価化学物質,Priority Assessment Chemical,化学物質の審査及び製造等の規制に関する法律,Chemical Substances Control Law,NITE-CHRIP RJ_01_020,349CO0000000202
84145-60-8,priority_evaluation,優先評価化学物質,Priority Assessment Chemical,化学物質の審査及び製造等の規制に関する法律,Chemical Substances Control Law,NITE-CHRIP RJ_01_020,349CO0000000202
84176-56-7,priority_evaluation,優先評価化学物質,Priority Assessment Chemical,化学物質の審査及び製造等の規制に関する法律,Chemical Substances Control Law,NITE-CHRIP RJ_01_020,349CO0000000202
84176-63-6,priority_evaluation,優先評価化学物質,Priority Assessment Chemical,化学物質の審査及び製造等の規制に関する法律,Chemical Substances Control Law,NITE-CHRIP RJ_01_020,349CO0000000202
84539-95-7,priority_evaluation,優先評価化学物質,Priority Assessment Chemical,化学物質の審査及び製造等の規制に関する法律,Chemical Substances Control Law,NITE-CHRIP RJ_01_020,349CO0000000202
84540-07-8,priority_evaluation,優先評価化学物質,Priority Assessment Chemical,化学物質の審査及び製造等の規制に関する法律,Chemical Substances Control Law,NITE-CHRIP RJ_01_020,349CO0000000202
84561-31-9,priority_evaluation,優先評価化学物質,Priority Assessment Chemical,化学物質の審査及び製造等の規制に関する法律,Chemical Substances Control Law,NITE-CHRIP RJ_01_020 通し番号: 143,349CO0000000202
84561-32-0,priority_evaluation,優先評価化学物質,Priority Assessment Chemical,化学物質の審査及び製造等の規制に関する法律,Chemical Substances Control Law,NITE-CHRIP RJ_01_020 通し番号: 143,349CO0000000202
84561-34-2,priority_evaluation,優先評価化学物質,Priority Assessment Chemical,化学物質の審査及び製造等の規制に関する法律,Chemical Substances Control Law,NITE-CHRIP RJ_01_020 通し番号: 143,349CO0000000202
84567-94-2,priority_evaluation,優先評価化学物質,Priority Assessment Chemical,化学物質の審査及び製造等の規制に関する法律,Chemical Substances Control Law,NITE-CHRIP RJ_01_020,349CO0000000202
84681-74-3,priority_evaluation,優先評価化学物質,Priority Assessment Chemical,化学物質の審査及び製造等の規制に関する法律,Chemical Substances Control Law,NITE-CHRIP RJ_01_020,349CO0000000202
84852-83-5,priority_evaluation,優先評価化学物質,Priority Assessment Chemical,化学物質の審査及び製造等の規制に関する法律,Chemical Substances Control Law,NITE-CHRIP RJ_01_020,349CO0000000202
84989-04-8,priority_evaluation,優先評価化学物質,Priority Assessment Chemical,化学物質の審査及び製造等の規制に関する法律,Chemical Substances Control Law,NITE-CHRIP RJ_01_020,349CO0000000202
85030-01-9,priority_evaluation,優先評価化学物質,Priority Assessment Chemical,化学物質の審査及び製造等の規制に関する法律,Chemical Substances Control Law,NITE-CHRIP RJ_01_020,349CO0000000202
85030-07-5,priority_evaluation,優先評価化学物質,Priority Assessment Chemical,化学物質の審査及び製造等の規制に関する法律,Chemical Substances Control Law,NITE-CHRIP RJ_01_020,349CO0000000202
85030-08-6,priority_evaluation,優先評価化学物質,Priority Assessment Chemical,化学物質の審査及び製造等の規制に関する法律,Chemical Substances Control Law,NITE-CHRIP RJ_01_020,349CO0000000202
85049-26-9,priority_evaluation,優先評価化学物質,Priority Assessment Chemical,化学物質の審査及び製造等の規制に関する法律,Chemical Substances Control Law,NITE-CHRIP RJ_01_020,349CO0000000202
85049-97-4,priority_evaluation,優先評価化学物質,Priority Assessment Chemical,化学物質の審査及び製造等の規制に関する法律,Chemical Substances Control Law,NITE-CHRIP RJ_01_020,349CO0000000202
85050-14-2,priority_evaluation,優先評価化学物質,Priority Assessment Chemical,化学物質の審査及び製造等の規制に関する法律,Chemical Substances Control Law,NITE-CHRIP RJ_01_020,349CO0000000202
85085-84-3,priority_evaluation,優先評価化学物質,Priority Assessment Chemical,化学物質の審査及び製造等の規制に関する法律,Chemical Substances Control Law,NITE-CHRIP RJ_01_020,349CO0000000202
85116-82-1,priority_evaluation,優先評価化学物質,Priority Assessment Chemical,化学物質の審査及び製造等の規制に関する法律,Chemical Substances Control Law,NITE-CHRIP RJ_01_020,349CO0000000202
85116-93-4,priority_evaluation,優先評価化学物質,Priority Assessment Chemical,化学物質の審査及び製造等の規制に関する法律,Chemical Substances Control Law,NITE-CHRIP RJ_01_020,349CO0000000202
85117-50-6,priority_evaluation,優先評価化学物質,Priority Assessment Chemical,化学物質の審査及び製造等の規制に関する法律,Chemical Substances Control Law,NITE-CHRIP RJ_01_020,349CO0000000202
85186-89-6,priority_evaluation,優先評価化学物質,Priority Assessment Chemical,化学物質の審査及び製造等の規制に関する法律,Chemical Substances Control Law,NITE-CHRIP RJ_01_020,349CO0000000202
85187-34-4,priority_evaluation,優先評価化学物質,Priority Assessment Chemical,化学物質の審査及び製造等の規制に関する法律,Chemical Substances Control Law,NITE-CHRIP RJ_01_020,349CO0000000202
85252-21-7,priority_evaluation,優先評価化学物質,Priority Assessment Chemical,化学物質の審査及び製造等の規制に関する法律,Chemical Substances Control Law,NITE-CHRIP RJ_01_020,349CO0000000202
85408-48-6,priority_evaluation,優先評価化学物質,Priority Assessment Chemical,化学物質の審査及び製造等の規制に関する法律,Chemical Substances Control Law,NITE-CHRIP RJ_01_020,349CO0000000202
85408-49-7,priority_evaluation,優先評価化学物質,Priority Assessment Chemical,化学物質の審査及び製造等の規制に関する法律,Chemical Substances Control Law,NITE-CHRIP RJ_01_020,349CO0000000202
85408-69-1,priority_evaluation,優先評価化学物質,Priority Assessment Chemical,化学物質の審査及び製造等の規制に関する法律,Chemical Substances Control Law,NITE-CHRIP RJ_01_020,349CO0000000202
85409-22-9,priority_evaluation,優先評価化学物質,Priority Assessment Chemical,化学物質の審査及び製造等の規制に関する法律,Chemical Substances Control Law,NITE-CHRIP RJ_01_020,349CO0000000202
85409-85-4,priority_evaluation,優先評価化学物質,Priority Assessment Chemical,化学物質の審査及び製造等の規制に関する法律,Chemical Substances Control Law,NITE-CHRIP RJ_01_020,349CO0000000202
85409-86-5,priority_evaluation,優先評価化学物質,Priority Assessment Chemical,化学物質の審査及び製造等の規制に関する法律,Chemical Substances Control Law,NITE-CHRIP RJ_01_020,349CO0000000202
85535-85-9,priority_evaluation,優先評価化学物質,Priority Assessment Chemical,化学物質の審査及び製造等の規制に関する法律,Chemical Substances Control Law,NITE-CHRIP RJ_01_020,349CO0000000202
85566-29-6,priority_evaluation,優先評価化学物質,Priority Assessment Chemical,化学物質の審査及び製造等の規制に関する法律,Chemical Substances Control Law,NITE-CHRIP RJ_01_020,349CO0000000202
85617-05-6,priority_evaluation,優先評価化学物質,Priority Assessment Chemical,化学物質の審査及び製造等の規制に関する法律,Chemical Substances Control Law,NITE-CHRIP RJ_01_020,349CO0000000202
85681-68-1,priority_evaluation,優先評価化学物質,Priority Assessment Chemical,化学物質の審査及び製造等の規制に関する法律,Chemical Substances Control Law,NITE-CHRIP RJ_01_020,349CO0000000202
85711-45-1,priority_evaluation,優先評価化学物質,Priority Assessment Chemical,化学物質の審査及び製造等の規制に関する法律,Chemical Substances Control Law,NITE-CHRIP RJ_01_020,349CO0000000202
85711-69-9,priority_evaluation,優先評価化学物質,Priority Assessment Chemical,化学物質の審査及び製造等の規制に関する法律,Chemical Substances Control Law,NITE-CHRIP RJ_01_020,349CO0000000202
85711-70-2,priority_evaluation,優先評価化学物質,Priority Assessment Chemical,化学物質の審査及び製造等の規制に関する法律,Chemical Substances Control Law,NITE-CHRIP RJ_01_020,349CO0000000202
85715-60-2,priority_evaluation,優先評価化学物質,Priority Assessment Chemical,化学物質の審査及び製造等の規制に関する法律,Chemical Substances Control Law,NITE-CHRIP RJ_01_020,349CO0000000202
85851-67-8,priority_evaluation,優先評価化学物質,Priority Assessment Chemical,化学物質の審査及び製造等の規制に関する法律,Chemical Substances Control Law,NITE-CHRIP RJ_01_020,349CO0000000202
85851-68-9,priority_evaluation,優先評価化学物質,Priority Assessment Chemical,化学物質の審査及び製造等の規制に関する法律,Chemical Substances Control Law,NITE-CHRIP RJ_01_020,349CO0000000202
85851-69-0,priority_evaluation,優先評価化学物質,Priority Assessment Chemical,化学物質の審査及び製造等の規制に関する法律,Chemical Substances Control Law,NITE-CHRIP RJ_01_020,349CO0000000202
85851-73-6,priority_evaluation,優先評価化学物質,Priority Assessment Chemical,化学物質の審査及び製造等の規制に関する法律,Chemical Substances Control Law,NITE-CHRIP RJ_01_020,349CO0000000202
85851-74-7,priority_evaluation,優先評価化学物質,Priority Assessment Chemical,化学物質の審査及び製造等の規制に関する法律,Chemical Substances Control Law,NITE-CHRIP RJ_01_020,349CO0000000202
85851-75-8,priority_evaluation,優先評価化学物質,Priority Assessment Chemical,化学物質の審査及び製造等の規制に関する法律,Chemical Substances Control Law,NITE-CHRIP RJ_01_020,349CO0000000202
85883-76-7,priority_evaluation,優先評価化学物質,Priority Assessment Chemical,化学物質の審査及び製造等の規制に関する法律,Chemical Substances Control Law,NITE-CHRIP RJ_01_020,349CO0000000202
85909-50-8,priority_evaluation,優先評価化学物質,Priority Assessment Chemical,化学物質の審査及び製造等の規制に関する法律,Chemical Substances Control Law,NITE-CHRIP RJ_01_020,349CO0000000202
85909-51-9,priority_evaluation,優先評価化学物質,Priority Assessment Chemical,化学物質の審査及び製造等の規制に関する法律,Chemical Substances Control Law,NITE-CHRIP RJ_01_020,349CO0000000202
85995-94-4,priority_evaluation,優先評価化学物質,Priority Assessment Chemical,化学物質の審査及び製造等の規制に関する法律,Chemical Substances Control Law,NITE-CHRIP RJ_01_020,349CO0000000202
86014-79-1,priority_evaluation,優先評価化学物質,Priority Assessment Chemical,化学物質の審査及び製造等の規制に関する法律,Chemical Substances Control Law,NITE-CHRIP RJ_01_020,349CO0000000202
863782-48-3,priority_evaluation,優先評価化学物質,Priority Assessment Chemical,化学物質の審査及び製造等の規制に関する法律,Chemical Substances Control Law,NITE-CHRIP RJ_01_020,349CO0000000202
86470-30-6,priority_evaluation,優先評価化学物質,Priority Assessment Chemical,化学物質の審査及び製造等の規制に関する法律,Chemical Substances Control Law,NITE-CHRIP RJ_01_020,349CO0000000202
86589-25-5,priority_evaluation,優先評価化学物質,Priority Assessment Chemical,化学物質の審査及び製造等の規制に関する法律,Chemical Substances Control Law,NITE-CHRIP RJ_01_020,349CO0000000202
86606-51-1,priority_evaluation,優先評価化学物質,Priority Assessment Chemical,化学物質の審査及び製造等の規制に関する法律,Chemical Substances Control Law,NITE-CHRIP RJ_01_020,349CO0000000202
86693-68-7,priority_evaluation,優先評価化学物質,Priority Assessment Chemical,化学物質の審査及び製造等の規制に関する法律,Chemical Substances Control Law,NITE-CHRIP RJ_01_020,349CO0000000202
86753-78-8,priority_evaluation,優先評価化学物質,Priority Assessment Chemical,化学物質の審査及び製造等の規制に関する法律,Chemical Substances Control Law,NITE-CHRIP RJ_01_020,349CO0000000202
86996-86-3,priority_evaluation,優先評価化学物質,Priority Assessment Chemical,化学物質の審査及び製造等の規制に関する法律,Chemical Substances Control Law,NITE-CHRIP RJ_01_020,349CO0000000202
87-90-1,priority_evaluation,優先評価化学物質,Priority Assessment Chemical,化学物質の審査及び製造等の規制に関する法律,Chemical Substances Control Law,NITE-CHRIP RJ_01_020,349CO0000000202
87118-42-1,priority_evaluation,優先評価化学物質,Priority Assessment Chemical,化学物質の審査及び製造等の規制に関する法律,Chemical Substances Control Law,NITE-CHRIP RJ_01_020,349CO0000000202
87118-95-4,priority_evaluation,優先評価化学物質,Priority Assessment Chemical,化学物質の審査及び製造等の規制に関する法律,Chemical Substances Control Law,NITE-CHRIP RJ_01_020,349CO0000000202
87189-78-4,priority_evaluation,優先評価化学物質,Priority Assessment Chemical,化学物質の審査及び製造等の規制に関する法律,Chemical Substances Control Law,NITE-CHRIP RJ_01_020,349CO0000000202
872-50-4,priority_evaluation,優先評価化学物質,Priority Assessment Chemical,化学物質の審査及び製造等の規制に関する法律,Chemical Substances Control Law,NITE-CHRIP RJ_01_020 通し番号: 136,349CO0000000202
87383-16-2,priority_evaluation,優先評価化学物質,Priority Assessment Chemical,化学物質の審査及び製造等の規制に関する法律,Chemical Substances Control Law,NITE-CHRIP RJ_01_020,349CO0000000202
87383-17-3,priority_evaluation,優先評価化学物質,Priority Assessment Chemical,化学物質の審査及び製造等の規制に関する法律,Chemical Substances Control Law,NITE-CHRIP RJ_01_020,349CO0000000202
87383-18-4,priority_evaluation,優先評価化学物質,Priority Assessment Chemical,化学物質の審査及び製造等の規制に関する法律,Chemical Substances Control Law,NITE-CHRIP RJ_01_020,349CO0000000202
87977-58-0,priority_evaluation,優先評価化学物質,Priority Assessment Chemical,化学物質の審査及び製造等の規制に関する法律,Chemical Substances Control Law,NITE-CHRIP RJ_01_020,349CO0000000202
88-41-5,priority_evaluation,優先評価化学物質,Priority Assessment Chemical,化学物質の審査及び製造等の規制に関する法律,Chemical Substances Control Law,NITE-CHRIP RJ_01_020 通し番号: 232,349CO0000000202
88331-26-4,priority_evaluation,優先評価化学物質,Priority Assessment Chemical,化学物質の審査及び製造等の規制に関する法律,Chemical Substances Control Law,NITE-CHRIP RJ_01_020,349CO0000000202
88380-00-1,priority_evaluation,優先評価化学物質,Priority Assessment Chemical,化学物質の審査及び製造等の規制に関する法律,Chemical Substances Control Law,NITE-CHRIP RJ_01_020 通し番号: 247,349CO0000000202
88394-55-2,priority_evaluation,優先評価化学物質,Priority Assessment Chemical,化学物質の審査及び製造等の規制に関する法律,Chemical Substances Control Law,NITE-CHRIP RJ_01_020,349CO0000000202
886535-50-8,priority_evaluation,優先評価化学物質,Priority Assessment Chemical,化学物質の審査及び製造等の規制に関する法律,Chemical Substances Control Law,NITE-CHRIP RJ_01_020,349CO0000000202
88762-01-0,priority_evaluation,優先評価化学物質,Priority Assessment Chemical,化学物質の審査及び製造等の規制に関する法律,Chemical Substances Control Law,NITE-CHRIP RJ_01_020,349CO0000000202
88776-42-5,priority_evaluation,優先評価化学物質,Priority Assessment Chemical,化学物質の審査及び製造等の規制に関する法律,Chemical Substances Control Law,NITE-CHRIP RJ_01_020,349CO0000000202
89353-55-9,priority_evaluation,優先評価化学物質,Priority Assessment Chemical,化学物質の審査及び製造等の規制に関する法律,Chemical Substances Control Law,NITE-CHRIP RJ_01_020,349CO0000000202
894406-76-9,priority_evaluation,優先評価化学物質,Priority Assessment Chemical,化学物質の審査及び製造等の規制に関する法律,Chemical Substances Control Law,NITE-CHRIP RJ_01_020,349CO0000000202
89482-34-8,priority_evaluation,優先評価化学物質,Priority Assessment Chemical,化学物質の審査及び製造等の規制に関する法律,Chemical Substances Control Law,NITE-CHRIP RJ_01_020,349CO0000000202
89819-86-3,priority_evaluation,優先評価化学物質,Priority Assessment Chemical,化学物質の審査及び製造等の規制に関する法律,Chemical Substances Control Law,NITE-CHRIP RJ_01_020,349CO0000000202
90-17-5,priority_evaluation,優先評価化学物質,Priority Assessment Chemical,化学物質の審査及び製造等の規制に関する法律,Chemical Substances Control Law,NITE-CHRIP RJ_01_020 通し番号: 245,349CO0000000202
9002-92-0,priority_evaluation,優先評価化学物質,Priority Assessment Chemical,化学物質の審査及び製造等の規制に関する法律,Chemical Substances Control Law,NITE-CHRIP RJ_01_020,349CO0000000202
9003-01-4,priority_evaluation,優先評価化学物質,Priority Assessment Chemical,化学物質の審査及び製造等の規制に関する法律,Chemical Substances Control Law,NITE-CHRIP RJ_01_020 通し番号: 234,349CO0000000202
9003-03-6,priority_evaluation,優先評価化学物質,Priority Assessment Chemical,化学物質の審査及び製造等の規制に関する法律,Chemical Substances Control Law,NITE-CHRIP RJ_01_020,349CO0000000202
9003-04-7,priority_evaluation,優先評価化学物質,Priority Assessment Chemical,化学物質の審査及び製造等の規制に関する法律,Chemical Substances Control Law,NITE-CHRIP RJ_01_020 通し番号: 161,349CO0000000202
9003-93-4,priority_evaluation,優先評価化学物質,Priority Assessment Chemical,化学物質の審査及び製造等の規制に関する法律,Chemical Substances Control Law,NITE-CHRIP RJ_01_020,349CO0000000202
9004-82-4,priority_evaluation,優先評価化学物質,Priority Assessment Chemical,化学物質の審査及び製造等の規制に関する法律,Chemical Substances Control Law,NITE-CHRIP RJ_01_020,349CO0000000202
9004-95-9,priority_evaluation,優先評価化学物質,Priority Assessment Chemical,化学物質の審査及び製造等の規制に関する法律,Chemical Substances Control Law,NITE-CHRIP RJ_01_020,349CO0000000202
9004-96-0,priority_evaluation,優先評価化学物質,Priority Assessment Chemical,化学物質の審査及び製造等の規制に関する法律,Chemical Substances Control Law,NITE-CHRIP RJ_01_020,349CO0000000202
9004-98-2,priority_evaluation,優先評価化学物質,Priority Assessment Chemical,化学物質の審査及び製造等の規制に関する法律,Chemical Substances Control Law,NITE-CHRIP RJ_01_020,349CO0000000202
9005-00-9,priority_evaluation,優先評価化学物質,Priority Assessment Chemical,化学物質の審査及び製造等の規制に関する法律,Chemical Substances Control Law,NITE-CHRIP RJ_01_020,349CO0000000202
9005-64-5,priority_evaluation,優先評価化学物質,Priority Assessment Chemical,化学物質の審査及び製造等の規制に関する法律,Chemical Substances Control Law,NITE-CHRIP RJ_01_020,349CO0000000202
9006-27-3,priority_evaluation,優先評価化学物質,Priority Assessment Chemical,化学物質の審査及び製造等の規制に関する法律,Chemical Substances Control Law,NITE-CHRIP RJ_01_020,349CO0000000202
9014-91-9,priority_evaluation,優先評価化学物質,Priority Assessment Chemical,化学物質の審査及び製造等の規制に関する法律,Chemical Substances Control Law,NITE-CHRIP RJ_01_020,349CO0000000202
9016-87-9,priority_evaluation,優先評価化学物質,Priority Assessment Chemical,化学物質の審査及び製造等の規制に関する法律,Chemical Substances Control Law,NITE-CHRIP RJ_01_020 通し番号: 225,349CO0000000202
90194-45-9,priority_evaluation,優先評価化学物質,Priority Assessment Chemical,化学物質の審査及び製造等の規制に関する法律,Chemical Substances Control Law,NITE-CHRIP RJ_01_020,349CO0000000202
9033-74-3,priority_evaluation,優先評価化学物質,Priority Assessment Chemical,化学物質の審査及び製造等の規制に関する法律,Chemical Substances Control Law,NITE-CHRIP RJ_01_020,349CO0000000202
9033-76-5,priority_evaluation,優先評価化学物質,Priority Assessment Chemical,化学物質の審査及び製造等の規制に関する法律,Chemical Substances Control Law,NITE-CHRIP RJ_01_020,349CO0000000202
9033-79-8,priority_evaluation,優先評価化学物質,Priority Assessment Chemical,化学物質の審査及び製造等の規制に関する法律,Chemical Substances Control Law,NITE-CHRIP RJ_01_020 通し番号: 161,349CO0000000202
90367-28-5,priority_evaluation,優先評価化学物質,Priority Assessment Chemical,化学物質の審査及び製造等の規制に関する法律,Chemical Substances Control Law,NITE-CHRIP RJ_01_020,349CO0000000202
9038-29-3,priority_evaluation,優先評価化学物質,Priority Assessment Chemical,化学物質の審査及び製造等の規制に関する法律,Chemical Substances Control Law,NITE-CHRIP RJ_01_020,349CO0000000202
9038-43-1,priority_evaluation,優先評価化学物質,Priority Assessment Chemical,化学物質の審査及び製造等の規制に関する法律,Chemical Substances Control Law,NITE-CHRIP RJ_01_020,349CO0000000202
9040-05-5,priority_evaluation,優先評価化学物質,Priority Assessment Chemical,化学物質の審査及び製造等の規制に関する法律,Chemical Substances Control Law,NITE-CHRIP RJ_01_020,349CO0000000202
9043-30-5,priority_evaluation,優先評価化学物質,Priority Assessment Chemical,化学物質の審査及び製造等の規制に関する法律,Chemical Substances Control Law,NITE-CHRIP RJ_01_020,349CO0000000202
90583-12-3,priority_evaluation,優先評価化学物質,Priority Assessment Chemical,化学物質の審査及び製造等の規制に関する法律,Chemical Substances Control Law,NITE-CHRIP RJ_01_020,349CO0000000202
90583-13-4,priority_evaluation,優先評価化学物質,Priority Assessment Chemical,化学物質の審査及び製造等の規制に関する法律,Chemical Substances Control Law,NITE-CHRIP RJ_01_020,349CO0000000202
90583-25-8,priority_evaluation,優先評価化学物質,Priority Assessment Chemical,化学物質の審査及び製造等の規制に関する法律,Chemical Substances Control Law,NITE-CHRIP RJ_01_020,349CO0000000202
90583-28-1,priority_evaluation,優先評価化学物質,Priority Assessment Chemical,化学物質の審査及び製造等の規制に関する法律,Chemical Substances Control Law,NITE-CHRIP RJ_01_020,349CO0000000202
9062-73-1,priority_evaluation,優先評価化学物質,Priority Assessment Chemical,化学物質の審査及び製造等の規制に関する法律,Chemical Substances Control Law,NITE-CHRIP RJ_01_020,349CO0000000202
90622-52-9,priority_evaluation,優先評価化学物質,Priority Assessment Chemical,化学物質の審査及び製造等の規制に関する法律,Chemical Substances Control Law,NITE-CHRIP RJ_01_020,349CO0000000202
90622-53-0,priority_evaluation,優先評価化学物質,Priority Assessment Chemical,化学物質の審査及び製造等の規制に関する法律,Chemical Substances Control Law,NITE-CHRIP RJ_01_020,349CO0000000202
90622-57-4,priority_evaluation,優先評価化学物質,Priority Assessment Chemical,化学物質の審査及び製造等の規制に関する法律,Chemical Substances Control Law,NITE-CHRIP RJ_01_020,349CO0000000202
90622-58-5,priority_evaluation,優先評価化学物質,Priority Assessment Chemical,化学物質の審査及び製造等の規制に関する法律,Chemical Substances Control Law,NITE-CHRIP RJ_01_020,349CO0000000202
90640-84-9,priority_evaluation,優先評価化学物質,Priority Assessment Chemical,化学物質の審査及び製造等の規制に関する法律,Chemical Substances Control Law,NITE-CHRIP RJ_01_020,349CO0000000202
90835-25-9,priority_evaluation,優先評価化学物質,Priority Assessment Chemical,化学物質の審査及び製造等の規制に関する法律,Chemical Substances Control Law,NITE-CHRIP RJ_01_020,349CO0000000202
9087-53-0,priority_evaluation,優先評価化学物質,Priority Assessment Chemical,化学物質の審査及び製造等の規制に関する法律,Chemical Substances Control Law,NITE-CHRIP RJ_01_020,349CO0000000202
91-20-3,priority_evaluation,優先評価化学物質,Priority Assessment Chemical,化学物質の審査及び製造等の規制に関する法律,Chemical Substances Control Law,NITE-CHRIP RJ_01_020 通し番号: 76,349CO0000000202
91001-66-0,priority_evaluation,優先評価化学物質,Priority Assessment Chemical,化学物質の審査及び製造等の規制に関する法律,Chemical Substances Control Law,NITE-CHRIP RJ_01_020,349CO0000000202
91032-02-9,priority_evaluation,優先評価化学物質,Priority Assessment Chemical,化学物質の審査及び製造等の規制に関する法律,Chemical Substances Control Law,NITE-CHRIP RJ_01_020,349CO0000000202
91032-03-0,priority_evaluation,優先評価化学物質,Priority Assessment Chemical,化学物質の審査及び製造等の規制に関する法律,Chemical Substances Control Law,NITE-CHRIP RJ_01_020,349CO0000000202
91032-12-1,priority_evaluation,優先評価化学物質,Priority Assessment Chemical,化学物質の審査及び製造等の規制に関する法律,Chemical Substances Control Law,NITE-CHRIP RJ_01_020,349CO0000000202
91032-13-2,priority_evaluation,優先評価化学物質,Priority Assessment Chemical,化学物質の審査及び製造等の規制に関する法律,Chemical Substances Control Law,NITE-CHRIP RJ_01_020,349CO0000000202
91050-88-3,priority_evaluation,優先評価化学物質,Priority Assessment Chemical,化学物質の審査及び製造等の規制に関する法律,Chemical Substances Control Law,NITE-CHRIP RJ_01_020,349CO0000000202
91376-43-1,priority_evaluation,優先評価化学物質,Priority Assessment Chemical,化学物質の審査及び製造等の規制に関する法律,Chemical Substances Control Law,NITE-CHRIP RJ_01_020,349CO0000000202
91482-38-1,priority_evaluation,優先評価化学物質,Priority Assessment Chemical,化学物質の審査及び製造等の規制に関する法律,Chemical Substances Control Law,NITE-CHRIP RJ_01_020,349CO0000000202
91648-56-5,priority_evaluation,優先評価化学物質,Priority Assessment Chemical,化学物質の審査及び製造等の規制に関する法律,Chemical Substances Control Law,NITE-CHRIP RJ_01_020,349CO0000000202
91681-57-1,priority_evaluation,優先評価化学物質,Priority Assessment Chemical,化学物質の審査及び製造等の規制に関する法律,Chemical Substances Control Law,NITE-CHRIP RJ_01_020,349CO0000000202
916816-24-5,priority_evaluation,優先評価化学物質,Priority Assessment Chemical,化学物質の審査及び製造等の規制に関する法律,Chemical Substances Control Law,NITE-CHRIP RJ_01_020,349CO0000000202
91731-99-6,priority_evaluation,優先評価化学物質,Priority Assessment Chemical,化学物質の審査及び製造等の規制に関する法律,Chemical Substances Control Law,NITE-CHRIP RJ_01_020,349CO0000000202
91783-04-9,priority_evaluation,優先評価化学物質,Priority Assessment Chemical,化学物質の審査及び製造等の規制に関する法律,Chemical Substances Control Law,NITE-CHRIP RJ_01_020,349CO0000000202
91993-34-9,priority_evaluation,優先評価化学物質,Priority Assessment Chemical,化学物質の審査及び製造等の規制に関する法律,Chemical Substances Control Law,NITE-CHRIP RJ_01_020,349CO0000000202
91995-81-2,priority_evaluation,優先評価化学物質,Priority Assessment Chemical,化学物質の審査及び製造等の規制に関する法律,Chemical Substances Control Law,NITE-CHRIP RJ_01_020,349CO0000000202
92202-33-0,priority_evaluation,優先評価化学物質,Priority Assessment Chemical,化学物質の審査及び製造等の規制に関する法律,Chemical Substances Control Law,NITE-CHRIP RJ_01_020,349CO0000000202
92202-34-1,priority_evaluation,優先評価化学物質,Priority Assessment Chemical,化学物質の審査及び製造等の規制に関する法律,Chemical Substances Control Law,NITE-CHRIP RJ_01_020,349CO0000000202
92202-35-2,priority_evaluation,優先評価化学物質,Priority Assessment Chemical,化学物質の審査及び製造等の規制に関する法律,Chemical Substances Control Law,NITE-CHRIP RJ_01_020,349CO0000000202
927-45-7,priority_evaluation,優先評価化学物質,Priority Assessment Chemical,化学物質の審査及び製造等の規制に関する法律,Chemical Substances Control Law,NITE-CHRIP RJ_01_020,349CO0000000202
928771-01-1,priority_evaluation,優先評価化学物質,Priority Assessment Chemical,化学物質の審査及び製造等の規制に関する法律,Chemical Substances Control Law,NITE-CHRIP RJ_01_020,349CO0000000202
929-73-7,priority_evaluation,優先評価化学物質,Priority Assessment Chemical,化学物質の審査及び製造等の規制に関する法律,Chemical Substances Control Law,NITE-CHRIP RJ_01_020,349CO0000000202
93-82-3,priority_evaluation,優先評価化学物質,Priority Assessment Chemical,化学物質の審査及び製造等の規制に関する法律,Chemical Substances Control Law,NITE-CHRIP RJ_01_020,349CO0000000202
93-83-4,priority_evaluation,優先評価化学物質,Priority Assessment Chemical,化学物質の審査及び製造等の規制に関する法律,Chemical Substances Control Law,NITE-CHRIP RJ_01_020,349CO0000000202
933-60-8,priority_evaluation,優先評価化学物質,Priority Assessment Chemical,化学物質の審査及び製造等の規制に関する法律,Chemical Substances Control Law,NITE-CHRIP RJ_01_020,349CO0000000202
93528-08-6,priority_evaluation,優先評価化学物質,Priority Assessment Chemical,化学物質の審査及び製造等の規制に関する法律,Chemical Substances Control Law,NITE-CHRIP RJ_01_020,349CO0000000202
93686-14-7,priority_evaluation,優先評価化学物質,Priority Assessment Chemical,化学物質の審査及び製造等の規制に関する法律,Chemical Substances Control Law,NITE-CHRIP RJ_01_020,349CO0000000202
93762-73-3,priority_evaluation,優先評価化学物質,Priority Assessment Chemical,化学物質の審査及び製造等の規制に関する法律,Chemical Substances Control Law,NITE-CHRIP RJ_01_020,349CO0000000202
93777-52-7,priority_evaluation,優先評価化学物質,Priority Assessment Chemical,化学物質の審査及び製造等の規制に関する法律,Chemical Substances Control Law,NITE-CHRIP RJ_01_020,349CO0000000202
93820-30-5,priority_evaluation,優先評価化学物質,Priority Assessment Chemical,化学物質の審査及び製造等の規制に関する法律,Chemical Substances Control Law,NITE-CHRIP RJ_01_020,349CO0000000202
93821-11-5,priority_evaluation,優先評価化学物質,Priority Assessment Chemical,化学物質の審査及び製造等の規制に関する法律,Chemical Substances Control Law,NITE-CHRIP RJ_01_020,349CO0000000202
93859-02-0,priority_evaluation,優先評価化学物質,Priority Assessment Chemical,化学物質の審査及び製造等の規制に関する法律,Chemical Substances Control Law,NITE-CHRIP RJ_01_020,349CO0000000202
93893-02-8,priority_evaluation,優先評価化学物質,Priority Assessment Chemical,化学物質の審査及び製造等の規制に関する法律,Chemical Substances Control Law,NITE-CHRIP RJ_01_020,349CO0000000202
93911-10-5,priority_evaluation,優先評価化学物質,Priority Assessment Chemical,化学物質の審査及び製造等の規制に関する法律,Chemical Substances Control Law,NITE-CHRIP RJ_01_020,349CO0000000202
93911-11-6,priority_evaluation,優先評価化学物質,Priority Assessment Chemical,化学物質の審査及び製造等の規制に関する法律,Chemical Substances Control Law,NITE-CHRIP RJ_01_020,349CO0000000202
93911-12-7,priority_evaluation,優先評価化学物質,Priority Assessment Chemical,化学物質の審査及び製造等の規制に関する法律,Chemical Substances Control Law,NITE-CHRIP RJ_01_020,349CO0000000202
93911-14-9,priority_evaluation,優先評価化学物質,Priority Assessment Chemical,化学物質の審査及び製造等の規制に関する法律,Chemical Substances Control Law,NITE-CHRIP RJ_01_020,349CO0000000202
93924-07-3,priority_evaluation,優先評価化学物質,Priority Assessment Chemical,化学物質の審査及び製造等の規制に関する法律,Chemical Substances Control Law,NITE-CHRIP RJ_01_020,349CO0000000202
93924-08-4,priority_evaluation,優先評価化学物質,Priority Assessment Chemical,化学物質の審査及び製造等の規制に関する法律,Chemical Substances Control Law,NITE-CHRIP RJ_01_020,349CO0000000202
93941-93-6,priority_evaluation,優先評価化学物質,Priority Assessment Chemical,化学物質の審査及び製造等の規制に関する法律,Chemical Substances Control Law,NITE-CHRIP RJ_01_020,349CO0000000202
93981-92-1,priority_evaluation,優先評価化学物質,Priority Assessment Chemical,化学物質の審査及び製造等の規制に関する法律,Chemical Substances Control Law,NITE-CHRIP RJ_01_020,349CO0000000202
93984-02-2,priority_evaluation,優先評価化学物質,Priority Assessment Chemical,化学物質の審査及び製造等の規制に関する法律,Chemical Substances Control Law,NITE-CHRIP RJ_01_020,349CO0000000202
94021-93-9,priority_evaluation,優先評価化学物質,Priority Assessment Chemical,化学物質の審査及び製造等の規制に関する法律,Chemical Substances Control Law,NITE-CHRIP RJ_01_020,349CO0000000202
94021-94-0,priority_evaluation,優先評価化学物質,Priority Assessment Chemical,化学物質の審査及び製造等の規制に関する法律,Chemical Substances Control Law,NITE-CHRIP RJ_01_020,349CO0000000202
94023-03-7,priority_evaluation,優先評価化学物質,Priority Assessment Chemical,化学物質の審査及び製造等の規制に関する法律,Chemical Substances Control Law,NITE-CHRIP RJ_01_020,349CO0000000202
94086-43-8,priority_evaluation,優先評価化学物質,Priority Assessment Chemical,化学物質の審査及び製造等の規制に関する法律,Chemical Substances Control Law,NITE-CHRIP RJ_01_020,349CO0000000202
94086-82-5,priority_evaluation,優先評価化学物質,Priority Assessment Chemical,化学物質の審査及び製造等の規制に関する法律,Chemical Substances Control Law,NITE-CHRIP RJ_01_020,349CO0000000202
94094-32-3,priority_evaluation,優先評価化学物質,Priority Assessment Chemical,化学物質の審査及び製造等の規制に関する法律,Chemical Substances Control Law,NITE-CHRIP RJ_01_020,349CO0000000202
94107-62-7,priority_evaluation,優先評価化学物質,Priority Assessment Chemical,化学物質の審査及び製造等の規制に関する法律,Chemical Substances Control Law,NITE-CHRIP RJ_01_020,349CO0000000202
94110-17-5,priority_evaluation,優先評価化学物質,Priority Assessment Chemical,化学物質の審査及び製造等の規制に関する法律,Chemical Substances Control Law,NITE-CHRIP RJ_01_020,349CO0000000202
94110-18-6,priority_evaluation,優先評価化学物質,Priority Assessment Chemical,化学物質の審査及び製造等の規制に関する法律,Chemical Substances Control Law,NITE-CHRIP RJ_01_020,349CO0000000202
94131-36-9,priority_evaluation,優先評価化学物質,Priority Assessment Chemical,化学物質の審査及び製造等の規制に関する法律,Chemical Substances Control Law,NITE-CHRIP RJ_01_020,349CO0000000202
94133-50-3,priority_evaluation,優先評価化学物質,Priority Assessment Chemical,化学物質の審査及び製造等の規制に関する法律,Chemical Substances Control Law,NITE-CHRIP RJ_01_020,349CO0000000202
94139-13-6,priority_evaluation,優先評価化学物質,Priority Assessment Chemical,化学物質の審査及び製造等の規制に関する法律,Chemical Substances Control Law,NITE-CHRIP RJ_01_020,349CO0000000202
94158-10-8,priority_evaluation,優先評価化学物質,Priority Assessment Chemical,化学物質の審査及び製造等の規制に関する法律,Chemical Substances Control Law,NITE-CHRIP RJ_01_020,349CO0000000202
94158-11-9,priority_evaluation,優先評価化学物質,Priority Assessment Chemical,化学物質の審査及び製造等の規制に関する法律,Chemical Substances Control Law,NITE-CHRIP RJ_01_020,349CO0000000202
94158-60-8,priority_evaluation,優先評価化学物質,Priority Assessment Chemical,化学物質の審査及び製造等の規制に関する法律,Chemical Substances Control Law,NITE-CHRIP RJ_01_020,349CO0000000202
94159-23-6,priority_evaluation,優先評価化学物質,Priority Assessment Chemical,化学物質の審査及び製造等の規制に関する法律,Chemical Substances Control Law,NITE-CHRIP RJ_01_020,349CO0000000202
94159-24-7,priority_evaluation,優先評価化学物質,Priority Assessment Chemical,化学物質の審査及び製造等の規制に関する法律,Chemical Substances Control Law,NITE-CHRIP RJ_01_020,349CO0000000202
94200-74-5,priority_evaluation,優先評価化学物質,Priority Assessment Chemical,化学物質の審査及び製造等の規制に関する法律,Chemical Substances Control Law,NITE-CHRIP RJ_01_020,349CO0000000202
94213-53-3,priority_evaluation,優先評価化学物質,Priority Assessment Chemical,化学物質の審査及び製造等の規制に関する法律,Chemical Substances Control Law,NITE-CHRIP RJ_01_020,349CO0000000202
94313-85-6,priority_evaluation,優先評価化学物質,Priority Assessment Chemical,化学物質の審査及び製造等の規制に関する法律,Chemical Substances Control Law,NITE-CHRIP RJ_01_020,349CO0000000202
94581-09-6,priority_evaluation,優先評価化学物質,Priority Assessment Chemical,化学物質の審査及び製造等の規制に関する法律,Chemical Substances Control Law,NITE-CHRIP RJ_01_020,349CO0000000202
95-47-6,priority_evaluation,優先評価化学物質,Priority Assessment Chemical,化学物質の審査及び製造等の規制に関する法律,Chemical Substances Control Law,NITE-CHRIP RJ_01_020,349CO0000000202
95-48-7,priority_evaluation,優先評価化学物質,Priority Assessment Chemical,化学物質の審査及び製造等の規制に関する法律,Chemical Substances Control Law,NITE-CHRIP RJ_01_020,349CO0000000202
95-54-5,priority_evaluation,優先評価化学物質,Priority Assessment Chemical,化学物質の審査及び製造等の規制に関する法律,Chemical Substances Control Law,NITE-CHRIP RJ_01_020 通し番号: 56,349CO0000000202
95-63-6,priority_evaluation,優先評価化学物質,Priority Assessment Chemical,化学物質の審査及び製造等の規制に関する法律,Chemical Substances Control Law,NITE-CHRIP RJ_01_020 通し番号: 49,349CO0000000202
95893-39-3,priority_evaluation,優先評価化学物質,Priority Assessment Chemical,化学物質の審査及び製造等の規制に関する法律,Chemical Substances Control Law,NITE-CHRIP RJ_01_020,349CO0000000202
96-29-7,priority_evaluation,優先評価化学物質,Priority Assessment Chemical,化学物質の審査及び製造等の規制に関する法律,Chemical Substances Control Law,NITE-CHRIP RJ_01_020 通し番号: 262,349CO0000000202
96-33-3,priority_evaluation,優先評価化学物質,Priority Assessment Chemical,化学物質の審査及び製造等の規制に関する法律,Chemical Substances Control Law,NITE-CHRIP RJ_01_020 通し番号: 31,349CO0000000202
96792-55-1,priority_evaluation,優先評価化学物質,Priority Assessment Chemical,化学物質の審査及び製造等の規制に関する法律,Chemical Substances Control Law,NITE-CHRIP RJ_01_020,349CO0000000202
96837-08-0,priority_evaluation,優先評価化学物質,Priority Assessment Chemical,化学物質の審査及び製造等の規制に関する法律,Chemical Substances Control Law,NITE-CHRIP RJ_01_020,349CO0000000202
97-77-8,priority_evaluation,優先評価化学物質,Priority Assessment Chemical,化学物質の審査及び製造等の規制に関する法律,Chemical Substances Control Law,NITE-CHRIP RJ_01_020 通し番号: 41,349CO0000000202
97043-91-9,priority_evaluation,優先評価化学物質,Priority Assessment Chemical,化学物質の審査及び製造等の規制に関する法律,Chemical Substances Control Law,NITE-CHRIP RJ_01_020,349CO0000000202
97337-82-1,priority_evaluation,優先評価化学物質,Priority Assessment Chemical,化学物質の審査及び製造等の規制に関する法律,Chemical Substances Control Law,NITE-CHRIP RJ_01_020,349CO0000000202
97404-08-5,priority_evaluation,優先評価化学物質,Priority Assessment Chemical,化学物質の審査及び製造等の規制に関する法律,Chemical Substances Control Law,NITE-CHRIP RJ_01_020,349CO0000000202
97489-15-1,priority_evaluation,優先評価化学物質,Priority Assessment Chemical,化学物質の審査及び製造等の規制に関する法律,Chemical Substances Control Law,NITE-CHRIP RJ_01_020,349CO0000000202
97489-19-5,priority_evaluation,優先評価化学物質,Priority Assessment Chemical,化学物質の審査及び製造等の規制に関する法律,Chemical Substances Control Law,NITE-CHRIP RJ_01_020,349CO0000000202
97553-74-7,priority_evaluation,優先評価化学物質,Priority Assessment Chemical,化学物質の審査及び製造等の規制に関する法律,Chemical Substances Control Law,NITE-CHRIP RJ_01_020,349CO0000000202
97752-25-5,priority_evaluation,優先評価化学物質,Priority Assessment Chemical,化学物質の審査及び製造等の規制に関する法律,Chemical Substances Control Law,NITE-CHRIP RJ_01_020,349CO0000000202
97862-59-4,priority_evaluation,優先評価化学物質,Priority Assessment Chemical,化学物質の審査及び製造等の規制に関する法律,Chemical Substances Control Law,NITE-CHRIP RJ_01_020,349CO0000000202
97926-10-8,priority_evaluation,優先評価化学物質,Priority Assessment Chemical,化学物質の審査及び製造等の規制に関する法律,Chemical Substances Control Law,NITE-CHRIP RJ_01_020,349CO0000000202
97931-37-8,priority_evaluation,優先評価化学物質,Priority Assessment Chemical,化学物質の審査及び製造等の規制に関する法律,Chemical Substances Control Law,NITE-CHRIP RJ_01_020,349CO0000000202
97994-56-4,priority_evaluation,優先評価化学物質,Priority Assessment Chemical,化学物質の審査及び製造等の規制に関する法律,Chemical Substances Control Law,NITE-CHRIP RJ_01_020,349CO0000000202
98-00-0,priority_evaluation,優先評価化学物質,Priority Assessment Chemical,化学物質の審査及び製造等の規制に関する法律,Chemical Substances Control Law,NITE-CHRIP RJ_01_020 通し番号: 233,349CO0000000202
98-01-1,priority_evaluation,優先評価化学物質,Priority Assessment Chemical,化学物質の審査及び製造等の規制に関する法律,Chemical Substances Control Law,NITE-CHRIP RJ_01_020 通し番号: 291,349CO0000000202
98-82-8,priority_evaluation,優先評価化学物質,Priority Assessment Chemical,化学物質の審査及び製造等の規制に関する法律,Chemical Substances Control Law,NITE-CHRIP RJ_01_020 通し番号: 126,349CO0000000202
98-83-9,priority_evaluation,優先評価化学物質,Priority Assessment Chemical,化学物質の審査及び製造等の規制に関する法律,Chemical Substances Control Law,NITE-CHRIP RJ_01_020 通し番号: 48,349CO0000000202
98-95-3,priority_evaluation,優先評価化学物質,Priority Assessment Chemical,化学物質の審査及び製造等の規制に関する法律,Chemical Substances Control Law,NITE-CHRIP RJ_01_020 通し番号: 59,349CO0000000202
98064-96-1,priority_evaluation,優先評価化学物質,Priority Assessment Chemical,化学物質の審査及び製造等の規制に関する法律,Chemical Substances Control Law,NITE-CHRIP RJ_01_020,349CO0000000202
98171-34-7,priority_evaluation,優先評価化学物質,Priority Assessment Chemical,化学物質の審査及び製造等の規制に関する法律,Chemical Substances Control Law,NITE-CHRIP RJ_01_020,349CO0000000202
98283-67-1,priority_evaluation,優先評価化学物質,Priority Assessment Chemical,化学物質の審査及び製造等の規制に関する法律,Chemical Substances Control Law,NITE-CHRIP RJ_01_020,349CO0000000202
98735-06-9,priority_evaluation,優先評価化学物質,Priority Assessment Chemical,化学物質の審査及び製造等の規制に関する法律,Chemical Substances Control Law,NITE-CHRIP RJ_01_020,349CO0000000202
99016-47-4,priority_evaluation,優先評価化学物質,Priority Assessment Chemical,化学物質の審査及び製造等の規制に関する法律,Chemical Substances Control Law,NITE-CHRIP RJ_01_020,349CO0000000202
99210-87-4,priority_evaluation,優先評価化学物質,Priority Assessment Chemical,化学物質の審査及び製造等の規制に関する法律,Chemical Substances Control Law,NITE-CHRIP RJ_01_020,349CO0000000202
99948-85-3,priority_evaluation,優先評価化学物質,Priority Assessment Chemical,化学物質の審査及び製造等の規制に関する法律,Chemical Substances Control Law,NITE-CHRIP RJ_01_020,349CO0000000202
