cas_number,category,label_ja,label_en,law_name_ja,law_name_en,law_reference,law_id
100-35-6,cwc_listed,化学兵器禁止法対象物質,CWC-law Listed Chemical,化学兵器の禁止及び特定物質の規制等に関する法律,Chemical Weapons Convention related law,NITE-CHRIP RJ_11_001,407CO0000000192
100-38-9,cwc_listed,化学兵器禁止法対象物質,CWC-law Listed Chemical,化学兵器の禁止及び特定物質の規制等に関する法律,Chemical Weapons Convention related law,NITE-CHRIP RJ_11_001,407CO0000000192
10025-67-9,cwc_listed,化学兵器禁止法対象物質,CWC-law Listed Chemical,化学兵器の禁止及び特定物質の規制等に関する法律,Chemical Weapons Convention related law,NITE-CHRIP RJ_11_001,407CO0000000192
10025-87-3,cwc_listed,化学兵器禁止法対象物質,CWC-law Listed Chemical,化学兵器の禁止及び特定物質の規制等に関する法律,Chemical Weapons Convention related law,NITE-CHRIP RJ_11_001,407CO0000000192
10026-13-8,cwc_listed,化学兵器禁止法対象物質,CWC-law Listed Chemical,化学兵器の禁止及び特定物質の規制等に関する法律,Chemical Weapons Convention related law,NITE-CHRIP RJ_11_001 政令番号: 政令別表3項第4欄の(3),407CO0000000192
1005145-75-4,cwc_listed,化学兵器禁止法対象物質,CWC-law Listed Chemical,化学兵器の禁止及び特定物質の規制等に関する法律,Chemical Weapons Convention related law,NITE-CHRIP RJ_11_001,407CO0000000192
1005164-70-4,cwc_listed,化学兵器禁止法対象物質,CWC-law Listed Chemical,化学兵器の禁止及び特定物質の規制等に関する法律,Chemical Weapons Convention related law,NITE-CHRIP RJ_11_001,407CO0000000192
1005176-59-9,cwc_listed,化学兵器禁止法対象物質,CWC-law Listed Chemical,化学兵器の禁止及び特定物質の規制等に関する法律,Chemical Weapons Convention related law,NITE-CHRIP RJ_11_001,407CO0000000192
1005176-60-2,cwc_listed,化学兵器禁止法対象物質,CWC-law Listed Chemical,化学兵器の禁止及び特定物質の規制等に関する法律,Chemical Weapons Convention related law,NITE-CHRIP RJ_11_001,407CO0000000192
1005176-90-8,cwc_listed,化学兵器禁止法対象物質,CWC-law Listed Chemical,化学兵器の禁止及び特定物質の規制等に関する法律,Chemical Weapons Convention related law,NITE-CHRIP RJ_11_001,407CO0000000192
1005239-89-3,cwc_listed,化学兵器禁止法対象物質,CWC-law Listed Chemical,化学兵器の禁止及び特定物質の規制等に関する法律,Chemical Weapons Convention related law,NITE-CHRIP RJ_11_001,407CO0000000192
1005240-09-4,cwc_listed,化学兵器禁止法対象物質,CWC-law Listed Chemical,化学兵器の禁止及び特定物質の規制等に関する法律,Chemical Weapons Convention related law,NITE-CHRIP RJ_11_001,407CO0000000192
1005247-52-8,cwc_listed,化学兵器禁止法対象物質,CWC-law Listed Chemical,化学兵器の禁止及び特定物質の規制等に関する法律,Chemical Weapons Convention related law,NITE-CHRIP RJ_11_001,407CO0000000192
1005249-16-0,cwc_listed,化学兵器禁止法対象物質,CWC-law Listed Chemical,化学兵器の禁止及び特定物質の規制等に関する法律,Chemical Weapons Convention related law,NITE-CHRIP RJ_11_001,407CO0000000192
1005254-23-8,cwc_listed,化学兵器禁止法対象物質,CWC-law Listed Chemical,化学兵器の禁止及び特定物質の規制等に関する法律,Chemical Weapons Convention related law,NITE-CHRIP RJ_11_001,407CO0000000192
1005257-56-6,cwc_listed,化学兵器禁止法対象物質,CWC-law Listed Chemical,化学兵器の禁止及び特定物質の規制等に関する法律,Chemical Weapons Convention related law,NITE-CHRIP RJ_11_001,407CO0000000192
1005258-27-4,cwc_listed,化学兵器禁止法対象物質,CWC-law Listed Chemical,化学兵器の禁止及び特定物質の規制等に関する法律,Chemical Weapons Convention related law,NITE-CHRIP RJ_11_001,407CO0000000192
1005276-38-9,cwc_listed,化学兵器禁止法対象物質,CWC-law Listed Chemical,化学兵器の禁止及び特定物質の規制等に関する法律,Chemical Weapons Convention related law,NITE-CHRIP RJ_11_001,407CO0000000192
1005284-61-6,cwc_listed,化学兵器禁止法対象物質,CWC-law Listed Chemical,化学兵器の禁止及び特定物質の規制等に関する法律,Chemical Weapons Convention related law,NITE-CHRIP RJ_11_001,407CO0000000192
101098-30-0,cwc_listed,化学兵器禁止法対象物質,CWC-law Listed Chemical,化学兵器の禁止及び特定物質の規制等に関する法律,Chemical Weapons Convention related law,NITE-CHRIP RJ_11_001 政令番号: 政令別表2項第4欄の(1),407CO0000000192
1017861-21-0,cwc_listed,化学兵器禁止法対象物質,CWC-law Listed Chemical,化学兵器の禁止及び特定物質の規制等に関する法律,Chemical Weapons Convention related law,NITE-CHRIP RJ_11_001 政令番号: 政令別表2項第4欄の(9),407CO0000000192
1017861-26-5,cwc_listed,化学兵器禁止法対象物質,CWC-law Listed Chemical,化学兵器の禁止及び特定物質の規制等に関する法律,Chemical Weapons Convention related law,NITE-CHRIP RJ_11_001 政令番号: 政令別表2項第4欄の(9),407CO0000000192
1017861-29-8,cwc_listed,化学兵器禁止法対象物質,CWC-law Listed Chemical,化学兵器の禁止及び特定物質の規制等に関する法律,Chemical Weapons Convention related law,NITE-CHRIP RJ_11_001 政令番号: 政令別表2項第4欄の(9),407CO0000000192
1017861-34-5,cwc_listed,化学兵器禁止法対象物質,CWC-law Listed Chemical,化学兵器の禁止及び特定物質の規制等に関する法律,Chemical Weapons Convention related law,NITE-CHRIP RJ_11_001 政令番号: 政令別表2項第4欄の(9),407CO0000000192
1017861-37-8,cwc_listed,化学兵器禁止法対象物質,CWC-law Listed Chemical,化学兵器の禁止及び特定物質の規制等に関する法律,Chemical Weapons Convention related law,NITE-CHRIP RJ_11_001 政令番号: 政令別表2項第4欄の(9),407CO0000000192
1017861-45-8,cwc_listed,化学兵器禁止法対象物質,CWC-law Listed Chemical,化学兵器の禁止及び特定物質の規制等に関する法律,Chemical Weapons Convention related law,NITE-CHRIP RJ_11_001 政令番号: 政令別表2項第4欄の(9),407CO0000000192
1018124-38-3,cwc_listed,化学兵器禁止法対象物質,CWC-law Listed Chemical,化学兵器の禁止及び特定物質の規制等に関する法律,Chemical Weapons Convention related law,NITE-CHRIP RJ_11_001 政令番号: 政令別表2項第4欄の(9),407CO0000000192
1018124-39-4,cwc_listed,化学兵器禁止法対象物質,CWC-law Listed Chemical,化学兵器の禁止及び特定物質の規制等に関する法律,Chemical Weapons Convention related law,NITE-CHRIP RJ_11_001,407CO0000000192
102-71-6,cwc_listed,化学兵器禁止法対象物質,CWC-law Listed Chemical,化学兵器の禁止及び特定物質の規制等に関する法律,Chemical Weapons Convention related law,NITE-CHRIP RJ_11_001 政令番号: 政令別表3項第4欄の(13),407CO0000000192
1020119-28-1,cwc_listed,化学兵器禁止法対象物質,CWC-law Listed Chemical,化学兵器の禁止及び特定物質の規制等に関する法律,Chemical Weapons Convention related law,NITE-CHRIP RJ_11_001,407CO0000000192
102490-57-3,cwc_listed,化学兵器禁止法対象物質,CWC-law Listed Chemical,化学兵器の禁止及び特定物質の規制等に関する法律,Chemical Weapons Convention related law,NITE-CHRIP RJ_11_001,407CO0000000192
102490-59-5,cwc_listed,化学兵器禁止法対象物質,CWC-law Listed Chemical,化学兵器の禁止及び特定物質の規制等に関する法律,Chemical Weapons Convention related law,NITE-CHRIP RJ_11_001,407CO0000000192
1025089-02-4,cwc_listed,化学兵器禁止法対象物質,CWC-law Listed Chemical,化学兵器の禁止及び特定物質の規制等に関する法律,Chemical Weapons Convention related law,NITE-CHRIP RJ_11_001 政令番号: 政令別表2項第4欄の(1),407CO0000000192
103596-72-1,cwc_listed,化学兵器禁止法対象物質,CWC-law Listed Chemical,化学兵器の禁止及び特定物質の規制等に関する法律,Chemical Weapons Convention related law,NITE-CHRIP RJ_11_001,407CO0000000192
104801-07-2,cwc_listed,化学兵器禁止法対象物質,CWC-law Listed Chemical,化学兵器の禁止及び特定物質の規制等に関する法律,Chemical Weapons Convention related law,NITE-CHRIP RJ_11_001,407CO0000000192
104801-08-3,cwc_listed,化学兵器禁止法対象物質,CWC-law Listed Chemical,化学兵器の禁止及び特定物質の規制等に関する法律,Chemical Weapons Convention related law,NITE-CHRIP RJ_11_001,407CO0000000192
104801-09-4,cwc_listed,化学兵器禁止法対象物質,CWC-law Listed Chemical,化学兵器の禁止及び特定物質の規制等に関する法律,Chemical Weapons Convention related law,NITE-CHRIP RJ_11_001,407CO0000000192
104801-10-7,cwc_listed,化学兵器禁止法対象物質,CWC-law Listed Chemical,化学兵器の禁止及び特定物質の規制等に関する法律,Chemical Weapons Convention related law,NITE-CHRIP RJ_11_001,407CO0000000192
104801-16-3,cwc_listed,化学兵器禁止法対象物質,CWC-law Listed Chemical,化学兵器の禁止及び特定物質の規制等に関する法律,Chemical Weapons Convention related law,NITE-CHRIP RJ_11_001 政令番号: 政令別表2項第4欄の(1),407CO0000000192
104801-17-4,cwc_listed,化学兵器禁止法対象物質,CWC-law Listed Chemical,化学兵器の禁止及び特定物質の規制等に関する法律,Chemical Weapons Convention related law,NITE-CHRIP RJ_11_001 政令番号: 政令別表2項第4欄の(1),407CO0000000192
105-59-9,cwc_listed,化学兵器禁止法対象物質,CWC-law Listed Chemical,化学兵器の禁止及び特定物質の規制等に関する法律,Chemical Weapons Convention related law,NITE-CHRIP RJ_11_001,407CO0000000192
105263-11-4,cwc_listed,化学兵器禁止法対象物質,CWC-law Listed Chemical,化学兵器の禁止及び特定物質の規制等に関する法律,Chemical Weapons Convention related law,NITE-CHRIP RJ_11_001 政令番号: 政令別表2項第4欄の(1),407CO0000000192
10545-99-0,cwc_listed,化学兵器禁止法対象物質,CWC-law Listed Chemical,化学兵器の禁止及び特定物質の規制等に関する法律,Chemical Weapons Convention related law,NITE-CHRIP RJ_11_001 政令番号: 政令別表3項第4欄の(9),407CO0000000192
1066-50-8,cwc_listed,化学兵器禁止法対象物質,CWC-law Listed Chemical,化学兵器の禁止及び特定物質の規制等に関する法律,Chemical Weapons Convention related law,NITE-CHRIP RJ_11_001,407CO0000000192
1066-52-0,cwc_listed,化学兵器禁止法対象物質,CWC-law Listed Chemical,化学兵器の禁止及び特定物質の規制等に関する法律,Chemical Weapons Convention related law,NITE-CHRIP RJ_11_001 政令番号: 政令別表2項第4欄の(1),407CO0000000192
1066-53-1,cwc_listed,化学兵器禁止法対象物質,CWC-law Listed Chemical,化学兵器の禁止及び特定物質の規制等に関する法律,Chemical Weapons Convention related law,NITE-CHRIP RJ_11_001,407CO0000000192
1067-69-2,cwc_listed,化学兵器禁止法対象物質,CWC-law Listed Chemical,化学兵器の禁止及び特定物質の規制等に関する法律,Chemical Weapons Convention related law,NITE-CHRIP RJ_11_001,407CO0000000192
107-44-8,cwc_listed,化学兵器禁止法対象物質,CWC-law Listed Chemical,化学兵器の禁止及び特定物質の規制等に関する法律,Chemical Weapons Convention related law,NITE-CHRIP RJ_11_001,407CO0000000192
107-99-3,cwc_listed,化学兵器禁止法対象物質,CWC-law Listed Chemical,化学兵器の禁止及び特定物質の規制等に関する法律,Chemical Weapons Convention related law,NITE-CHRIP RJ_11_001,407CO0000000192
107059-49-4,cwc_listed,化学兵器禁止法対象物質,CWC-law Listed Chemical,化学兵器の禁止及び特定物質の規制等に関する法律,Chemical Weapons Convention related law,NITE-CHRIP RJ_11_001,407CO0000000192
108-02-1,cwc_listed,化学兵器禁止法対象物質,CWC-law Listed Chemical,化学兵器の禁止及び特定物質の規制等に関する法律,Chemical Weapons Convention related law,NITE-CHRIP RJ_11_001,407CO0000000192
108202-65-9,cwc_listed,化学兵器禁止法対象物質,CWC-law Listed Chemical,化学兵器の禁止及び特定物質の規制等に関する法律,Chemical Weapons Convention related law,NITE-CHRIP RJ_11_001,407CO0000000192
108302-04-1,cwc_listed,化学兵器禁止法対象物質,CWC-law Listed Chemical,化学兵器の禁止及び特定物質の規制等に関する法律,Chemical Weapons Convention related law,NITE-CHRIP RJ_11_001,407CO0000000192
108490-92-2,cwc_listed,化学兵器禁止法対象物質,CWC-law Listed Chemical,化学兵器の禁止及び特定物質の規制等に関する法律,Chemical Weapons Convention related law,NITE-CHRIP RJ_11_001,407CO0000000192
108506-63-4,cwc_listed,化学兵器禁止法対象物質,CWC-law Listed Chemical,化学兵器の禁止及び特定物質の規制等に関する法律,Chemical Weapons Convention related law,NITE-CHRIP RJ_11_001,407CO0000000192
108776-13-2,cwc_listed,化学兵器禁止法対象物質,CWC-law Listed Chemical,化学兵器の禁止及び特定物質の規制等に関する法律,Chemical Weapons Convention related law,NITE-CHRIP RJ_11_001,407CO0000000192
1092978-79-4,cwc_listed,化学兵器禁止法対象物質,CWC-law Listed Chemical,化学兵器の禁止及び特定物質の規制等に関する法律,Chemical Weapons Convention related law,NITE-CHRIP RJ_11_001 政令番号: 政令別表2項第4欄の(8),407CO0000000192
1092978-81-8,cwc_listed,化学兵器禁止法対象物質,CWC-law Listed Chemical,化学兵器の禁止及び特定物質の規制等に関する法律,Chemical Weapons Convention related law,NITE-CHRIP RJ_11_001 政令番号: 政令別表2項第4欄の(8),407CO0000000192
1092978-87-4,cwc_listed,化学兵器禁止法対象物質,CWC-law Listed Chemical,化学兵器の禁止及び特定物質の規制等に関する法律,Chemical Weapons Convention related law,NITE-CHRIP RJ_11_001 政令番号: 政令別表2項第4欄の(7),407CO0000000192
1092978-90-9,cwc_listed,化学兵器禁止法対象物質,CWC-law Listed Chemical,化学兵器の禁止及び特定物質の規制等に関する法律,Chemical Weapons Convention related law,NITE-CHRIP RJ_11_001 政令番号: 政令別表2項第4欄の(7),407CO0000000192
1092978-92-1,cwc_listed,化学兵器禁止法対象物質,CWC-law Listed Chemical,化学兵器の禁止及び特定物質の規制等に関する法律,Chemical Weapons Convention related law,NITE-CHRIP RJ_11_001 政令番号: 政令別表2項第4欄の(7),407CO0000000192
1092978-97-6,cwc_listed,化学兵器禁止法対象物質,CWC-law Listed Chemical,化学兵器の禁止及び特定物質の規制等に関する法律,Chemical Weapons Convention related law,NITE-CHRIP RJ_11_001 政令番号: 政令別表2項第4欄の(9),407CO0000000192
1092979-00-4,cwc_listed,化学兵器禁止法対象物質,CWC-law Listed Chemical,化学兵器の禁止及び特定物質の規制等に関する法律,Chemical Weapons Convention related law,NITE-CHRIP RJ_11_001 政令番号: 政令別表2項第4欄の(9),407CO0000000192
1092979-02-6,cwc_listed,化学兵器禁止法対象物質,CWC-law Listed Chemical,化学兵器の禁止及び特定物質の規制等に関する法律,Chemical Weapons Convention related law,NITE-CHRIP RJ_11_001 政令番号: 政令別表2項第4欄の(9),407CO0000000192
1092979-05-9,cwc_listed,化学兵器禁止法対象物質,CWC-law Listed Chemical,化学兵器の禁止及び特定物質の規制等に関する法律,Chemical Weapons Convention related law,NITE-CHRIP RJ_11_001 政令番号: 政令別表2項第4欄の(9),407CO0000000192
1092979-08-2,cwc_listed,化学兵器禁止法対象物質,CWC-law Listed Chemical,化学兵器の禁止及び特定物質の規制等に関する法律,Chemical Weapons Convention related law,NITE-CHRIP RJ_11_001 政令番号: 政令別表2項第4欄の(9),407CO0000000192
1093059-97-2,cwc_listed,化学兵器禁止法対象物質,CWC-law Listed Chemical,化学兵器の禁止及び特定物質の規制等に関する法律,Chemical Weapons Convention related law,NITE-CHRIP RJ_11_001 政令番号: 政令別表2項第4欄の(8),407CO0000000192
1093059-98-3,cwc_listed,化学兵器禁止法対象物質,CWC-law Listed Chemical,化学兵器の禁止及び特定物質の規制等に関する法律,Chemical Weapons Convention related law,NITE-CHRIP RJ_11_001 政令番号: 政令別表2項第4欄の(8),407CO0000000192
1093059-99-4,cwc_listed,化学兵器禁止法対象物質,CWC-law Listed Chemical,化学兵器の禁止及び特定物質の規制等に関する法律,Chemical Weapons Convention related law,NITE-CHRIP RJ_11_001 政令番号: 政令別表2項第4欄の(7),407CO0000000192
1093060-00-4,cwc_listed,化学兵器禁止法対象物質,CWC-law Listed Chemical,化学兵器の禁止及び特定物質の規制等に関する法律,Chemical Weapons Convention related law,NITE-CHRIP RJ_11_001 政令番号: 政令別表2項第4欄の(7),407CO0000000192
1093060-01-5,cwc_listed,化学兵器禁止法対象物質,CWC-law Listed Chemical,化学兵器の禁止及び特定物質の規制等に関する法律,Chemical Weapons Convention related law,NITE-CHRIP RJ_11_001 政令番号: 政令別表2項第4欄の(7),407CO0000000192
1093060-02-6,cwc_listed,化学兵器禁止法対象物質,CWC-law Listed Chemical,化学兵器の禁止及び特定物質の規制等に関する法律,Chemical Weapons Convention related law,NITE-CHRIP RJ_11_001 政令番号: 政令別表2項第4欄の(9),407CO0000000192
1093060-03-7,cwc_listed,化学兵器禁止法対象物質,CWC-law Listed Chemical,化学兵器の禁止及び特定物質の規制等に関する法律,Chemical Weapons Convention related law,NITE-CHRIP RJ_11_001 政令番号: 政令別表2項第4欄の(9),407CO0000000192
1093060-04-8,cwc_listed,化学兵器禁止法対象物質,CWC-law Listed Chemical,化学兵器の禁止及び特定物質の規制等に関する法律,Chemical Weapons Convention related law,NITE-CHRIP RJ_11_001 政令番号: 政令別表2項第4欄の(9),407CO0000000192
1093060-05-9,cwc_listed,化学兵器禁止法対象物質,CWC-law Listed Chemical,化学兵器の禁止及び特定物質の規制等に関する法律,Chemical Weapons Convention related law,NITE-CHRIP RJ_11_001 政令番号: 政令別表2項第4欄の(9),407CO0000000192
1093060-06-0,cwc_listed,化学兵器禁止法対象物質,CWC-law Listed Chemical,化学兵器の禁止及び特定物質の規制等に関する法律,Chemical Weapons Convention related law,NITE-CHRIP RJ_11_001 政令番号: 政令別表2項第4欄の(9),407CO0000000192
111-48-8,cwc_listed,化学兵器禁止法対象物質,CWC-law Listed Chemical,化学兵器の禁止及び特定物質の規制等に関する法律,Chemical Weapons Convention related law,NITE-CHRIP RJ_11_001,407CO0000000192
113548-85-9,cwc_listed,化学兵器禁止法対象物質,CWC-law Listed Chemical,化学兵器の禁止及び特定物質の規制等に関する法律,Chemical Weapons Convention related law,NITE-CHRIP RJ_11_001,407CO0000000192
113548-86-0,cwc_listed,化学兵器禁止法対象物質,CWC-law Listed Chemical,化学兵器の禁止及び特定物質の規制等に関する法律,Chemical Weapons Convention related law,NITE-CHRIP RJ_11_001,407CO0000000192
113548-87-1,cwc_listed,化学兵器禁止法対象物質,CWC-law Listed Chemical,化学兵器の禁止及び特定物質の規制等に関する法律,Chemical Weapons Convention related law,NITE-CHRIP RJ_11_001,407CO0000000192
113548-89-3,cwc_listed,化学兵器禁止法対象物質,CWC-law Listed Chemical,化学兵器の禁止及び特定物質の規制等に関する法律,Chemical Weapons Convention related law,NITE-CHRIP RJ_11_001,407CO0000000192
113579-13-8,cwc_listed,化学兵器禁止法対象物質,CWC-law Listed Chemical,化学兵器の禁止及び特定物質の規制等に関する法律,Chemical Weapons Convention related law,NITE-CHRIP RJ_11_001 政令番号: 政令別表2項第4欄の(1),407CO0000000192
114076-21-0,cwc_listed,化学兵器禁止法対象物質,CWC-law Listed Chemical,化学兵器の禁止及び特定物質の規制等に関する法律,Chemical Weapons Convention related law,NITE-CHRIP RJ_11_001,407CO0000000192
1148114-15-1,cwc_listed,化学兵器禁止法対象物質,CWC-law Listed Chemical,化学兵器の禁止及び特定物質の規制等に関する法律,Chemical Weapons Convention related law,NITE-CHRIP RJ_11_001 政令番号: 政令別表2項第4欄の(7),407CO0000000192
116498-77-2,cwc_listed,化学兵器禁止法対象物質,CWC-law Listed Chemical,化学兵器の禁止及び特定物質の規制等に関する法律,Chemical Weapons Convention related law,NITE-CHRIP RJ_11_001 政令番号: 政令別表2項第4欄の(1),407CO0000000192
117122-90-4,cwc_listed,化学兵器禁止法対象物質,CWC-law Listed Chemical,化学兵器の禁止及び特定物質の規制等に関する法律,Chemical Weapons Convention related law,NITE-CHRIP RJ_11_001,407CO0000000192
1174023-68-7,cwc_listed,化学兵器禁止法対象物質,CWC-law Listed Chemical,化学兵器の禁止及び特定物質の規制等に関する法律,Chemical Weapons Convention related law,NITE-CHRIP RJ_11_001 政令番号: 政令別表2項第4欄の(3),407CO0000000192
1189-87-3,cwc_listed,化学兵器禁止法対象物質,CWC-law Listed Chemical,化学兵器の禁止及び特定物質の規制等に関する法律,Chemical Weapons Convention related law,NITE-CHRIP RJ_11_001,407CO0000000192
1205608-66-7,cwc_listed,化学兵器禁止法対象物質,CWC-law Listed Chemical,化学兵器の禁止及び特定物質の規制等に関する法律,Chemical Weapons Convention related law,NITE-CHRIP RJ_11_001 政令番号: 政令別表2項第4欄の(1),407CO0000000192
121-45-9,cwc_listed,化学兵器禁止法対象物質,CWC-law Listed Chemical,化学兵器の禁止及び特定物質の規制等に関する法律,Chemical Weapons Convention related law,NITE-CHRIP RJ_11_001,407CO0000000192
1219805-94-3,cwc_listed,化学兵器禁止法対象物質,CWC-law Listed Chemical,化学兵器の禁止及び特定物質の規制等に関する法律,Chemical Weapons Convention related law,NITE-CHRIP RJ_11_001 政令番号: 政令別表2項第4欄の(7),407CO0000000192
1219908-93-6,cwc_listed,化学兵器禁止法対象物質,CWC-law Listed Chemical,化学兵器の禁止及び特定物質の規制等に関する法律,Chemical Weapons Convention related law,NITE-CHRIP RJ_11_001 政令番号: 政令別表2項第4欄の(7),407CO0000000192
122-52-1,cwc_listed,化学兵器禁止法対象物質,CWC-law Listed Chemical,化学兵器の禁止及び特定物質の規制等に関する法律,Chemical Weapons Convention related law,NITE-CHRIP RJ_11_001 政令番号: 政令別表3項第4欄の(5),407CO0000000192
1252995-12-2,cwc_listed,化学兵器禁止法対象物質,CWC-law Listed Chemical,化学兵器の禁止及び特定物質の規制等に関する法律,Chemical Weapons Convention related law,NITE-CHRIP RJ_11_001 政令番号: 政令別表2項第4欄の(7),407CO0000000192
1252995-13-3,cwc_listed,化学兵器禁止法対象物質,CWC-law Listed Chemical,化学兵器の禁止及び特定物質の規制等に関する法律,Chemical Weapons Convention related law,NITE-CHRIP RJ_11_001 政令番号: 政令別表2項第4欄の(7),407CO0000000192
1253176-81-6,cwc_listed,化学兵器禁止法対象物質,CWC-law Listed Chemical,化学兵器の禁止及び特定物質の規制等に関する法律,Chemical Weapons Convention related law,NITE-CHRIP RJ_11_001 政令番号: 政令別表2項第4欄の(7),407CO0000000192
1255381-66-8,cwc_listed,化学兵器禁止法対象物質,CWC-law Listed Chemical,化学兵器の禁止及び特定物質の規制等に関する法律,Chemical Weapons Convention related law,NITE-CHRIP RJ_11_001 政令番号: 政令別表2項第4欄の(7),407CO0000000192
1255381-67-9,cwc_listed,化学兵器禁止法対象物質,CWC-law Listed Chemical,化学兵器の禁止及び特定物質の規制等に関する法律,Chemical Weapons Convention related law,NITE-CHRIP RJ_11_001 政令番号: 政令別表2項第4欄の(7),407CO0000000192
1256698-27-7,cwc_listed,化学兵器禁止法対象物質,CWC-law Listed Chemical,化学兵器の禁止及び特定物質の規制等に関する法律,Chemical Weapons Convention related law,NITE-CHRIP RJ_11_001 政令番号: 政令別表2項第4欄の(1),407CO0000000192
126204-48-6,cwc_listed,化学兵器禁止法対象物質,CWC-law Listed Chemical,化学兵器の禁止及び特定物質の規制等に関する法律,Chemical Weapons Convention related law,NITE-CHRIP RJ_11_001,407CO0000000192
128478-92-2,cwc_listed,化学兵器禁止法対象物質,CWC-law Listed Chemical,化学兵器の禁止及び特定物質の規制等に関する法律,Chemical Weapons Convention related law,NITE-CHRIP RJ_11_001 政令番号: 政令別表2項第4欄の(1),407CO0000000192
129788-86-9,cwc_listed,化学兵器禁止法対象物質,CWC-law Listed Chemical,化学兵器の禁止及び特定物質の規制等に関する法律,Chemical Weapons Convention related law,NITE-CHRIP RJ_11_001,407CO0000000192
13105-93-6,cwc_listed,化学兵器禁止法対象物質,CWC-law Listed Chemical,化学兵器の禁止及び特定物質の規制等に関する法律,Chemical Weapons Convention related law,NITE-CHRIP RJ_11_001,407CO0000000192
13113-89-8,cwc_listed,化学兵器禁止法対象物質,CWC-law Listed Chemical,化学兵器の禁止及び特定物質の規制等に関する法律,Chemical Weapons Convention related law,NITE-CHRIP RJ_11_001,407CO0000000192
1313734-90-5,cwc_listed,化学兵器禁止法対象物質,CWC-law Listed Chemical,化学兵器の禁止及び特定物質の規制等に関する法律,Chemical Weapons Convention related law,NITE-CHRIP RJ_11_001 政令番号: 政令別表2項第4欄の(8),407CO0000000192
13172-12-8,cwc_listed,化学兵器禁止法対象物質,CWC-law Listed Chemical,化学兵器の禁止及び特定物質の規制等に関する法律,Chemical Weapons Convention related law,NITE-CHRIP RJ_11_001,407CO0000000192
13213-47-3,cwc_listed,化学兵器禁止法対象物質,CWC-law Listed Chemical,化学兵器の禁止及び特定物質の規制等に関する法律,Chemical Weapons Convention related law,NITE-CHRIP RJ_11_001,407CO0000000192
132412-52-3,cwc_listed,化学兵器禁止法対象物質,CWC-law Listed Chemical,化学兵器の禁止及び特定物質の規制等に関する法律,Chemical Weapons Convention related law,NITE-CHRIP RJ_11_001,407CO0000000192
13242-44-9,cwc_listed,化学兵器禁止法対象物質,CWC-law Listed Chemical,化学兵器の禁止及び特定物質の規制等に関する法律,Chemical Weapons Convention related law,NITE-CHRIP RJ_11_001,407CO0000000192
13273-12-6,cwc_listed,化学兵器禁止法対象物質,CWC-law Listed Chemical,化学兵器の禁止及び特定物質の規制等に関する法律,Chemical Weapons Convention related law,NITE-CHRIP RJ_11_001,407CO0000000192
133826-40-1,cwc_listed,化学兵器禁止法対象物質,CWC-law Listed Chemical,化学兵器の禁止及び特定物質の規制等に関する法律,Chemical Weapons Convention related law,NITE-CHRIP RJ_11_001,407CO0000000192
134496-36-9,cwc_listed,化学兵器禁止法対象物質,CWC-law Listed Chemical,化学兵器の禁止及び特定物質の規制等に関する法律,Chemical Weapons Convention related law,NITE-CHRIP RJ_11_001 政令番号: 政令別表2項第4欄の(1),407CO0000000192
13454-59-6,cwc_listed,化学兵器禁止法対象物質,CWC-law Listed Chemical,化学兵器の禁止及び特定物質の規制等に関する法律,Chemical Weapons Convention related law,NITE-CHRIP RJ_11_001,407CO0000000192
135445-19-1,cwc_listed,化学兵器禁止法対象物質,CWC-law Listed Chemical,化学兵器の禁止及び特定物質の規制等に関する法律,Chemical Weapons Convention related law,NITE-CHRIP RJ_11_001,407CO0000000192
13688-82-9,cwc_listed,化学兵器禁止法対象物質,CWC-law Listed Chemical,化学兵器の禁止及び特定物質の規制等に関する法律,Chemical Weapons Convention related law,NITE-CHRIP RJ_11_001,407CO0000000192
1373773-53-5,cwc_listed,化学兵器禁止法対象物質,CWC-law Listed Chemical,化学兵器の禁止及び特定物質の規制等に関する法律,Chemical Weapons Convention related law,NITE-CHRIP RJ_11_001 政令番号: 政令別表2項第4欄の(8),407CO0000000192
138780-00-4,cwc_listed,化学兵器禁止法対象物質,CWC-law Listed Chemical,化学兵器の禁止及び特定物質の規制等に関する法律,Chemical Weapons Convention related law,NITE-CHRIP RJ_11_001,407CO0000000192
138847-50-4,cwc_listed,化学兵器禁止法対象物質,CWC-law Listed Chemical,化学兵器の禁止及び特定物質の規制等に関する法律,Chemical Weapons Convention related law,NITE-CHRIP RJ_11_001 政令番号: 政令別表2項第4欄の(10),407CO0000000192
139-87-7,cwc_listed,化学兵器禁止法対象物質,CWC-law Listed Chemical,化学兵器の禁止及び特定物質の規制等に関する法律,Chemical Weapons Convention related law,NITE-CHRIP RJ_11_001,407CO0000000192
13915-98-5,cwc_listed,化学兵器禁止法対象物質,CWC-law Listed Chemical,化学兵器の禁止及び特定物質の規制等に関する法律,Chemical Weapons Convention related law,NITE-CHRIP RJ_11_001,407CO0000000192
13915-99-6,cwc_listed,化学兵器禁止法対象物質,CWC-law Listed Chemical,化学兵器の禁止及び特定物質の規制等に関する法律,Chemical Weapons Convention related law,NITE-CHRIP RJ_11_001,407CO0000000192
1392221-32-7,cwc_listed,化学兵器禁止法対象物質,CWC-law Listed Chemical,化学兵器の禁止及び特定物質の規制等に関する法律,Chemical Weapons Convention related law,NITE-CHRIP RJ_11_001 政令番号: 政令別表2項第4欄の(8),407CO0000000192
13991-98-5,cwc_listed,化学兵器禁止法対象物質,CWC-law Listed Chemical,化学兵器の禁止及び特定物質の規制等に関する法律,Chemical Weapons Convention related law,NITE-CHRIP RJ_11_001,407CO0000000192
141032-95-3,cwc_listed,化学兵器禁止法対象物質,CWC-law Listed Chemical,化学兵器の禁止及び特定物質の規制等に関する法律,Chemical Weapons Convention related law,NITE-CHRIP RJ_11_001 政令番号: 政令別表2項第4欄の(1),407CO0000000192
141968-54-9,cwc_listed,化学兵器禁止法対象物質,CWC-law Listed Chemical,化学兵器の禁止及び特定物質の規制等に関する法律,Chemical Weapons Convention related law,NITE-CHRIP RJ_11_001,407CO0000000192
1423010-09-6,cwc_listed,化学兵器禁止法対象物質,CWC-law Listed Chemical,化学兵器の禁止及び特定物質の規制等に関する法律,Chemical Weapons Convention related law,NITE-CHRIP RJ_11_001 政令番号: 政令別表2項第4欄の(1),407CO0000000192
1426-08-0,cwc_listed,化学兵器禁止法対象物質,CWC-law Listed Chemical,化学兵器の禁止及び特定物質の規制等に関する法律,Chemical Weapons Convention related law,NITE-CHRIP RJ_11_001,407CO0000000192
142868-93-7,cwc_listed,化学兵器禁止法対象物質,CWC-law Listed Chemical,化学兵器の禁止及び特定物質の規制等に関する法律,Chemical Weapons Convention related law,NITE-CHRIP RJ_11_001,407CO0000000192
142868-94-8,cwc_listed,化学兵器禁止法対象物質,CWC-law Listed Chemical,化学兵器の禁止及び特定物質の規制等に関する法律,Chemical Weapons Convention related law,NITE-CHRIP RJ_11_001,407CO0000000192
1435934-55-6,cwc_listed,化学兵器禁止法対象物質,CWC-law Listed Chemical,化学兵器の禁止及び特定物質の規制等に関する法律,Chemical Weapons Convention related law,NITE-CHRIP RJ_11_001 政令番号: 政令別表2項第4欄の(10),407CO0000000192
143663-83-6,cwc_listed,化学兵器禁止法対象物質,CWC-law Listed Chemical,化学兵器の禁止及び特定物質の規制等に関する法律,Chemical Weapons Convention related law,NITE-CHRIP RJ_11_001,407CO0000000192
1442476-06-3,cwc_listed,化学兵器禁止法対象物質,CWC-law Listed Chemical,化学兵器の禁止及び特定物質の規制等に関する法律,Chemical Weapons Convention related law,NITE-CHRIP RJ_11_001 政令番号: 政令別表2項第4欄の(1),407CO0000000192
144313-52-0,cwc_listed,化学兵器禁止法対象物質,CWC-law Listed Chemical,化学兵器の禁止及び特定物質の規制等に関する法律,Chemical Weapons Convention related law,NITE-CHRIP RJ_11_001,407CO0000000192
1445-75-6,cwc_listed,化学兵器禁止法対象物質,CWC-law Listed Chemical,化学兵器の禁止及び特定物質の規制等に関する法律,Chemical Weapons Convention related law,NITE-CHRIP RJ_11_001,407CO0000000192
1445-76-7,cwc_listed,化学兵器禁止法対象物質,CWC-law Listed Chemical,化学兵器の禁止及び特定物質の規制等に関する法律,Chemical Weapons Convention related law,NITE-CHRIP RJ_11_001,407CO0000000192
14618-07-6,cwc_listed,化学兵器禁止法対象物質,CWC-law Listed Chemical,化学兵器の禁止及び特定物質の規制等に関する法律,Chemical Weapons Convention related law,NITE-CHRIP RJ_11_001 政令番号: 政令別表2項第4欄の(1),407CO0000000192
1469441-30-2,cwc_listed,化学兵器禁止法対象物質,CWC-law Listed Chemical,化学兵器の禁止及び特定物質の規制等に関する法律,Chemical Weapons Convention related law,NITE-CHRIP RJ_11_001 政令番号: 政令別表2項第4欄の(7),407CO0000000192
14719-38-1,cwc_listed,化学兵器禁止法対象物質,CWC-law Listed Chemical,化学兵器の禁止及び特定物質の規制等に関する法律,Chemical Weapons Convention related law,NITE-CHRIP RJ_11_001,407CO0000000192
148456-51-3,cwc_listed,化学兵器禁止法対象物質,CWC-law Listed Chemical,化学兵器の禁止及び特定物質の規制等に関する法律,Chemical Weapons Convention related law,NITE-CHRIP RJ_11_001,407CO0000000192
148456-62-6,cwc_listed,化学兵器禁止法対象物質,CWC-law Listed Chemical,化学兵器の禁止及び特定物質の規制等に関する法律,Chemical Weapons Convention related law,NITE-CHRIP RJ_11_001,407CO0000000192
148456-69-3,cwc_listed,化学兵器禁止法対象物質,CWC-law Listed Chemical,化学兵器の禁止及び特定物質の規制等に関する法律,Chemical Weapons Convention related law,NITE-CHRIP RJ_11_001,407CO0000000192
148461-87-4,cwc_listed,化学兵器禁止法対象物質,CWC-law Listed Chemical,化学兵器の禁止及び特定物質の規制等に関する法律,Chemical Weapons Convention related law,NITE-CHRIP RJ_11_001,407CO0000000192
1497-68-3,cwc_listed,化学兵器禁止法対象物質,CWC-law Listed Chemical,化学兵器の禁止及び特定物質の規制等に関する法律,Chemical Weapons Convention related law,NITE-CHRIP RJ_11_001,407CO0000000192
1497-69-4,cwc_listed,化学兵器禁止法対象物質,CWC-law Listed Chemical,化学兵器の禁止及び特定物質の規制等に関する法律,Chemical Weapons Convention related law,NITE-CHRIP RJ_11_001,407CO0000000192
14975-23-6,cwc_listed,化学兵器禁止法対象物質,CWC-law Listed Chemical,化学兵器の禁止及び特定物質の規制等に関する法律,Chemical Weapons Convention related law,NITE-CHRIP RJ_11_001,407CO0000000192
1498-40-4,cwc_listed,化学兵器禁止法対象物質,CWC-law Listed Chemical,化学兵器の禁止及び特定物質の規制等に関する法律,Chemical Weapons Convention related law,NITE-CHRIP RJ_11_001,407CO0000000192
1498-46-0,cwc_listed,化学兵器禁止法対象物質,CWC-law Listed Chemical,化学兵器の禁止及び特定物質の規制等に関する法律,Chemical Weapons Convention related law,NITE-CHRIP RJ_11_001,407CO0000000192
1498-54-0,cwc_listed,化学兵器禁止法対象物質,CWC-law Listed Chemical,化学兵器の禁止及び特定物質の規制等に関する法律,Chemical Weapons Convention related law,NITE-CHRIP RJ_11_001,407CO0000000192
1498-60-8,cwc_listed,化学兵器禁止法対象物質,CWC-law Listed Chemical,化学兵器の禁止及び特定物質の規制等に関する法律,Chemical Weapons Convention related law,NITE-CHRIP RJ_11_001,407CO0000000192
150799-85-2,cwc_listed,化学兵器禁止法対象物質,CWC-law Listed Chemical,化学兵器の禁止及び特定物質の規制等に関する法律,Chemical Weapons Convention related law,NITE-CHRIP RJ_11_001,407CO0000000192
1511-67-7,cwc_listed,化学兵器禁止法対象物質,CWC-law Listed Chemical,化学兵器の禁止及び特定物質の規制等に関する法律,Chemical Weapons Convention related law,NITE-CHRIP RJ_11_001 政令番号: 政令別表2項第4欄の(1),407CO0000000192
15110-09-5,cwc_listed,化学兵器禁止法対象物質,CWC-law Listed Chemical,化学兵器の禁止及び特定物質の規制等に関する法律,Chemical Weapons Convention related law,NITE-CHRIP RJ_11_001,407CO0000000192
151686-32-7,cwc_listed,化学兵器禁止法対象物質,CWC-law Listed Chemical,化学兵器の禁止及び特定物質の規制等に関する法律,Chemical Weapons Convention related law,NITE-CHRIP RJ_11_001,407CO0000000192
1517-67-5,cwc_listed,化学兵器禁止法対象物質,CWC-law Listed Chemical,化学兵器の禁止及び特定物質の規制等に関する法律,Chemical Weapons Convention related law,NITE-CHRIP RJ_11_001,407CO0000000192
1538-69-8,cwc_listed,化学兵器禁止法対象物質,CWC-law Listed Chemical,化学兵器の禁止及び特定物質の規制等に関する法律,Chemical Weapons Convention related law,NITE-CHRIP RJ_11_001,407CO0000000192
15512-81-9,cwc_listed,化学兵器禁止法対象物質,CWC-law Listed Chemical,化学兵器の禁止及び特定物質の規制等に関する法律,Chemical Weapons Convention related law,NITE-CHRIP RJ_11_001,407CO0000000192
15573-31-6,cwc_listed,化学兵器禁止法対象物質,CWC-law Listed Chemical,化学兵器の禁止及び特定物質の規制等に関する法律,Chemical Weapons Convention related law,NITE-CHRIP RJ_11_001 政令番号: 政令別表2項第4欄の(1),407CO0000000192
15715-41-0,cwc_listed,化学兵器禁止法対象物質,CWC-law Listed Chemical,化学兵器の禁止及び特定物質の規制等に関する法律,Chemical Weapons Convention related law,NITE-CHRIP RJ_11_001,407CO0000000192
15715-42-1,cwc_listed,化学兵器禁止法対象物質,CWC-law Listed Chemical,化学兵器の禁止及び特定物質の規制等に関する法律,Chemical Weapons Convention related law,NITE-CHRIP RJ_11_001,407CO0000000192
1572-96-9,cwc_listed,化学兵器禁止法対象物質,CWC-law Listed Chemical,化学兵器の禁止及び特定物質の規制等に関する法律,Chemical Weapons Convention related law,NITE-CHRIP RJ_11_001,407CO0000000192
159395-76-3,cwc_listed,化学兵器禁止法対象物質,CWC-law Listed Chemical,化学兵器の禁止及び特定物質の規制等に関する法律,Chemical Weapons Convention related law,NITE-CHRIP RJ_11_001,407CO0000000192
159395-77-4,cwc_listed,化学兵器禁止法対象物質,CWC-law Listed Chemical,化学兵器の禁止及び特定物質の規制等に関する法律,Chemical Weapons Convention related law,NITE-CHRIP RJ_11_001,407CO0000000192
159574-69-3,cwc_listed,化学兵器禁止法対象物質,CWC-law Listed Chemical,化学兵器の禁止及び特定物質の規制等に関する法律,Chemical Weapons Convention related law,NITE-CHRIP RJ_11_001,407CO0000000192
159939-87-4,cwc_listed,化学兵器禁止法対象物質,CWC-law Listed Chemical,化学兵器の禁止及び特定物質の規制等に関する法律,Chemical Weapons Convention related law,NITE-CHRIP RJ_11_001,407CO0000000192
1604-38-2,cwc_listed,化学兵器禁止法対象物質,CWC-law Listed Chemical,化学兵器の禁止及び特定物質の規制等に関する法律,Chemical Weapons Convention related law,NITE-CHRIP RJ_11_001,407CO0000000192
1619-34-7,cwc_listed,化学兵器禁止法対象物質,CWC-law Listed Chemical,化学兵器の禁止及び特定物質の規制等に関する法律,Chemical Weapons Convention related law,NITE-CHRIP RJ_11_001 政令番号: 政令別表2項第4欄の(6),407CO0000000192
161935-16-6,cwc_listed,化学兵器禁止法対象物質,CWC-law Listed Chemical,化学兵器の禁止及び特定物質の規制等に関する法律,Chemical Weapons Convention related law,NITE-CHRIP RJ_11_001,407CO0000000192
161935-18-8,cwc_listed,化学兵器禁止法対象物質,CWC-law Listed Chemical,化学兵器の禁止及び特定物質の規制等に関する法律,Chemical Weapons Convention related law,NITE-CHRIP RJ_11_001,407CO0000000192
162085-82-7,cwc_listed,化学兵器禁止法対象物質,CWC-law Listed Chemical,化学兵器の禁止及び特定物質の規制等に関する法律,Chemical Weapons Convention related law,NITE-CHRIP RJ_11_001,407CO0000000192
162085-83-8,cwc_listed,化学兵器禁止法対象物質,CWC-law Listed Chemical,化学兵器の禁止及び特定物質の規制等に関する法律,Chemical Weapons Convention related law,NITE-CHRIP RJ_11_001,407CO0000000192
162085-84-9,cwc_listed,化学兵器禁止法対象物質,CWC-law Listed Chemical,化学兵器の禁止及び特定物質の規制等に関する法律,Chemical Weapons Convention related law,NITE-CHRIP RJ_11_001,407CO0000000192
162085-85-0,cwc_listed,化学兵器禁止法対象物質,CWC-law Listed Chemical,化学兵器の禁止及び特定物質の規制等に関する法律,Chemical Weapons Convention related law,NITE-CHRIP RJ_11_001,407CO0000000192
162085-86-1,cwc_listed,化学兵器禁止法対象物質,CWC-law Listed Chemical,化学兵器の禁止及び特定物質の規制等に関する法律,Chemical Weapons Convention related law,NITE-CHRIP RJ_11_001,407CO0000000192
162085-87-2,cwc_listed,化学兵器禁止法対象物質,CWC-law Listed Chemical,化学兵器の禁止及び特定物質の規制等に関する法律,Chemical Weapons Convention related law,NITE-CHRIP RJ_11_001,407CO0000000192
162085-88-3,cwc_listed,化学兵器禁止法対象物質,CWC-law Listed Chemical,化学兵器の禁止及び特定物質の規制等に関する法律,Chemical Weapons Convention related law,NITE-CHRIP RJ_11_001,407CO0000000192
162085-89-4,cwc_listed,化学兵器禁止法対象物質,CWC-law Listed Chemical,化学兵器の禁止及び特定物質の規制等に関する法律,Chemical Weapons Convention related law,NITE-CHRIP RJ_11_001,407CO0000000192
162085-90-7,cwc_listed,化学兵器禁止法対象物質,CWC-law Listed Chemical,化学兵器の禁止及び特定物質の規制等に関する法律,Chemical Weapons Convention related law,NITE-CHRIP RJ_11_001,407CO0000000192
162085-91-8,cwc_listed,化学兵器禁止法対象物質,CWC-law Listed Chemical,化学兵器の禁止及び特定物質の規制等に関する法律,Chemical Weapons Convention related law,NITE-CHRIP RJ_11_001,407CO0000000192
162085-92-9,cwc_listed,化学兵器禁止法対象物質,CWC-law Listed Chemical,化学兵器の禁止及び特定物質の規制等に関する法律,Chemical Weapons Convention related law,NITE-CHRIP RJ_11_001,407CO0000000192
162085-93-0,cwc_listed,化学兵器禁止法対象物質,CWC-law Listed Chemical,化学兵器の禁止及び特定物質の規制等に関する法律,Chemical Weapons Convention related law,NITE-CHRIP RJ_11_001,407CO0000000192
162085-94-1,cwc_listed,化学兵器禁止法対象物質,CWC-law Listed Chemical,化学兵器の禁止及び特定物質の規制等に関する法律,Chemical Weapons Convention related law,NITE-CHRIP RJ_11_001,407CO0000000192
162085-95-2,cwc_listed,化学兵器禁止法対象物質,CWC-law Listed Chemical,化学兵器の禁止及び特定物質の規制等に関する法律,Chemical Weapons Convention related law,NITE-CHRIP RJ_11_001,407CO0000000192
1631068-24-0,cwc_listed,化学兵器禁止法対象物質,CWC-law Listed Chemical,化学兵器の禁止及び特定物質の規制等に関する法律,Chemical Weapons Convention related law,NITE-CHRIP RJ_11_001 政令番号: 政令別表2項第4欄の(1),407CO0000000192
16391-07-4,cwc_listed,化学兵器禁止法対象物質,CWC-law Listed Chemical,化学兵器の禁止及び特定物質の規制等に関する法律,Chemical Weapons Convention related law,NITE-CHRIP RJ_11_001,407CO0000000192
168885-92-5,cwc_listed,化学兵器禁止法対象物質,CWC-law Listed Chemical,化学兵器の禁止及び特定物質の規制等に関する法律,Chemical Weapons Convention related law,NITE-CHRIP RJ_11_001 政令番号: 政令別表2項第4欄の(1),407CO0000000192
169739-24-6,cwc_listed,化学兵器禁止法対象物質,CWC-law Listed Chemical,化学兵器の禁止及び特定物質の規制等に関する法律,Chemical Weapons Convention related law,NITE-CHRIP RJ_11_001,407CO0000000192
169739-33-7,cwc_listed,化学兵器禁止法対象物質,CWC-law Listed Chemical,化学兵器の禁止及び特定物質の規制等に関する法律,Chemical Weapons Convention related law,NITE-CHRIP RJ_11_001,407CO0000000192
169739-48-4,cwc_listed,化学兵器禁止法対象物質,CWC-law Listed Chemical,化学兵器の禁止及び特定物質の規制等に関する法律,Chemical Weapons Convention related law,NITE-CHRIP RJ_11_001,407CO0000000192
170082-56-1,cwc_listed,化学兵器禁止法対象物質,CWC-law Listed Chemical,化学兵器の禁止及び特定物質の規制等に関する法律,Chemical Weapons Convention related law,NITE-CHRIP RJ_11_001 政令番号: 政令別表2項第4欄の(1),407CO0000000192
170082-60-7,cwc_listed,化学兵器禁止法対象物質,CWC-law Listed Chemical,化学兵器の禁止及び特定物質の規制等に関する法律,Chemical Weapons Convention related law,NITE-CHRIP RJ_11_001 政令番号: 政令別表2項第4欄の(1),407CO0000000192
170082-64-1,cwc_listed,化学兵器禁止法対象物質,CWC-law Listed Chemical,化学兵器の禁止及び特定物質の規制等に関する法律,Chemical Weapons Convention related law,NITE-CHRIP RJ_11_001,407CO0000000192
170082-69-6,cwc_listed,化学兵器禁止法対象物質,CWC-law Listed Chemical,化学兵器の禁止及び特定物質の規制等に関する法律,Chemical Weapons Convention related law,NITE-CHRIP RJ_11_001,407CO0000000192
170082-70-9,cwc_listed,化学兵器禁止法対象物質,CWC-law Listed Chemical,化学兵器の禁止及び特定物質の規制等に関する法律,Chemical Weapons Convention related law,NITE-CHRIP RJ_11_001,407CO0000000192
170082-71-0,cwc_listed,化学兵器禁止法対象物質,CWC-law Listed Chemical,化学兵器の禁止及び特定物質の規制等に関する法律,Chemical Weapons Convention related law,NITE-CHRIP RJ_11_001,407CO0000000192
170082-85-6,cwc_listed,化学兵器禁止法対象物質,CWC-law Listed Chemical,化学兵器の禁止及び特定物質の規制等に関する法律,Chemical Weapons Convention related law,NITE-CHRIP RJ_11_001,407CO0000000192
170135-50-9,cwc_listed,化学兵器禁止法対象物質,CWC-law Listed Chemical,化学兵器の禁止及び特定物質の規制等に関する法律,Chemical Weapons Convention related law,NITE-CHRIP RJ_11_001,407CO0000000192
170275-32-8,cwc_listed,化学兵器禁止法対象物質,CWC-law Listed Chemical,化学兵器の禁止及び特定物質の規制等に関する法律,Chemical Weapons Convention related law,NITE-CHRIP RJ_11_001,407CO0000000192
170275-34-0,cwc_listed,化学兵器禁止法対象物質,CWC-law Listed Chemical,化学兵器の禁止及び特定物質の規制等に関する法律,Chemical Weapons Convention related law,NITE-CHRIP RJ_11_001,407CO0000000192
170275-46-4,cwc_listed,化学兵器禁止法対象物質,CWC-law Listed Chemical,化学兵器の禁止及び特定物質の規制等に関する法律,Chemical Weapons Convention related law,NITE-CHRIP RJ_11_001,407CO0000000192
170275-51-1,cwc_listed,化学兵器禁止法対象物質,CWC-law Listed Chemical,化学兵器の禁止及び特定物質の規制等に関する法律,Chemical Weapons Convention related law,NITE-CHRIP RJ_11_001 政令番号: 政令別表2項第4欄の(1),407CO0000000192
170424-87-0,cwc_listed,化学兵器禁止法対象物質,CWC-law Listed Chemical,化学兵器の禁止及び特定物質の規制等に関する法律,Chemical Weapons Convention related law,NITE-CHRIP RJ_11_001,407CO0000000192
170800-77-8,cwc_listed,化学兵器禁止法対象物質,CWC-law Listed Chemical,化学兵器の禁止及び特定物質の規制等に関する法律,Chemical Weapons Convention related law,NITE-CHRIP RJ_11_001,407CO0000000192
170836-68-7,cwc_listed,化学兵器禁止法対象物質,CWC-law Listed Chemical,化学兵器の禁止及び特定物質の規制等に関する法律,Chemical Weapons Convention related law,NITE-CHRIP RJ_11_001,407CO0000000192
17123-10-3,cwc_listed,化学兵器禁止法対象物質,CWC-law Listed Chemical,化学兵器の禁止及び特定物質の規制等に関する法律,Chemical Weapons Convention related law,NITE-CHRIP RJ_11_001,407CO0000000192
171741-07-4,cwc_listed,化学兵器禁止法対象物質,CWC-law Listed Chemical,化学兵器の禁止及び特定物質の規制等に関する法律,Chemical Weapons Convention related law,NITE-CHRIP RJ_11_001,407CO0000000192
17390-16-8,cwc_listed,化学兵器禁止法対象物質,CWC-law Listed Chemical,化学兵器の禁止及び特定物質の規制等に関する法律,Chemical Weapons Convention related law,NITE-CHRIP RJ_11_001,407CO0000000192
173967-95-8,cwc_listed,化学兵器禁止法対象物質,CWC-law Listed Chemical,化学兵器の禁止及び特定物質の規制等に関する法律,Chemical Weapons Convention related law,NITE-CHRIP RJ_11_001 政令番号: 政令別表2項第4欄の(1),407CO0000000192
17579-99-6,cwc_listed,化学兵器禁止法対象物質,CWC-law Listed Chemical,化学兵器の禁止及び特定物質の規制等に関する法律,Chemical Weapons Convention related law,NITE-CHRIP RJ_11_001,407CO0000000192
176327-97-2,cwc_listed,化学兵器禁止法対象物質,CWC-law Listed Chemical,化学兵器の禁止及び特定物質の規制等に関する法律,Chemical Weapons Convention related law,NITE-CHRIP RJ_11_001,407CO0000000192
17698-78-1,cwc_listed,化学兵器禁止法対象物質,CWC-law Listed Chemical,化学兵器の禁止及び特定物質の規制等に関する法律,Chemical Weapons Convention related law,NITE-CHRIP RJ_11_001 政令番号: 政令別表2項第4欄の(1),407CO0000000192
18005-37-3,cwc_listed,化学兵器禁止法対象物質,CWC-law Listed Chemical,化学兵器の禁止及び特定物質の規制等に関する法律,Chemical Weapons Convention related law,NITE-CHRIP RJ_11_001,407CO0000000192
18005-40-8,cwc_listed,化学兵器禁止法対象物質,CWC-law Listed Chemical,化学兵器の禁止及び特定物質の規制等に関する法律,Chemical Weapons Convention related law,NITE-CHRIP RJ_11_001,407CO0000000192
1831-26-1,cwc_listed,化学兵器禁止法対象物質,CWC-law Listed Chemical,化学兵器の禁止及び特定物質の規制等に関する法律,Chemical Weapons Convention related law,NITE-CHRIP RJ_11_001 政令番号: 政令別表2項第4欄の(1),407CO0000000192
1832-53-7,cwc_listed,化学兵器禁止法対象物質,CWC-law Listed Chemical,化学兵器の禁止及び特定物質の規制等に関する法律,Chemical Weapons Convention related law,NITE-CHRIP RJ_11_001,407CO0000000192
1832-54-8,cwc_listed,化学兵器禁止法対象物質,CWC-law Listed Chemical,化学兵器の禁止及び特定物質の規制等に関する法律,Chemical Weapons Convention related law,NITE-CHRIP RJ_11_001,407CO0000000192
1832-55-9,cwc_listed,化学兵器禁止法対象物質,CWC-law Listed Chemical,化学兵器の禁止及び特定物質の規制等に関する法律,Chemical Weapons Convention related law,NITE-CHRIP RJ_11_001,407CO0000000192
1832-58-2,cwc_listed,化学兵器禁止法対象物質,CWC-law Listed Chemical,化学兵器の禁止及び特定物質の規制等に関する法律,Chemical Weapons Convention related law,NITE-CHRIP RJ_11_001,407CO0000000192
1832-60-6,cwc_listed,化学兵器禁止法対象物質,CWC-law Listed Chemical,化学兵器の禁止及び特定物質の規制等に関する法律,Chemical Weapons Convention related law,NITE-CHRIP RJ_11_001,407CO0000000192
1832-68-4,cwc_listed,化学兵器禁止法対象物質,CWC-law Listed Chemical,化学兵器の禁止及び特定物質の規制等に関する法律,Chemical Weapons Convention related law,NITE-CHRIP RJ_11_001,407CO0000000192
18358-34-4,cwc_listed,化学兵器禁止法対象物質,CWC-law Listed Chemical,化学兵器の禁止及び特定物質の規制等に関する法律,Chemical Weapons Convention related law,NITE-CHRIP RJ_11_001,407CO0000000192
18358-36-6,cwc_listed,化学兵器禁止法対象物質,CWC-law Listed Chemical,化学兵器の禁止及び特定物質の規制等に関する法律,Chemical Weapons Convention related law,NITE-CHRIP RJ_11_001,407CO0000000192
18358-37-7,cwc_listed,化学兵器禁止法対象物質,CWC-law Listed Chemical,化学兵器の禁止及び特定物質の規制等に関する法律,Chemical Weapons Convention related law,NITE-CHRIP RJ_11_001,407CO0000000192
18359-05-2,cwc_listed,化学兵器禁止法対象物質,CWC-law Listed Chemical,化学兵器の禁止及び特定物質の規制等に関する法律,Chemical Weapons Convention related law,NITE-CHRIP RJ_11_001,407CO0000000192
18628-73-4,cwc_listed,化学兵器禁止法対象物質,CWC-law Listed Chemical,化学兵器の禁止及び特定物質の規制等に関する法律,Chemical Weapons Convention related law,NITE-CHRIP RJ_11_001,407CO0000000192
1866-98-4,cwc_listed,化学兵器禁止法対象物質,CWC-law Listed Chemical,化学兵器の禁止及び特定物質の規制等に関する法律,Chemical Weapons Convention related law,NITE-CHRIP RJ_11_001,407CO0000000192
18755-36-7,cwc_listed,化学兵器禁止法対象物質,CWC-law Listed Chemical,化学兵器の禁止及び特定物質の規制等に関する法律,Chemical Weapons Convention related law,NITE-CHRIP RJ_11_001,407CO0000000192
18755-43-6,cwc_listed,化学兵器禁止法対象物質,CWC-law Listed Chemical,化学兵器の禁止及び特定物質の規制等に関する法律,Chemical Weapons Convention related law,NITE-CHRIP RJ_11_001,407CO0000000192
18755-44-7,cwc_listed,化学兵器禁止法対象物質,CWC-law Listed Chemical,化学兵器の禁止及び特定物質の規制等に関する法律,Chemical Weapons Convention related law,NITE-CHRIP RJ_11_001,407CO0000000192
18812-51-6,cwc_listed,化学兵器禁止法対象物質,CWC-law Listed Chemical,化学兵器の禁止及び特定物質の規制等に関する法律,Chemical Weapons Convention related law,NITE-CHRIP RJ_11_001,407CO0000000192
18812-55-0,cwc_listed,化学兵器禁止法対象物質,CWC-law Listed Chemical,化学兵器の禁止及び特定物質の規制等に関する法律,Chemical Weapons Convention related law,NITE-CHRIP RJ_11_001,407CO0000000192
19236-58-9,cwc_listed,化学兵器禁止法対象物質,CWC-law Listed Chemical,化学兵器の禁止及び特定物質の規制等に関する法律,Chemical Weapons Convention related law,NITE-CHRIP RJ_11_001 政令番号: 政令別表2項第4欄の(1),407CO0000000192
192438-31-6,cwc_listed,化学兵器禁止法対象物質,CWC-law Listed Chemical,化学兵器の禁止及び特定物質の規制等に関する法律,Chemical Weapons Convention related law,NITE-CHRIP RJ_11_001,407CO0000000192
192698-90-1,cwc_listed,化学兵器禁止法対象物質,CWC-law Listed Chemical,化学兵器の禁止及び特定物質の規制等に関する法律,Chemical Weapons Convention related law,NITE-CHRIP RJ_11_001,407CO0000000192
193090-16-3,cwc_listed,化学兵器禁止法対象物質,CWC-law Listed Chemical,化学兵器の禁止及び特定物質の規制等に関する法律,Chemical Weapons Convention related law,NITE-CHRIP RJ_11_001,407CO0000000192
193090-25-4,cwc_listed,化学兵器禁止法対象物質,CWC-law Listed Chemical,化学兵器の禁止及び特定物質の規制等に関する法律,Chemical Weapons Convention related law,NITE-CHRIP RJ_11_001,407CO0000000192
1932-60-1,cwc_listed,化学兵器禁止法対象物質,CWC-law Listed Chemical,化学兵器の禁止及び特定物質の規制等に関する法律,Chemical Weapons Convention related law,NITE-CHRIP RJ_11_001,407CO0000000192
1942-52-5,cwc_listed,化学兵器禁止法対象物質,CWC-law Listed Chemical,化学兵器の禁止及び特定物質の規制等に関する法律,Chemical Weapons Convention related law,NITE-CHRIP RJ_11_001,407CO0000000192
198830-32-9,cwc_listed,化学兵器禁止法対象物質,CWC-law Listed Chemical,化学兵器の禁止及び特定物質の規制等に関する法律,Chemical Weapons Convention related law,NITE-CHRIP RJ_11_001,407CO0000000192
198830-36-3,cwc_listed,化学兵器禁止法対象物質,CWC-law Listed Chemical,化学兵器の禁止及び特定物質の規制等に関する法律,Chemical Weapons Convention related law,NITE-CHRIP RJ_11_001,407CO0000000192
198830-38-5,cwc_listed,化学兵器禁止法対象物質,CWC-law Listed Chemical,化学兵器の禁止及び特定物質の規制等に関する法律,Chemical Weapons Convention related law,NITE-CHRIP RJ_11_001,407CO0000000192
198885-54-0,cwc_listed,化学兵器禁止法対象物質,CWC-law Listed Chemical,化学兵器の禁止及び特定物質の規制等に関する法律,Chemical Weapons Convention related law,NITE-CHRIP RJ_11_001,407CO0000000192
199850-60-7,cwc_listed,化学兵器禁止法対象物質,CWC-law Listed Chemical,化学兵器の禁止及び特定物質の規制等に関する法律,Chemical Weapons Convention related law,NITE-CHRIP RJ_11_001,407CO0000000192
199850-62-9,cwc_listed,化学兵器禁止法対象物質,CWC-law Listed Chemical,化学兵器の禁止及び特定物質の規制等に関する法律,Chemical Weapons Convention related law,NITE-CHRIP RJ_11_001,407CO0000000192
20194-81-4,cwc_listed,化学兵器禁止法対象物質,CWC-law Listed Chemical,化学兵器の禁止及び特定物質の規制等に関する法律,Chemical Weapons Convention related law,NITE-CHRIP RJ_11_001,407CO0000000192
203385-78-8,cwc_listed,化学兵器禁止法対象物質,CWC-law Listed Chemical,化学兵器の禁止及び特定物質の規制等に関する法律,Chemical Weapons Convention related law,NITE-CHRIP RJ_11_001,407CO0000000192
2053-81-8,cwc_listed,化学兵器禁止法対象物質,CWC-law Listed Chemical,化学兵器の禁止及び特定物質の規制等に関する法律,Chemical Weapons Convention related law,NITE-CHRIP RJ_11_001,407CO0000000192
20626-99-7,cwc_listed,化学兵器禁止法対象物質,CWC-law Listed Chemical,化学兵器の禁止及び特定物質の規制等に関する法律,Chemical Weapons Convention related law,NITE-CHRIP RJ_11_001,407CO0000000192
20627-03-6,cwc_listed,化学兵器禁止法対象物質,CWC-law Listed Chemical,化学兵器の禁止及び特定物質の規制等に関する法律,Chemical Weapons Convention related law,NITE-CHRIP RJ_11_001 政令番号: 政令別表2項第4欄の(1),407CO0000000192
20820-80-8,cwc_listed,化学兵器禁止法対象物質,CWC-law Listed Chemical,化学兵器の禁止及び特定物質の規制等に関する法律,Chemical Weapons Convention related law,NITE-CHRIP RJ_11_001,407CO0000000192
21068-51-9,cwc_listed,化学兵器禁止法対象物質,CWC-law Listed Chemical,化学兵器の禁止及び特定物質の規制等に関する法律,Chemical Weapons Convention related law,NITE-CHRIP RJ_11_001,407CO0000000192
21068-52-0,cwc_listed,化学兵器禁止法対象物質,CWC-law Listed Chemical,化学兵器の禁止及び特定物質の規制等に関する法律,Chemical Weapons Convention related law,NITE-CHRIP RJ_11_001,407CO0000000192
211192-71-1,cwc_listed,化学兵器禁止法対象物質,CWC-law Listed Chemical,化学兵器の禁止及び特定物質の規制等に関する法律,Chemical Weapons Convention related law,NITE-CHRIP RJ_11_001,407CO0000000192
211192-72-2,cwc_listed,化学兵器禁止法対象物質,CWC-law Listed Chemical,化学兵器の禁止及び特定物質の規制等に関する法律,Chemical Weapons Convention related law,NITE-CHRIP RJ_11_001,407CO0000000192
211192-73-3,cwc_listed,化学兵器禁止法対象物質,CWC-law Listed Chemical,化学兵器の禁止及び特定物質の規制等に関する法律,Chemical Weapons Convention related law,NITE-CHRIP RJ_11_001,407CO0000000192
211192-74-4,cwc_listed,化学兵器禁止法対象物質,CWC-law Listed Chemical,化学兵器の禁止及び特定物質の規制等に関する法律,Chemical Weapons Convention related law,NITE-CHRIP RJ_11_001,407CO0000000192
211923-89-6,cwc_listed,化学兵器禁止法対象物質,CWC-law Listed Chemical,化学兵器の禁止及び特定物質の規制等に関する法律,Chemical Weapons Convention related law,NITE-CHRIP RJ_11_001,407CO0000000192
21738-25-0,cwc_listed,化学兵器禁止法対象物質,CWC-law Listed Chemical,化学兵器の禁止及び特定物質の規制等に関する法律,Chemical Weapons Convention related law,NITE-CHRIP RJ_11_001,407CO0000000192
21770-86-5,cwc_listed,化学兵器禁止法対象物質,CWC-law Listed Chemical,化学兵器の禁止及び特定物質の規制等に関する法律,Chemical Weapons Convention related law,NITE-CHRIP RJ_11_001,407CO0000000192
218964-59-1,cwc_listed,化学兵器禁止法対象物質,CWC-law Listed Chemical,化学兵器の禁止及び特定物質の規制等に関する法律,Chemical Weapons Convention related law,NITE-CHRIP RJ_11_001,407CO0000000192
218964-60-4,cwc_listed,化学兵器禁止法対象物質,CWC-law Listed Chemical,化学兵器の禁止及び特定物質の規制等に関する法律,Chemical Weapons Convention related law,NITE-CHRIP RJ_11_001,407CO0000000192
21921-97-1,cwc_listed,化学兵器禁止法対象物質,CWC-law Listed Chemical,化学兵器の禁止及び特定物質の規制等に関する法律,Chemical Weapons Convention related law,NITE-CHRIP RJ_11_001,407CO0000000192
220718-02-5,cwc_listed,化学兵器禁止法対象物質,CWC-law Listed Chemical,化学兵器の禁止及び特定物質の規制等に関する法律,Chemical Weapons Convention related law,NITE-CHRIP RJ_11_001,407CO0000000192
220718-03-6,cwc_listed,化学兵器禁止法対象物質,CWC-law Listed Chemical,化学兵器の禁止及び特定物質の規制等に関する法律,Chemical Weapons Convention related law,NITE-CHRIP RJ_11_001,407CO0000000192
220718-05-8,cwc_listed,化学兵器禁止法対象物質,CWC-law Listed Chemical,化学兵器の禁止及び特定物質の規制等に関する法律,Chemical Weapons Convention related law,NITE-CHRIP RJ_11_001,407CO0000000192
220718-06-9,cwc_listed,化学兵器禁止法対象物質,CWC-law Listed Chemical,化学兵器の禁止及び特定物質の規制等に関する法律,Chemical Weapons Convention related law,NITE-CHRIP RJ_11_001,407CO0000000192
22107-46-6,cwc_listed,化学兵器禁止法対象物質,CWC-law Listed Chemical,化学兵器の禁止及び特定物質の規制等に関する法律,Chemical Weapons Convention related law,NITE-CHRIP RJ_11_001,407CO0000000192
22250-42-6,cwc_listed,化学兵器禁止法対象物質,CWC-law Listed Chemical,化学兵器の禁止及び特定物質の規制等に関する法律,Chemical Weapons Convention related law,NITE-CHRIP RJ_11_001,407CO0000000192
22307-81-9,cwc_listed,化学兵器禁止法対象物質,CWC-law Listed Chemical,化学兵器の禁止及び特定物質の規制等に関する法律,Chemical Weapons Convention related law,NITE-CHRIP RJ_11_001,407CO0000000192
223129-68-8,cwc_listed,化学兵器禁止法対象物質,CWC-law Listed Chemical,化学兵器の禁止及び特定物質の規制等に関する法律,Chemical Weapons Convention related law,NITE-CHRIP RJ_11_001 政令番号: 政令別表2項第4欄の(10),407CO0000000192
2241885-74-3,cwc_listed,化学兵器禁止法対象物質,CWC-law Listed Chemical,化学兵器の禁止及び特定物質の規制等に関する法律,Chemical Weapons Convention related law,NITE-CHRIP RJ_11_001 政令番号: 政令別表2項第4欄の(1),407CO0000000192
22583-27-3,cwc_listed,化学兵器禁止法対象物質,CWC-law Listed Chemical,化学兵器の禁止及び特定物質の規制等に関する法律,Chemical Weapons Convention related law,NITE-CHRIP RJ_11_001,407CO0000000192
2261-83-8,cwc_listed,化学兵器禁止法対象物質,CWC-law Listed Chemical,化学兵器の禁止及び特定物質の規制等に関する法律,Chemical Weapons Convention related law,NITE-CHRIP RJ_11_001,407CO0000000192
22925-95-7,cwc_listed,化学兵器禁止法対象物質,CWC-law Listed Chemical,化学兵器の禁止及び特定物質の規制等に関する法律,Chemical Weapons Convention related law,NITE-CHRIP RJ_11_001,407CO0000000192
22925-96-8,cwc_listed,化学兵器禁止法対象物質,CWC-law Listed Chemical,化学兵器の禁止及び特定物質の規制等に関する法律,Chemical Weapons Convention related law,NITE-CHRIP RJ_11_001,407CO0000000192
22925-97-9,cwc_listed,化学兵器禁止法対象物質,CWC-law Listed Chemical,化学兵器の禁止及び特定物質の規制等に関する法律,Chemical Weapons Convention related law,NITE-CHRIP RJ_11_001,407CO0000000192
22925-98-0,cwc_listed,化学兵器禁止法対象物質,CWC-law Listed Chemical,化学兵器の禁止及び特定物質の規制等に関する法律,Chemical Weapons Convention related law,NITE-CHRIP RJ_11_001,407CO0000000192
22956-47-4,cwc_listed,化学兵器禁止法対象物質,CWC-law Listed Chemical,化学兵器の禁止及び特定物質の規制等に関する法律,Chemical Weapons Convention related law,NITE-CHRIP RJ_11_001,407CO0000000192
22956-48-5,cwc_listed,化学兵器禁止法対象物質,CWC-law Listed Chemical,化学兵器の禁止及び特定物質の規制等に関する法律,Chemical Weapons Convention related law,NITE-CHRIP RJ_11_001,407CO0000000192
23023-47-4,cwc_listed,化学兵器禁止法対象物質,CWC-law Listed Chemical,化学兵器の禁止及び特定物質の規制等に関する法律,Chemical Weapons Convention related law,NITE-CHRIP RJ_11_001 政令番号: 政令別表2項第4欄の(1),407CO0000000192
23164-47-8,cwc_listed,化学兵器禁止法対象物質,CWC-law Listed Chemical,化学兵器の禁止及び特定物質の規制等に関する法律,Chemical Weapons Convention related law,NITE-CHRIP RJ_11_001,407CO0000000192
23306-80-1,cwc_listed,化学兵器禁止法対象物質,CWC-law Listed Chemical,化学兵器の禁止及び特定物質の規制等に関する法律,Chemical Weapons Convention related law,NITE-CHRIP RJ_11_001,407CO0000000192
2387495-99-8,cwc_listed,化学兵器禁止法対象物質,CWC-law Listed Chemical,化学兵器の禁止及び特定物質の規制等に関する法律,Chemical Weapons Convention related law,NITE-CHRIP RJ_11_001,407CO0000000192
2387496-00-4,cwc_listed,化学兵器禁止法対象物質,CWC-law Listed Chemical,化学兵器の禁止及び特定物質の規制等に関する法律,Chemical Weapons Convention related law,NITE-CHRIP RJ_11_001,407CO0000000192
2387496-04-8,cwc_listed,化学兵器禁止法対象物質,CWC-law Listed Chemical,化学兵器の禁止及び特定物質の規制等に関する法律,Chemical Weapons Convention related law,NITE-CHRIP RJ_11_001,407CO0000000192
2387496-06-0,cwc_listed,化学兵器禁止法対象物質,CWC-law Listed Chemical,化学兵器の禁止及び特定物質の規制等に関する法律,Chemical Weapons Convention related law,NITE-CHRIP RJ_11_001,407CO0000000192
2387496-12-8,cwc_listed,化学兵器禁止法対象物質,CWC-law Listed Chemical,化学兵器の禁止及び特定物質の規制等に関する法律,Chemical Weapons Convention related law,NITE-CHRIP RJ_11_001,407CO0000000192
2404-03-7,cwc_listed,化学兵器禁止法対象物質,CWC-law Listed Chemical,化学兵器の禁止及び特定物質の規制等に関する法律,Chemical Weapons Convention related law,NITE-CHRIP RJ_11_001,407CO0000000192
2404-04-8,cwc_listed,化学兵器禁止法対象物質,CWC-law Listed Chemical,化学兵器の禁止及び特定物質の規制等に関する法律,Chemical Weapons Convention related law,NITE-CHRIP RJ_11_001,407CO0000000192
2404-73-1,cwc_listed,化学兵器禁止法対象物質,CWC-law Listed Chemical,化学兵器の禁止及び特定物質の規制等に関する法律,Chemical Weapons Convention related law,NITE-CHRIP RJ_11_001,407CO0000000192
2404-81-1,cwc_listed,化学兵器禁止法対象物質,CWC-law Listed Chemical,化学兵器の禁止及び特定物質の規制等に関する法律,Chemical Weapons Convention related law,NITE-CHRIP RJ_11_001 政令番号: 政令別表2項第4欄の(1),407CO0000000192
24578-82-3,cwc_listed,化学兵器禁止法対象物質,CWC-law Listed Chemical,化学兵器の禁止及び特定物質の規制等に関する法律,Chemical Weapons Convention related law,NITE-CHRIP RJ_11_001,407CO0000000192
24753-12-6,cwc_listed,化学兵器禁止法対象物質,CWC-law Listed Chemical,化学兵器の禁止及び特定物質の規制等に関する法律,Chemical Weapons Convention related law,NITE-CHRIP RJ_11_001,407CO0000000192
24753-15-9,cwc_listed,化学兵器禁止法対象物質,CWC-law Listed Chemical,化学兵器の禁止及び特定物質の規制等に関する法律,Chemical Weapons Convention related law,NITE-CHRIP RJ_11_001,407CO0000000192
24753-16-0,cwc_listed,化学兵器禁止法対象物質,CWC-law Listed Chemical,化学兵器の禁止及び特定物質の規制等に関する法律,Chemical Weapons Convention related law,NITE-CHRIP RJ_11_001,407CO0000000192
2478-92-4,cwc_listed,化学兵器禁止法対象物質,CWC-law Listed Chemical,化学兵器の禁止及び特定物質の規制等に関する法律,Chemical Weapons Convention related law,NITE-CHRIP RJ_11_001,407CO0000000192
2478-93-5,cwc_listed,化学兵器禁止法対象物質,CWC-law Listed Chemical,化学兵器の禁止及び特定物質の規制等に関する法律,Chemical Weapons Convention related law,NITE-CHRIP RJ_11_001,407CO0000000192
249934-12-1,cwc_listed,化学兵器禁止法対象物質,CWC-law Listed Chemical,化学兵器の禁止及び特定物質の規制等に関する法律,Chemical Weapons Convention related law,NITE-CHRIP RJ_11_001,407CO0000000192
249934-13-2,cwc_listed,化学兵器禁止法対象物質,CWC-law Listed Chemical,化学兵器の禁止及び特定物質の規制等に関する法律,Chemical Weapons Convention related law,NITE-CHRIP RJ_11_001,407CO0000000192
249934-15-4,cwc_listed,化学兵器禁止法対象物質,CWC-law Listed Chemical,化学兵器の禁止及び特定物質の規制等に関する法律,Chemical Weapons Convention related law,NITE-CHRIP RJ_11_001,407CO0000000192
249934-16-5,cwc_listed,化学兵器禁止法対象物質,CWC-law Listed Chemical,化学兵器の禁止及び特定物質の規制等に関する法律,Chemical Weapons Convention related law,NITE-CHRIP RJ_11_001,407CO0000000192
2511-10-6,cwc_listed,化学兵器禁止法対象物質,CWC-law Listed Chemical,化学兵器の禁止及び特定物質の規制等に関する法律,Chemical Weapons Convention related law,NITE-CHRIP RJ_11_001,407CO0000000192
2511-17-3,cwc_listed,化学兵器禁止法対象物質,CWC-law Listed Chemical,化学兵器の禁止及び特定物質の規制等に関する法律,Chemical Weapons Convention related law,NITE-CHRIP RJ_11_001,407CO0000000192
25235-15-8,cwc_listed,化学兵器禁止法対象物質,CWC-law Listed Chemical,化学兵器の禁止及び特定物質の規制等に関する法律,Chemical Weapons Convention related law,NITE-CHRIP RJ_11_001,407CO0000000192
2524-01-8,cwc_listed,化学兵器禁止法対象物質,CWC-law Listed Chemical,化学兵器の禁止及び特定物質の規制等に関する法律,Chemical Weapons Convention related law,NITE-CHRIP RJ_11_001,407CO0000000192
2524-15-4,cwc_listed,化学兵器禁止法対象物質,CWC-law Listed Chemical,化学兵器の禁止及び特定物質の規制等に関する法律,Chemical Weapons Convention related law,NITE-CHRIP RJ_11_001,407CO0000000192
2524-16-5,cwc_listed,化学兵器禁止法対象物質,CWC-law Listed Chemical,化学兵器の禁止及び特定物質の規制等に関する法律,Chemical Weapons Convention related law,NITE-CHRIP RJ_11_001,407CO0000000192
25333-42-0,cwc_listed,化学兵器禁止法対象物質,CWC-law Listed Chemical,化学兵器の禁止及び特定物質の規制等に関する法律,Chemical Weapons Convention related law,NITE-CHRIP RJ_11_001,407CO0000000192
26348-71-0,cwc_listed,化学兵器禁止法対象物質,CWC-law Listed Chemical,化学兵器の禁止及び特定物質の規制等に関する法律,Chemical Weapons Convention related law,NITE-CHRIP RJ_11_001,407CO0000000192
2641-09-0,cwc_listed,化学兵器禁止法対象物質,CWC-law Listed Chemical,化学兵器の禁止及び特定物質の規制等に関する法律,Chemical Weapons Convention related law,NITE-CHRIP RJ_11_001,407CO0000000192
2651-85-6,cwc_listed,化学兵器禁止法対象物質,CWC-law Listed Chemical,化学兵器の禁止及び特定物質の規制等に関する法律,Chemical Weapons Convention related law,NITE-CHRIP RJ_11_001,407CO0000000192
2723466-08-6,cwc_listed,化学兵器禁止法対象物質,CWC-law Listed Chemical,化学兵器の禁止及び特定物質の規制等に関する法律,Chemical Weapons Convention related law,NITE-CHRIP RJ_11_001 政令番号: 政令別表2項第4欄の(1),407CO0000000192
27797-35-9,cwc_listed,化学兵器禁止法対象物質,CWC-law Listed Chemical,化学兵器の禁止及び特定物質の規制等に関する法律,Chemical Weapons Convention related law,NITE-CHRIP RJ_11_001,407CO0000000192
2799-58-8,cwc_listed,化学兵器禁止法対象物質,CWC-law Listed Chemical,化学兵器の禁止及び特定物質の規制等に関する法律,Chemical Weapons Convention related law,NITE-CHRIP RJ_11_001,407CO0000000192
28364-21-8,cwc_listed,化学兵器禁止法対象物質,CWC-law Listed Chemical,化学兵器の禁止及び特定物質の規制等に関する法律,Chemical Weapons Convention related law,NITE-CHRIP RJ_11_001,407CO0000000192
28616-51-5,cwc_listed,化学兵器禁止法対象物質,CWC-law Listed Chemical,化学兵器の禁止及び特定物質の規制等に関する法律,Chemical Weapons Convention related law,NITE-CHRIP RJ_11_001,407CO0000000192
28829-95-0,cwc_listed,化学兵器禁止法対象物質,CWC-law Listed Chemical,化学兵器の禁止及び特定物質の規制等に関する法律,Chemical Weapons Convention related law,NITE-CHRIP RJ_11_001,407CO0000000192
28830-00-4,cwc_listed,化学兵器禁止法対象物質,CWC-law Listed Chemical,化学兵器の禁止及び特定物質の規制等に関する法律,Chemical Weapons Convention related law,NITE-CHRIP RJ_11_001,407CO0000000192
28841-40-9,cwc_listed,化学兵器禁止法対象物質,CWC-law Listed Chemical,化学兵器の禁止及び特定物質の規制等に関する法律,Chemical Weapons Convention related law,NITE-CHRIP RJ_11_001,407CO0000000192
288578-18-7,cwc_listed,化学兵器禁止法対象物質,CWC-law Listed Chemical,化学兵器の禁止及び特定物質の規制等に関する法律,Chemical Weapons Convention related law,NITE-CHRIP RJ_11_001,407CO0000000192
2893-43-8,cwc_listed,化学兵器禁止法対象物質,CWC-law Listed Chemical,化学兵器の禁止及び特定物質の規制等に関する法律,Chemical Weapons Convention related law,NITE-CHRIP RJ_11_001,407CO0000000192
2893-45-0,cwc_listed,化学兵器禁止法対象物質,CWC-law Listed Chemical,化学兵器の禁止及び特定物質の規制等に関する法律,Chemical Weapons Convention related law,NITE-CHRIP RJ_11_001,407CO0000000192
2893-49-4,cwc_listed,化学兵器禁止法対象物質,CWC-law Listed Chemical,化学兵器の禁止及び特定物質の規制等に関する法律,Chemical Weapons Convention related law,NITE-CHRIP RJ_11_001,407CO0000000192
2893-56-3,cwc_listed,化学兵器禁止法対象物質,CWC-law Listed Chemical,化学兵器の禁止及び特定物質の規制等に関する法律,Chemical Weapons Convention related law,NITE-CHRIP RJ_11_001,407CO0000000192
2893-61-0,cwc_listed,化学兵器禁止法対象物質,CWC-law Listed Chemical,化学兵器の禁止及び特定物質の規制等に関する法律,Chemical Weapons Convention related law,NITE-CHRIP RJ_11_001,407CO0000000192
2893-62-1,cwc_listed,化学兵器禁止法対象物質,CWC-law Listed Chemical,化学兵器の禁止及び特定物質の規制等に関する法律,Chemical Weapons Convention related law,NITE-CHRIP RJ_11_001,407CO0000000192
2893-64-3,cwc_listed,化学兵器禁止法対象物質,CWC-law Listed Chemical,化学兵器の禁止及び特定物質の規制等に関する法律,Chemical Weapons Convention related law,NITE-CHRIP RJ_11_001,407CO0000000192
2914-38-7,cwc_listed,化学兵器禁止法対象物質,CWC-law Listed Chemical,化学兵器の禁止及び特定物質の規制等に関する法律,Chemical Weapons Convention related law,NITE-CHRIP RJ_11_001,407CO0000000192
294675-51-7,cwc_listed,化学兵器禁止法対象物質,CWC-law Listed Chemical,化学兵器の禁止及び特定物質の規制等に関する法律,Chemical Weapons Convention related law,NITE-CHRIP RJ_11_001,407CO0000000192
2992-95-2,cwc_listed,化学兵器禁止法対象物質,CWC-law Listed Chemical,化学兵器の禁止及び特定物質の規制等に関する法律,Chemical Weapons Convention related law,NITE-CHRIP RJ_11_001,407CO0000000192
3001-98-7,cwc_listed,化学兵器禁止法対象物質,CWC-law Listed Chemical,化学兵器の禁止及び特定物質の規制等に関する法律,Chemical Weapons Convention related law,NITE-CHRIP RJ_11_001,407CO0000000192
30102-97-7,cwc_listed,化学兵器禁止法対象物質,CWC-law Listed Chemical,化学兵器の禁止及び特定物質の規制等に関する法律,Chemical Weapons Convention related law,NITE-CHRIP RJ_11_001,407CO0000000192
30593-65-8,cwc_listed,化学兵器禁止法対象物質,CWC-law Listed Chemical,化学兵器の禁止及び特定物質の規制等に関する法律,Chemical Weapons Convention related law,NITE-CHRIP RJ_11_001,407CO0000000192
30593-71-6,cwc_listed,化学兵器禁止法対象物質,CWC-law Listed Chemical,化学兵器の禁止及び特定物質の規制等に関する法律,Chemical Weapons Convention related law,NITE-CHRIP RJ_11_001,407CO0000000192
3167-69-9,cwc_listed,化学兵器禁止法対象物質,CWC-law Listed Chemical,化学兵器の禁止及び特定物質の規制等に関する法律,Chemical Weapons Convention related law,NITE-CHRIP RJ_11_001,407CO0000000192
3238-75-3,cwc_listed,化学兵器禁止法対象物質,CWC-law Listed Chemical,化学兵器の禁止及び特定物質の規制等に関する法律,Chemical Weapons Convention related law,NITE-CHRIP RJ_11_001,407CO0000000192
327-98-0,cwc_listed,化学兵器禁止法対象物質,CWC-law Listed Chemical,化学兵器の禁止及び特定物質の規制等に関する法律,Chemical Weapons Convention related law,NITE-CHRIP RJ_11_001,407CO0000000192
329-99-7,cwc_listed,化学兵器禁止法対象物質,CWC-law Listed Chemical,化学兵器の禁止及び特定物質の規制等に関する法律,Chemical Weapons Convention related law,NITE-CHRIP RJ_11_001,407CO0000000192
331954-04-2,cwc_listed,化学兵器禁止法対象物質,CWC-law Listed Chemical,化学兵器の禁止及び特定物質の規制等に関する法律,Chemical Weapons Convention related law,NITE-CHRIP RJ_11_001,407CO0000000192
333416-05-0,cwc_listed,化学兵器禁止法対象物質,CWC-law Listed Chemical,化学兵器の禁止及び特定物質の規制等に関する法律,Chemical Weapons Convention related law,NITE-CHRIP RJ_11_001,407CO0000000192
333416-06-1,cwc_listed,化学兵器禁止法対象物質,CWC-law Listed Chemical,化学兵器の禁止及び特定物質の規制等に関する法律,Chemical Weapons Convention related law,NITE-CHRIP RJ_11_001,407CO0000000192
333416-07-2,cwc_listed,化学兵器禁止法対象物質,CWC-law Listed Chemical,化学兵器の禁止及び特定物質の規制等に関する法律,Chemical Weapons Convention related law,NITE-CHRIP RJ_11_001,407CO0000000192
333416-08-3,cwc_listed,化学兵器禁止法対象物質,CWC-law Listed Chemical,化学兵器の禁止及び特定物質の規制等に関する法律,Chemical Weapons Convention related law,NITE-CHRIP RJ_11_001,407CO0000000192
333416-09-4,cwc_listed,化学兵器禁止法対象物質,CWC-law Listed Chemical,化学兵器の禁止及び特定物質の規制等に関する法律,Chemical Weapons Convention related law,NITE-CHRIP RJ_11_001,407CO0000000192
333416-10-7,cwc_listed,化学兵器禁止法対象物質,CWC-law Listed Chemical,化学兵器の禁止及び特定物質の規制等に関する法律,Chemical Weapons Convention related law,NITE-CHRIP RJ_11_001,407CO0000000192
333416-11-8,cwc_listed,化学兵器禁止法対象物質,CWC-law Listed Chemical,化学兵器の禁止及び特定物質の規制等に関する法律,Chemical Weapons Convention related law,NITE-CHRIP RJ_11_001,407CO0000000192
333416-12-9,cwc_listed,化学兵器禁止法対象物質,CWC-law Listed Chemical,化学兵器の禁止及び特定物質の規制等に関する法律,Chemical Weapons Convention related law,NITE-CHRIP RJ_11_001,407CO0000000192
333416-13-0,cwc_listed,化学兵器禁止法対象物質,CWC-law Listed Chemical,化学兵器の禁止及び特定物質の規制等に関する法律,Chemical Weapons Convention related law,NITE-CHRIP RJ_11_001,407CO0000000192
333416-14-1,cwc_listed,化学兵器禁止法対象物質,CWC-law Listed Chemical,化学兵器の禁止及び特定物質の規制等に関する法律,Chemical Weapons Convention related law,NITE-CHRIP RJ_11_001,407CO0000000192
333416-15-2,cwc_listed,化学兵器禁止法対象物質,CWC-law Listed Chemical,化学兵器の禁止及び特定物質の規制等に関する法律,Chemical Weapons Convention related law,NITE-CHRIP RJ_11_001,407CO0000000192
333416-16-3,cwc_listed,化学兵器禁止法対象物質,CWC-law Listed Chemical,化学兵器の禁止及び特定物質の規制等に関する法律,Chemical Weapons Convention related law,NITE-CHRIP RJ_11_001,407CO0000000192
333416-17-4,cwc_listed,化学兵器禁止法対象物質,CWC-law Listed Chemical,化学兵器の禁止及び特定物質の規制等に関する法律,Chemical Weapons Convention related law,NITE-CHRIP RJ_11_001,407CO0000000192
333416-18-5,cwc_listed,化学兵器禁止法対象物質,CWC-law Listed Chemical,化学兵器の禁止及び特定物質の規制等に関する法律,Chemical Weapons Convention related law,NITE-CHRIP RJ_11_001,407CO0000000192
333416-19-6,cwc_listed,化学兵器禁止法対象物質,CWC-law Listed Chemical,化学兵器の禁止及び特定物質の規制等に関する法律,Chemical Weapons Convention related law,NITE-CHRIP RJ_11_001,407CO0000000192
333416-20-9,cwc_listed,化学兵器禁止法対象物質,CWC-law Listed Chemical,化学兵器の禁止及び特定物質の規制等に関する法律,Chemical Weapons Convention related law,NITE-CHRIP RJ_11_001,407CO0000000192
333416-21-0,cwc_listed,化学兵器禁止法対象物質,CWC-law Listed Chemical,化学兵器の禁止及び特定物質の規制等に関する法律,Chemical Weapons Convention related law,NITE-CHRIP RJ_11_001,407CO0000000192
333416-22-1,cwc_listed,化学兵器禁止法対象物質,CWC-law Listed Chemical,化学兵器の禁止及び特定物質の規制等に関する法律,Chemical Weapons Convention related law,NITE-CHRIP RJ_11_001,407CO0000000192
333416-23-2,cwc_listed,化学兵器禁止法対象物質,CWC-law Listed Chemical,化学兵器の禁止及び特定物質の規制等に関する法律,Chemical Weapons Convention related law,NITE-CHRIP RJ_11_001,407CO0000000192
333416-25-4,cwc_listed,化学兵器禁止法対象物質,CWC-law Listed Chemical,化学兵器の禁止及び特定物質の規制等に関する法律,Chemical Weapons Convention related law,NITE-CHRIP RJ_11_001,407CO0000000192
333416-26-5,cwc_listed,化学兵器禁止法対象物質,CWC-law Listed Chemical,化学兵器の禁止及び特定物質の規制等に関する法律,Chemical Weapons Convention related law,NITE-CHRIP RJ_11_001,407CO0000000192
333416-27-6,cwc_listed,化学兵器禁止法対象物質,CWC-law Listed Chemical,化学兵器の禁止及び特定物質の規制等に関する法律,Chemical Weapons Convention related law,NITE-CHRIP RJ_11_001,407CO0000000192
333416-28-7,cwc_listed,化学兵器禁止法対象物質,CWC-law Listed Chemical,化学兵器の禁止及び特定物質の規制等に関する法律,Chemical Weapons Convention related law,NITE-CHRIP RJ_11_001,407CO0000000192
333416-29-8,cwc_listed,化学兵器禁止法対象物質,CWC-law Listed Chemical,化学兵器の禁止及び特定物質の規制等に関する法律,Chemical Weapons Convention related law,NITE-CHRIP RJ_11_001,407CO0000000192
333416-30-1,cwc_listed,化学兵器禁止法対象物質,CWC-law Listed Chemical,化学兵器の禁止及び特定物質の規制等に関する法律,Chemical Weapons Convention related law,NITE-CHRIP RJ_11_001,407CO0000000192
333416-31-2,cwc_listed,化学兵器禁止法対象物質,CWC-law Listed Chemical,化学兵器の禁止及び特定物質の規制等に関する法律,Chemical Weapons Convention related law,NITE-CHRIP RJ_11_001,407CO0000000192
333416-32-3,cwc_listed,化学兵器禁止法対象物質,CWC-law Listed Chemical,化学兵器の禁止及び特定物質の規制等に関する法律,Chemical Weapons Convention related law,NITE-CHRIP RJ_11_001,407CO0000000192
333416-33-4,cwc_listed,化学兵器禁止法対象物質,CWC-law Listed Chemical,化学兵器の禁止及び特定物質の規制等に関する法律,Chemical Weapons Convention related law,NITE-CHRIP RJ_11_001,407CO0000000192
333416-34-5,cwc_listed,化学兵器禁止法対象物質,CWC-law Listed Chemical,化学兵器の禁止及び特定物質の規制等に関する法律,Chemical Weapons Convention related law,NITE-CHRIP RJ_11_001,407CO0000000192
333416-35-6,cwc_listed,化学兵器禁止法対象物質,CWC-law Listed Chemical,化学兵器の禁止及び特定物質の規制等に関する法律,Chemical Weapons Convention related law,NITE-CHRIP RJ_11_001,407CO0000000192
333416-36-7,cwc_listed,化学兵器禁止法対象物質,CWC-law Listed Chemical,化学兵器の禁止及び特定物質の規制等に関する法律,Chemical Weapons Convention related law,NITE-CHRIP RJ_11_001,407CO0000000192
333416-37-8,cwc_listed,化学兵器禁止法対象物質,CWC-law Listed Chemical,化学兵器の禁止及び特定物質の規制等に関する法律,Chemical Weapons Convention related law,NITE-CHRIP RJ_11_001,407CO0000000192
333416-38-9,cwc_listed,化学兵器禁止法対象物質,CWC-law Listed Chemical,化学兵器の禁止及び特定物質の規制等に関する法律,Chemical Weapons Convention related law,NITE-CHRIP RJ_11_001,407CO0000000192
333416-39-0,cwc_listed,化学兵器禁止法対象物質,CWC-law Listed Chemical,化学兵器の禁止及び特定物質の規制等に関する法律,Chemical Weapons Convention related law,NITE-CHRIP RJ_11_001,407CO0000000192
333416-40-3,cwc_listed,化学兵器禁止法対象物質,CWC-law Listed Chemical,化学兵器の禁止及び特定物質の規制等に関する法律,Chemical Weapons Convention related law,NITE-CHRIP RJ_11_001,407CO0000000192
333416-41-4,cwc_listed,化学兵器禁止法対象物質,CWC-law Listed Chemical,化学兵器の禁止及び特定物質の規制等に関する法律,Chemical Weapons Convention related law,NITE-CHRIP RJ_11_001,407CO0000000192
333416-43-6,cwc_listed,化学兵器禁止法対象物質,CWC-law Listed Chemical,化学兵器の禁止及び特定物質の規制等に関する法律,Chemical Weapons Convention related law,NITE-CHRIP RJ_11_001,407CO0000000192
333416-55-0,cwc_listed,化学兵器禁止法対象物質,CWC-law Listed Chemical,化学兵器の禁止及び特定物質の規制等に関する法律,Chemical Weapons Convention related law,NITE-CHRIP RJ_11_001,407CO0000000192
333416-60-7,cwc_listed,化学兵器禁止法対象物質,CWC-law Listed Chemical,化学兵器の禁止及び特定物質の規制等に関する法律,Chemical Weapons Convention related law,NITE-CHRIP RJ_11_001,407CO0000000192
333416-64-1,cwc_listed,化学兵器禁止法対象物質,CWC-law Listed Chemical,化学兵器の禁止及び特定物質の規制等に関する法律,Chemical Weapons Convention related law,NITE-CHRIP RJ_11_001,407CO0000000192
333416-65-2,cwc_listed,化学兵器禁止法対象物質,CWC-law Listed Chemical,化学兵器の禁止及び特定物質の規制等に関する法律,Chemical Weapons Convention related law,NITE-CHRIP RJ_11_001,407CO0000000192
333416-70-9,cwc_listed,化学兵器禁止法対象物質,CWC-law Listed Chemical,化学兵器の禁止及び特定物質の規制等に関する法律,Chemical Weapons Convention related law,NITE-CHRIP RJ_11_001,407CO0000000192
333416-72-1,cwc_listed,化学兵器禁止法対象物質,CWC-law Listed Chemical,化学兵器の禁止及び特定物質の規制等に関する法律,Chemical Weapons Convention related law,NITE-CHRIP RJ_11_001,407CO0000000192
333416-73-2,cwc_listed,化学兵器禁止法対象物質,CWC-law Listed Chemical,化学兵器の禁止及び特定物質の規制等に関する法律,Chemical Weapons Convention related law,NITE-CHRIP RJ_11_001,407CO0000000192
333416-74-3,cwc_listed,化学兵器禁止法対象物質,CWC-law Listed Chemical,化学兵器の禁止及び特定物質の規制等に関する法律,Chemical Weapons Convention related law,NITE-CHRIP RJ_11_001,407CO0000000192
333416-76-5,cwc_listed,化学兵器禁止法対象物質,CWC-law Listed Chemical,化学兵器の禁止及び特定物質の規制等に関する法律,Chemical Weapons Convention related law,NITE-CHRIP RJ_11_001,407CO0000000192
34255-87-3,cwc_listed,化学兵器禁止法対象物質,CWC-law Listed Chemical,化学兵器の禁止及び特定物質の規制等に関する法律,Chemical Weapons Convention related law,NITE-CHRIP RJ_11_001,407CO0000000192
34256-71-8,cwc_listed,化学兵器禁止法対象物質,CWC-law Listed Chemical,化学兵器の禁止及び特定物質の規制等に関する法律,Chemical Weapons Convention related law,NITE-CHRIP RJ_11_001,407CO0000000192
34388-36-8,cwc_listed,化学兵器禁止法対象物質,CWC-law Listed Chemical,化学兵器の禁止及び特定物質の規制等に関する法律,Chemical Weapons Convention related law,NITE-CHRIP RJ_11_001,407CO0000000192
34461-56-8,cwc_listed,化学兵器禁止法対象物質,CWC-law Listed Chemical,化学兵器の禁止及び特定物質の規制等に関する法律,Chemical Weapons Convention related law,NITE-CHRIP RJ_11_001,407CO0000000192
345239-05-6,cwc_listed,化学兵器禁止法対象物質,CWC-law Listed Chemical,化学兵器の禁止及び特定物質の規制等に関する法律,Chemical Weapons Convention related law,NITE-CHRIP RJ_11_001,407CO0000000192
345239-06-7,cwc_listed,化学兵器禁止法対象物質,CWC-law Listed Chemical,化学兵器の禁止及び特定物質の規制等に関する法律,Chemical Weapons Convention related law,NITE-CHRIP RJ_11_001,407CO0000000192
345239-07-8,cwc_listed,化学兵器禁止法対象物質,CWC-law Listed Chemical,化学兵器の禁止及び特定物質の規制等に関する法律,Chemical Weapons Convention related law,NITE-CHRIP RJ_11_001,407CO0000000192
345239-08-9,cwc_listed,化学兵器禁止法対象物質,CWC-law Listed Chemical,化学兵器の禁止及び特定物質の規制等に関する法律,Chemical Weapons Convention related law,NITE-CHRIP RJ_11_001,407CO0000000192
345239-09-0,cwc_listed,化学兵器禁止法対象物質,CWC-law Listed Chemical,化学兵器の禁止及び特定物質の規制等に関する法律,Chemical Weapons Convention related law,NITE-CHRIP RJ_11_001,407CO0000000192
345239-10-3,cwc_listed,化学兵器禁止法対象物質,CWC-law Listed Chemical,化学兵器の禁止及び特定物質の規制等に関する法律,Chemical Weapons Convention related law,NITE-CHRIP RJ_11_001,407CO0000000192
345239-11-4,cwc_listed,化学兵器禁止法対象物質,CWC-law Listed Chemical,化学兵器の禁止及び特定物質の規制等に関する法律,Chemical Weapons Convention related law,NITE-CHRIP RJ_11_001,407CO0000000192
345239-12-5,cwc_listed,化学兵器禁止法対象物質,CWC-law Listed Chemical,化学兵器の禁止及び特定物質の規制等に関する法律,Chemical Weapons Convention related law,NITE-CHRIP RJ_11_001,407CO0000000192
345239-13-6,cwc_listed,化学兵器禁止法対象物質,CWC-law Listed Chemical,化学兵器の禁止及び特定物質の規制等に関する法律,Chemical Weapons Convention related law,NITE-CHRIP RJ_11_001,407CO0000000192
345239-14-7,cwc_listed,化学兵器禁止法対象物質,CWC-law Listed Chemical,化学兵器の禁止及び特定物質の規制等に関する法律,Chemical Weapons Convention related law,NITE-CHRIP RJ_11_001,407CO0000000192
345260-66-4,cwc_listed,化学兵器禁止法対象物質,CWC-law Listed Chemical,化学兵器の禁止及び特定物質の規制等に関する法律,Chemical Weapons Convention related law,NITE-CHRIP RJ_11_001,407CO0000000192
345260-67-5,cwc_listed,化学兵器禁止法対象物質,CWC-law Listed Chemical,化学兵器の禁止及び特定物質の規制等に関する法律,Chemical Weapons Convention related law,NITE-CHRIP RJ_11_001,407CO0000000192
345260-68-6,cwc_listed,化学兵器禁止法対象物質,CWC-law Listed Chemical,化学兵器の禁止及び特定物質の規制等に関する法律,Chemical Weapons Convention related law,NITE-CHRIP RJ_11_001,407CO0000000192
345260-69-7,cwc_listed,化学兵器禁止法対象物質,CWC-law Listed Chemical,化学兵器の禁止及び特定物質の規制等に関する法律,Chemical Weapons Convention related law,NITE-CHRIP RJ_11_001,407CO0000000192
345260-70-0,cwc_listed,化学兵器禁止法対象物質,CWC-law Listed Chemical,化学兵器の禁止及び特定物質の規制等に関する法律,Chemical Weapons Convention related law,NITE-CHRIP RJ_11_001,407CO0000000192
345260-71-1,cwc_listed,化学兵器禁止法対象物質,CWC-law Listed Chemical,化学兵器の禁止及び特定物質の規制等に関する法律,Chemical Weapons Convention related law,NITE-CHRIP RJ_11_001,407CO0000000192
345260-72-2,cwc_listed,化学兵器禁止法対象物質,CWC-law Listed Chemical,化学兵器の禁止及び特定物質の規制等に関する法律,Chemical Weapons Convention related law,NITE-CHRIP RJ_11_001,407CO0000000192
345260-73-3,cwc_listed,化学兵器禁止法対象物質,CWC-law Listed Chemical,化学兵器の禁止及び特定物質の規制等に関する法律,Chemical Weapons Convention related law,NITE-CHRIP RJ_11_001,407CO0000000192
345260-75-5,cwc_listed,化学兵器禁止法対象物質,CWC-law Listed Chemical,化学兵器の禁止及び特定物質の規制等に関する法律,Chemical Weapons Convention related law,NITE-CHRIP RJ_11_001,407CO0000000192
345260-76-6,cwc_listed,化学兵器禁止法対象物質,CWC-law Listed Chemical,化学兵器の禁止及び特定物質の規制等に関する法律,Chemical Weapons Convention related law,NITE-CHRIP RJ_11_001,407CO0000000192
345260-77-7,cwc_listed,化学兵器禁止法対象物質,CWC-law Listed Chemical,化学兵器の禁止及び特定物質の規制等に関する法律,Chemical Weapons Convention related law,NITE-CHRIP RJ_11_001,407CO0000000192
345260-78-8,cwc_listed,化学兵器禁止法対象物質,CWC-law Listed Chemical,化学兵器の禁止及び特定物質の規制等に関する法律,Chemical Weapons Convention related law,NITE-CHRIP RJ_11_001,407CO0000000192
345260-79-9,cwc_listed,化学兵器禁止法対象物質,CWC-law Listed Chemical,化学兵器の禁止及び特定物質の規制等に関する法律,Chemical Weapons Convention related law,NITE-CHRIP RJ_11_001,407CO0000000192
345260-80-2,cwc_listed,化学兵器禁止法対象物質,CWC-law Listed Chemical,化学兵器の禁止及び特定物質の規制等に関する法律,Chemical Weapons Convention related law,NITE-CHRIP RJ_11_001,407CO0000000192
345260-81-3,cwc_listed,化学兵器禁止法対象物質,CWC-law Listed Chemical,化学兵器の禁止及び特定物質の規制等に関する法律,Chemical Weapons Convention related law,NITE-CHRIP RJ_11_001,407CO0000000192
345260-82-4,cwc_listed,化学兵器禁止法対象物質,CWC-law Listed Chemical,化学兵器の禁止及び特定物質の規制等に関する法律,Chemical Weapons Convention related law,NITE-CHRIP RJ_11_001,407CO0000000192
345260-83-5,cwc_listed,化学兵器禁止法対象物質,CWC-law Listed Chemical,化学兵器の禁止及び特定物質の規制等に関する法律,Chemical Weapons Convention related law,NITE-CHRIP RJ_11_001,407CO0000000192
345260-84-6,cwc_listed,化学兵器禁止法対象物質,CWC-law Listed Chemical,化学兵器の禁止及び特定物質の規制等に関する法律,Chemical Weapons Convention related law,NITE-CHRIP RJ_11_001,407CO0000000192
345260-85-7,cwc_listed,化学兵器禁止法対象物質,CWC-law Listed Chemical,化学兵器の禁止及び特定物質の規制等に関する法律,Chemical Weapons Convention related law,NITE-CHRIP RJ_11_001,407CO0000000192
345260-86-8,cwc_listed,化学兵器禁止法対象物質,CWC-law Listed Chemical,化学兵器の禁止及び特定物質の規制等に関する法律,Chemical Weapons Convention related law,NITE-CHRIP RJ_11_001,407CO0000000192
345260-87-9,cwc_listed,化学兵器禁止法対象物質,CWC-law Listed Chemical,化学兵器の禁止及び特定物質の規制等に関する法律,Chemical Weapons Convention related law,NITE-CHRIP RJ_11_001,407CO0000000192
345260-88-0,cwc_listed,化学兵器禁止法対象物質,CWC-law Listed Chemical,化学兵器の禁止及び特定物質の規制等に関する法律,Chemical Weapons Convention related law,NITE-CHRIP RJ_11_001,407CO0000000192
34583-34-1,cwc_listed,化学兵器禁止法対象物質,CWC-law Listed Chemical,化学兵器の禁止及び特定物質の規制等に関する法律,Chemical Weapons Convention related law,NITE-CHRIP RJ_11_001 政令番号: 政令別表2項第4欄の(6),407CO0000000192
352-52-3,cwc_listed,化学兵器禁止法対象物質,CWC-law Listed Chemical,化学兵器の禁止及び特定物質の規制等に関する法律,Chemical Weapons Convention related law,NITE-CHRIP RJ_11_001,407CO0000000192
352-53-4,cwc_listed,化学兵器禁止法対象物質,CWC-law Listed Chemical,化学兵器の禁止及び特定物質の規制等に関する法律,Chemical Weapons Convention related law,NITE-CHRIP RJ_11_001,407CO0000000192
352-63-6,cwc_listed,化学兵器禁止法対象物質,CWC-law Listed Chemical,化学兵器の禁止及び特定物質の規制等に関する法律,Chemical Weapons Convention related law,NITE-CHRIP RJ_11_001,407CO0000000192
353-88-8,cwc_listed,化学兵器禁止法対象物質,CWC-law Listed Chemical,化学兵器の禁止及び特定物質の規制等に関する法律,Chemical Weapons Convention related law,NITE-CHRIP RJ_11_001,407CO0000000192
354-43-8,cwc_listed,化学兵器禁止法対象物質,CWC-law Listed Chemical,化学兵器の禁止及び特定物質の規制等に関する法律,Chemical Weapons Convention related law,NITE-CHRIP RJ_11_001,407CO0000000192
35523-89-8,cwc_listed,化学兵器禁止法対象物質,CWC-law Listed Chemical,化学兵器の禁止及び特定物質の規制等に関する法律,Chemical Weapons Convention related law,NITE-CHRIP RJ_11_001,407CO0000000192
3563-36-8,cwc_listed,化学兵器禁止法対象物質,CWC-law Listed Chemical,化学兵器の禁止及び特定物質の規制等に関する法律,Chemical Weapons Convention related law,NITE-CHRIP RJ_11_001,407CO0000000192
35851-62-8,cwc_listed,化学兵器禁止法対象物質,CWC-law Listed Chemical,化学兵器の禁止及び特定物質の規制等に関する法律,Chemical Weapons Convention related law,NITE-CHRIP RJ_11_001,407CO0000000192
359-94-4,cwc_listed,化学兵器禁止法対象物質,CWC-law Listed Chemical,化学兵器の禁止及び特定物質の規制等に関する法律,Chemical Weapons Convention related law,NITE-CHRIP RJ_11_001,407CO0000000192
3590-07-6,cwc_listed,化学兵器禁止法対象物質,CWC-law Listed Chemical,化学兵器の禁止及び特定物質の規制等に関する法律,Chemical Weapons Convention related law,NITE-CHRIP RJ_11_001,407CO0000000192
363626-50-0,cwc_listed,化学兵器禁止法対象物質,CWC-law Listed Chemical,化学兵器の禁止及び特定物質の規制等に関する法律,Chemical Weapons Convention related law,NITE-CHRIP RJ_11_001,407CO0000000192
36598-84-2,cwc_listed,化学兵器禁止法対象物質,CWC-law Listed Chemical,化学兵器の禁止及び特定物質の規制等に関する法律,Chemical Weapons Convention related law,NITE-CHRIP RJ_11_001,407CO0000000192
36716-60-6,cwc_listed,化学兵器禁止法対象物質,CWC-law Listed Chemical,化学兵器の禁止及び特定物質の規制等に関する法律,Chemical Weapons Convention related law,NITE-CHRIP RJ_11_001,407CO0000000192
36759-66-7,cwc_listed,化学兵器禁止法対象物質,CWC-law Listed Chemical,化学兵器の禁止及び特定物質の規制等に関する法律,Chemical Weapons Convention related law,NITE-CHRIP RJ_11_001,407CO0000000192
36759-67-8,cwc_listed,化学兵器禁止法対象物質,CWC-law Listed Chemical,化学兵器の禁止及び特定物質の規制等に関する法律,Chemical Weapons Convention related law,NITE-CHRIP RJ_11_001,407CO0000000192
36759-68-9,cwc_listed,化学兵器禁止法対象物質,CWC-law Listed Chemical,化学兵器の禁止及び特定物質の規制等に関する法律,Chemical Weapons Convention related law,NITE-CHRIP RJ_11_001,407CO0000000192
372-62-3,cwc_listed,化学兵器禁止法対象物質,CWC-law Listed Chemical,化学兵器の禁止及び特定物質の規制等に関する法律,Chemical Weapons Convention related law,NITE-CHRIP RJ_11_001,407CO0000000192
3734-97-2,cwc_listed,化学兵器禁止法対象物質,CWC-law Listed Chemical,化学兵器の禁止及び特定物質の規制等に関する法律,Chemical Weapons Convention related law,NITE-CHRIP RJ_11_001,407CO0000000192
3759-39-5,cwc_listed,化学兵器禁止法対象物質,CWC-law Listed Chemical,化学兵器の禁止及び特定物質の規制等に関する法律,Chemical Weapons Convention related law,NITE-CHRIP RJ_11_001,407CO0000000192
382-21-8,cwc_listed,化学兵器禁止法対象物質,CWC-law Listed Chemical,化学兵器の禁止及び特定物質の規制等に関する法律,Chemical Weapons Convention related law,NITE-CHRIP RJ_11_001,407CO0000000192
38770-03-5,cwc_listed,化学兵器禁止法対象物質,CWC-law Listed Chemical,化学兵器の禁止及び特定物質の規制等に関する法律,Chemical Weapons Convention related law,NITE-CHRIP RJ_11_001,407CO0000000192
40334-69-8,cwc_listed,化学兵器禁止法対象物質,CWC-law Listed Chemical,化学兵器の禁止及び特定物質の規制等に関する法律,Chemical Weapons Convention related law,NITE-CHRIP RJ_11_001,407CO0000000192
40334-70-1,cwc_listed,化学兵器禁止法対象物質,CWC-law Listed Chemical,化学兵器の禁止及び特定物質の規制等に関する法律,Chemical Weapons Convention related law,NITE-CHRIP RJ_11_001,407CO0000000192
408326-30-7,cwc_listed,化学兵器禁止法対象物質,CWC-law Listed Chemical,化学兵器の禁止及び特定物質の規制等に関する法律,Chemical Weapons Convention related law,NITE-CHRIP RJ_11_001,407CO0000000192
40881-98-9,cwc_listed,化学兵器禁止法対象物質,CWC-law Listed Chemical,化学兵器の禁止及び特定物質の規制等に関する法律,Chemical Weapons Convention related law,NITE-CHRIP RJ_11_001,407CO0000000192
40882-01-7,cwc_listed,化学兵器禁止法対象物質,CWC-law Listed Chemical,化学兵器の禁止及び特定物質の規制等に関する法律,Chemical Weapons Convention related law,NITE-CHRIP RJ_11_001,407CO0000000192
41203-81-0,cwc_listed,化学兵器禁止法対象物質,CWC-law Listed Chemical,化学兵器の禁止及び特定物質の規制等に関する法律,Chemical Weapons Convention related law,NITE-CHRIP RJ_11_001,407CO0000000192
41480-75-5,cwc_listed,化学兵器禁止法対象物質,CWC-law Listed Chemical,化学兵器の禁止及び特定物質の規制等に関する法律,Chemical Weapons Convention related law,NITE-CHRIP RJ_11_001,407CO0000000192
4206-94-4,cwc_listed,化学兵器禁止法対象物質,CWC-law Listed Chemical,化学兵器の禁止及び特定物質の規制等に関する法律,Chemical Weapons Convention related law,NITE-CHRIP RJ_11_001,407CO0000000192
4241-34-3,cwc_listed,化学兵器禁止法対象物質,CWC-law Listed Chemical,化学兵器の禁止及び特定物質の規制等に関する法律,Chemical Weapons Convention related law,NITE-CHRIP RJ_11_001,407CO0000000192
42595-45-9,cwc_listed,化学兵器禁止法対象物質,CWC-law Listed Chemical,化学兵器の禁止及び特定物質の規制等に関する法律,Chemical Weapons Convention related law,NITE-CHRIP RJ_11_001,407CO0000000192
4261-68-1,cwc_listed,化学兵器禁止法対象物質,CWC-law Listed Chemical,化学兵器の禁止及び特定物質の規制等に関する法律,Chemical Weapons Convention related law,NITE-CHRIP RJ_11_001,407CO0000000192
4363-06-8,cwc_listed,化学兵器禁止法対象物質,CWC-law Listed Chemical,化学兵器の禁止及び特定物質の規制等に関する法律,Chemical Weapons Convention related law,NITE-CHRIP RJ_11_001 政令番号: 政令別表2項第4欄の(1),407CO0000000192
4535-76-6,cwc_listed,化学兵器禁止法対象物質,CWC-law Listed Chemical,化学兵器の禁止及び特定物質の規制等に関する法律,Chemical Weapons Convention related law,NITE-CHRIP RJ_11_001,407CO0000000192
4535-77-7,cwc_listed,化学兵器禁止法対象物質,CWC-law Listed Chemical,化学兵器の禁止及び特定物質の規制等に関する法律,Chemical Weapons Convention related law,NITE-CHRIP RJ_11_001,407CO0000000192
4535-86-8,cwc_listed,化学兵器禁止法対象物質,CWC-law Listed Chemical,化学兵器の禁止及び特定物質の規制等に関する法律,Chemical Weapons Convention related law,NITE-CHRIP RJ_11_001,407CO0000000192
4535-88-0,cwc_listed,化学兵器禁止法対象物質,CWC-law Listed Chemical,化学兵器の禁止及び特定物質の規制等に関する法律,Chemical Weapons Convention related law,NITE-CHRIP RJ_11_001,407CO0000000192
4535-89-1,cwc_listed,化学兵器禁止法対象物質,CWC-law Listed Chemical,化学兵器の禁止及び特定物質の規制等に関する法律,Chemical Weapons Convention related law,NITE-CHRIP RJ_11_001,407CO0000000192
4546-11-6,cwc_listed,化学兵器禁止法対象物質,CWC-law Listed Chemical,化学兵器の禁止及び特定物質の規制等に関する法律,Chemical Weapons Convention related law,NITE-CHRIP RJ_11_001,407CO0000000192
4546-12-7,cwc_listed,化学兵器禁止法対象物質,CWC-law Listed Chemical,化学兵器の禁止及び特定物質の規制等に関する法律,Chemical Weapons Convention related law,NITE-CHRIP RJ_11_001,407CO0000000192
458-71-9,cwc_listed,化学兵器禁止法対象物質,CWC-law Listed Chemical,化学兵器の禁止及び特定物質の規制等に関する法律,Chemical Weapons Convention related law,NITE-CHRIP RJ_11_001,407CO0000000192
4584-46-7,cwc_listed,化学兵器禁止法対象物質,CWC-law Listed Chemical,化学兵器の禁止及び特定物質の規制等に関する法律,Chemical Weapons Convention related law,NITE-CHRIP RJ_11_001,407CO0000000192
460091-25-2,cwc_listed,化学兵器禁止法対象物質,CWC-law Listed Chemical,化学兵器の禁止及び特定物質の規制等に関する法律,Chemical Weapons Convention related law,NITE-CHRIP RJ_11_001,407CO0000000192
460091-27-4,cwc_listed,化学兵器禁止法対象物質,CWC-law Listed Chemical,化学兵器の禁止及び特定物質の規制等に関する法律,Chemical Weapons Convention related law,NITE-CHRIP RJ_11_001,407CO0000000192
4628-12-0,cwc_listed,化学兵器禁止法対象物質,CWC-law Listed Chemical,化学兵器の禁止及び特定物質の規制等に関する法律,Chemical Weapons Convention related law,NITE-CHRIP RJ_11_001,407CO0000000192
464-07-3,cwc_listed,化学兵器禁止法対象物質,CWC-law Listed Chemical,化学兵器の禁止及び特定物質の規制等に関する法律,Chemical Weapons Convention related law,NITE-CHRIP RJ_11_001,407CO0000000192
4672-38-2,cwc_listed,化学兵器禁止法対象物質,CWC-law Listed Chemical,化学兵器の禁止及び特定物質の規制等に関する法律,Chemical Weapons Convention related law,NITE-CHRIP RJ_11_001,407CO0000000192
468711-90-2,cwc_listed,化学兵器禁止法対象物質,CWC-law Listed Chemical,化学兵器の禁止及び特定物質の規制等に関する法律,Chemical Weapons Convention related law,NITE-CHRIP RJ_11_001,407CO0000000192
468711-92-4,cwc_listed,化学兵器禁止法対象物質,CWC-law Listed Chemical,化学兵器の禁止及び特定物質の規制等に関する法律,Chemical Weapons Convention related law,NITE-CHRIP RJ_11_001 政令番号: 政令別表2項第4欄の(1),407CO0000000192
468711-93-5,cwc_listed,化学兵器禁止法対象物質,CWC-law Listed Chemical,化学兵器の禁止及び特定物質の規制等に関する法律,Chemical Weapons Convention related law,NITE-CHRIP RJ_11_001 政令番号: 政令別表2項第4欄の(1),407CO0000000192
468711-94-6,cwc_listed,化学兵器禁止法対象物質,CWC-law Listed Chemical,化学兵器の禁止及び特定物質の規制等に関する法律,Chemical Weapons Convention related law,NITE-CHRIP RJ_11_001,407CO0000000192
468711-95-7,cwc_listed,化学兵器禁止法対象物質,CWC-law Listed Chemical,化学兵器の禁止及び特定物質の規制等に関する法律,Chemical Weapons Convention related law,NITE-CHRIP RJ_11_001,407CO0000000192
468711-96-8,cwc_listed,化学兵器禁止法対象物質,CWC-law Listed Chemical,化学兵器の禁止及び特定物質の規制等に関する法律,Chemical Weapons Convention related law,NITE-CHRIP RJ_11_001,407CO0000000192
468711-97-9,cwc_listed,化学兵器禁止法対象物質,CWC-law Listed Chemical,化学兵器の禁止及び特定物質の規制等に関する法律,Chemical Weapons Convention related law,NITE-CHRIP RJ_11_001,407CO0000000192
468711-98-0,cwc_listed,化学兵器禁止法対象物質,CWC-law Listed Chemical,化学兵器の禁止及び特定物質の規制等に関する法律,Chemical Weapons Convention related law,NITE-CHRIP RJ_11_001,407CO0000000192
468712-01-8,cwc_listed,化学兵器禁止法対象物質,CWC-law Listed Chemical,化学兵器の禁止及び特定物質の規制等に関する法律,Chemical Weapons Convention related law,NITE-CHRIP RJ_11_001,407CO0000000192
468712-02-9,cwc_listed,化学兵器禁止法対象物質,CWC-law Listed Chemical,化学兵器の禁止及び特定物質の規制等に関する法律,Chemical Weapons Convention related law,NITE-CHRIP RJ_11_001,407CO0000000192
468712-03-0,cwc_listed,化学兵器禁止法対象物質,CWC-law Listed Chemical,化学兵器の禁止及び特定物質の規制等に関する法律,Chemical Weapons Convention related law,NITE-CHRIP RJ_11_001,407CO0000000192
468712-06-3,cwc_listed,化学兵器禁止法対象物質,CWC-law Listed Chemical,化学兵器の禁止及び特定物質の規制等に関する法律,Chemical Weapons Convention related law,NITE-CHRIP RJ_11_001,407CO0000000192
468712-07-4,cwc_listed,化学兵器禁止法対象物質,CWC-law Listed Chemical,化学兵器の禁止及び特定物質の規制等に関する法律,Chemical Weapons Convention related law,NITE-CHRIP RJ_11_001,407CO0000000192
468712-08-5,cwc_listed,化学兵器禁止法対象物質,CWC-law Listed Chemical,化学兵器の禁止及び特定物質の規制等に関する法律,Chemical Weapons Convention related law,NITE-CHRIP RJ_11_001,407CO0000000192
468712-09-6,cwc_listed,化学兵器禁止法対象物質,CWC-law Listed Chemical,化学兵器の禁止及び特定物質の規制等に関する法律,Chemical Weapons Convention related law,NITE-CHRIP RJ_11_001,407CO0000000192
468712-10-9,cwc_listed,化学兵器禁止法対象物質,CWC-law Listed Chemical,化学兵器の禁止及び特定物質の規制等に関する法律,Chemical Weapons Convention related law,NITE-CHRIP RJ_11_001,407CO0000000192
468712-11-0,cwc_listed,化学兵器禁止法対象物質,CWC-law Listed Chemical,化学兵器の禁止及び特定物質の規制等に関する法律,Chemical Weapons Convention related law,NITE-CHRIP RJ_11_001,407CO0000000192
468712-12-1,cwc_listed,化学兵器禁止法対象物質,CWC-law Listed Chemical,化学兵器の禁止及び特定物質の規制等に関する法律,Chemical Weapons Convention related law,NITE-CHRIP RJ_11_001,407CO0000000192
468712-13-2,cwc_listed,化学兵器禁止法対象物質,CWC-law Listed Chemical,化学兵器の禁止及び特定物質の規制等に関する法律,Chemical Weapons Convention related law,NITE-CHRIP RJ_11_001,407CO0000000192
468712-14-3,cwc_listed,化学兵器禁止法対象物質,CWC-law Listed Chemical,化学兵器の禁止及び特定物質の規制等に関する法律,Chemical Weapons Convention related law,NITE-CHRIP RJ_11_001,407CO0000000192
468712-15-4,cwc_listed,化学兵器禁止法対象物質,CWC-law Listed Chemical,化学兵器の禁止及び特定物質の規制等に関する法律,Chemical Weapons Convention related law,NITE-CHRIP RJ_11_001,407CO0000000192
468712-17-6,cwc_listed,化学兵器禁止法対象物質,CWC-law Listed Chemical,化学兵器の禁止及び特定物質の規制等に関する法律,Chemical Weapons Convention related law,NITE-CHRIP RJ_11_001,407CO0000000192
468712-18-7,cwc_listed,化学兵器禁止法対象物質,CWC-law Listed Chemical,化学兵器の禁止及び特定物質の規制等に関する法律,Chemical Weapons Convention related law,NITE-CHRIP RJ_11_001,407CO0000000192
468712-19-8,cwc_listed,化学兵器禁止法対象物質,CWC-law Listed Chemical,化学兵器の禁止及び特定物質の規制等に関する法律,Chemical Weapons Convention related law,NITE-CHRIP RJ_11_001,407CO0000000192
468712-20-1,cwc_listed,化学兵器禁止法対象物質,CWC-law Listed Chemical,化学兵器の禁止及び特定物質の規制等に関する法律,Chemical Weapons Convention related law,NITE-CHRIP RJ_11_001,407CO0000000192
468712-21-2,cwc_listed,化学兵器禁止法対象物質,CWC-law Listed Chemical,化学兵器の禁止及び特定物質の規制等に関する法律,Chemical Weapons Convention related law,NITE-CHRIP RJ_11_001,407CO0000000192
468712-22-3,cwc_listed,化学兵器禁止法対象物質,CWC-law Listed Chemical,化学兵器の禁止及び特定物質の規制等に関する法律,Chemical Weapons Convention related law,NITE-CHRIP RJ_11_001,407CO0000000192
468712-23-4,cwc_listed,化学兵器禁止法対象物質,CWC-law Listed Chemical,化学兵器の禁止及び特定物質の規制等に関する法律,Chemical Weapons Convention related law,NITE-CHRIP RJ_11_001,407CO0000000192
468712-24-5,cwc_listed,化学兵器禁止法対象物質,CWC-law Listed Chemical,化学兵器の禁止及び特定物質の規制等に関する法律,Chemical Weapons Convention related law,NITE-CHRIP RJ_11_001,407CO0000000192
468712-25-6,cwc_listed,化学兵器禁止法対象物質,CWC-law Listed Chemical,化学兵器の禁止及び特定物質の規制等に関する法律,Chemical Weapons Convention related law,NITE-CHRIP RJ_11_001,407CO0000000192
468712-29-0,cwc_listed,化学兵器禁止法対象物質,CWC-law Listed Chemical,化学兵器の禁止及び特定物質の規制等に関する法律,Chemical Weapons Convention related law,NITE-CHRIP RJ_11_001,407CO0000000192
468712-30-3,cwc_listed,化学兵器禁止法対象物質,CWC-law Listed Chemical,化学兵器の禁止及び特定物質の規制等に関する法律,Chemical Weapons Convention related law,NITE-CHRIP RJ_11_001,407CO0000000192
468712-32-5,cwc_listed,化学兵器禁止法対象物質,CWC-law Listed Chemical,化学兵器の禁止及び特定物質の規制等に関する法律,Chemical Weapons Convention related law,NITE-CHRIP RJ_11_001,407CO0000000192
468712-33-6,cwc_listed,化学兵器禁止法対象物質,CWC-law Listed Chemical,化学兵器の禁止及び特定物質の規制等に関する法律,Chemical Weapons Convention related law,NITE-CHRIP RJ_11_001,407CO0000000192
468712-34-7,cwc_listed,化学兵器禁止法対象物質,CWC-law Listed Chemical,化学兵器の禁止及び特定物質の規制等に関する法律,Chemical Weapons Convention related law,NITE-CHRIP RJ_11_001,407CO0000000192
468712-35-8,cwc_listed,化学兵器禁止法対象物質,CWC-law Listed Chemical,化学兵器の禁止及び特定物質の規制等に関する法律,Chemical Weapons Convention related law,NITE-CHRIP RJ_11_001,407CO0000000192
468712-36-9,cwc_listed,化学兵器禁止法対象物質,CWC-law Listed Chemical,化学兵器の禁止及び特定物質の規制等に関する法律,Chemical Weapons Convention related law,NITE-CHRIP RJ_11_001,407CO0000000192
468712-37-0,cwc_listed,化学兵器禁止法対象物質,CWC-law Listed Chemical,化学兵器の禁止及び特定物質の規制等に関する法律,Chemical Weapons Convention related law,NITE-CHRIP RJ_11_001,407CO0000000192
468712-46-1,cwc_listed,化学兵器禁止法対象物質,CWC-law Listed Chemical,化学兵器の禁止及び特定物質の規制等に関する法律,Chemical Weapons Convention related law,NITE-CHRIP RJ_11_001,407CO0000000192
468712-47-2,cwc_listed,化学兵器禁止法対象物質,CWC-law Listed Chemical,化学兵器の禁止及び特定物質の規制等に関する法律,Chemical Weapons Convention related law,NITE-CHRIP RJ_11_001,407CO0000000192
468712-48-3,cwc_listed,化学兵器禁止法対象物質,CWC-law Listed Chemical,化学兵器の禁止及び特定物質の規制等に関する法律,Chemical Weapons Convention related law,NITE-CHRIP RJ_11_001,407CO0000000192
4708-04-7,cwc_listed,化学兵器禁止法対象物質,CWC-law Listed Chemical,化学兵器の禁止及び特定物質の規制等に関する法律,Chemical Weapons Convention related law,NITE-CHRIP RJ_11_001,407CO0000000192
4721-37-3,cwc_listed,化学兵器禁止法対象物質,CWC-law Listed Chemical,化学兵器の禁止及び特定物質の規制等に関する法律,Chemical Weapons Convention related law,NITE-CHRIP RJ_11_001,407CO0000000192
4759-30-2,cwc_listed,化学兵器禁止法対象物質,CWC-law Listed Chemical,化学兵器の禁止及び特定物質の規制等に関する法律,Chemical Weapons Convention related law,NITE-CHRIP RJ_11_001,407CO0000000192
50375-90-1,cwc_listed,化学兵器禁止法対象物質,CWC-law Listed Chemical,化学兵器の禁止及び特定物質の規制等に関する法律,Chemical Weapons Convention related law,NITE-CHRIP RJ_11_001 政令番号: 政令別表2項第4欄の(1),407CO0000000192
505-60-2,cwc_listed,化学兵器禁止法対象物質,CWC-law Listed Chemical,化学兵器の禁止及び特定物質の規制等に関する法律,Chemical Weapons Convention related law,NITE-CHRIP RJ_11_001,407CO0000000192
506-77-4,cwc_listed,化学兵器禁止法対象物質,CWC-law Listed Chemical,化学兵器の禁止及び特定物質の規制等に関する法律,Chemical Weapons Convention related law,NITE-CHRIP RJ_11_001 政令番号: 政令別表3項第3欄の(2),407CO0000000192
50782-69-9,cwc_listed,化学兵器禁止法対象物質,CWC-law Listed Chemical,化学兵器の禁止及び特定物質の規制等に関する法律,Chemical Weapons Convention related law,NITE-CHRIP RJ_11_001,407CO0000000192
50886-86-7,cwc_listed,化学兵器禁止法対象物質,CWC-law Listed Chemical,化学兵器の禁止及び特定物質の規制等に関する法律,Chemical Weapons Convention related law,NITE-CHRIP RJ_11_001 政令番号: 政令別表2項第4欄の(1),407CO0000000192
50929-96-9,cwc_listed,化学兵器禁止法対象物質,CWC-law Listed Chemical,化学兵器の禁止及び特定物質の規制等に関する法律,Chemical Weapons Convention related law,NITE-CHRIP RJ_11_001,407CO0000000192
50929-97-0,cwc_listed,化学兵器禁止法対象物質,CWC-law Listed Chemical,化学兵器の禁止及び特定物質の規制等に関する法律,Chemical Weapons Convention related law,NITE-CHRIP RJ_11_001,407CO0000000192
51-75-2,cwc_listed,化学兵器禁止法対象物質,CWC-law Listed Chemical,化学兵器の禁止及び特定物質の規制等に関する法律,Chemical Weapons Convention related law,NITE-CHRIP RJ_11_001,407CO0000000192
51446-23-2,cwc_listed,化学兵器禁止法対象物質,CWC-law Listed Chemical,化学兵器の禁止及び特定物質の規制等に関する法律,Chemical Weapons Convention related law,NITE-CHRIP RJ_11_001,407CO0000000192
51825-84-4,cwc_listed,化学兵器禁止法対象物質,CWC-law Listed Chemical,化学兵器の禁止及び特定物質の規制等に関する法律,Chemical Weapons Convention related law,NITE-CHRIP RJ_11_001,407CO0000000192
51825-85-5,cwc_listed,化学兵器禁止法対象物質,CWC-law Listed Chemical,化学兵器の禁止及び特定物質の規制等に関する法律,Chemical Weapons Convention related law,NITE-CHRIP RJ_11_001,407CO0000000192
52364-45-1,cwc_listed,化学兵器禁止法対象物質,CWC-law Listed Chemical,化学兵器の禁止及び特定物質の規制等に関する法律,Chemical Weapons Convention related law,NITE-CHRIP RJ_11_001,407CO0000000192
52364-46-2,cwc_listed,化学兵器禁止法対象物質,CWC-law Listed Chemical,化学兵器の禁止及び特定物質の規制等に関する法律,Chemical Weapons Convention related law,NITE-CHRIP RJ_11_001,407CO0000000192
5284-09-3,cwc_listed,化学兵器禁止法対象物質,CWC-law Listed Chemical,化学兵器の禁止及び特定物質の規制等に関する法律,Chemical Weapons Convention related law,NITE-CHRIP RJ_11_001,407CO0000000192
53279-98-4,cwc_listed,化学兵器禁止法対象物質,CWC-law Listed Chemical,化学兵器の禁止及び特定物質の規制等に関する法律,Chemical Weapons Convention related law,NITE-CHRIP RJ_11_001,407CO0000000192
53621-99-1,cwc_listed,化学兵器禁止法対象物質,CWC-law Listed Chemical,化学兵器の禁止及び特定物質の規制等に関する法律,Chemical Weapons Convention related law,NITE-CHRIP RJ_11_001,407CO0000000192
538-07-8,cwc_listed,化学兵器禁止法対象物質,CWC-law Listed Chemical,化学兵器の禁止及び特定物質の規制等に関する法律,Chemical Weapons Convention related law,NITE-CHRIP RJ_11_001,407CO0000000192
541-25-3,cwc_listed,化学兵器禁止法対象物質,CWC-law Listed Chemical,化学兵器の禁止及び特定物質の規制等に関する法律,Chemical Weapons Convention related law,NITE-CHRIP RJ_11_001,407CO0000000192
54153-16-1,cwc_listed,化学兵器禁止法対象物質,CWC-law Listed Chemical,化学兵器の禁止及び特定物質の規制等に関する法律,Chemical Weapons Convention related law,NITE-CHRIP RJ_11_001,407CO0000000192
54552-77-1,cwc_listed,化学兵器禁止法対象物質,CWC-law Listed Chemical,化学兵器の禁止及び特定物質の規制等に関する法律,Chemical Weapons Convention related law,NITE-CHRIP RJ_11_001,407CO0000000192
55-86-7,cwc_listed,化学兵器禁止法対象物質,CWC-law Listed Chemical,化学兵器の禁止及び特定物質の規制等に関する法律,Chemical Weapons Convention related law,NITE-CHRIP RJ_11_001,407CO0000000192
555-77-1,cwc_listed,化学兵器禁止法対象物質,CWC-law Listed Chemical,化学兵器の禁止及び特定物質の規制等に関する法律,Chemical Weapons Convention related law,NITE-CHRIP RJ_11_001,407CO0000000192
56217-62-0,cwc_listed,化学兵器禁止法対象物質,CWC-law Listed Chemical,化学兵器の禁止及び特定物質の規制等に関する法律,Chemical Weapons Convention related law,NITE-CHRIP RJ_11_001,407CO0000000192
56217-63-1,cwc_listed,化学兵器禁止法対象物質,CWC-law Listed Chemical,化学兵器の禁止及び特定物質の規制等に関する法律,Chemical Weapons Convention related law,NITE-CHRIP RJ_11_001,407CO0000000192
56217-64-2,cwc_listed,化学兵器禁止法対象物質,CWC-law Listed Chemical,化学兵器の禁止及び特定物質の規制等に関する法律,Chemical Weapons Convention related law,NITE-CHRIP RJ_11_001,407CO0000000192
56217-65-3,cwc_listed,化学兵器禁止法対象物質,CWC-law Listed Chemical,化学兵器の禁止及び特定物質の規制等に関する法律,Chemical Weapons Convention related law,NITE-CHRIP RJ_11_001,407CO0000000192
56217-66-4,cwc_listed,化学兵器禁止法対象物質,CWC-law Listed Chemical,化学兵器の禁止及び特定物質の規制等に関する法律,Chemical Weapons Convention related law,NITE-CHRIP RJ_11_001,407CO0000000192
56217-67-5,cwc_listed,化学兵器禁止法対象物質,CWC-law Listed Chemical,化学兵器の禁止及び特定物質の規制等に関する法律,Chemical Weapons Convention related law,NITE-CHRIP RJ_11_001,407CO0000000192
56217-69-7,cwc_listed,化学兵器禁止法対象物質,CWC-law Listed Chemical,化学兵器の禁止及び特定物質の規制等に関する法律,Chemical Weapons Convention related law,NITE-CHRIP RJ_11_001,407CO0000000192
57107-74-1,cwc_listed,化学兵器禁止法対象物質,CWC-law Listed Chemical,化学兵器の禁止及び特定物質の規制等に関する法律,Chemical Weapons Convention related law,NITE-CHRIP RJ_11_001 政令番号: 政令別表2項第4欄の(1),407CO0000000192
57523-33-8,cwc_listed,化学兵器禁止法対象物質,CWC-law Listed Chemical,化学兵器の禁止及び特定物質の規制等に関する法律,Chemical Weapons Convention related law,NITE-CHRIP RJ_11_001,407CO0000000192
57856-11-8,cwc_listed,化学兵器禁止法対象物質,CWC-law Listed Chemical,化学兵器の禁止及び特定物質の規制等に関する法律,Chemical Weapons Convention related law,NITE-CHRIP RJ_11_001,407CO0000000192
5828-67-1,cwc_listed,化学兵器禁止法対象物質,CWC-law Listed Chemical,化学兵器の禁止及び特定物質の規制等に関する法律,Chemical Weapons Convention related law,NITE-CHRIP RJ_11_001,407CO0000000192
5842-06-8,cwc_listed,化学兵器禁止法対象物質,CWC-law Listed Chemical,化学兵器の禁止及び特定物質の規制等に関する法律,Chemical Weapons Convention related law,NITE-CHRIP RJ_11_001,407CO0000000192
5842-07-9,cwc_listed,化学兵器禁止法対象物質,CWC-law Listed Chemical,化学兵器の禁止及び特定物質の規制等に関する法律,Chemical Weapons Convention related law,NITE-CHRIP RJ_11_001,407CO0000000192
58607-68-4,cwc_listed,化学兵器禁止法対象物質,CWC-law Listed Chemical,化学兵器の禁止及び特定物質の規制等に関する法律,Chemical Weapons Convention related law,NITE-CHRIP RJ_11_001 政令番号: 政令別表2項第4欄の(9),407CO0000000192
59360-02-0,cwc_listed,化学兵器禁止法対象物質,CWC-law Listed Chemical,化学兵器の禁止及び特定物質の規制等に関する法律,Chemical Weapons Convention related law,NITE-CHRIP RJ_11_001 政令番号: 政令別表2項第4欄の(1),407CO0000000192
597-07-9,cwc_listed,化学兵器禁止法対象物質,CWC-law Listed Chemical,化学兵器の禁止及び特定物質の規制等に関する法律,Chemical Weapons Convention related law,NITE-CHRIP RJ_11_001,407CO0000000192
5994-73-0,cwc_listed,化学兵器禁止法対象物質,CWC-law Listed Chemical,化学兵器の禁止及び特定物質の規制等に関する法律,Chemical Weapons Convention related law,NITE-CHRIP RJ_11_001,407CO0000000192
60556-68-5,cwc_listed,化学兵器禁止法対象物質,CWC-law Listed Chemical,化学兵器の禁止及び特定物質の規制等に関する法律,Chemical Weapons Convention related law,NITE-CHRIP RJ_11_001,407CO0000000192
6069-09-6,cwc_listed,化学兵器禁止法対象物質,CWC-law Listed Chemical,化学兵器の禁止及び特定物質の規制等に関する法律,Chemical Weapons Convention related law,NITE-CHRIP RJ_11_001,407CO0000000192
6154-51-4,cwc_listed,化学兵器禁止法対象物質,CWC-law Listed Chemical,化学兵器の禁止及び特定物質の規制等に関する法律,Chemical Weapons Convention related law,NITE-CHRIP RJ_11_001,407CO0000000192
6156-13-4,cwc_listed,化学兵器禁止法対象物質,CWC-law Listed Chemical,化学兵器の禁止及び特定物質の規制等に関する法律,Chemical Weapons Convention related law,NITE-CHRIP RJ_11_001,407CO0000000192
616-52-4,cwc_listed,化学兵器禁止法対象物質,CWC-law Listed Chemical,化学兵器の禁止及び特定物質の規制等に関する法律,Chemical Weapons Convention related law,NITE-CHRIP RJ_11_001,407CO0000000192
6163-75-3,cwc_listed,化学兵器禁止法対象物質,CWC-law Listed Chemical,化学兵器の禁止及び特定物質の規制等に関する法律,Chemical Weapons Convention related law,NITE-CHRIP RJ_11_001,407CO0000000192
6172-80-1,cwc_listed,化学兵器禁止法対象物質,CWC-law Listed Chemical,化学兵器の禁止及び特定物質の規制等に関する法律,Chemical Weapons Convention related law,NITE-CHRIP RJ_11_001,407CO0000000192
61820-31-3,cwc_listed,化学兵器禁止法対象物質,CWC-law Listed Chemical,化学兵器の禁止及び特定物質の規制等に関する法律,Chemical Weapons Convention related law,NITE-CHRIP RJ_11_001,407CO0000000192
62512-68-9,cwc_listed,化学兵器禁止法対象物質,CWC-law Listed Chemical,化学兵器の禁止及び特定物質の規制等に関する法律,Chemical Weapons Convention related law,NITE-CHRIP RJ_11_001,407CO0000000192
62869-68-5,cwc_listed,化学兵器禁止法対象物質,CWC-law Listed Chemical,化学兵器の禁止及び特定物質の規制等に関する法律,Chemical Weapons Convention related law,NITE-CHRIP RJ_11_001,407CO0000000192
62869-69-6,cwc_listed,化学兵器禁止法対象物質,CWC-law Listed Chemical,化学兵器の禁止及び特定物質の規制等に関する法律,Chemical Weapons Convention related law,NITE-CHRIP RJ_11_001,407CO0000000192
63051-68-3,cwc_listed,化学兵器禁止法対象物質,CWC-law Listed Chemical,化学兵器の禁止及び特定物質の規制等に関する法律,Chemical Weapons Convention related law,NITE-CHRIP RJ_11_001,407CO0000000192
63210-55-9,cwc_listed,化学兵器禁止法対象物質,CWC-law Listed Chemical,化学兵器の禁止及び特定物質の規制等に関する法律,Chemical Weapons Convention related law,NITE-CHRIP RJ_11_001,407CO0000000192
63299-52-5,cwc_listed,化学兵器禁止法対象物質,CWC-law Listed Chemical,化学兵器の禁止及び特定物質の規制等に関する法律,Chemical Weapons Convention related law,NITE-CHRIP RJ_11_001 政令番号: 政令別表2項第4欄の(1),407CO0000000192
63747-58-0,cwc_listed,化学兵器禁止法対象物質,CWC-law Listed Chemical,化学兵器の禁止及び特定物質の規制等に関する法律,Chemical Weapons Convention related law,NITE-CHRIP RJ_11_001 政令番号: 政令別表2項第4欄の(1),407CO0000000192
63815-55-4,cwc_listed,化学兵器禁止法対象物質,CWC-law Listed Chemical,化学兵器の禁止及び特定物質の規制等に関する法律,Chemical Weapons Convention related law,NITE-CHRIP RJ_11_001,407CO0000000192
63815-56-5,cwc_listed,化学兵器禁止法対象物質,CWC-law Listed Chemical,化学兵器の禁止及び特定物質の規制等に関する法律,Chemical Weapons Convention related law,NITE-CHRIP RJ_11_001,407CO0000000192
63815-60-1,cwc_listed,化学兵器禁止法対象物質,CWC-law Listed Chemical,化学兵器の禁止及び特定物質の規制等に関する法律,Chemical Weapons Convention related law,NITE-CHRIP RJ_11_001,407CO0000000192
63905-10-2,cwc_listed,化学兵器禁止法対象物質,CWC-law Listed Chemical,化学兵器の禁止及び特定物質の規制等に関する法律,Chemical Weapons Convention related law,NITE-CHRIP RJ_11_001,407CO0000000192
63918-89-8,cwc_listed,化学兵器禁止法対象物質,CWC-law Listed Chemical,化学兵器の禁止及び特定物質の規制等に関する法律,Chemical Weapons Convention related law,NITE-CHRIP RJ_11_001,407CO0000000192
648-59-9,cwc_listed,化学兵器禁止法対象物質,CWC-law Listed Chemical,化学兵器の禁止及び特定物質の規制等に関する法律,Chemical Weapons Convention related law,NITE-CHRIP RJ_11_001,407CO0000000192
650-20-4,cwc_listed,化学兵器禁止法対象物質,CWC-law Listed Chemical,化学兵器の禁止及び特定物質の規制等に関する法律,Chemical Weapons Convention related law,NITE-CHRIP RJ_11_001,407CO0000000192
650-72-6,cwc_listed,化学兵器禁止法対象物質,CWC-law Listed Chemical,化学兵器の禁止及び特定物質の規制等に関する法律,Chemical Weapons Convention related law,NITE-CHRIP RJ_11_001,407CO0000000192
65167-63-7,cwc_listed,化学兵器禁止法対象物質,CWC-law Listed Chemical,化学兵器の禁止及び特定物質の規制等に関する法律,Chemical Weapons Convention related law,NITE-CHRIP RJ_11_001,407CO0000000192
65167-64-8,cwc_listed,化学兵器禁止法対象物質,CWC-law Listed Chemical,化学兵器の禁止及び特定物質の規制等に関する法律,Chemical Weapons Convention related law,NITE-CHRIP RJ_11_001,407CO0000000192
65659-19-0,cwc_listed,化学兵器禁止法対象物質,CWC-law Listed Chemical,化学兵器の禁止及び特定物質の規制等に関する法律,Chemical Weapons Convention related law,NITE-CHRIP RJ_11_001,407CO0000000192
6581-06-2,cwc_listed,化学兵器禁止法対象物質,CWC-law Listed Chemical,化学兵器の禁止及び特定物質の規制等に関する法律,Chemical Weapons Convention related law,NITE-CHRIP RJ_11_001,407CO0000000192
660-21-9,cwc_listed,化学兵器禁止法対象物質,CWC-law Listed Chemical,化学兵器の禁止及び特定物質の規制等に関する法律,Chemical Weapons Convention related law,NITE-CHRIP RJ_11_001,407CO0000000192
66295-44-1,cwc_listed,化学兵器禁止法対象物質,CWC-law Listed Chemical,化学兵器の禁止及び特定物質の規制等に関する法律,Chemical Weapons Convention related law,NITE-CHRIP RJ_11_001,407CO0000000192
663176-00-9,cwc_listed,化学兵器禁止法対象物質,CWC-law Listed Chemical,化学兵器の禁止及び特定物質の規制等に関する法律,Chemical Weapons Convention related law,NITE-CHRIP RJ_11_001,407CO0000000192
66348-71-8,cwc_listed,化学兵器禁止法対象物質,CWC-law Listed Chemical,化学兵器の禁止及び特定物質の規制等に関する法律,Chemical Weapons Convention related law,NITE-CHRIP RJ_11_001,407CO0000000192
665-03-2,cwc_listed,化学兵器禁止法対象物質,CWC-law Listed Chemical,化学兵器の禁止及び特定物質の規制等に関する法律,Chemical Weapons Convention related law,NITE-CHRIP RJ_11_001,407CO0000000192
665-33-8,cwc_listed,化学兵器禁止法対象物質,CWC-law Listed Chemical,化学兵器の禁止及び特定物質の規制等に関する法律,Chemical Weapons Convention related law,NITE-CHRIP RJ_11_001,407CO0000000192
673-97-2,cwc_listed,化学兵器禁止法対象物質,CWC-law Listed Chemical,化学兵器の禁止及び特定物質の規制等に関する法律,Chemical Weapons Convention related law,NITE-CHRIP RJ_11_001,407CO0000000192
67397-57-3,cwc_listed,化学兵器禁止法対象物質,CWC-law Listed Chemical,化学兵器の禁止及び特定物質の規制等に関する法律,Chemical Weapons Convention related law,NITE-CHRIP RJ_11_001 政令番号: 政令別表2項第4欄の(1),407CO0000000192
674-95-3,cwc_listed,化学兵器禁止法対象物質,CWC-law Listed Chemical,化学兵器の禁止及び特定物質の規制等に関する法律,Chemical Weapons Convention related law,NITE-CHRIP RJ_11_001,407CO0000000192
6755-76-6,cwc_listed,化学兵器禁止法対象物質,CWC-law Listed Chemical,化学兵器の禁止及び特定物質の規制等に関する法律,Chemical Weapons Convention related law,NITE-CHRIP RJ_11_001,407CO0000000192
676-83-5,cwc_listed,化学兵器禁止法対象物質,CWC-law Listed Chemical,化学兵器の禁止及び特定物質の規制等に関する法律,Chemical Weapons Convention related law,NITE-CHRIP RJ_11_001,407CO0000000192
676-97-1,cwc_listed,化学兵器禁止法対象物質,CWC-law Listed Chemical,化学兵器の禁止及び特定物質の規制等に関する法律,Chemical Weapons Convention related law,NITE-CHRIP RJ_11_001,407CO0000000192
676-98-2,cwc_listed,化学兵器禁止法対象物質,CWC-law Listed Chemical,化学兵器の禁止及び特定物質の規制等に関する法律,Chemical Weapons Convention related law,NITE-CHRIP RJ_11_001,407CO0000000192
676-99-3,cwc_listed,化学兵器禁止法対象物質,CWC-law Listed Chemical,化学兵器の禁止及び特定物質の規制等に関する法律,Chemical Weapons Convention related law,NITE-CHRIP RJ_11_001,407CO0000000192
677-42-9,cwc_listed,化学兵器禁止法対象物質,CWC-law Listed Chemical,化学兵器の禁止及び特定物質の規制等に関する法律,Chemical Weapons Convention related law,NITE-CHRIP RJ_11_001,407CO0000000192
677-43-0,cwc_listed,化学兵器禁止法対象物質,CWC-law Listed Chemical,化学兵器の禁止及び特定物質の規制等に関する法律,Chemical Weapons Convention related law,NITE-CHRIP RJ_11_001,407CO0000000192
6779-09-5,cwc_listed,化学兵器禁止法対象物質,CWC-law Listed Chemical,化学兵器の禁止及び特定物質の規制等に関する法律,Chemical Weapons Convention related law,NITE-CHRIP RJ_11_001,407CO0000000192
67812-17-3,cwc_listed,化学兵器禁止法対象物質,CWC-law Listed Chemical,化学兵器の禁止及び特定物質の規制等に関する法律,Chemical Weapons Convention related law,NITE-CHRIP RJ_11_001,407CO0000000192
67845-39-0,cwc_listed,化学兵器禁止法対象物質,CWC-law Listed Chemical,化学兵器の禁止及び特定物質の規制等に関する法律,Chemical Weapons Convention related law,NITE-CHRIP RJ_11_001,407CO0000000192
681-06-1,cwc_listed,化学兵器禁止法対象物質,CWC-law Listed Chemical,化学兵器の禁止及び特定物質の規制等に関する法律,Chemical Weapons Convention related law,NITE-CHRIP RJ_11_001 政令番号: 政令別表2項第4欄の(1),407CO0000000192
683-08-9,cwc_listed,化学兵器禁止法対象物質,CWC-law Listed Chemical,化学兵器の禁止及び特定物質の規制等に関する法律,Chemical Weapons Convention related law,NITE-CHRIP RJ_11_001,407CO0000000192
683-25-0,cwc_listed,化学兵器禁止法対象物質,CWC-law Listed Chemical,化学兵器の禁止及び特定物質の規制等に関する法律,Chemical Weapons Convention related law,NITE-CHRIP RJ_11_001 政令番号: 政令別表2項第4欄の(1),407CO0000000192
683-32-9,cwc_listed,化学兵器禁止法対象物質,CWC-law Listed Chemical,化学兵器の禁止及び特定物質の規制等に関する法律,Chemical Weapons Convention related law,NITE-CHRIP RJ_11_001,407CO0000000192
68391-41-3,cwc_listed,化学兵器禁止法対象物質,CWC-law Listed Chemical,化学兵器の禁止及び特定物質の規制等に関する法律,Chemical Weapons Convention related law,NITE-CHRIP RJ_11_001,407CO0000000192
688299-03-8,cwc_listed,化学兵器禁止法対象物質,CWC-law Listed Chemical,化学兵器の禁止及び特定物質の規制等に関する法律,Chemical Weapons Convention related law,NITE-CHRIP RJ_11_001,407CO0000000192
68957-94-8,cwc_listed,化学兵器禁止法対象物質,CWC-law Listed Chemical,化学兵器の禁止及び特定物質の規制等に関する法律,Chemical Weapons Convention related law,NITE-CHRIP RJ_11_001,407CO0000000192
690-14-2,cwc_listed,化学兵器禁止法対象物質,CWC-law Listed Chemical,化学兵器の禁止及び特定物質の規制等に関する法律,Chemical Weapons Convention related law,NITE-CHRIP RJ_11_001,407CO0000000192
690-64-2,cwc_listed,化学兵器禁止法対象物質,CWC-law Listed Chemical,化学兵器の禁止及び特定物質の規制等に関する法律,Chemical Weapons Convention related law,NITE-CHRIP RJ_11_001 政令番号: 政令別表2項第4欄の(1),407CO0000000192
69777-00-0,cwc_listed,化学兵器禁止法対象物質,CWC-law Listed Chemical,化学兵器の禁止及び特定物質の規制等に関する法律,Chemical Weapons Convention related law,NITE-CHRIP RJ_11_001,407CO0000000192
69795-06-8,cwc_listed,化学兵器禁止法対象物質,CWC-law Listed Chemical,化学兵器の禁止及び特定物質の規制等に関する法律,Chemical Weapons Convention related law,NITE-CHRIP RJ_11_001,407CO0000000192
6996-81-2,cwc_listed,化学兵器禁止法対象物質,CWC-law Listed Chemical,化学兵器の禁止及び特定物質の規制等に関する法律,Chemical Weapons Convention related law,NITE-CHRIP RJ_11_001,407CO0000000192
70055-71-9,cwc_listed,化学兵器禁止法対象物質,CWC-law Listed Chemical,化学兵器の禁止及び特定物質の規制等に関する法律,Chemical Weapons Convention related law,NITE-CHRIP RJ_11_001,407CO0000000192
7040-52-0,cwc_listed,化学兵器禁止法対象物質,CWC-law Listed Chemical,化学兵器の禁止及び特定物質の規制等に関する法律,Chemical Weapons Convention related law,NITE-CHRIP RJ_11_001,407CO0000000192
7040-53-1,cwc_listed,化学兵器禁止法対象物質,CWC-law Listed Chemical,化学兵器の禁止及び特定物質の規制等に関する法律,Chemical Weapons Convention related law,NITE-CHRIP RJ_11_001,407CO0000000192
7040-57-5,cwc_listed,化学兵器禁止法対象物質,CWC-law Listed Chemical,化学兵器の禁止及び特定物質の規制等に関する法律,Chemical Weapons Convention related law,NITE-CHRIP RJ_11_001,407CO0000000192
7040-58-6,cwc_listed,化学兵器禁止法対象物質,CWC-law Listed Chemical,化学兵器の禁止及び特定物質の規制等に関する法律,Chemical Weapons Convention related law,NITE-CHRIP RJ_11_001,407CO0000000192
7040-59-7,cwc_listed,化学兵器禁止法対象物質,CWC-law Listed Chemical,化学兵器の禁止及び特定物質の規制等に関する法律,Chemical Weapons Convention related law,NITE-CHRIP RJ_11_001,407CO0000000192
7040-92-8,cwc_listed,化学兵器禁止法対象物質,CWC-law Listed Chemical,化学兵器の禁止及び特定物質の規制等に関する法律,Chemical Weapons Convention related law,NITE-CHRIP RJ_11_001,407CO0000000192
70715-06-9,cwc_listed,化学兵器禁止法対象物質,CWC-law Listed Chemical,化学兵器の禁止及び特定物質の規制等に関する法律,Chemical Weapons Convention related law,NITE-CHRIP RJ_11_001,407CO0000000192
71097-47-7,cwc_listed,化学兵器禁止法対象物質,CWC-law Listed Chemical,化学兵器の禁止及び特定物質の規制等に関する法律,Chemical Weapons Convention related law,NITE-CHRIP RJ_11_001 政令番号: 政令別表2項第4欄の(1),407CO0000000192
71293-89-5,cwc_listed,化学兵器禁止法対象物質,CWC-law Listed Chemical,化学兵器の禁止及び特定物質の規制等に関する法律,Chemical Weapons Convention related law,NITE-CHRIP RJ_11_001,407CO0000000192
71760-04-8,cwc_listed,化学兵器禁止法対象物質,CWC-law Listed Chemical,化学兵器の禁止及び特定物質の規制等に関する法律,Chemical Weapons Convention related law,NITE-CHRIP RJ_11_001,407CO0000000192
71877-78-6,cwc_listed,化学兵器禁止法対象物質,CWC-law Listed Chemical,化学兵器の禁止及び特定物質の規制等に関する法律,Chemical Weapons Convention related law,NITE-CHRIP RJ_11_001,407CO0000000192
71877-79-7,cwc_listed,化学兵器禁止法対象物質,CWC-law Listed Chemical,化学兵器の禁止及び特定物質の規制等に関する法律,Chemical Weapons Convention related law,NITE-CHRIP RJ_11_001,407CO0000000192
7242-56-0,cwc_listed,化学兵器禁止法対象物質,CWC-law Listed Chemical,化学兵器の禁止及び特定物質の規制等に関する法律,Chemical Weapons Convention related law,NITE-CHRIP RJ_11_001 政令番号: 政令別表2項第4欄の(1),407CO0000000192
7284-82-4,cwc_listed,化学兵器禁止法対象物質,CWC-law Listed Chemical,化学兵器の禁止及び特定物質の規制等に関する法律,Chemical Weapons Convention related law,NITE-CHRIP RJ_11_001,407CO0000000192
7284-83-5,cwc_listed,化学兵器禁止法対象物質,CWC-law Listed Chemical,化学兵器の禁止及び特定物質の規制等に関する法律,Chemical Weapons Convention related law,NITE-CHRIP RJ_11_001,407CO0000000192
7284-84-6,cwc_listed,化学兵器禁止法対象物質,CWC-law Listed Chemical,化学兵器の禁止及び特定物質の規制等に関する法律,Chemical Weapons Convention related law,NITE-CHRIP RJ_11_001,407CO0000000192
7305-61-5,cwc_listed,化学兵器禁止法対象物質,CWC-law Listed Chemical,化学兵器の禁止及び特定物質の規制等に関する法律,Chemical Weapons Convention related law,NITE-CHRIP RJ_11_001,407CO0000000192
73205-32-0,cwc_listed,化学兵器禁止法対象物質,CWC-law Listed Chemical,化学兵器の禁止及び特定物質の規制等に関する法律,Chemical Weapons Convention related law,NITE-CHRIP RJ_11_001 政令番号: 政令別表3項第4欄の(13),407CO0000000192
73207-98-4,cwc_listed,化学兵器禁止法対象物質,CWC-law Listed Chemical,化学兵器の禁止及び特定物質の規制等に関する法律,Chemical Weapons Convention related law,NITE-CHRIP RJ_11_001,407CO0000000192
73675-56-6,cwc_listed,化学兵器禁止法対象物質,CWC-law Listed Chemical,化学兵器の禁止及び特定物質の規制等に関する法律,Chemical Weapons Convention related law,NITE-CHRIP RJ_11_001,407CO0000000192
73750-69-3,cwc_listed,化学兵器禁止法対象物質,CWC-law Listed Chemical,化学兵器の禁止及び特定物質の規制等に関する法律,Chemical Weapons Convention related law,NITE-CHRIP RJ_11_001 政令番号: 政令別表2項第4欄の(1),407CO0000000192
73790-51-9,cwc_listed,化学兵器禁止法対象物質,CWC-law Listed Chemical,化学兵器の禁止及び特定物質の規制等に関する法律,Chemical Weapons Convention related law,NITE-CHRIP RJ_11_001,407CO0000000192
73835-17-3,cwc_listed,化学兵器禁止法対象物質,CWC-law Listed Chemical,化学兵器の禁止及び特定物質の規制等に関する法律,Chemical Weapons Convention related law,NITE-CHRIP RJ_11_001,407CO0000000192
74-90-8,cwc_listed,化学兵器禁止法対象物質,CWC-law Listed Chemical,化学兵器の禁止及び特定物質の規制等に関する法律,Chemical Weapons Convention related law,NITE-CHRIP RJ_11_001 政令番号: 政令別表3項第3欄の(3),407CO0000000192
741700-63-0,cwc_listed,化学兵器禁止法対象物質,CWC-law Listed Chemical,化学兵器の禁止及び特定物質の規制等に関する法律,Chemical Weapons Convention related law,NITE-CHRIP RJ_11_001,407CO0000000192
741700-67-4,cwc_listed,化学兵器禁止法対象物質,CWC-law Listed Chemical,化学兵器の禁止及び特定物質の規制等に関する法律,Chemical Weapons Convention related law,NITE-CHRIP RJ_11_001,407CO0000000192
745809-81-8,cwc_listed,化学兵器禁止法対象物質,CWC-law Listed Chemical,化学兵器の禁止及び特定物質の規制等に関する法律,Chemical Weapons Convention related law,NITE-CHRIP RJ_11_001 政令番号: 政令別表2項第4欄の(1),407CO0000000192
74789-31-4,cwc_listed,化学兵器禁止法対象物質,CWC-law Listed Chemical,化学兵器の禁止及び特定物質の規制等に関する法律,Chemical Weapons Convention related law,NITE-CHRIP RJ_11_001,407CO0000000192
74789-32-5,cwc_listed,化学兵器禁止法対象物質,CWC-law Listed Chemical,化学兵器の禁止及び特定物質の規制等に関する法律,Chemical Weapons Convention related law,NITE-CHRIP RJ_11_001,407CO0000000192
75-44-5,cwc_listed,化学兵器禁止法対象物質,CWC-law Listed Chemical,化学兵器の禁止及び特定物質の規制等に関する法律,Chemical Weapons Convention related law,NITE-CHRIP RJ_11_001,407CO0000000192
7526-26-3,cwc_listed,化学兵器禁止法対象物質,CWC-law Listed Chemical,化学兵器の禁止及び特定物質の規制等に関する法律,Chemical Weapons Convention related law,NITE-CHRIP RJ_11_001,407CO0000000192
753-72-0,cwc_listed,化学兵器禁止法対象物質,CWC-law Listed Chemical,化学兵器の禁止及び特定物質の規制等に関する法律,Chemical Weapons Convention related law,NITE-CHRIP RJ_11_001 政令番号: 政令別表2項第4欄の(1),407CO0000000192
753-98-0,cwc_listed,化学兵器禁止法対象物質,CWC-law Listed Chemical,化学兵器の禁止及び特定物質の規制等に関する法律,Chemical Weapons Convention related law,NITE-CHRIP RJ_11_001,407CO0000000192
756-79-6,cwc_listed,化学兵器禁止法対象物質,CWC-law Listed Chemical,化学兵器の禁止及び特定物質の規制等に関する法律,Chemical Weapons Convention related law,NITE-CHRIP RJ_11_001,407CO0000000192
757-95-9,cwc_listed,化学兵器禁止法対象物質,CWC-law Listed Chemical,化学兵器の禁止及び特定物質の規制等に関する法律,Chemical Weapons Convention related law,NITE-CHRIP RJ_11_001 政令番号: 政令別表2項第4欄の(1),407CO0000000192
758-71-4,cwc_listed,化学兵器禁止法対象物質,CWC-law Listed Chemical,化学兵器の禁止及び特定物質の規制等に関する法律,Chemical Weapons Convention related law,NITE-CHRIP RJ_11_001,407CO0000000192
76-06-2,cwc_listed,化学兵器禁止法対象物質,CWC-law Listed Chemical,化学兵器の禁止及び特定物質の規制等に関する法律,Chemical Weapons Convention related law,NITE-CHRIP RJ_11_001,407CO0000000192
76-93-7,cwc_listed,化学兵器禁止法対象物質,CWC-law Listed Chemical,化学兵器の禁止及び特定物質の規制等に関する法律,Chemical Weapons Convention related law,NITE-CHRIP RJ_11_001 政令番号: 政令別表2項第4欄の(5),407CO0000000192
761-93-3,cwc_listed,化学兵器禁止法対象物質,CWC-law Listed Chemical,化学兵器の禁止及び特定物質の規制等に関する法律,Chemical Weapons Convention related law,NITE-CHRIP RJ_11_001,407CO0000000192
762-04-9,cwc_listed,化学兵器禁止法対象物質,CWC-law Listed Chemical,化学兵器の禁止及び特定物質の規制等に関する法律,Chemical Weapons Convention related law,NITE-CHRIP RJ_11_001 政令番号: 政令別表3項第4欄の(7),407CO0000000192
763-14-4,cwc_listed,化学兵器禁止法対象物質,CWC-law Listed Chemical,化学兵器の禁止及び特定物質の規制等に関する法律,Chemical Weapons Convention related law,NITE-CHRIP RJ_11_001,407CO0000000192
76341-63-4,cwc_listed,化学兵器禁止法対象物質,CWC-law Listed Chemical,化学兵器の禁止及び特定物質の規制等に関する法律,Chemical Weapons Convention related law,NITE-CHRIP RJ_11_001,407CO0000000192
763884-48-6,cwc_listed,化学兵器禁止法対象物質,CWC-law Listed Chemical,化学兵器の禁止及び特定物質の規制等に関する法律,Chemical Weapons Convention related law,NITE-CHRIP RJ_11_001,407CO0000000192
77-81-6,cwc_listed,化学兵器禁止法対象物質,CWC-law Listed Chemical,化学兵器の禁止及び特定物質の規制等に関する法律,Chemical Weapons Convention related law,NITE-CHRIP RJ_11_001,407CO0000000192
77104-00-8,cwc_listed,化学兵器禁止法対象物質,CWC-law Listed Chemical,化学兵器の禁止及び特定物質の規制等に関する法律,Chemical Weapons Convention related law,NITE-CHRIP RJ_11_001,407CO0000000192
77104-62-2,cwc_listed,化学兵器禁止法対象物質,CWC-law Listed Chemical,化学兵器の禁止及び特定物質の規制等に関する法律,Chemical Weapons Convention related law,NITE-CHRIP RJ_11_001,407CO0000000192
7719-09-7,cwc_listed,化学兵器禁止法対象物質,CWC-law Listed Chemical,化学兵器の禁止及び特定物質の規制等に関する法律,Chemical Weapons Convention related law,NITE-CHRIP RJ_11_001 政令番号: 政令別表3項第4欄の(10),407CO0000000192
7719-12-2,cwc_listed,化学兵器禁止法対象物質,CWC-law Listed Chemical,化学兵器の禁止及び特定物質の規制等に関する法律,Chemical Weapons Convention related law,NITE-CHRIP RJ_11_001 政令番号: 政令別表3項第4欄の(2),407CO0000000192
77304-63-3,cwc_listed,化学兵器禁止法対象物質,CWC-law Listed Chemical,化学兵器の禁止及び特定物質の規制等に関する法律,Chemical Weapons Convention related law,NITE-CHRIP RJ_11_001,407CO0000000192
77304-64-4,cwc_listed,化学兵器禁止法対象物質,CWC-law Listed Chemical,化学兵器の禁止及び特定物質の規制等に関する法律,Chemical Weapons Convention related law,NITE-CHRIP RJ_11_001,407CO0000000192
777943-34-7,cwc_listed,化学兵器禁止法対象物質,CWC-law Listed Chemical,化学兵器の禁止及び特定物質の規制等に関する法律,Chemical Weapons Convention related law,NITE-CHRIP RJ_11_001,407CO0000000192
777943-35-8,cwc_listed,化学兵器禁止法対象物質,CWC-law Listed Chemical,化学兵器の禁止及び特定物質の規制等に関する法律,Chemical Weapons Convention related law,NITE-CHRIP RJ_11_001,407CO0000000192
777943-36-9,cwc_listed,化学兵器禁止法対象物質,CWC-law Listed Chemical,化学兵器の禁止及び特定物質の規制等に関する法律,Chemical Weapons Convention related law,NITE-CHRIP RJ_11_001,407CO0000000192
777943-37-0,cwc_listed,化学兵器禁止法対象物質,CWC-law Listed Chemical,化学兵器の禁止及び特定物質の規制等に関する法律,Chemical Weapons Convention related law,NITE-CHRIP RJ_11_001,407CO0000000192
777943-38-1,cwc_listed,化学兵器禁止法対象物質,CWC-law Listed Chemical,化学兵器の禁止及び特定物質の規制等に関する法律,Chemical Weapons Convention related law,NITE-CHRIP RJ_11_001,407CO0000000192
7784-34-1,cwc_listed,化学兵器禁止法対象物質,CWC-law Listed Chemical,化学兵器の禁止及び特定物質の規制等に関する法律,Chemical Weapons Convention related law,NITE-CHRIP RJ_11_001,407CO0000000192
78-38-6,cwc_listed,化学兵器禁止法対象物質,CWC-law Listed Chemical,化学兵器の禁止及び特定物質の規制等に関する法律,Chemical Weapons Convention related law,NITE-CHRIP RJ_11_001,407CO0000000192
78-53-5,cwc_listed,化学兵器禁止法対象物質,CWC-law Listed Chemical,化学兵器の禁止及び特定物質の規制等に関する法律,Chemical Weapons Convention related law,NITE-CHRIP RJ_11_001,407CO0000000192
781566-65-2,cwc_listed,化学兵器禁止法対象物質,CWC-law Listed Chemical,化学兵器の禁止及び特定物質の規制等に関する法律,Chemical Weapons Convention related law,NITE-CHRIP RJ_11_001,407CO0000000192
79351-19-2,cwc_listed,化学兵器禁止法対象物質,CWC-law Listed Chemical,化学兵器の禁止及び特定物質の規制等に関する法律,Chemical Weapons Convention related law,NITE-CHRIP RJ_11_001,407CO0000000192
80014-33-1,cwc_listed,化学兵器禁止法対象物質,CWC-law Listed Chemical,化学兵器の禁止及び特定物質の規制等に関する法律,Chemical Weapons Convention related law,NITE-CHRIP RJ_11_001 政令番号: 政令別表2項第4欄の(1),407CO0000000192
81397-56-0,cwc_listed,化学兵器禁止法対象物質,CWC-law Listed Chemical,化学兵器の禁止及び特定物質の規制等に関する法律,Chemical Weapons Convention related law,NITE-CHRIP RJ_11_001,407CO0000000192
817-09-4,cwc_listed,化学兵器禁止法対象物質,CWC-law Listed Chemical,化学兵器の禁止及び特定物質の規制等に関する法律,Chemical Weapons Convention related law,NITE-CHRIP RJ_11_001,407CO0000000192
82658-32-0,cwc_listed,化学兵器禁止法対象物質,CWC-law Listed Chemical,化学兵器の禁止及び特定物質の規制等に関する法律,Chemical Weapons Convention related law,NITE-CHRIP RJ_11_001 政令番号: 政令別表2項第4欄の(1),407CO0000000192
82721-31-1,cwc_listed,化学兵器禁止法対象物質,CWC-law Listed Chemical,化学兵器の禁止及び特定物質の規制等に関する法律,Chemical Weapons Convention related law,NITE-CHRIP RJ_11_001,407CO0000000192
83218-22-8,cwc_listed,化学兵器禁止法対象物質,CWC-law Listed Chemical,化学兵器の禁止及び特定物質の規制等に関する法律,Chemical Weapons Convention related law,NITE-CHRIP RJ_11_001,407CO0000000192
83563-66-0,cwc_listed,化学兵器禁止法対象物質,CWC-law Listed Chemical,化学兵器の禁止及び特定物質の規制等に関する法律,Chemical Weapons Convention related law,NITE-CHRIP RJ_11_001,407CO0000000192
84402-58-4,cwc_listed,化学兵器禁止法対象物質,CWC-law Listed Chemical,化学兵器の禁止及び特定物質の規制等に関する法律,Chemical Weapons Convention related law,NITE-CHRIP RJ_11_001,407CO0000000192
848216-15-9,cwc_listed,化学兵器禁止法対象物質,CWC-law Listed Chemical,化学兵器の禁止及び特定物質の規制等に関する法律,Chemical Weapons Convention related law,NITE-CHRIP RJ_11_001,407CO0000000192
849-29-6,cwc_listed,化学兵器禁止法対象物質,CWC-law Listed Chemical,化学兵器の禁止及び特定物質の規制等に関する法律,Chemical Weapons Convention related law,NITE-CHRIP RJ_11_001 政令番号: 政令別表2項第4欄の(1),407CO0000000192
84962-98-1,cwc_listed,化学兵器禁止法対象物質,CWC-law Listed Chemical,化学兵器の禁止及び特定物質の規制等に関する法律,Chemical Weapons Convention related law,NITE-CHRIP RJ_11_001,407CO0000000192
85473-32-1,cwc_listed,化学兵器禁止法対象物質,CWC-law Listed Chemical,化学兵器の禁止及び特定物質の規制等に関する法律,Chemical Weapons Convention related law,NITE-CHRIP RJ_11_001,407CO0000000192
85473-33-2,cwc_listed,化学兵器禁止法対象物質,CWC-law Listed Chemical,化学兵器の禁止及び特定物質の規制等に関する法律,Chemical Weapons Convention related law,NITE-CHRIP RJ_11_001,407CO0000000192
855307-83-4,cwc_listed,化学兵器禁止法対象物質,CWC-law Listed Chemical,化学兵器の禁止及び特定物質の規制等に関する法律,Chemical Weapons Convention related law,NITE-CHRIP RJ_11_001,407CO0000000192
864463-26-3,cwc_listed,化学兵器禁止法対象物質,CWC-law Listed Chemical,化学兵器の禁止及び特定物質の規制等に関する法律,Chemical Weapons Convention related law,NITE-CHRIP RJ_11_001,407CO0000000192
868-85-9,cwc_listed,化学兵器禁止法対象物質,CWC-law Listed Chemical,化学兵器の禁止及び特定物質の規制等に関する法律,Chemical Weapons Convention related law,NITE-CHRIP RJ_11_001,407CO0000000192
869-24-9,cwc_listed,化学兵器禁止法対象物質,CWC-law Listed Chemical,化学兵器の禁止及び特定物質の規制等に関する法律,Chemical Weapons Convention related law,NITE-CHRIP RJ_11_001,407CO0000000192
870124-00-8,cwc_listed,化学兵器禁止法対象物質,CWC-law Listed Chemical,化学兵器の禁止及び特定物質の規制等に関する法律,Chemical Weapons Convention related law,NITE-CHRIP RJ_11_001,407CO0000000192
870124-01-9,cwc_listed,化学兵器禁止法対象物質,CWC-law Listed Chemical,化学兵器の禁止及び特定物質の規制等に関する法律,Chemical Weapons Convention related law,NITE-CHRIP RJ_11_001,407CO0000000192
870124-02-0,cwc_listed,化学兵器禁止法対象物質,CWC-law Listed Chemical,化学兵器の禁止及び特定物質の規制等に関する法律,Chemical Weapons Convention related law,NITE-CHRIP RJ_11_001,407CO0000000192
870124-03-1,cwc_listed,化学兵器禁止法対象物質,CWC-law Listed Chemical,化学兵器の禁止及び特定物質の規制等に関する法律,Chemical Weapons Convention related law,NITE-CHRIP RJ_11_001,407CO0000000192
870124-04-2,cwc_listed,化学兵器禁止法対象物質,CWC-law Listed Chemical,化学兵器の禁止及び特定物質の規制等に関する法律,Chemical Weapons Convention related law,NITE-CHRIP RJ_11_001,407CO0000000192
870124-07-5,cwc_listed,化学兵器禁止法対象物質,CWC-law Listed Chemical,化学兵器の禁止及び特定物質の規制等に関する法律,Chemical Weapons Convention related law,NITE-CHRIP RJ_11_001,407CO0000000192
870124-08-6,cwc_listed,化学兵器禁止法対象物質,CWC-law Listed Chemical,化学兵器の禁止及び特定物質の規制等に関する法律,Chemical Weapons Convention related law,NITE-CHRIP RJ_11_001,407CO0000000192
870124-09-7,cwc_listed,化学兵器禁止法対象物質,CWC-law Listed Chemical,化学兵器の禁止及び特定物質の規制等に関する法律,Chemical Weapons Convention related law,NITE-CHRIP RJ_11_001,407CO0000000192
870124-10-0,cwc_listed,化学兵器禁止法対象物質,CWC-law Listed Chemical,化学兵器の禁止及び特定物質の規制等に関する法律,Chemical Weapons Convention related law,NITE-CHRIP RJ_11_001,407CO0000000192
870124-11-1,cwc_listed,化学兵器禁止法対象物質,CWC-law Listed Chemical,化学兵器の禁止及び特定物質の規制等に関する法律,Chemical Weapons Convention related law,NITE-CHRIP RJ_11_001,407CO0000000192
870124-12-2,cwc_listed,化学兵器禁止法対象物質,CWC-law Listed Chemical,化学兵器の禁止及び特定物質の規制等に関する法律,Chemical Weapons Convention related law,NITE-CHRIP RJ_11_001,407CO0000000192
870124-13-3,cwc_listed,化学兵器禁止法対象物質,CWC-law Listed Chemical,化学兵器の禁止及び特定物質の規制等に関する法律,Chemical Weapons Convention related law,NITE-CHRIP RJ_11_001,407CO0000000192
870124-14-4,cwc_listed,化学兵器禁止法対象物質,CWC-law Listed Chemical,化学兵器の禁止及び特定物質の規制等に関する法律,Chemical Weapons Convention related law,NITE-CHRIP RJ_11_001,407CO0000000192
870124-17-7,cwc_listed,化学兵器禁止法対象物質,CWC-law Listed Chemical,化学兵器の禁止及び特定物質の規制等に関する法律,Chemical Weapons Convention related law,NITE-CHRIP RJ_11_001,407CO0000000192
870124-18-8,cwc_listed,化学兵器禁止法対象物質,CWC-law Listed Chemical,化学兵器の禁止及び特定物質の規制等に関する法律,Chemical Weapons Convention related law,NITE-CHRIP RJ_11_001,407CO0000000192
870124-19-9,cwc_listed,化学兵器禁止法対象物質,CWC-law Listed Chemical,化学兵器の禁止及び特定物質の規制等に関する法律,Chemical Weapons Convention related law,NITE-CHRIP RJ_11_001,407CO0000000192
870124-22-4,cwc_listed,化学兵器禁止法対象物質,CWC-law Listed Chemical,化学兵器の禁止及び特定物質の規制等に関する法律,Chemical Weapons Convention related law,NITE-CHRIP RJ_11_001,407CO0000000192
870124-23-5,cwc_listed,化学兵器禁止法対象物質,CWC-law Listed Chemical,化学兵器の禁止及び特定物質の規制等に関する法律,Chemical Weapons Convention related law,NITE-CHRIP RJ_11_001,407CO0000000192
870124-26-8,cwc_listed,化学兵器禁止法対象物質,CWC-law Listed Chemical,化学兵器の禁止及び特定物質の規制等に関する法律,Chemical Weapons Convention related law,NITE-CHRIP RJ_11_001,407CO0000000192
870124-27-9,cwc_listed,化学兵器禁止法対象物質,CWC-law Listed Chemical,化学兵器の禁止及び特定物質の規制等に関する法律,Chemical Weapons Convention related law,NITE-CHRIP RJ_11_001,407CO0000000192
870124-28-0,cwc_listed,化学兵器禁止法対象物質,CWC-law Listed Chemical,化学兵器の禁止及び特定物質の規制等に関する法律,Chemical Weapons Convention related law,NITE-CHRIP RJ_11_001,407CO0000000192
870124-30-4,cwc_listed,化学兵器禁止法対象物質,CWC-law Listed Chemical,化学兵器の禁止及び特定物質の規制等に関する法律,Chemical Weapons Convention related law,NITE-CHRIP RJ_11_001,407CO0000000192
870124-31-5,cwc_listed,化学兵器禁止法対象物質,CWC-law Listed Chemical,化学兵器の禁止及び特定物質の規制等に関する法律,Chemical Weapons Convention related law,NITE-CHRIP RJ_11_001,407CO0000000192
870124-33-7,cwc_listed,化学兵器禁止法対象物質,CWC-law Listed Chemical,化学兵器の禁止及び特定物質の規制等に関する法律,Chemical Weapons Convention related law,NITE-CHRIP RJ_11_001,407CO0000000192
870124-34-8,cwc_listed,化学兵器禁止法対象物質,CWC-law Listed Chemical,化学兵器の禁止及び特定物質の規制等に関する法律,Chemical Weapons Convention related law,NITE-CHRIP RJ_11_001,407CO0000000192
870124-35-9,cwc_listed,化学兵器禁止法対象物質,CWC-law Listed Chemical,化学兵器の禁止及び特定物質の規制等に関する法律,Chemical Weapons Convention related law,NITE-CHRIP RJ_11_001,407CO0000000192
870124-37-1,cwc_listed,化学兵器禁止法対象物質,CWC-law Listed Chemical,化学兵器の禁止及び特定物質の規制等に関する法律,Chemical Weapons Convention related law,NITE-CHRIP RJ_11_001,407CO0000000192
870124-38-2,cwc_listed,化学兵器禁止法対象物質,CWC-law Listed Chemical,化学兵器の禁止及び特定物質の規制等に関する法律,Chemical Weapons Convention related law,NITE-CHRIP RJ_11_001,407CO0000000192
870124-39-3,cwc_listed,化学兵器禁止法対象物質,CWC-law Listed Chemical,化学兵器の禁止及び特定物質の規制等に関する法律,Chemical Weapons Convention related law,NITE-CHRIP RJ_11_001,407CO0000000192
870124-40-6,cwc_listed,化学兵器禁止法対象物質,CWC-law Listed Chemical,化学兵器の禁止及び特定物質の規制等に関する法律,Chemical Weapons Convention related law,NITE-CHRIP RJ_11_001,407CO0000000192
870124-41-7,cwc_listed,化学兵器禁止法対象物質,CWC-law Listed Chemical,化学兵器の禁止及び特定物質の規制等に関する法律,Chemical Weapons Convention related law,NITE-CHRIP RJ_11_001,407CO0000000192
870124-42-8,cwc_listed,化学兵器禁止法対象物質,CWC-law Listed Chemical,化学兵器の禁止及び特定物質の規制等に関する法律,Chemical Weapons Convention related law,NITE-CHRIP RJ_11_001,407CO0000000192
870124-43-9,cwc_listed,化学兵器禁止法対象物質,CWC-law Listed Chemical,化学兵器の禁止及び特定物質の規制等に関する法律,Chemical Weapons Convention related law,NITE-CHRIP RJ_11_001,407CO0000000192
870124-45-1,cwc_listed,化学兵器禁止法対象物質,CWC-law Listed Chemical,化学兵器の禁止及び特定物質の規制等に関する法律,Chemical Weapons Convention related law,NITE-CHRIP RJ_11_001,407CO0000000192
870124-46-2,cwc_listed,化学兵器禁止法対象物質,CWC-law Listed Chemical,化学兵器の禁止及び特定物質の規制等に関する法律,Chemical Weapons Convention related law,NITE-CHRIP RJ_11_001,407CO0000000192
870124-47-3,cwc_listed,化学兵器禁止法対象物質,CWC-law Listed Chemical,化学兵器の禁止及び特定物質の規制等に関する法律,Chemical Weapons Convention related law,NITE-CHRIP RJ_11_001,407CO0000000192
870124-48-4,cwc_listed,化学兵器禁止法対象物質,CWC-law Listed Chemical,化学兵器の禁止及び特定物質の規制等に関する法律,Chemical Weapons Convention related law,NITE-CHRIP RJ_11_001,407CO0000000192
88053-17-2,cwc_listed,化学兵器禁止法対象物質,CWC-law Listed Chemical,化学兵器の禁止及び特定物質の規制等に関する法律,Chemical Weapons Convention related law,NITE-CHRIP RJ_11_001 政令番号: 政令別表2項第4欄の(1),407CO0000000192
89034-24-2,cwc_listed,化学兵器禁止法対象物質,CWC-law Listed Chemical,化学兵器の禁止及び特定物質の規制等に関する法律,Chemical Weapons Convention related law,NITE-CHRIP RJ_11_001,407CO0000000192
89254-45-5,cwc_listed,化学兵器禁止法対象物質,CWC-law Listed Chemical,化学兵器の禁止及び特定物質の規制等に関する法律,Chemical Weapons Convention related law,NITE-CHRIP RJ_11_001,407CO0000000192
89254-46-6,cwc_listed,化学兵器禁止法対象物質,CWC-law Listed Chemical,化学兵器の禁止及び特定物質の規制等に関する法律,Chemical Weapons Convention related law,NITE-CHRIP RJ_11_001,407CO0000000192
89893-77-6,cwc_listed,化学兵器禁止法対象物質,CWC-law Listed Chemical,化学兵器の禁止及び特定物質の規制等に関する法律,Chemical Weapons Convention related law,NITE-CHRIP RJ_11_001,407CO0000000192
90550-49-5,cwc_listed,化学兵器禁止法対象物質,CWC-law Listed Chemical,化学兵器の禁止及び特定物質の規制等に関する法律,Chemical Weapons Convention related law,NITE-CHRIP RJ_11_001,407CO0000000192
906801-34-1,cwc_listed,化学兵器禁止法対象物質,CWC-law Listed Chemical,化学兵器の禁止及び特定物質の規制等に関する法律,Chemical Weapons Convention related law,NITE-CHRIP RJ_11_001,407CO0000000192
91043-34-4,cwc_listed,化学兵器禁止法対象物質,CWC-law Listed Chemical,化学兵器の禁止及び特定物質の規制等に関する法律,Chemical Weapons Convention related law,NITE-CHRIP RJ_11_001,407CO0000000192
91134-95-1,cwc_listed,化学兵器禁止法対象物質,CWC-law Listed Chemical,化学兵器の禁止及び特定物質の規制等に関する法律,Chemical Weapons Convention related law,NITE-CHRIP RJ_11_001,407CO0000000192
919486-00-3,cwc_listed,化学兵器禁止法対象物質,CWC-law Listed Chemical,化学兵器の禁止及び特定物質の規制等に関する法律,Chemical Weapons Convention related law,NITE-CHRIP RJ_11_001 政令番号: 政令別表2項第4欄の(1),407CO0000000192
91964-75-9,cwc_listed,化学兵器禁止法対象物質,CWC-law Listed Chemical,化学兵器の禁止及び特定物質の規制等に関する法律,Chemical Weapons Convention related law,NITE-CHRIP RJ_11_001,407CO0000000192
92204-40-5,cwc_listed,化学兵器禁止法対象物質,CWC-law Listed Chemical,化学兵器の禁止及び特定物質の規制等に関する法律,Chemical Weapons Convention related law,NITE-CHRIP RJ_11_001,407CO0000000192
92411-67-1,cwc_listed,化学兵器禁止法対象物質,CWC-law Listed Chemical,化学兵器の禁止及び特定物質の規制等に関する法律,Chemical Weapons Convention related law,NITE-CHRIP RJ_11_001,407CO0000000192
92475-33-7,cwc_listed,化学兵器禁止法対象物質,CWC-law Listed Chemical,化学兵器の禁止及び特定物質の規制等に関する法律,Chemical Weapons Convention related law,NITE-CHRIP RJ_11_001,407CO0000000192
93240-66-5,cwc_listed,化学兵器禁止法対象物質,CWC-law Listed Chemical,化学兵器の禁止及び特定物質の規制等に関する法律,Chemical Weapons Convention related law,NITE-CHRIP RJ_11_001,407CO0000000192
944146-50-3,cwc_listed,化学兵器禁止法対象物質,CWC-law Listed Chemical,化学兵器の禁止及び特定物質の規制等に関する法律,Chemical Weapons Convention related law,NITE-CHRIP RJ_11_001,407CO0000000192
944146-51-4,cwc_listed,化学兵器禁止法対象物質,CWC-law Listed Chemical,化学兵器の禁止及び特定物質の規制等に関する法律,Chemical Weapons Convention related law,NITE-CHRIP RJ_11_001,407CO0000000192
952104-35-7,cwc_listed,化学兵器禁止法対象物質,CWC-law Listed Chemical,化学兵器の禁止及び特定物質の規制等に関する法律,Chemical Weapons Convention related law,NITE-CHRIP RJ_11_001,407CO0000000192
952104-36-8,cwc_listed,化学兵器禁止法対象物質,CWC-law Listed Chemical,化学兵器の禁止及び特定物質の規制等に関する法律,Chemical Weapons Convention related law,NITE-CHRIP RJ_11_001,407CO0000000192
952104-39-1,cwc_listed,化学兵器禁止法対象物質,CWC-law Listed Chemical,化学兵器の禁止及び特定物質の規制等に関する法律,Chemical Weapons Convention related law,NITE-CHRIP RJ_11_001,407CO0000000192
952104-40-4,cwc_listed,化学兵器禁止法対象物質,CWC-law Listed Chemical,化学兵器の禁止及び特定物質の規制等に関する法律,Chemical Weapons Convention related law,NITE-CHRIP RJ_11_001,407CO0000000192
952104-41-5,cwc_listed,化学兵器禁止法対象物質,CWC-law Listed Chemical,化学兵器の禁止及び特定物質の規制等に関する法律,Chemical Weapons Convention related law,NITE-CHRIP RJ_11_001,407CO0000000192
95428-88-9,cwc_listed,化学兵器禁止法対象物質,CWC-law Listed Chemical,化学兵器の禁止及び特定物質の規制等に関する法律,Chemical Weapons Convention related law,NITE-CHRIP RJ_11_001,407CO0000000192
958995-46-5,cwc_listed,化学兵器禁止法対象物質,CWC-law Listed Chemical,化学兵器の禁止及び特定物質の規制等に関する法律,Chemical Weapons Convention related law,NITE-CHRIP RJ_11_001,407CO0000000192
958997-62-1,cwc_listed,化学兵器禁止法対象物質,CWC-law Listed Chemical,化学兵器の禁止及び特定物質の規制等に関する法律,Chemical Weapons Convention related law,NITE-CHRIP RJ_11_001,407CO0000000192
958997-65-4,cwc_listed,化学兵器禁止法対象物質,CWC-law Listed Chemical,化学兵器の禁止及び特定物質の規制等に関する法律,Chemical Weapons Convention related law,NITE-CHRIP RJ_11_001,407CO0000000192
959004-03-6,cwc_listed,化学兵器禁止法対象物質,CWC-law Listed Chemical,化学兵器の禁止及び特定物質の規制等に関する法律,Chemical Weapons Convention related law,NITE-CHRIP RJ_11_001,407CO0000000192
959004-32-1,cwc_listed,化学兵器禁止法対象物質,CWC-law Listed Chemical,化学兵器の禁止及び特定物質の規制等に関する法律,Chemical Weapons Convention related law,NITE-CHRIP RJ_11_001,407CO0000000192
959004-34-3,cwc_listed,化学兵器禁止法対象物質,CWC-law Listed Chemical,化学兵器の禁止及び特定物質の規制等に関する法律,Chemical Weapons Convention related law,NITE-CHRIP RJ_11_001,407CO0000000192
959004-37-6,cwc_listed,化学兵器禁止法対象物質,CWC-law Listed Chemical,化学兵器の禁止及び特定物質の規制等に関する法律,Chemical Weapons Convention related law,NITE-CHRIP RJ_11_001,407CO0000000192
959010-20-9,cwc_listed,化学兵器禁止法対象物質,CWC-law Listed Chemical,化学兵器の禁止及び特定物質の規制等に関する法律,Chemical Weapons Convention related law,NITE-CHRIP RJ_11_001,407CO0000000192
959010-49-2,cwc_listed,化学兵器禁止法対象物質,CWC-law Listed Chemical,化学兵器の禁止及び特定物質の規制等に関する法律,Chemical Weapons Convention related law,NITE-CHRIP RJ_11_001,407CO0000000192
959010-50-5,cwc_listed,化学兵器禁止法対象物質,CWC-law Listed Chemical,化学兵器の禁止及び特定物質の規制等に関する法律,Chemical Weapons Convention related law,NITE-CHRIP RJ_11_001,407CO0000000192
959014-75-6,cwc_listed,化学兵器禁止法対象物質,CWC-law Listed Chemical,化学兵器の禁止及び特定物質の規制等に関する法律,Chemical Weapons Convention related law,NITE-CHRIP RJ_11_001,407CO0000000192
959019-47-7,cwc_listed,化学兵器禁止法対象物質,CWC-law Listed Chemical,化学兵器の禁止及び特定物質の規制等に関する法律,Chemical Weapons Convention related law,NITE-CHRIP RJ_11_001,407CO0000000192
959020-04-3,cwc_listed,化学兵器禁止法対象物質,CWC-law Listed Chemical,化学兵器の禁止及び特定物質の規制等に関する法律,Chemical Weapons Convention related law,NITE-CHRIP RJ_11_001,407CO0000000192
959025-93-5,cwc_listed,化学兵器禁止法対象物質,CWC-law Listed Chemical,化学兵器の禁止及び特定物質の規制等に関する法律,Chemical Weapons Convention related law,NITE-CHRIP RJ_11_001,407CO0000000192
959027-88-4,cwc_listed,化学兵器禁止法対象物質,CWC-law Listed Chemical,化学兵器の禁止及び特定物質の規制等に関する法律,Chemical Weapons Convention related law,NITE-CHRIP RJ_11_001,407CO0000000192
959028-09-2,cwc_listed,化学兵器禁止法対象物質,CWC-law Listed Chemical,化学兵器の禁止及び特定物質の規制等に関する法律,Chemical Weapons Convention related law,NITE-CHRIP RJ_11_001,407CO0000000192
959040-29-0,cwc_listed,化学兵器禁止法対象物質,CWC-law Listed Chemical,化学兵器の禁止及び特定物質の規制等に関する法律,Chemical Weapons Convention related law,NITE-CHRIP RJ_11_001,407CO0000000192
959040-72-3,cwc_listed,化学兵器禁止法対象物質,CWC-law Listed Chemical,化学兵器の禁止及び特定物質の規制等に関する法律,Chemical Weapons Convention related law,NITE-CHRIP RJ_11_001,407CO0000000192
959044-15-6,cwc_listed,化学兵器禁止法対象物質,CWC-law Listed Chemical,化学兵器の禁止及び特定物質の規制等に関する法律,Chemical Weapons Convention related law,NITE-CHRIP RJ_11_001,407CO0000000192
959054-90-1,cwc_listed,化学兵器禁止法対象物質,CWC-law Listed Chemical,化学兵器の禁止及び特定物質の規制等に関する法律,Chemical Weapons Convention related law,NITE-CHRIP RJ_11_001,407CO0000000192
959086-48-7,cwc_listed,化学兵器禁止法対象物質,CWC-law Listed Chemical,化学兵器の禁止及び特定物質の規制等に関する法律,Chemical Weapons Convention related law,NITE-CHRIP RJ_11_001,407CO0000000192
959088-13-2,cwc_listed,化学兵器禁止法対象物質,CWC-law Listed Chemical,化学兵器の禁止及び特定物質の規制等に関する法律,Chemical Weapons Convention related law,NITE-CHRIP RJ_11_001,407CO0000000192
959088-14-3,cwc_listed,化学兵器禁止法対象物質,CWC-law Listed Chemical,化学兵器の禁止及び特定物質の規制等に関する法律,Chemical Weapons Convention related law,NITE-CHRIP RJ_11_001,407CO0000000192
959088-15-4,cwc_listed,化学兵器禁止法対象物質,CWC-law Listed Chemical,化学兵器の禁止及び特定物質の規制等に関する法律,Chemical Weapons Convention related law,NITE-CHRIP RJ_11_001,407CO0000000192
959089-00-0,cwc_listed,化学兵器禁止法対象物質,CWC-law Listed Chemical,化学兵器の禁止及び特定物質の規制等に関する法律,Chemical Weapons Convention related law,NITE-CHRIP RJ_11_001,407CO0000000192
959092-42-3,cwc_listed,化学兵器禁止法対象物質,CWC-law Listed Chemical,化学兵器の禁止及び特定物質の規制等に関する法律,Chemical Weapons Convention related law,NITE-CHRIP RJ_11_001,407CO0000000192
959093-03-9,cwc_listed,化学兵器禁止法対象物質,CWC-law Listed Chemical,化学兵器の禁止及び特定物質の規制等に関する法律,Chemical Weapons Convention related law,NITE-CHRIP RJ_11_001,407CO0000000192
959093-05-1,cwc_listed,化学兵器禁止法対象物質,CWC-law Listed Chemical,化学兵器の禁止及び特定物質の規制等に関する法律,Chemical Weapons Convention related law,NITE-CHRIP RJ_11_001,407CO0000000192
959098-86-3,cwc_listed,化学兵器禁止法対象物質,CWC-law Listed Chemical,化学兵器の禁止及び特定物質の規制等に関する法律,Chemical Weapons Convention related law,NITE-CHRIP RJ_11_001,407CO0000000192
959098-89-6,cwc_listed,化学兵器禁止法対象物質,CWC-law Listed Chemical,化学兵器の禁止及び特定物質の規制等に関する法律,Chemical Weapons Convention related law,NITE-CHRIP RJ_11_001,407CO0000000192
959104-17-7,cwc_listed,化学兵器禁止法対象物質,CWC-law Listed Chemical,化学兵器の禁止及び特定物質の規制等に関する法律,Chemical Weapons Convention related law,NITE-CHRIP RJ_11_001,407CO0000000192
959111-24-1,cwc_listed,化学兵器禁止法対象物質,CWC-law Listed Chemical,化学兵器の禁止及び特定物質の規制等に関する法律,Chemical Weapons Convention related law,NITE-CHRIP RJ_11_001,407CO0000000192
959217-15-3,cwc_listed,化学兵器禁止法対象物質,CWC-law Listed Chemical,化学兵器の禁止及び特定物質の規制等に関する法律,Chemical Weapons Convention related law,NITE-CHRIP RJ_11_001,407CO0000000192
959217-22-2,cwc_listed,化学兵器禁止法対象物質,CWC-law Listed Chemical,化学兵器の禁止及び特定物質の規制等に関する法律,Chemical Weapons Convention related law,NITE-CHRIP RJ_11_001,407CO0000000192
959220-91-8,cwc_listed,化学兵器禁止法対象物質,CWC-law Listed Chemical,化学兵器の禁止及び特定物質の規制等に関する法律,Chemical Weapons Convention related law,NITE-CHRIP RJ_11_001,407CO0000000192
959220-92-9,cwc_listed,化学兵器禁止法対象物質,CWC-law Listed Chemical,化学兵器の禁止及び特定物質の規制等に関する法律,Chemical Weapons Convention related law,NITE-CHRIP RJ_11_001,407CO0000000192
959231-14-2,cwc_listed,化学兵器禁止法対象物質,CWC-law Listed Chemical,化学兵器の禁止及び特定物質の規制等に関する法律,Chemical Weapons Convention related law,NITE-CHRIP RJ_11_001,407CO0000000192
959231-16-4,cwc_listed,化学兵器禁止法対象物質,CWC-law Listed Chemical,化学兵器の禁止及び特定物質の規制等に関する法律,Chemical Weapons Convention related law,NITE-CHRIP RJ_11_001,407CO0000000192
959231-39-1,cwc_listed,化学兵器禁止法対象物質,CWC-law Listed Chemical,化学兵器の禁止及び特定物質の規制等に関する法律,Chemical Weapons Convention related law,NITE-CHRIP RJ_11_001,407CO0000000192
959231-41-5,cwc_listed,化学兵器禁止法対象物質,CWC-law Listed Chemical,化学兵器の禁止及び特定物質の規制等に関する法律,Chemical Weapons Convention related law,NITE-CHRIP RJ_11_001,407CO0000000192
959233-58-0,cwc_listed,化学兵器禁止法対象物質,CWC-law Listed Chemical,化学兵器の禁止及び特定物質の規制等に関する法律,Chemical Weapons Convention related law,NITE-CHRIP RJ_11_001,407CO0000000192
959233-60-4,cwc_listed,化学兵器禁止法対象物質,CWC-law Listed Chemical,化学兵器の禁止及び特定物質の規制等に関する法律,Chemical Weapons Convention related law,NITE-CHRIP RJ_11_001,407CO0000000192
959233-79-5,cwc_listed,化学兵器禁止法対象物質,CWC-law Listed Chemical,化学兵器の禁止及び特定物質の規制等に関する法律,Chemical Weapons Convention related law,NITE-CHRIP RJ_11_001,407CO0000000192
959245-06-8,cwc_listed,化学兵器禁止法対象物質,CWC-law Listed Chemical,化学兵器の禁止及び特定物質の規制等に関する法律,Chemical Weapons Convention related law,NITE-CHRIP RJ_11_001,407CO0000000192
959250-22-7,cwc_listed,化学兵器禁止法対象物質,CWC-law Listed Chemical,化学兵器の禁止及び特定物質の規制等に関する法律,Chemical Weapons Convention related law,NITE-CHRIP RJ_11_001,407CO0000000192
959257-17-1,cwc_listed,化学兵器禁止法対象物質,CWC-law Listed Chemical,化学兵器の禁止及び特定物質の規制等に関する法律,Chemical Weapons Convention related law,NITE-CHRIP RJ_11_001,407CO0000000192
959257-18-2,cwc_listed,化学兵器禁止法対象物質,CWC-law Listed Chemical,化学兵器の禁止及び特定物質の規制等に関する法律,Chemical Weapons Convention related law,NITE-CHRIP RJ_11_001,407CO0000000192
959259-05-3,cwc_listed,化学兵器禁止法対象物質,CWC-law Listed Chemical,化学兵器の禁止及び特定物質の規制等に関する法律,Chemical Weapons Convention related law,NITE-CHRIP RJ_11_001,407CO0000000192
959259-06-4,cwc_listed,化学兵器禁止法対象物質,CWC-law Listed Chemical,化学兵器の禁止及び特定物質の規制等に関する法律,Chemical Weapons Convention related law,NITE-CHRIP RJ_11_001,407CO0000000192
959259-83-7,cwc_listed,化学兵器禁止法対象物質,CWC-law Listed Chemical,化学兵器の禁止及び特定物質の規制等に関する法律,Chemical Weapons Convention related law,NITE-CHRIP RJ_11_001,407CO0000000192
959262-99-8,cwc_listed,化学兵器禁止法対象物質,CWC-law Listed Chemical,化学兵器の禁止及び特定物質の規制等に関する法律,Chemical Weapons Convention related law,NITE-CHRIP RJ_11_001,407CO0000000192
959263-01-5,cwc_listed,化学兵器禁止法対象物質,CWC-law Listed Chemical,化学兵器の禁止及び特定物質の規制等に関する法律,Chemical Weapons Convention related law,NITE-CHRIP RJ_11_001,407CO0000000192
959268-47-4,cwc_listed,化学兵器禁止法対象物質,CWC-law Listed Chemical,化学兵器の禁止及び特定物質の規制等に関する法律,Chemical Weapons Convention related law,NITE-CHRIP RJ_11_001,407CO0000000192
959276-46-1,cwc_listed,化学兵器禁止法対象物質,CWC-law Listed Chemical,化学兵器の禁止及び特定物質の規制等に関する法律,Chemical Weapons Convention related law,NITE-CHRIP RJ_11_001,407CO0000000192
959285-51-9,cwc_listed,化学兵器禁止法対象物質,CWC-law Listed Chemical,化学兵器の禁止及び特定物質の規制等に関する法律,Chemical Weapons Convention related law,NITE-CHRIP RJ_11_001,407CO0000000192
959288-69-8,cwc_listed,化学兵器禁止法対象物質,CWC-law Listed Chemical,化学兵器の禁止及び特定物質の規制等に関する法律,Chemical Weapons Convention related law,NITE-CHRIP RJ_11_001,407CO0000000192
959288-70-1,cwc_listed,化学兵器禁止法対象物質,CWC-law Listed Chemical,化学兵器の禁止及び特定物質の規制等に関する法律,Chemical Weapons Convention related law,NITE-CHRIP RJ_11_001,407CO0000000192
959288-71-2,cwc_listed,化学兵器禁止法対象物質,CWC-law Listed Chemical,化学兵器の禁止及び特定物質の規制等に関する法律,Chemical Weapons Convention related law,NITE-CHRIP RJ_11_001,407CO0000000192
959289-50-0,cwc_listed,化学兵器禁止法対象物質,CWC-law Listed Chemical,化学兵器の禁止及び特定物質の規制等に関する法律,Chemical Weapons Convention related law,NITE-CHRIP RJ_11_001,407CO0000000192
959299-70-8,cwc_listed,化学兵器禁止法対象物質,CWC-law Listed Chemical,化学兵器の禁止及び特定物質の規制等に関する法律,Chemical Weapons Convention related law,NITE-CHRIP RJ_11_001,407CO0000000192
959299-72-0,cwc_listed,化学兵器禁止法対象物質,CWC-law Listed Chemical,化学兵器の禁止及び特定物質の規制等に関する法律,Chemical Weapons Convention related law,NITE-CHRIP RJ_11_001,407CO0000000192
959304-14-4,cwc_listed,化学兵器禁止法対象物質,CWC-law Listed Chemical,化学兵器の禁止及び特定物質の規制等に関する法律,Chemical Weapons Convention related law,NITE-CHRIP RJ_11_001,407CO0000000192
959304-97-3,cwc_listed,化学兵器禁止法対象物質,CWC-law Listed Chemical,化学兵器の禁止及び特定物質の規制等に関する法律,Chemical Weapons Convention related law,NITE-CHRIP RJ_11_001,407CO0000000192
959304-98-4,cwc_listed,化学兵器禁止法対象物質,CWC-law Listed Chemical,化学兵器の禁止及び特定物質の規制等に関する法律,Chemical Weapons Convention related law,NITE-CHRIP RJ_11_001,407CO0000000192
959305-00-1,cwc_listed,化学兵器禁止法対象物質,CWC-law Listed Chemical,化学兵器の禁止及び特定物質の規制等に関する法律,Chemical Weapons Convention related law,NITE-CHRIP RJ_11_001,407CO0000000192
96-64-0,cwc_listed,化学兵器禁止法対象物質,CWC-law Listed Chemical,化学兵器の禁止及び特定物質の規制等に関する法律,Chemical Weapons Convention related law,NITE-CHRIP RJ_11_001,407CO0000000192
96-79-7,cwc_listed,化学兵器禁止法対象物質,CWC-law Listed Chemical,化学兵器の禁止及び特定物質の規制等に関する法律,Chemical Weapons Convention related law,NITE-CHRIP RJ_11_001,407CO0000000192
96-80-0,cwc_listed,化学兵器禁止法対象物質,CWC-law Listed Chemical,化学兵器の禁止及び特定物質の規制等に関する法律,Chemical Weapons Convention related law,NITE-CHRIP RJ_11_001,407CO0000000192
97505-35-6,cwc_listed,化学兵器禁止法対象物質,CWC-law Listed Chemical,化学兵器の禁止及び特定物質の規制等に関する法律,Chemical Weapons Convention related law,NITE-CHRIP RJ_11_001,407CO0000000192
97931-20-9,cwc_listed,化学兵器禁止法対象物質,CWC-law Listed Chemical,化学兵器の禁止及び特定物質の規制等に関する法律,Chemical Weapons Convention related law,NITE-CHRIP RJ_11_001,407CO0000000192
98283-34-2,cwc_listed,化学兵器禁止法対象物質,CWC-law Listed Chemical,化学兵器の禁止及び特定物質の規制等に関する法律,Chemical Weapons Convention related law,NITE-CHRIP RJ_11_001,407CO0000000192
98283-35-3,cwc_listed,化学兵器禁止法対象物質,CWC-law Listed Chemical,化学兵器の禁止及び特定物質の規制等に関する法律,Chemical Weapons Convention related law,NITE-CHRIP RJ_11_001,407CO0000000192
98543-25-0,cwc_listed,化学兵器禁止法対象物質,CWC-law Listed Chemical,化学兵器の禁止及び特定物質の規制等に関する法律,Chemical Weapons Convention related law,NITE-CHRIP RJ_11_001,407CO0000000192
98543-28-3,cwc_listed,化学兵器禁止法対象物質,CWC-law Listed Chemical,化学兵器の禁止及び特定物質の規制等に関する法律,Chemical Weapons Convention related law,NITE-CHRIP RJ_11_001,407CO0000000192
993-13-5,cwc_listed,化学兵器禁止法対象物質,CWC-law Listed Chemical,化学兵器の禁止及び特定物質の規制等に関する法律,Chemical Weapons Convention related law,NITE-CHRIP RJ_11_001,407CO0000000192
993-43-1,cwc_listed,化学兵器禁止法対象物質,CWC-law Listed Chemical,化学兵器の禁止及び特定物質の規制等に関する法律,Chemical Weapons Convention related law,NITE-CHRIP RJ_11_001,407CO0000000192
995-88-0,cwc_listed,化学兵器禁止法対象物質,CWC-law Listed Chemical,化学兵器の禁止及び特定物質の規制等に関する法律,Chemical Weapons Convention related law,NITE-CHRIP RJ_11_001,407CO0000000192
99520-56-6,cwc_listed,化学兵器禁止法対象物質,CWC-law Listed Chemical,化学兵器の禁止及び特定物質の規制等に関する法律,Chemical Weapons Convention related law,NITE-CHRIP RJ_11_001,407CO0000000192
99580-93-5,cwc_listed,化学兵器禁止法対象物質,CWC-law Listed Chemical,化学兵器の禁止及び特定物質の規制等に関する法律,Chemical Weapons Convention related law,NITE-CHRIP RJ_11_001,407CO0000000192
99991-06-7,cwc_listed,化学兵器禁止法対象物質,CWC-law Listed Chemical,化学兵器の禁止及び特定物質の規制等に関する法律,Chemical Weapons Convention related law,NITE-CHRIP RJ_11_001,407CO0000000192
99991-07-8,cwc_listed,化学兵器禁止法対象物質,CWC-law Listed Chemical,化学兵器の禁止及び特定物質の規制等に関する法律,Chemical Weapons Convention related law,NITE-CHRIP RJ_11_001,407CO0000000192
2387496-14-0,schedule_1,特定物質（条約表1剤）,Schedule 1 Chemical,化学兵器の禁止及び特定物質の規制等に関する法律,Chemical Weapons Convention related law,NITE-CHRIP RJ_11_001 政令番号: 政令別表1項第3欄の(26),407CO0000000192
2625-76-5,schedule_1,特定物質（条約表1剤）,Schedule 1 Chemical,化学兵器の禁止及び特定物質の規制等に関する法律,Chemical Weapons Convention related law,NITE-CHRIP RJ_11_001 政令番号: 政令別表1項第3欄の(5),407CO0000000192
505-60-2,schedule_1,Schedule 1,Schedule 1,化学兵器の禁止及び特定物質の規制等に関する法律,Chemical Weapons Convention related law,化学兵器禁止法施行令 407CO0000000192 別表,407CO0000000192
63869-13-6,schedule_1,特定物質（条約表1剤）,Schedule 1 Chemical,化学兵器の禁止及び特定物質の規制等に関する法律,Chemical Weapons Convention related law,NITE-CHRIP RJ_11_001 政令番号: 政令別表1項第3欄の(7),407CO0000000192
63918-90-1,schedule_1,特定物質（条約表1剤）,Schedule 1 Chemical,化学兵器の禁止及び特定物質の規制等に関する法律,Chemical Weapons Convention related law,NITE-CHRIP RJ_11_001 政令番号: 政令別表1項第3欄の(12),407CO0000000192
9009-86-3,schedule_1,特定物質（条約表1剤）,Schedule 1 Chemical,化学兵器の禁止及び特定物質の規制等に関する法律,Chemical Weapons Convention related law,NITE-CHRIP RJ_11_001 政令番号: 政令別表1項第3欄の(21),407CO0000000192
382-21-8,schedule_2,Schedule 2,Schedule 2,化学兵器の禁止及び特定物質の規制等に関する法律,Chemical Weapons Convention related law,化学兵器禁止法施行令 407CO0000000192 別表,407CO0000000192
464-07-3,schedule_2,Schedule 2,Schedule 2,化学兵器の禁止及び特定物質の規制等に関する法律,Chemical Weapons Convention related law,化学兵器禁止法施行令 407CO0000000192 別表,407CO0000000192
944-22-9,schedule_2,Schedule 2,Schedule 2,化学兵器の禁止及び特定物質の規制等に関する法律,Chemical Weapons Convention related law,化学兵器禁止法施行令 407CO0000000192 別表,407CO0000000192
10025-67-9,schedule_3,Schedule 3,Schedule 3,化学兵器の禁止及び特定物質の規制等に関する法律,Chemical Weapons Convention related law,化学兵器禁止法施行令 407CO0000000192 別表,407CO0000000192
10025-87-3,schedule_3,Schedule 3,Schedule 3,化学兵器の禁止及び特定物質の規制等に関する法律,Chemical Weapons Convention related law,化学兵器禁止法施行令 407CO0000000192 別表,407CO0000000192
102-71-6,schedule_3,Schedule 3,Schedule 3,化学兵器の禁止及び特定物質の規制等に関する法律,Chemical Weapons Convention related law,化学兵器禁止法施行令 407CO0000000192 別表,407CO0000000192
105-59-9,schedule_3,Schedule 3,Schedule 3,化学兵器の禁止及び特定物質の規制等に関する法律,Chemical Weapons Convention related law,化学兵器禁止法施行令 407CO0000000192 別表,407CO0000000192
10545-99-0,schedule_3,Schedule 3,Schedule 3,化学兵器の禁止及び特定物質の規制等に関する法律,Chemical Weapons Convention related law,化学兵器禁止法施行令 407CO0000000192 別表,407CO0000000192
122-52-1,schedule_3,Schedule 3,Schedule 3,化学兵器の禁止及び特定物質の規制等に関する法律,Chemical Weapons Convention related law,化学兵器禁止法施行令 407CO0000000192 別表,407CO0000000192
506-77-4,schedule_3,Schedule 3,Schedule 3,化学兵器の禁止及び特定物質の規制等に関する法律,Chemical Weapons Convention related law,化学兵器禁止法施行令 407CO0000000192 別表,407CO0000000192
74-90-8,schedule_3,Schedule 3,Schedule 3,化学兵器の禁止及び特定物質の規制等に関する法律,Chemical Weapons Convention related law,化学兵器禁止法施行令 407CO0000000192 別表,407CO0000000192
75-44-5,schedule_3,Schedule 3,Schedule 3,化学兵器の禁止及び特定物質の規制等に関する法律,Chemical Weapons Convention related law,化学兵器禁止法施行令 407CO0000000192 別表,407CO0000000192
76-06-2,schedule_3,Schedule 3,Schedule 3,化学兵器の禁止及び特定物質の規制等に関する法律,Chemical Weapons Convention related law,化学兵器禁止法施行令 407CO0000000192 別表,407CO0000000192
7719-09-7,schedule_3,Schedule 3,Schedule 3,化学兵器の禁止及び特定物質の規制等に関する法律,Chemical Weapons Convention related law,化学兵器禁止法施行令 407CO0000000192 別表,407CO0000000192
868-85-9,schedule_3,Schedule 3,Schedule 3,化学兵器の禁止及び特定物質の規制等に関する法律,Chemical Weapons Convention related law,化学兵器禁止法施行令 407CO0000000192 別表,407CO0000000192
