cas_number,category,label_ja,label_en,law_name_ja,law_name_en,law_reference,law_id
100-00-5,deleterious,劇物,Deleterious Substance,毒物及び劇物取締法,Poisonous and Deleterious Substances Control Act,NITE-CHRIP RJ_03_001 法律又は政令番号: 政令第2条第1項第28号の9,340CO0000000002
100-20-9,deleterious,劇物,Deleterious Substance,毒物及び劇物取締法,Poisonous and Deleterious Substances Control Act,NITE-CHRIP RJ_03_001 法律又は政令番号: 政令第2条第1項第92号の3,340CO0000000002
100-20-9,deleterious,劇物,Deleterious Substance,毒物及び劇物取締法,Poisonous and Deleterious Substances Control Act,毒物及び劇物指定令 第二条（劇物）,340CO0000000002
100-37-8,deleterious,劇物,Deleterious Substance,毒物及び劇物取締法,Poisonous and Deleterious Substances Control Act,NITE-CHRIP RJ_03_001 法律又は政令番号: 政令第2条第1項第33号の2,340CO0000000002
100-37-8,deleterious,劇物,Deleterious Substance,毒物及び劇物取締法,Poisonous and Deleterious Substances Control Act,毒物及び劇物指定令 第二条（劇物）,340CO0000000002
100-45-8,deleterious,劇物,Deleterious Substance,毒物及び劇物取締法,Poisonous and Deleterious Substances Control Act,NITE-CHRIP RJ_03_001 法律又は政令番号: 政令第2条第1項第32号,340CO0000000002
100-47-0,deleterious,劇物,Deleterious Substance,毒物及び劇物取締法,Poisonous and Deleterious Substances Control Act,NITE-CHRIP RJ_03_001 法律又は政令番号: 政令第2条第1項第32号,340CO0000000002
100-48-1,deleterious,劇物,Deleterious Substance,毒物及び劇物取締法,Poisonous and Deleterious Substances Control Act,NITE-CHRIP RJ_03_001 法律又は政令番号: 政令第2条第1項第32号,340CO0000000002
100-61-8,deleterious,劇物,Deleterious Substance,毒物及び劇物取締法,Poisonous and Deleterious Substances Control Act,NITE-CHRIP RJ_03_001 法律又は政令番号: 政令第2条第1項第5号,340CO0000000002
100-70-9,deleterious,劇物,Deleterious Substance,毒物及び劇物取締法,Poisonous and Deleterious Substances Control Act,NITE-CHRIP RJ_03_001 法律又は政令番号: 政令第2条第1項第32号,340CO0000000002
10022-31-8,deleterious,劇物,Deleterious Substance,毒物及び劇物取締法,Poisonous and Deleterious Substances Control Act,NITE-CHRIP RJ_03_001 法律又は政令番号: 政令第2条第1項第79号,340CO0000000002
10022-48-7,deleterious,劇物,Deleterious Substance,毒物及び劇物取締法,Poisonous and Deleterious Substances Control Act,NITE-CHRIP RJ_03_001 法律又は政令番号: 政令第2条第1項第60号,340CO0000000002
10022-68-1,deleterious,劇物,Deleterious Substance,毒物及び劇物取締法,Poisonous and Deleterious Substances Control Act,NITE-CHRIP RJ_03_001 法律又は政令番号: 政令第2条第1項第22号,340CO0000000002
10025-64-6,deleterious,劇物,Deleterious Substance,毒物及び劇物取締法,Poisonous and Deleterious Substances Control Act,NITE-CHRIP RJ_03_001 法律又は政令番号: 政令第2条第1項第1号,340CO0000000002
10025-69-1,deleterious,劇物,Deleterious Substance,毒物及び劇物取締法,Poisonous and Deleterious Substances Control Act,NITE-CHRIP RJ_03_001 法律又は政令番号: 政令第2条第1項第69号,340CO0000000002
10025-78-2,deleterious,劇物,Deleterious Substance,毒物及び劇物取締法,Poisonous and Deleterious Substances Control Act,NITE-CHRIP RJ_03_001 法律又は政令番号: 政令第2条第1項第74号の3,340CO0000000002
10025-78-2,deleterious,劇物,Deleterious Substance,毒物及び劇物取締法,Poisonous and Deleterious Substances Control Act,NITE-CHRIP RJ_03_001 法律又は政令番号: 政令第2条第1項第74号の4,340CO0000000002
10025-78-2,deleterious,劇物,Deleterious Substance,毒物及び劇物取締法,Poisonous and Deleterious Substances Control Act,毒物及び劇物指定令 第二条（劇物）,340CO0000000002
10025-91-9,deleterious,劇物,Deleterious Substance,毒物及び劇物取締法,Poisonous and Deleterious Substances Control Act,NITE-CHRIP RJ_03_001 法律又は政令番号: 政令第2条第1項第7号,340CO0000000002
10026-06-9,deleterious,劇物,Deleterious Substance,毒物及び劇物取締法,Poisonous and Deleterious Substances Control Act,NITE-CHRIP RJ_03_001 法律又は政令番号: 政令第2条第1項第69号,340CO0000000002
1003-31-2,deleterious,劇物,Deleterious Substance,毒物及び劇物取締法,Poisonous and Deleterious Substances Control Act,NITE-CHRIP RJ_03_001 法律又は政令番号: 政令第2条第1項第32号,340CO0000000002
10031-22-8,deleterious,劇物,Deleterious Substance,毒物及び劇物取締法,Poisonous and Deleterious Substances Control Act,NITE-CHRIP RJ_03_001 法律又は政令番号: 政令第2条第1項第77号,340CO0000000002
10031-24-0,deleterious,劇物,Deleterious Substance,毒物及び劇物取締法,Poisonous and Deleterious Substances Control Act,NITE-CHRIP RJ_03_001 法律又は政令番号: 政令第2条第1項第69号,340CO0000000002
10031-43-3,deleterious,劇物,Deleterious Substance,毒物及び劇物取締法,Poisonous and Deleterious Substances Control Act,NITE-CHRIP RJ_03_001 法律又は政令番号: 政令第2条第1項第72号,340CO0000000002
10034-82-9,deleterious,劇物,Deleterious Substance,毒物及び劇物取締法,Poisonous and Deleterious Substances Control Act,NITE-CHRIP RJ_03_001 法律又は政令番号: 政令第2条第1項第26号,340CO0000000002
10034-85-2,deleterious,劇物,Deleterious Substance,毒物及び劇物取締法,Poisonous and Deleterious Substances Control Act,NITE-CHRIP RJ_03_001 法律又は政令番号: 政令第2条第1項第102号,340CO0000000002
10034-85-2,deleterious,劇物,Deleterious Substance,毒物及び劇物取締法,Poisonous and Deleterious Substances Control Act,NITE-CHRIP RJ_03_001 法律又は政令番号: 法律別表第2の87,340CO0000000002
10035-10-6,deleterious,劇物,Deleterious Substance,毒物及び劇物取締法,Poisonous and Deleterious Substances Control Act,NITE-CHRIP RJ_03_001 法律又は政令番号: 政令第2条第1項第88号,340CO0000000002
10035-10-6,deleterious,劇物,Deleterious Substance,毒物及び劇物取締法,Poisonous and Deleterious Substances Control Act,NITE-CHRIP RJ_03_001 法律又は政令番号: 法律別表第2の73,340CO0000000002
10035-10-6,deleterious,劇物,Deleterious Substance,毒物及び劇物取締法,Poisonous and Deleterious Substances Control Act,毒物及び劇物指定令 第二条（劇物）,340CO0000000002
10039-54-0,deleterious,劇物,Deleterious Substance,毒物及び劇物取締法,Poisonous and Deleterious Substances Control Act,NITE-CHRIP RJ_03_001 法律又は政令番号: 政令第2条第1項第82号,340CO0000000002
10043-22-8,deleterious,劇物,Deleterious Substance,毒物及び劇物取締法,Poisonous and Deleterious Substances Control Act,NITE-CHRIP RJ_03_001 法律又は政令番号: 政令第2条第1項第62号,340CO0000000002
10048-98-3,deleterious,劇物,Deleterious Substance,毒物及び劇物取締法,Poisonous and Deleterious Substances Control Act,NITE-CHRIP RJ_03_001 法律又は政令番号: 政令第2条第1項第79号,340CO0000000002
10060-08-9,deleterious,劇物,Deleterious Substance,毒物及び劇物取締法,Poisonous and Deleterious Substances Control Act,NITE-CHRIP RJ_03_001 法律又は政令番号: 政令第2条第1項第26号,340CO0000000002
10060-13-6,deleterious,劇物,Deleterious Substance,毒物及び劇物取締法,Poisonous and Deleterious Substances Control Act,NITE-CHRIP RJ_03_001 法律又は政令番号: 政令第2条第1項第72号,340CO0000000002
10061-01-5,deleterious,劇物,Deleterious Substance,毒物及び劇物取締法,Poisonous and Deleterious Substances Control Act,NITE-CHRIP RJ_03_001 法律又は政令番号: 政令第2条第1項第41号の5,340CO0000000002
10061-02-6,deleterious,劇物,Deleterious Substance,毒物及び劇物取締法,Poisonous and Deleterious Substances Control Act,NITE-CHRIP RJ_03_001 法律又は政令番号: 政令第2条第1項第41号の5,340CO0000000002
10085-76-4,deleterious,劇物,Deleterious Substance,毒物及び劇物取締法,Poisonous and Deleterious Substances Control Act,NITE-CHRIP RJ_03_001 法律又は政令番号: 政令第2条第1項第72号,340CO0000000002
100900-25-2,deleterious,劇物,Deleterious Substance,毒物及び劇物取締法,Poisonous and Deleterious Substances Control Act,NITE-CHRIP RJ_03_001 法律又は政令番号: 政令第2条第1項第32号,340CO0000000002
100929-81-5,deleterious,劇物,Deleterious Substance,毒物及び劇物取締法,Poisonous and Deleterious Substances Control Act,NITE-CHRIP RJ_03_001 法律又は政令番号: 政令第2条第1項第79号,340CO0000000002
10099-74-8,deleterious,劇物,Deleterious Substance,毒物及び劇物取締法,Poisonous and Deleterious Substances Control Act,NITE-CHRIP RJ_03_001 法律又は政令番号: 政令第2条第1項第77号,340CO0000000002
10099-76-0,deleterious,劇物,Deleterious Substance,毒物及び劇物取締法,Poisonous and Deleterious Substances Control Act,NITE-CHRIP RJ_03_001 法律又は政令番号: 政令第2条第1項第77号,340CO0000000002
10099-79-3,deleterious,劇物,Deleterious Substance,毒物及び劇物取締法,Poisonous and Deleterious Substances Control Act,NITE-CHRIP RJ_03_001 法律又は政令番号: 政令第2条第1項第77号,340CO0000000002
101-83-7,deleterious,劇物,Deleterious Substance,毒物及び劇物取締法,Poisonous and Deleterious Substances Control Act,NITE-CHRIP RJ_03_001 法律又は政令番号: 政令第2条第1項第42号の2,340CO0000000002
101-83-7,deleterious,劇物,Deleterious Substance,毒物及び劇物取締法,Poisonous and Deleterious Substances Control Act,毒物及び劇物指定令 第二条（劇物）,340CO0000000002
10101-63-0,deleterious,劇物,Deleterious Substance,毒物及び劇物取締法,Poisonous and Deleterious Substances Control Act,NITE-CHRIP RJ_03_001 法律又は政令番号: 政令第2条第1項第77号,340CO0000000002
10102-45-1,deleterious,劇物,Deleterious Substance,毒物及び劇物取締法,Poisonous and Deleterious Substances Control Act,NITE-CHRIP RJ_03_001 法律又は政令番号: 法律別表第2の52,340CO0000000002
10102-90-6,deleterious,劇物,Deleterious Substance,毒物及び劇物取締法,Poisonous and Deleterious Substances Control Act,NITE-CHRIP RJ_03_001 法律又は政令番号: 政令第2条第1項第72号,340CO0000000002
10108-64-2,deleterious,劇物,Deleterious Substance,毒物及び劇物取締法,Poisonous and Deleterious Substances Control Act,NITE-CHRIP RJ_03_001 法律又は政令番号: 政令第2条第1項第22号,340CO0000000002
1011-92-3,deleterious,劇物,Deleterious Substance,毒物及び劇物取締法,Poisonous and Deleterious Substances Control Act,NITE-CHRIP RJ_03_001 法律又は政令番号: 政令第2条第1項第32号,340CO0000000002
10112-91-1,deleterious,劇物,Deleterious Substance,毒物及び劇物取締法,Poisonous and Deleterious Substances Control Act,NITE-CHRIP RJ_03_001 法律又は政令番号: 政令第2条第1項第17号,340CO0000000002
10112-91-1,deleterious,劇物,Deleterious Substance,毒物及び劇物取締法,Poisonous and Deleterious Substances Control Act,NITE-CHRIP RJ_03_001 法律又は政令番号: 法律別表第2の9,340CO0000000002
10112-91-1,deleterious,劇物,Deleterious Substance,毒物及び劇物取締法,Poisonous and Deleterious Substances Control Act,毒物及び劇物指定令 第二条（劇物）,340CO0000000002
10124-36-4,deleterious,劇物,Deleterious Substance,毒物及び劇物取締法,Poisonous and Deleterious Substances Control Act,NITE-CHRIP RJ_03_001 法律又は政令番号: 政令第2条第1項第22号,340CO0000000002
10125-13-0,deleterious,劇物,Deleterious Substance,毒物及び劇物取締法,Poisonous and Deleterious Substances Control Act,NITE-CHRIP RJ_03_001 法律又は政令番号: 政令第2条第1項第72号,340CO0000000002
10137-74-3,deleterious,劇物,Deleterious Substance,毒物及び劇物取締法,Poisonous and Deleterious Substances Control Act,NITE-CHRIP RJ_03_001 法律又は政令番号: 政令第2条第1項第18号,340CO0000000002
10139-47-6,deleterious,劇物,Deleterious Substance,毒物及び劇物取締法,Poisonous and Deleterious Substances Control Act,NITE-CHRIP RJ_03_001 法律又は政令番号: 政令第2条第1項第1号,340CO0000000002
10154-75-3,deleterious,劇物,Deleterious Substance,毒物及び劇物取締法,Poisonous and Deleterious Substances Control Act,NITE-CHRIP RJ_03_001 法律又は政令番号: 政令第2条第1項第32号,340CO0000000002
1018-79-7,deleterious,劇物,Deleterious Substance,毒物及び劇物取締法,Poisonous and Deleterious Substances Control Act,NITE-CHRIP RJ_03_001 法律又は政令番号: 政令第2条第1項第32号,340CO0000000002
1019-45-0,deleterious,劇物,Deleterious Substance,毒物及び劇物取締法,Poisonous and Deleterious Substances Control Act,NITE-CHRIP RJ_03_001 法律又は政令番号: 政令第2条第1項第100号の12,340CO0000000002
10190-55-3,deleterious,劇物,Deleterious Substance,毒物及び劇物取締法,Poisonous and Deleterious Substances Control Act,NITE-CHRIP RJ_03_001 法律又は政令番号: 政令第2条第1項第77号,340CO0000000002
10192-29-7,deleterious,劇物,Deleterious Substance,毒物及び劇物取締法,Poisonous and Deleterious Substances Control Act,NITE-CHRIP RJ_03_001 法律又は政令番号: 政令第2条第1項第18号,340CO0000000002
10192-46-8,deleterious,劇物,Deleterious Substance,毒物及び劇物取締法,Poisonous and Deleterious Substances Control Act,NITE-CHRIP RJ_03_001 法律又は政令番号: 政令第2条第1項第1号,340CO0000000002
10196-18-6,deleterious,劇物,Deleterious Substance,毒物及び劇物取締法,Poisonous and Deleterious Substances Control Act,NITE-CHRIP RJ_03_001 法律又は政令番号: 政令第2条第1項第1号,340CO0000000002
10196-67-5,deleterious,劇物,Deleterious Substance,毒物及び劇物取締法,Poisonous and Deleterious Substances Control Act,NITE-CHRIP RJ_03_001 法律又は政令番号: 政令第2条第1項第22号,340CO0000000002
102-27-2,deleterious,劇物,Deleterious Substance,毒物及び劇物取締法,Poisonous and Deleterious Substances Control Act,NITE-CHRIP RJ_03_001 法律又は政令番号: 政令第2条第1項第5号,340CO0000000002
102029-51-6,deleterious,劇物,Deleterious Substance,毒物及び劇物取締法,Poisonous and Deleterious Substances Control Act,NITE-CHRIP RJ_03_001 法律又は政令番号: 政令第2条第1項第79号,340CO0000000002
10214-39-8,deleterious,劇物,Deleterious Substance,毒物及び劇物取締法,Poisonous and Deleterious Substances Control Act,NITE-CHRIP RJ_03_001 法律又は政令番号: 政令第2条第1項第77号,340CO0000000002
10219-26-8,deleterious,劇物,Deleterious Substance,毒物及び劇物取締法,Poisonous and Deleterious Substances Control Act,NITE-CHRIP RJ_03_001 法律又は政令番号: 政令第2条第1項第5号,340CO0000000002
10219-30-4,deleterious,劇物,Deleterious Substance,毒物及び劇物取締法,Poisonous and Deleterious Substances Control Act,NITE-CHRIP RJ_03_001 法律又は政令番号: 政令第2条第1項第5号,340CO0000000002
10219-31-5,deleterious,劇物,Deleterious Substance,毒物及び劇物取締法,Poisonous and Deleterious Substances Control Act,NITE-CHRIP RJ_03_001 法律又は政令番号: 政令第2条第1項第5号,340CO0000000002
10222-01-2,deleterious,劇物,Deleterious Substance,毒物及び劇物取締法,Poisonous and Deleterious Substances Control Act,NITE-CHRIP RJ_03_001 法律又は政令番号: 政令第2条第1項第32号,340CO0000000002
10250-14-3,deleterious,劇物,Deleterious Substance,毒物及び劇物取締法,Poisonous and Deleterious Substances Control Act,NITE-CHRIP RJ_03_001 法律又は政令番号: 政令第2条第1項第5号,340CO0000000002
10257-54-2,deleterious,劇物,Deleterious Substance,毒物及び劇物取締法,Poisonous and Deleterious Substances Control Act,NITE-CHRIP RJ_03_001 法律又は政令番号: 政令第2条第1項第72号,340CO0000000002
10258-54-5,deleterious,劇物,Deleterious Substance,毒物及び劇物取締法,Poisonous and Deleterious Substances Control Act,NITE-CHRIP RJ_03_001 法律又は政令番号: 政令第2条第1項第32号,340CO0000000002
102714-71-6,deleterious,劇物,Deleterious Substance,毒物及び劇物取締法,Poisonous and Deleterious Substances Control Act,NITE-CHRIP RJ_03_001 法律又は政令番号: 政令第2条第1項第32号,340CO0000000002
102851-06-9,deleterious,劇物,Deleterious Substance,毒物及び劇物取締法,Poisonous and Deleterious Substances Control Act,NITE-CHRIP RJ_03_001 法律又は政令番号: 政令第2条第1項第32号,340CO0000000002
10294-26-5,deleterious,劇物,Deleterious Substance,毒物及び劇物取締法,Poisonous and Deleterious Substances Control Act,NITE-CHRIP RJ_03_001 法律又は政令番号: 政令第2条第1項第24号,340CO0000000002
10294-28-7,deleterious,劇物,Deleterious Substance,毒物及び劇物取締法,Poisonous and Deleterious Substances Control Act,NITE-CHRIP RJ_03_001 法律又は政令番号: 政令第2条第1項第23号,340CO0000000002
10294-29-8,deleterious,劇物,Deleterious Substance,毒物及び劇物取締法,Poisonous and Deleterious Substances Control Act,NITE-CHRIP RJ_03_001 法律又は政令番号: 政令第2条第1項第23号,340CO0000000002
10294-31-2,deleterious,劇物,Deleterious Substance,毒物及び劇物取締法,Poisonous and Deleterious Substances Control Act,NITE-CHRIP RJ_03_001 法律又は政令番号: 政令第2条第1項第23号,340CO0000000002
10294-38-9,deleterious,劇物,Deleterious Substance,毒物及び劇物取締法,Poisonous and Deleterious Substances Control Act,NITE-CHRIP RJ_03_001 法律又は政令番号: 政令第2条第1項第79号,340CO0000000002
10294-39-0,deleterious,劇物,Deleterious Substance,毒物及び劇物取締法,Poisonous and Deleterious Substances Control Act,NITE-CHRIP RJ_03_001 法律又は政令番号: 政令第2条第1項第79号,340CO0000000002
10294-40-3,deleterious,劇物,Deleterious Substance,毒物及び劇物取締法,Poisonous and Deleterious Substances Control Act,NITE-CHRIP RJ_03_001 法律又は政令番号: 政令第2条第1項第26号,340CO0000000002
10294-46-9,deleterious,劇物,Deleterious Substance,毒物及び劇物取締法,Poisonous and Deleterious Substances Control Act,NITE-CHRIP RJ_03_001 法律又は政令番号: 政令第2条第1項第72号,340CO0000000002
10294-47-0,deleterious,劇物,Deleterious Substance,毒物及び劇物取締法,Poisonous and Deleterious Substances Control Act,NITE-CHRIP RJ_03_001 法律又は政令番号: 政令第2条第1項第77号,340CO0000000002
10294-52-7,deleterious,劇物,Deleterious Substance,毒物及び劇物取締法,Poisonous and Deleterious Substances Control Act,NITE-CHRIP RJ_03_001 法律又は政令番号: 政令第2条第1項第26号,340CO0000000002
10294-70-9,deleterious,劇物,Deleterious Substance,毒物及び劇物取締法,Poisonous and Deleterious Substances Control Act,NITE-CHRIP RJ_03_001 法律又は政令番号: 政令第2条第1項第69号,340CO0000000002
103-69-5,deleterious,劇物,Deleterious Substance,毒物及び劇物取締法,Poisonous and Deleterious Substances Control Act,NITE-CHRIP RJ_03_001 法律又は政令番号: 政令第2条第1項第5号,340CO0000000002
10325-94-7,deleterious,劇物,Deleterious Substance,毒物及び劇物取締法,Poisonous and Deleterious Substances Control Act,NITE-CHRIP RJ_03_001 法律又は政令番号: 政令第2条第1項第22号,340CO0000000002
10326-27-9,deleterious,劇物,Deleterious Substance,毒物及び劇物取締法,Poisonous and Deleterious Substances Control Act,NITE-CHRIP RJ_03_001 法律又は政令番号: 政令第2条第1項第79号,340CO0000000002
10326-28-0,deleterious,劇物,Deleterious Substance,毒物及び劇物取締法,Poisonous and Deleterious Substances Control Act,NITE-CHRIP RJ_03_001 法律又は政令番号: 政令第2条第1項第22号,340CO0000000002
103427-19-6,deleterious,劇物,Deleterious Substance,毒物及び劇物取締法,Poisonous and Deleterious Substances Control Act,NITE-CHRIP RJ_03_001 法律又は政令番号: 政令第2条第1項第77号,340CO0000000002
10361-37-2,deleterious,劇物,Deleterious Substance,毒物及び劇物取締法,Poisonous and Deleterious Substances Control Act,NITE-CHRIP RJ_03_001 法律又は政令番号: 政令第2条第1項第79号,340CO0000000002
10361-95-2,deleterious,劇物,Deleterious Substance,毒物及び劇物取締法,Poisonous and Deleterious Substances Control Act,NITE-CHRIP RJ_03_001 法律又は政令番号: 政令第2条第1項第1号,340CO0000000002
10387-24-3,deleterious,劇物,Deleterious Substance,毒物及び劇物取締法,Poisonous and Deleterious Substances Control Act,NITE-CHRIP RJ_03_001 法律又は政令番号: 政令第2条第1項第5号,340CO0000000002
104-15-4,deleterious,劇物,Deleterious Substance,毒物及び劇物取締法,Poisonous and Deleterious Substances Control Act,NITE-CHRIP RJ_03_001 法律又は政令番号: 政令第2条第1項第100号の8,340CO0000000002
104-15-4,deleterious,劇物,Deleterious Substance,毒物及び劇物取締法,Poisonous and Deleterious Substances Control Act,毒物及び劇物指定令 第二条（劇物）,340CO0000000002
104-40-5,deleterious,劇物,Deleterious Substance,毒物及び劇物取締法,Poisonous and Deleterious Substances Control Act,NITE-CHRIP RJ_03_001 法律又は政令番号: 政令第2条第1項第78号の2,340CO0000000002
104-47-2,deleterious,劇物,Deleterious Substance,毒物及び劇物取締法,Poisonous and Deleterious Substances Control Act,NITE-CHRIP RJ_03_001 法律又は政令番号: 政令第2条第1項第32号,340CO0000000002
104-85-8,deleterious,劇物,Deleterious Substance,毒物及び劇物取締法,Poisonous and Deleterious Substances Control Act,NITE-CHRIP RJ_03_001 法律又は政令番号: 政令第2条第1項第32号,340CO0000000002
10412-98-3,deleterious,劇物,Deleterious Substance,毒物及び劇物取締法,Poisonous and Deleterious Substances Control Act,NITE-CHRIP RJ_03_001 法律又は政令番号: 政令第2条第1項第32号,340CO0000000002
104316-82-7,deleterious,劇物,Deleterious Substance,毒物及び劇物取締法,Poisonous and Deleterious Substances Control Act,NITE-CHRIP RJ_03_001 法律又は政令番号: 政令第2条第1項第60号,340CO0000000002
104316-83-8,deleterious,劇物,Deleterious Substance,毒物及び劇物取締法,Poisonous and Deleterious Substances Control Act,NITE-CHRIP RJ_03_001 法律又は政令番号: 政令第2条第1項第60号,340CO0000000002
10433-06-4,deleterious,劇物,Deleterious Substance,毒物及び劇物取締法,Poisonous and Deleterious Substances Control Act,NITE-CHRIP RJ_03_001 法律又は政令番号: 政令第2条第1項第7号,340CO0000000002
10436-75-6,deleterious,劇物,Deleterious Substance,毒物及び劇物取締法,Poisonous and Deleterious Substances Control Act,NITE-CHRIP RJ_03_001 法律又は政令番号: 政令第2条第1項第5号,340CO0000000002
104366-25-8,deleterious,劇物,Deleterious Substance,毒物及び劇物取締法,Poisonous and Deleterious Substances Control Act,NITE-CHRIP RJ_03_001 法律又は政令番号: 政令第2条第1項第32号,340CO0000000002
104581-68-2,deleterious,劇物,Deleterious Substance,毒物及び劇物取締法,Poisonous and Deleterious Substances Control Act,NITE-CHRIP RJ_03_001 法律又は政令番号: 政令第2条第1項第32号,340CO0000000002
10468-30-1,deleterious,劇物,Deleterious Substance,毒物及び劇物取締法,Poisonous and Deleterious Substances Control Act,NITE-CHRIP RJ_03_001 法律又は政令番号: 政令第2条第1項第22号,340CO0000000002
104835-69-0,deleterious,劇物,Deleterious Substance,毒物及び劇物取締法,Poisonous and Deleterious Substances Control Act,NITE-CHRIP RJ_03_001 法律又は政令番号: 政令第2条第1項第79号,340CO0000000002
104872-94-8,deleterious,劇物,Deleterious Substance,毒物及び劇物取締法,Poisonous and Deleterious Substances Control Act,NITE-CHRIP RJ_03_001 法律又は政令番号: 政令第2条第1項第79号,340CO0000000002
105-07-7,deleterious,劇物,Deleterious Substance,毒物及び劇物取締法,Poisonous and Deleterious Substances Control Act,NITE-CHRIP RJ_03_001 法律又は政令番号: 政令第2条第1項第32号,340CO0000000002
105-34-0,deleterious,劇物,Deleterious Substance,毒物及び劇物取締法,Poisonous and Deleterious Substances Control Act,NITE-CHRIP RJ_03_001 法律又は政令番号: 政令第2条第1項第32号,340CO0000000002
105-39-5,deleterious,劇物,Deleterious Substance,毒物及び劇物取締法,Poisonous and Deleterious Substances Control Act,NITE-CHRIP RJ_03_001 法律又は政令番号: 政令第2条第1項第28号の7,340CO0000000002
105-39-5,deleterious,劇物,Deleterious Substance,毒物及び劇物取締法,Poisonous and Deleterious Substances Control Act,毒物及び劇物指定令 第二条（劇物）,340CO0000000002
105-56-6,deleterious,劇物,Deleterious Substance,毒物及び劇物取締法,Poisonous and Deleterious Substances Control Act,NITE-CHRIP RJ_03_001 法律又は政令番号: 政令第2条第1項第32号,340CO0000000002
105034-60-4,deleterious,劇物,Deleterious Substance,毒物及び劇物取締法,Poisonous and Deleterious Substances Control Act,NITE-CHRIP RJ_03_001 法律又は政令番号: 政令第2条第1項第22号,340CO0000000002
10531-13-2,deleterious,劇物,Deleterious Substance,毒物及び劇物取締法,Poisonous and Deleterious Substances Control Act,NITE-CHRIP RJ_03_001 法律又は政令番号: 政令第2条第1項第32号,340CO0000000002
10553-31-8,deleterious,劇物,Deleterious Substance,毒物及び劇物取締法,Poisonous and Deleterious Substances Control Act,NITE-CHRIP RJ_03_001 法律又は政令番号: 政令第2条第1項第79号,340CO0000000002
10567-69-8,deleterious,劇物,Deleterious Substance,毒物及び劇物取締法,Poisonous and Deleterious Substances Control Act,NITE-CHRIP RJ_03_001 法律又は政令番号: 政令第2条第1項第79号,340CO0000000002
105779-78-0,deleterious,劇物,Deleterious Substance,毒物及び劇物取締法,Poisonous and Deleterious Substances Control Act,NITE-CHRIP RJ_03_001 法律又は政令番号: 政令第2条第1項第28号の5,340CO0000000002
105779-78-0,deleterious,劇物,Deleterious Substance,毒物及び劇物取締法,Poisonous and Deleterious Substances Control Act,毒物及び劇物指定令 第二条（劇物）,340CO0000000002
10580-03-7,deleterious,劇物,Deleterious Substance,毒物及び劇物取締法,Poisonous and Deleterious Substances Control Act,NITE-CHRIP RJ_03_001 法律又は政令番号: 政令第2条第1項第62号,340CO0000000002
105827-78-9,deleterious,劇物,Deleterious Substance,毒物及び劇物取締法,Poisonous and Deleterious Substances Control Act,NITE-CHRIP RJ_03_001 法律又は政令番号: 政令第2条第1項第28号の12,340CO0000000002
105827-78-9,deleterious,劇物,Deleterious Substance,毒物及び劇物取締法,Poisonous and Deleterious Substances Control Act,毒物及び劇物指定令 第二条（劇物）,340CO0000000002
10588-01-9,deleterious,劇物,Deleterious Substance,毒物及び劇物取締法,Poisonous and Deleterious Substances Control Act,NITE-CHRIP RJ_03_001 法律又は政令番号: 政令第2条第1項第60号,340CO0000000002
106-42-3,deleterious,劇物,Deleterious Substance,毒物及び劇物取締法,Poisonous and Deleterious Substances Control Act,NITE-CHRIP RJ_03_001 法律又は政令番号: 政令第2条第1項第22号の4,340CO0000000002
106-44-5,deleterious,劇物,Deleterious Substance,毒物及び劇物取締法,Poisonous and Deleterious Substances Control Act,NITE-CHRIP RJ_03_001 法律又は政令番号: 法律別表第2の15,340CO0000000002
106-49-0,deleterious,劇物,Deleterious Substance,毒物及び劇物取締法,Poisonous and Deleterious Substances Control Act,NITE-CHRIP RJ_03_001 法律又は政令番号: 法律別表第2の61,340CO0000000002
106-50-3,deleterious,劇物,Deleterious Substance,毒物及び劇物取締法,Poisonous and Deleterious Substances Control Act,NITE-CHRIP RJ_03_001 法律又は政令番号: 政令第2条第1項第84号,340CO0000000002
106-89-8,deleterious,劇物,Deleterious Substance,毒物及び劇物取締法,Poisonous and Deleterious Substances Control Act,NITE-CHRIP RJ_03_001 法律又は政令番号: 政令第2条第1項第15号の2,340CO0000000002
106-89-8,deleterious,劇物,Deleterious Substance,毒物及び劇物取締法,Poisonous and Deleterious Substances Control Act,毒物及び劇物指定令 第二条（劇物）,340CO0000000002
106-91-2,deleterious,劇物,Deleterious Substance,毒物及び劇物取締法,Poisonous and Deleterious Substances Control Act,NITE-CHRIP RJ_03_001 法律又は政令番号: 政令第2条第1項第18号の4,340CO0000000002
106-93-4,deleterious,劇物,Deleterious Substance,毒物及び劇物取締法,Poisonous and Deleterious Substances Control Act,NITE-CHRIP RJ_03_001 法律又は政令番号: 政令第2条第1項第48号,340CO0000000002
106-93-4,deleterious,劇物,Deleterious Substance,毒物及び劇物取締法,Poisonous and Deleterious Substances Control Act,NITE-CHRIP RJ_03_001 法律又は政令番号: 法律別表第2の35,340CO0000000002
106-93-4,deleterious,劇物,Deleterious Substance,毒物及び劇物取締法,Poisonous and Deleterious Substances Control Act,毒物及び劇物指定令 第二条（劇物）,340CO0000000002
1066-44-0,deleterious,劇物,Deleterious Substance,毒物及び劇物取締法,Poisonous and Deleterious Substances Control Act,NITE-CHRIP RJ_03_001 法律又は政令番号: 政令第2条第1項第67号,340CO0000000002
1066-45-1,deleterious,劇物,Deleterious Substance,毒物及び劇物取締法,Poisonous and Deleterious Substances Control Act,NITE-CHRIP RJ_03_001 法律又は政令番号: 政令第2条第1項第67号,340CO0000000002
1067-47-6,deleterious,劇物,Deleterious Substance,毒物及び劇物取締法,Poisonous and Deleterious Substances Control Act,NITE-CHRIP RJ_03_001 法律又は政令番号: 政令第2条第1項第32号,340CO0000000002
1067-97-6,deleterious,劇物,Deleterious Substance,毒物及び劇物取締法,Poisonous and Deleterious Substances Control Act,NITE-CHRIP RJ_03_001 法律又は政令番号: 政令第2条第1項第67号,340CO0000000002
1068-63-9,deleterious,劇物,Deleterious Substance,毒物及び劇物取締法,Poisonous and Deleterious Substances Control Act,NITE-CHRIP RJ_03_001 法律又は政令番号: 政令第2条第1項第62号,340CO0000000002
106917-52-6,deleterious,劇物,Deleterious Substance,毒物及び劇物取締法,Poisonous and Deleterious Substances Control Act,NITE-CHRIP RJ_03_001 法律又は政令番号: 政令第2条第1項第41号の2,340CO0000000002
106917-52-6,deleterious,劇物,Deleterious Substance,毒物及び劇物取締法,Poisonous and Deleterious Substances Control Act,毒物及び劇物指定令 第二条（劇物）,340CO0000000002
107-02-8,deleterious,劇物,Deleterious Substance,毒物及び劇物取締法,Poisonous and Deleterious Substances Control Act,NITE-CHRIP RJ_03_001 法律又は政令番号: 法律別表第2の2,340CO0000000002
107-07-3,deleterious,劇物,Deleterious Substance,毒物及び劇物取締法,Poisonous and Deleterious Substances Control Act,NITE-CHRIP RJ_03_001 法律又は政令番号: 政令第2条第1項第15号,340CO0000000002
107-07-3,deleterious,劇物,Deleterious Substance,毒物及び劇物取締法,Poisonous and Deleterious Substances Control Act,NITE-CHRIP RJ_03_001 法律又は政令番号: 法律別表第2の7,340CO0000000002
107-07-3,deleterious,劇物,Deleterious Substance,毒物及び劇物取締法,Poisonous and Deleterious Substances Control Act,毒物及び劇物指定令 第二条（劇物）,340CO0000000002
107-12-0,deleterious,劇物,Deleterious Substance,毒物及び劇物取締法,Poisonous and Deleterious Substances Control Act,NITE-CHRIP RJ_03_001 法律又は政令番号: 政令第2条第1項第32号,340CO0000000002
107-13-1,deleterious,劇物,Deleterious Substance,毒物及び劇物取締法,Poisonous and Deleterious Substances Control Act,NITE-CHRIP RJ_03_001 法律又は政令番号: 政令第2条第1項第32号,340CO0000000002
107-14-2,deleterious,劇物,Deleterious Substance,毒物及び劇物取締法,Poisonous and Deleterious Substances Control Act,NITE-CHRIP RJ_03_001 法律又は政令番号: 政令第2条第1項第32号,340CO0000000002
107-15-3,deleterious,劇物,Deleterious Substance,毒物及び劇物取締法,Poisonous and Deleterious Substances Control Act,NITE-CHRIP RJ_03_001,340CO0000000002
107-16-4,deleterious,劇物,Deleterious Substance,毒物及び劇物取締法,Poisonous and Deleterious Substances Control Act,NITE-CHRIP RJ_03_001 法律又は政令番号: 政令第2条第1項第32号,340CO0000000002
107-91-5,deleterious,劇物,Deleterious Substance,毒物及び劇物取締法,Poisonous and Deleterious Substances Control Act,NITE-CHRIP RJ_03_001 法律又は政令番号: 政令第2条第1項第32号,340CO0000000002
1071-21-2,deleterious,劇物,Deleterious Substance,毒物及び劇物取締法,Poisonous and Deleterious Substances Control Act,NITE-CHRIP RJ_03_001 法律又は政令番号: 政令第2条第1項第32号,340CO0000000002
1071-22-3,deleterious,劇物,Deleterious Substance,毒物及び劇物取締法,Poisonous and Deleterious Substances Control Act,NITE-CHRIP RJ_03_001 法律又は政令番号: 政令第2条第1項第32号,340CO0000000002
1071-27-8,deleterious,劇物,Deleterious Substance,毒物及び劇物取締法,Poisonous and Deleterious Substances Control Act,NITE-CHRIP RJ_03_001 法律又は政令番号: 政令第2条第1項第32号,340CO0000000002
1072-35-1,deleterious,劇物,Deleterious Substance,毒物及び劇物取締法,Poisonous and Deleterious Substances Control Act,NITE-CHRIP RJ_03_001 法律又は政令番号: 政令第2条第1項第77号,340CO0000000002
107264-09-5,deleterious,劇物,Deleterious Substance,毒物及び劇物取締法,Poisonous and Deleterious Substances Control Act,NITE-CHRIP RJ_03_001 法律又は政令番号: 政令第2条第1項第96号,340CO0000000002
1075-76-9,deleterious,劇物,Deleterious Substance,毒物及び劇物取締法,Poisonous and Deleterious Substances Control Act,NITE-CHRIP RJ_03_001 法律又は政令番号: 政令第2条第1項第32号,340CO0000000002
107539-20-8,deleterious,劇物,Deleterious Substance,毒物及び劇物取締法,Poisonous and Deleterious Substances Control Act,NITE-CHRIP RJ_03_001 法律又は政令番号: 政令第2条第1項第72号,340CO0000000002
107758-58-7,deleterious,劇物,Deleterious Substance,毒物及び劇物取締法,Poisonous and Deleterious Substances Control Act,NITE-CHRIP RJ_03_001 法律又は政令番号: 政令第2条第1項第96号,340CO0000000002
108-01-0,deleterious,劇物,Deleterious Substance,毒物及び劇物取締法,Poisonous and Deleterious Substances Control Act,NITE-CHRIP RJ_03_001 法律又は政令番号: 政令第2条第1項第50号の3,340CO0000000002
108-01-0,deleterious,劇物,Deleterious Substance,毒物及び劇物取締法,Poisonous and Deleterious Substances Control Act,毒物及び劇物指定令 第二条（劇物）,340CO0000000002
108-24-7,deleterious,劇物,Deleterious Substance,毒物及び劇物取締法,Poisonous and Deleterious Substances Control Act,NITE-CHRIP RJ_03_001 法律又は政令番号: 政令第2条第1項第98号の2,340CO0000000002
108-24-7,deleterious,劇物,Deleterious Substance,毒物及び劇物取締法,Poisonous and Deleterious Substances Control Act,毒物及び劇物指定令 第二条（劇物）,340CO0000000002
108-31-6,deleterious,劇物,Deleterious Substance,毒物及び劇物取締法,Poisonous and Deleterious Substances Control Act,NITE-CHRIP RJ_03_001 法律又は政令番号: 政令第2条第1項第98号の3,340CO0000000002
108-31-6,deleterious,劇物,Deleterious Substance,毒物及び劇物取締法,Poisonous and Deleterious Substances Control Act,毒物及び劇物指定令 第二条（劇物）,340CO0000000002
108-38-3,deleterious,劇物,Deleterious Substance,毒物及び劇物取締法,Poisonous and Deleterious Substances Control Act,NITE-CHRIP RJ_03_001 法律又は政令番号: 政令第2条第1項第22号の4,340CO0000000002
108-39-4,deleterious,劇物,Deleterious Substance,毒物及び劇物取締法,Poisonous and Deleterious Substances Control Act,NITE-CHRIP RJ_03_001 法律又は政令番号: 法律別表第2の15,340CO0000000002
108-44-1,deleterious,劇物,Deleterious Substance,毒物及び劇物取締法,Poisonous and Deleterious Substances Control Act,NITE-CHRIP RJ_03_001 法律又は政令番号: 法律別表第2の61,340CO0000000002
108-45-2,deleterious,劇物,Deleterious Substance,毒物及び劇物取締法,Poisonous and Deleterious Substances Control Act,NITE-CHRIP RJ_03_001 法律又は政令番号: 政令第2条第1項第84号,340CO0000000002
108-46-3,deleterious,劇物,Deleterious Substance,毒物及び劇物取締法,Poisonous and Deleterious Substances Control Act,NITE-CHRIP RJ_03_001 法律又は政令番号: 政令第2条第1項第108号,340CO0000000002
108-46-3,deleterious,劇物,Deleterious Substance,毒物及び劇物取締法,Poisonous and Deleterious Substances Control Act,毒物及び劇物指定令 第二条（劇物）,340CO0000000002
108-60-1,deleterious,劇物,Deleterious Substance,毒物及び劇物取締法,Poisonous and Deleterious Substances Control Act,NITE-CHRIP RJ_03_001 法律又は政令番号: 政令第2条第1項第40号の3,340CO0000000002
108-62-3,deleterious,劇物,Deleterious Substance,毒物及び劇物取締法,Poisonous and Deleterious Substances Control Act,NITE-CHRIP RJ_03_001 法律又は政令番号: 政令第2条第1項第71号の6,340CO0000000002
108-62-3,deleterious,劇物,Deleterious Substance,毒物及び劇物取締法,Poisonous and Deleterious Substances Control Act,毒物及び劇物指定令 第二条（劇物）,340CO0000000002
108-71-4,deleterious,劇物,Deleterious Substance,毒物及び劇物取締法,Poisonous and Deleterious Substances Control Act,NITE-CHRIP RJ_03_001 法律又は政令番号: 政令第2条第1項第76号,340CO0000000002
108-88-3,deleterious,劇物,Deleterious Substance,毒物及び劇物取締法,Poisonous and Deleterious Substances Control Act,NITE-CHRIP RJ_03_001 法律又は政令番号: 政令第2条第1項第76号の2,340CO0000000002
108-88-3,deleterious,劇物,Deleterious Substance,毒物及び劇物取締法,Poisonous and Deleterious Substances Control Act,毒物及び劇物指定令 第二条（劇物）,340CO0000000002
108-91-8,deleterious,劇物,Deleterious Substance,毒物及び劇物取締法,Poisonous and Deleterious Substances Control Act,NITE-CHRIP RJ_03_001 法律又は政令番号: 政令第2条第1項第40号の2,340CO0000000002
108-91-8,deleterious,劇物,Deleterious Substance,毒物及び劇物取締法,Poisonous and Deleterious Substances Control Act,毒物及び劇物指定令 第二条（劇物）,340CO0000000002
108-95-2,deleterious,劇物,Deleterious Substance,毒物及び劇物取締法,Poisonous and Deleterious Substances Control Act,NITE-CHRIP RJ_03_001 法律又は政令番号: 政令第2条第1項第85号,340CO0000000002
108-95-2,deleterious,劇物,Deleterious Substance,毒物及び劇物取締法,Poisonous and Deleterious Substances Control Act,NITE-CHRIP RJ_03_001 法律又は政令番号: 法律別表第2の70,340CO0000000002
108-95-2,deleterious,劇物,Deleterious Substance,毒物及び劇物取締法,Poisonous and Deleterious Substances Control Act,毒物及び劇物指定令 第二条（劇物）,340CO0000000002
108-98-5,deleterious,劇物,Deleterious Substance,毒物及び劇物取締法,Poisonous and Deleterious Substances Control Act,NITE-CHRIP RJ_03_001,340CO0000000002
108173-90-6,deleterious,劇物,Deleterious Substance,毒物及び劇物取締法,Poisonous and Deleterious Substances Control Act,NITE-CHRIP RJ_03_001 法律又は政令番号: 政令第2条第1項第10号の3,340CO0000000002
108392-12-7,deleterious,劇物,Deleterious Substance,毒物及び劇物取締法,Poisonous and Deleterious Substances Control Act,NITE-CHRIP RJ_03_001 法律又は政令番号: 政令第2条第1項第79号,340CO0000000002
109-52-4,deleterious,劇物,Deleterious Substance,毒物及び劇物取締法,Poisonous and Deleterious Substances Control Act,NITE-CHRIP RJ_03_001 法律又は政令番号: 政令第2条第1項第95号の2,340CO0000000002
109-52-4,deleterious,劇物,Deleterious Substance,毒物及び劇物取締法,Poisonous and Deleterious Substances Control Act,毒物及び劇物指定令 第二条（劇物）,340CO0000000002
109-55-7,deleterious,劇物,Deleterious Substance,毒物及び劇物取締法,Poisonous and Deleterious Substances Control Act,NITE-CHRIP RJ_03_001 法律又は政令番号: 政令第2条第1項第56号の2,340CO0000000002
109-61-5,deleterious,劇物,Deleterious Substance,毒物及び劇物取締法,Poisonous and Deleterious Substances Control Act,NITE-CHRIP RJ_03_001 法律又は政令番号: 政令第2条第1項第28号の6,340CO0000000002
109-61-5,deleterious,劇物,Deleterious Substance,毒物及び劇物取締法,Poisonous and Deleterious Substances Control Act,毒物及び劇物指定令 第二条（劇物）,340CO0000000002
109-70-6,deleterious,劇物,Deleterious Substance,毒物及び劇物取締法,Poisonous and Deleterious Substances Control Act,NITE-CHRIP RJ_03_001 法律又は政令番号: 政令第2条第1項第88号の3,340CO0000000002
109-70-6,deleterious,劇物,Deleterious Substance,毒物及び劇物取締法,Poisonous and Deleterious Substances Control Act,毒物及び劇物指定令 第二条（劇物）,340CO0000000002
109-74-0,deleterious,劇物,Deleterious Substance,毒物及び劇物取締法,Poisonous and Deleterious Substances Control Act,NITE-CHRIP RJ_03_001 法律又は政令番号: 政令第2条第1項第32号,340CO0000000002
109-75-1,deleterious,劇物,Deleterious Substance,毒物及び劇物取締法,Poisonous and Deleterious Substances Control Act,NITE-CHRIP RJ_03_001 法律又は政令番号: 政令第2条第1項第32号,340CO0000000002
109-77-3,deleterious,劇物,Deleterious Substance,毒物及び劇物取締法,Poisonous and Deleterious Substances Control Act,NITE-CHRIP RJ_03_001 法律又は政令番号: 政令第2条第1項第32号,340CO0000000002
109-78-4,deleterious,劇物,Deleterious Substance,毒物及び劇物取締法,Poisonous and Deleterious Substances Control Act,NITE-CHRIP RJ_03_001 法律又は政令番号: 政令第2条第1項第32号,340CO0000000002
109-82-0,deleterious,劇物,Deleterious Substance,毒物及び劇物取締法,Poisonous and Deleterious Substances Control Act,NITE-CHRIP RJ_03_001 法律又は政令番号: 政令第2条第1項第32号,340CO0000000002
109-84-2,deleterious,劇物,Deleterious Substance,毒物及び劇物取締法,Poisonous and Deleterious Substances Control Act,NITE-CHRIP RJ_03_001 法律又は政令番号: 政令第2条第1項第80号の6,340CO0000000002
109201-26-5,deleterious,劇物,Deleterious Substance,毒物及び劇物取締法,Poisonous and Deleterious Substances Control Act,NITE-CHRIP RJ_03_001 法律又は政令番号: 政令第2条第1項第60号,340CO0000000002
109225-23-2,deleterious,劇物,Deleterious Substance,毒物及び劇物取締法,Poisonous and Deleterious Substances Control Act,NITE-CHRIP RJ_03_001 法律又は政令番号: 政令第2条第1項第26号,340CO0000000002
109657-68-3,deleterious,劇物,Deleterious Substance,毒物及び劇物取締法,Poisonous and Deleterious Substances Control Act,NITE-CHRIP RJ_03_001 法律又は政令番号: 政令第2条第1項第26号,340CO0000000002
109657-69-4,deleterious,劇物,Deleterious Substance,毒物及び劇物取締法,Poisonous and Deleterious Substances Control Act,NITE-CHRIP RJ_03_001 法律又は政令番号: 政令第2条第1項第26号,340CO0000000002
110-46-3,deleterious,劇物,Deleterious Substance,毒物及び劇物取締法,Poisonous and Deleterious Substances Control Act,NITE-CHRIP RJ_03_001 法律又は政令番号: 政令第2条第1項第1号の6,340CO0000000002
110-46-3,deleterious,劇物,Deleterious Substance,毒物及び劇物取締法,Poisonous and Deleterious Substances Control Act,毒物及び劇物指定令 第二条（劇物）,340CO0000000002
110-59-8,deleterious,劇物,Deleterious Substance,毒物及び劇物取締法,Poisonous and Deleterious Substances Control Act,NITE-CHRIP RJ_03_001 法律又は政令番号: 政令第2条第1項第32号,340CO0000000002
110-61-2,deleterious,劇物,Deleterious Substance,毒物及び劇物取締法,Poisonous and Deleterious Substances Control Act,NITE-CHRIP RJ_03_001 法律又は政令番号: 政令第2条第1項第32号,340CO0000000002
110-67-8,deleterious,劇物,Deleterious Substance,毒物及び劇物取締法,Poisonous and Deleterious Substances Control Act,NITE-CHRIP RJ_03_001 法律又は政令番号: 政令第2条第1項第32号,340CO0000000002
110-91-8,deleterious,劇物,Deleterious Substance,毒物及び劇物取締法,Poisonous and Deleterious Substances Control Act,NITE-CHRIP RJ_03_001 法律又は政令番号: 政令第2条第1項第101号の3,340CO0000000002
110-91-8,deleterious,劇物,Deleterious Substance,毒物及び劇物取締法,Poisonous and Deleterious Substances Control Act,毒物及び劇物指定令 第二条（劇物）,340CO0000000002
11054-70-9,deleterious,劇物,Deleterious Substance,毒物及び劇物取締法,Poisonous and Deleterious Substances Control Act,NITE-CHRIP RJ_03_001 法律又は政令番号: 政令第2条第1項第102号の3,340CO0000000002
110580-21-7,deleterious,劇物,Deleterious Substance,毒物及び劇物取締法,Poisonous and Deleterious Substances Control Act,NITE-CHRIP RJ_03_001 法律又は政令番号: 政令第2条第1項第62号,340CO0000000002
11071-15-1,deleterious,劇物,Deleterious Substance,毒物及び劇物取締法,Poisonous and Deleterious Substances Control Act,NITE-CHRIP RJ_03_001 法律又は政令番号: 政令第2条第1項第7号,340CO0000000002
111-14-8,deleterious,劇物,Deleterious Substance,毒物及び劇物取締法,Poisonous and Deleterious Substances Control Act,NITE-CHRIP RJ_03_001 法律又は政令番号: 政令第2条第1項第92号の2,340CO0000000002
111-14-8,deleterious,劇物,Deleterious Substance,毒物及び劇物取締法,Poisonous and Deleterious Substances Control Act,毒物及び劇物指定令 第二条（劇物）,340CO0000000002
111-40-0,deleterious,劇物,Deleterious Substance,毒物及び劇物取締法,Poisonous and Deleterious Substances Control Act,NITE-CHRIP RJ_03_001,340CO0000000002
111-41-1,deleterious,劇物,Deleterious Substance,毒物及び劇物取締法,Poisonous and Deleterious Substances Control Act,NITE-CHRIP RJ_03_001 法律又は政令番号: 政令第2条第1項第4号の4,340CO0000000002
111-41-1,deleterious,劇物,Deleterious Substance,毒物及び劇物取締法,Poisonous and Deleterious Substances Control Act,毒物及び劇物指定令 第二条（劇物）,340CO0000000002
111-69-3,deleterious,劇物,Deleterious Substance,毒物及び劇物取締法,Poisonous and Deleterious Substances Control Act,NITE-CHRIP RJ_03_001 法律又は政令番号: 政令第2条第1項第32号,340CO0000000002
111-94-4,deleterious,劇物,Deleterious Substance,毒物及び劇物取締法,Poisonous and Deleterious Substances Control Act,NITE-CHRIP RJ_03_001 法律又は政令番号: 政令第2条第1項第32号,340CO0000000002
111-97-7,deleterious,劇物,Deleterious Substance,毒物及び劇物取締法,Poisonous and Deleterious Substances Control Act,NITE-CHRIP RJ_03_001 法律又は政令番号: 政令第2条第1項第32号,340CO0000000002
11103-86-9,deleterious,劇物,Deleterious Substance,毒物及び劇物取締法,Poisonous and Deleterious Substances Control Act,NITE-CHRIP RJ_03_001 法律又は政令番号: 政令第2条第1項第26号,340CO0000000002
11104-65-7,deleterious,劇物,Deleterious Substance,毒物及び劇物取締法,Poisonous and Deleterious Substances Control Act,NITE-CHRIP RJ_03_001 法律又は政令番号: 政令第2条第1項第26号,340CO0000000002
1111-67-7,deleterious,劇物,Deleterious Substance,毒物及び劇物取締法,Poisonous and Deleterious Substances Control Act,NITE-CHRIP RJ_03_001 法律又は政令番号: 政令第2条第1項第72号,340CO0000000002
11113-70-5,deleterious,劇物,Deleterious Substance,毒物及び劇物取締法,Poisonous and Deleterious Substances Control Act,NITE-CHRIP RJ_03_001 法律又は政令番号: 政令第2条第1項第26号,340CO0000000002
11118-27-7,deleterious,劇物,Deleterious Substance,毒物及び劇物取締法,Poisonous and Deleterious Substances Control Act,NITE-CHRIP RJ_03_001 法律又は政令番号: 政令第2条第1項第23号,340CO0000000002
11119-70-3,deleterious,劇物,Deleterious Substance,毒物及び劇物取締法,Poisonous and Deleterious Substances Control Act,NITE-CHRIP RJ_03_001 法律又は政令番号: 政令第2条第1項第26号,340CO0000000002
11120-22-2,deleterious,劇物,Deleterious Substance,毒物及び劇物取締法,Poisonous and Deleterious Substances Control Act,NITE-CHRIP RJ_03_001 法律又は政令番号: 政令第2条第1項第77号,340CO0000000002
1113-38-8,deleterious,劇物,Deleterious Substance,毒物及び劇物取締法,Poisonous and Deleterious Substances Control Act,NITE-CHRIP RJ_03_001 法律又は政令番号: 政令第2条第1項第62号,340CO0000000002
11135-81-2,deleterious,劇物,Deleterious Substance,毒物及び劇物取締法,Poisonous and Deleterious Substances Control Act,NITE-CHRIP RJ_03_001 法律又は政令番号: 法律別表第2の14,340CO0000000002
1116-98-9,deleterious,劇物,Deleterious Substance,毒物及び劇物取締法,Poisonous and Deleterious Substances Control Act,NITE-CHRIP RJ_03_001 法律又は政令番号: 政令第2条第1項第32号,340CO0000000002
1118-46-3,deleterious,劇物,Deleterious Substance,毒物及び劇物取締法,Poisonous and Deleterious Substances Control Act,NITE-CHRIP RJ_03_001 法律又は政令番号: 政令第2条第1項第85号の5,340CO0000000002
1118-61-2,deleterious,劇物,Deleterious Substance,毒物及び劇物取締法,Poisonous and Deleterious Substances Control Act,NITE-CHRIP RJ_03_001 法律又は政令番号: 政令第2条第1項第32号,340CO0000000002
111872-58-3,deleterious,劇物,Deleterious Substance,毒物及び劇物取締法,Poisonous and Deleterious Substances Control Act,NITE-CHRIP RJ_03_001 法律又は政令番号: 政令第2条第1項第88号の4,340CO0000000002
111872-58-3,deleterious,劇物,Deleterious Substance,毒物及び劇物取締法,Poisonous and Deleterious Substances Control Act,毒物及び劇物指定令 第二条（劇物）,340CO0000000002
1119-85-3,deleterious,劇物,Deleterious Substance,毒物及び劇物取締法,Poisonous and Deleterious Substances Control Act,NITE-CHRIP RJ_03_001 法律又は政令番号: 政令第2条第1項第32号,340CO0000000002
111988-49-9,deleterious,劇物,Deleterious Substance,毒物及び劇物取締法,Poisonous and Deleterious Substances Control Act,NITE-CHRIP RJ_03_001 法律又は政令番号: 政令第2条第1項第28号の13,340CO0000000002
111988-49-9,deleterious,劇物,Deleterious Substance,毒物及び劇物取締法,Poisonous and Deleterious Substances Control Act,毒物及び劇物指定令 第二条（劇物）,340CO0000000002
112-24-3,deleterious,劇物,Deleterious Substance,毒物及び劇物取締法,Poisonous and Deleterious Substances Control Act,NITE-CHRIP RJ_03_001 法律又は政令番号: 政令第2条第1項第80号の2,340CO0000000002
112-57-2,deleterious,劇物,Deleterious Substance,毒物及び劇物取締法,Poisonous and Deleterious Substances Control Act,NITE-CHRIP RJ_03_001 法律又は政令番号: 政令第2条第1項第72号の3,340CO0000000002
112-57-2,deleterious,劇物,Deleterious Substance,毒物及び劇物取締法,Poisonous and Deleterious Substances Control Act,毒物及び劇物指定令 第二条（劇物）,340CO0000000002
1120-46-3,deleterious,劇物,Deleterious Substance,毒物及び劇物取締法,Poisonous and Deleterious Substances Control Act,NITE-CHRIP RJ_03_001 法律又は政令番号: 政令第2条第1項第77号,340CO0000000002
1122-28-7,deleterious,劇物,Deleterious Substance,毒物及び劇物取締法,Poisonous and Deleterious Substances Control Act,NITE-CHRIP RJ_03_001 法律又は政令番号: 政令第2条第1項第32号,340CO0000000002
112285-78-6,deleterious,劇物,Deleterious Substance,毒物及び劇物取締法,Poisonous and Deleterious Substances Control Act,NITE-CHRIP RJ_03_001 法律又は政令番号: 政令第2条第1項第26号,340CO0000000002
1126-78-9,deleterious,劇物,Deleterious Substance,毒物及び劇物取締法,Poisonous and Deleterious Substances Control Act,NITE-CHRIP RJ_03_001 法律又は政令番号: 政令第2条第1項第5号,340CO0000000002
1129-35-7,deleterious,劇物,Deleterious Substance,毒物及び劇物取締法,Poisonous and Deleterious Substances Control Act,NITE-CHRIP RJ_03_001 法律又は政令番号: 政令第2条第1項第32号,340CO0000000002
1129-41-5,deleterious,劇物,Deleterious Substance,毒物及び劇物取締法,Poisonous and Deleterious Substances Control Act,NITE-CHRIP RJ_03_001 法律又は政令番号: 政令第2条第1項第100号の5,340CO0000000002
1129-41-5,deleterious,劇物,Deleterious Substance,毒物及び劇物取締法,Poisonous and Deleterious Substances Control Act,毒物及び劇物指定令 第二条（劇物）,340CO0000000002
113015-82-0,deleterious,劇物,Deleterious Substance,毒物及び劇物取締法,Poisonous and Deleterious Substances Control Act,NITE-CHRIP RJ_03_001 法律又は政令番号: 政令第2条第1項第26号,340CO0000000002
113378-31-7,deleterious,劇物,Deleterious Substance,毒物及び劇物取締法,Poisonous and Deleterious Substances Control Act,NITE-CHRIP RJ_03_001 法律又は政令番号: 政令第2条第1項第69号の3,340CO0000000002
114-26-1,deleterious,劇物,Deleterious Substance,毒物及び劇物取締法,Poisonous and Deleterious Substances Control Act,NITE-CHRIP RJ_03_001,340CO0000000002
114601-64-8,deleterious,劇物,Deleterious Substance,毒物及び劇物取締法,Poisonous and Deleterious Substances Control Act,NITE-CHRIP RJ_03_001 法律又は政令番号: 政令第2条第1項第77号,340CO0000000002
114830-97-6,deleterious,劇物,Deleterious Substance,毒物及び劇物取締法,Poisonous and Deleterious Substances Control Act,NITE-CHRIP RJ_03_001 法律又は政令番号: 政令第2条第1項第77号,340CO0000000002
115-24-2,deleterious,劇物,Deleterious Substance,毒物及び劇物取締法,Poisonous and Deleterious Substances Control Act,NITE-CHRIP RJ_03_001 法律又は政令番号: 法律別表第2の55,340CO0000000002
115216-77-8,deleterious,劇物,Deleterious Substance,毒物及び劇物取締法,Poisonous and Deleterious Substances Control Act,NITE-CHRIP RJ_03_001 法律又は政令番号: 政令第2条第1項第79号,340CO0000000002
1153-06-6,deleterious,劇物,Deleterious Substance,毒物及び劇物取締法,Poisonous and Deleterious Substances Control Act,NITE-CHRIP RJ_03_001 法律又は政令番号: 政令第2条第1項第77号,340CO0000000002
115517-69-6,deleterious,劇物,Deleterious Substance,毒物及び劇物取締法,Poisonous and Deleterious Substances Control Act,NITE-CHRIP RJ_03_001 法律又は政令番号: 政令第2条第1項第26号,340CO0000000002
115517-70-9,deleterious,劇物,Deleterious Substance,毒物及び劇物取締法,Poisonous and Deleterious Substances Control Act,NITE-CHRIP RJ_03_001 法律又は政令番号: 政令第2条第1項第26号,340CO0000000002
115517-71-0,deleterious,劇物,Deleterious Substance,毒物及び劇物取締法,Poisonous and Deleterious Substances Control Act,NITE-CHRIP RJ_03_001 法律又は政令番号: 政令第2条第1項第26号,340CO0000000002
115658-56-5,deleterious,劇物,Deleterious Substance,毒物及び劇物取締法,Poisonous and Deleterious Substances Control Act,NITE-CHRIP RJ_03_001 法律又は政令番号: 政令第2条第1項第26号,340CO0000000002
115658-57-6,deleterious,劇物,Deleterious Substance,毒物及び劇物取締法,Poisonous and Deleterious Substances Control Act,NITE-CHRIP RJ_03_001 法律又は政令番号: 政令第2条第1項第26号,340CO0000000002
115949-83-2,deleterious,劇物,Deleterious Substance,毒物及び劇物取締法,Poisonous and Deleterious Substances Control Act,NITE-CHRIP RJ_03_001 法律又は政令番号: 政令第2条第1項第26号,340CO0000000002
115949-89-8,deleterious,劇物,Deleterious Substance,毒物及び劇物取締法,Poisonous and Deleterious Substances Control Act,NITE-CHRIP RJ_03_001 法律又は政令番号: 政令第2条第1項第26号,340CO0000000002
116305-12-5,deleterious,劇物,Deleterious Substance,毒物及び劇物取締法,Poisonous and Deleterious Substances Control Act,NITE-CHRIP RJ_03_001 法律又は政令番号: 政令第2条第1項第26号,340CO0000000002
116321-85-8,deleterious,劇物,Deleterious Substance,毒物及び劇物取締法,Poisonous and Deleterious Substances Control Act,NITE-CHRIP RJ_03_001 法律又は政令番号: 政令第2条第1項第62号,340CO0000000002
116453-89-5,deleterious,劇物,Deleterious Substance,毒物及び劇物取締法,Poisonous and Deleterious Substances Control Act,NITE-CHRIP RJ_03_001 法律又は政令番号: 政令第2条第1項第32号,340CO0000000002
116666-25-2,deleterious,劇物,Deleterious Substance,毒物及び劇物取締法,Poisonous and Deleterious Substances Control Act,NITE-CHRIP RJ_03_001 法律又は政令番号: 政令第2条第1項第77号,340CO0000000002
116854-17-2,deleterious,劇物,Deleterious Substance,毒物及び劇物取締法,Poisonous and Deleterious Substances Control Act,NITE-CHRIP RJ_03_001 法律又は政令番号: 政令第2条第1項第22号,340CO0000000002
116920-59-3,deleterious,劇物,Deleterious Substance,毒物及び劇物取締法,Poisonous and Deleterious Substances Control Act,NITE-CHRIP RJ_03_001 法律又は政令番号: 政令第2条第1項第22号,340CO0000000002
1172-02-7,deleterious,劇物,Deleterious Substance,毒物及び劇物取締法,Poisonous and Deleterious Substances Control Act,NITE-CHRIP RJ_03_001 法律又は政令番号: 政令第2条第1項第32号,340CO0000000002
117482-84-5,deleterious,劇物,Deleterious Substance,毒物及び劇物取締法,Poisonous and Deleterious Substances Control Act,NITE-CHRIP RJ_03_001 法律又は政令番号: 政令第2条第1項第32号,340CO0000000002
117912-89-7,deleterious,劇物,Deleterious Substance,毒物及び劇物取締法,Poisonous and Deleterious Substances Control Act,NITE-CHRIP RJ_03_001 法律又は政令番号: 政令第2条第1項第22号,340CO0000000002
117912-90-0,deleterious,劇物,Deleterious Substance,毒物及び劇物取締法,Poisonous and Deleterious Substances Control Act,NITE-CHRIP RJ_03_001 法律又は政令番号: 政令第2条第1項第22号,340CO0000000002
117912-91-1,deleterious,劇物,Deleterious Substance,毒物及び劇物取締法,Poisonous and Deleterious Substances Control Act,NITE-CHRIP RJ_03_001 法律又は政令番号: 政令第2条第1項第22号,340CO0000000002
1184-64-1,deleterious,劇物,Deleterious Substance,毒物及び劇物取締法,Poisonous and Deleterious Substances Control Act,NITE-CHRIP RJ_03_001 法律又は政令番号: 政令第2条第1項第72号,340CO0000000002
1186-50-1,deleterious,劇物,Deleterious Substance,毒物及び劇物取締法,Poisonous and Deleterious Substances Control Act,NITE-CHRIP RJ_03_001 法律又は政令番号: 政令第2条第1項第62号,340CO0000000002
1187-11-7,deleterious,劇物,Deleterious Substance,毒物及び劇物取締法,Poisonous and Deleterious Substances Control Act,NITE-CHRIP RJ_03_001 法律又は政令番号: 政令第2条第1項第32号,340CO0000000002
1187-42-4,deleterious,劇物,Deleterious Substance,毒物及び劇物取締法,Poisonous and Deleterious Substances Control Act,NITE-CHRIP RJ_03_001 法律又は政令番号: 政令第2条第1項第32号,340CO0000000002
1190-16-5,deleterious,劇物,Deleterious Substance,毒物及び劇物取締法,Poisonous and Deleterious Substances Control Act,NITE-CHRIP RJ_03_001 法律又は政令番号: 政令第2条第1項第32号,340CO0000000002
119068-77-8,deleterious,劇物,Deleterious Substance,毒物及び劇物取締法,Poisonous and Deleterious Substances Control Act,NITE-CHRIP RJ_03_001 法律又は政令番号: 政令第2条第1項第69号の3,340CO0000000002
119168-77-3,deleterious,劇物,Deleterious Substance,毒物及び劇物取締法,Poisonous and Deleterious Substances Control Act,NITE-CHRIP RJ_03_001 法律又は政令番号: 政令第2条第1項第85号の12,340CO0000000002
119168-77-3,deleterious,劇物,Deleterious Substance,毒物及び劇物取締法,Poisonous and Deleterious Substances Control Act,毒物及び劇物指定令 第二条（劇物）,340CO0000000002
119222-01-4,deleterious,劇物,Deleterious Substance,毒物及び劇物取締法,Poisonous and Deleterious Substances Control Act,NITE-CHRIP RJ_03_001 法律又は政令番号: 政令第2条第1項第22号,340CO0000000002
1194-02-1,deleterious,劇物,Deleterious Substance,毒物及び劇物取締法,Poisonous and Deleterious Substances Control Act,NITE-CHRIP RJ_03_001 法律又は政令番号: 政令第2条第1項第32号,340CO0000000002
119617-22-0,deleterious,劇物,Deleterious Substance,毒物及び劇物取締法,Poisonous and Deleterious Substances Control Act,NITE-CHRIP RJ_03_001 法律又は政令番号: 政令第2条第1項第24号,340CO0000000002
1197-19-9,deleterious,劇物,Deleterious Substance,毒物及び劇物取締法,Poisonous and Deleterious Substances Control Act,NITE-CHRIP RJ_03_001 法律又は政令番号: 政令第2条第1項第32号,340CO0000000002
1198-30-7,deleterious,劇物,Deleterious Substance,毒物及び劇物取締法,Poisonous and Deleterious Substances Control Act,NITE-CHRIP RJ_03_001 法律又は政令番号: 政令第2条第1項第32号,340CO0000000002
119801-45-5,deleterious,劇物,Deleterious Substance,毒物及び劇物取締法,Poisonous and Deleterious Substances Control Act,NITE-CHRIP RJ_03_001 法律又は政令番号: 政令第2条第1項第26号,340CO0000000002
120-80-9,deleterious,劇物,Deleterious Substance,毒物及び劇物取締法,Poisonous and Deleterious Substances Control Act,NITE-CHRIP RJ_03_001 法律又は政令番号: 政令第2条第1項第83号の2,340CO0000000002
120-83-2,deleterious,劇物,Deleterious Substance,毒物及び劇物取締法,Poisonous and Deleterious Substances Control Act,NITE-CHRIP RJ_03_001 法律又は政令番号: 政令第2条第1項第41号の4,340CO0000000002
120-83-2,deleterious,劇物,Deleterious Substance,毒物及び劇物取締法,Poisonous and Deleterious Substances Control Act,毒物及び劇物指定令 第二条（劇物）,340CO0000000002
12002-99-2,deleterious,劇物,Deleterious Substance,毒物及び劇物取締法,Poisonous and Deleterious Substances Control Act,NITE-CHRIP RJ_03_001 法律又は政令番号: 政令第2条第1項第24号,340CO0000000002
12004-04-5,deleterious,劇物,Deleterious Substance,毒物及び劇物取締法,Poisonous and Deleterious Substances Control Act,NITE-CHRIP RJ_03_001 法律又は政令番号: 政令第2条第1項第79号,340CO0000000002
120068-37-3,deleterious,劇物,Deleterious Substance,毒物及び劇物取締法,Poisonous and Deleterious Substances Control Act,NITE-CHRIP RJ_03_001 法律又は政令番号: 政令第2条第1項第32号,340CO0000000002
12009-14-2,deleterious,劇物,Deleterious Substance,毒物及び劇物取締法,Poisonous and Deleterious Substances Control Act,NITE-CHRIP RJ_03_001 法律又は政令番号: 政令第2条第1項第79号,340CO0000000002
12009-18-6,deleterious,劇物,Deleterious Substance,毒物及び劇物取締法,Poisonous and Deleterious Substances Control Act,NITE-CHRIP RJ_03_001 法律又は政令番号: 政令第2条第1項第69号,340CO0000000002
12009-21-1,deleterious,劇物,Deleterious Substance,毒物及び劇物取締法,Poisonous and Deleterious Substances Control Act,NITE-CHRIP RJ_03_001 法律又は政令番号: 政令第2条第1項第79号,340CO0000000002
12009-36-8,deleterious,劇物,Deleterious Substance,毒物及び劇物取締法,Poisonous and Deleterious Substances Control Act,NITE-CHRIP RJ_03_001 法律又は政令番号: 政令第2条第1項第79号,340CO0000000002
12013-69-3,deleterious,劇物,Deleterious Substance,毒物及び劇物取締法,Poisonous and Deleterious Substances Control Act,NITE-CHRIP RJ_03_001 法律又は政令番号: 政令第2条第1項第77号,340CO0000000002
12014-28-7,deleterious,劇物,Deleterious Substance,毒物及び劇物取締法,Poisonous and Deleterious Substances Control Act,NITE-CHRIP RJ_03_001 法律又は政令番号: 政令第2条第1項第22号,340CO0000000002
12017-79-7,deleterious,劇物,Deleterious Substance,毒物及び劇物取締法,Poisonous and Deleterious Substances Control Act,NITE-CHRIP RJ_03_001 法律又は政令番号: 政令第2条第1項第26号,340CO0000000002
12018-10-9,deleterious,劇物,Deleterious Substance,毒物及び劇物取締法,Poisonous and Deleterious Substances Control Act,NITE-CHRIP RJ_03_001 法律又は政令番号: 政令第2条第1項第26号,340CO0000000002
12018-19-8,deleterious,劇物,Deleterious Substance,毒物及び劇物取締法,Poisonous and Deleterious Substances Control Act,NITE-CHRIP RJ_03_001 法律又は政令番号: 政令第2条第1項第1号,340CO0000000002
12019-08-8,deleterious,劇物,Deleterious Substance,毒物及び劇物取締法,Poisonous and Deleterious Substances Control Act,NITE-CHRIP RJ_03_001 法律又は政令番号: 政令第2条第1項第72号,340CO0000000002
12019-23-7,deleterious,劇物,Deleterious Substance,毒物及び劇物取締法,Poisonous and Deleterious Substances Control Act,NITE-CHRIP RJ_03_001 法律又は政令番号: 政令第2条第1項第72号,340CO0000000002
12019-52-2,deleterious,劇物,Deleterious Substance,毒物及び劇物取締法,Poisonous and Deleterious Substances Control Act,NITE-CHRIP RJ_03_001 法律又は政令番号: 政令第2条第1項第72号,340CO0000000002
12032-97-2,deleterious,劇物,Deleterious Substance,毒物及び劇物取締法,Poisonous and Deleterious Substances Control Act,NITE-CHRIP RJ_03_001 法律又は政令番号: 政令第2条第1項第7号,340CO0000000002
12034-30-9,deleterious,劇物,Deleterious Substance,毒物及び劇物取締法,Poisonous and Deleterious Substances Control Act,NITE-CHRIP RJ_03_001 法律又は政令番号: 政令第2条第1項第77号,340CO0000000002
12034-31-0,deleterious,劇物,Deleterious Substance,毒物及び劇物取締法,Poisonous and Deleterious Substances Control Act,NITE-CHRIP RJ_03_001 法律又は政令番号: 政令第2条第1項第1号,340CO0000000002
12034-88-7,deleterious,劇物,Deleterious Substance,毒物及び劇物取締法,Poisonous and Deleterious Substances Control Act,NITE-CHRIP RJ_03_001 法律又は政令番号: 政令第2条第1項第77号,340CO0000000002
12036-43-0,deleterious,劇物,Deleterious Substance,毒物及び劇物取締法,Poisonous and Deleterious Substances Control Act,NITE-CHRIP RJ_03_001 法律又は政令番号: 政令第2条第1項第1号,340CO0000000002
12036-76-9,deleterious,劇物,Deleterious Substance,毒物及び劇物取締法,Poisonous and Deleterious Substances Control Act,NITE-CHRIP RJ_03_001 法律又は政令番号: 政令第2条第1項第77号,340CO0000000002
12037-79-5,deleterious,劇物,Deleterious Substance,毒物及び劇物取締法,Poisonous and Deleterious Substances Control Act,NITE-CHRIP RJ_03_001 法律又は政令番号: 政令第2条第1項第107号,340CO0000000002
12037-79-5,deleterious,劇物,Deleterious Substance,毒物及び劇物取締法,Poisonous and Deleterious Substances Control Act,NITE-CHRIP RJ_03_001 法律又は政令番号: 法律別表第2の91,340CO0000000002
12039-35-9,deleterious,劇物,Deleterious Substance,毒物及び劇物取締法,Poisonous and Deleterious Substances Control Act,NITE-CHRIP RJ_03_001 法律又は政令番号: 政令第2条第1項第1号,340CO0000000002
12041-42-8,deleterious,劇物,Deleterious Substance,毒物及び劇物取締法,Poisonous and Deleterious Substances Control Act,NITE-CHRIP RJ_03_001 法律又は政令番号: 政令第2条第1項第24号,340CO0000000002
12046-08-1,deleterious,劇物,Deleterious Substance,毒物及び劇物取締法,Poisonous and Deleterious Substances Control Act,NITE-CHRIP RJ_03_001 法律又は政令番号: 政令第2条第1項第79号,340CO0000000002
12047-27-7,deleterious,劇物,Deleterious Substance,毒物及び劇物取締法,Poisonous and Deleterious Substances Control Act,NITE-CHRIP RJ_03_001 法律又は政令番号: 政令第2条第1項第79号,340CO0000000002
12047-79-9,deleterious,劇物,Deleterious Substance,毒物及び劇物取締法,Poisonous and Deleterious Substances Control Act,NITE-CHRIP RJ_03_001 法律又は政令番号: 政令第2条第1項第79号,340CO0000000002
12052-42-5,deleterious,劇物,Deleterious Substance,毒物及び劇物取締法,Poisonous and Deleterious Substances Control Act,NITE-CHRIP RJ_03_001 法律又は政令番号: 政令第2条第1項第7号,340CO0000000002
12053-12-2,deleterious,劇物,Deleterious Substance,毒物及び劇物取締法,Poisonous and Deleterious Substances Control Act,NITE-CHRIP RJ_03_001 法律又は政令番号: 政令第2条第1項第7号,340CO0000000002
12053-18-8,deleterious,劇物,Deleterious Substance,毒物及び劇物取締法,Poisonous and Deleterious Substances Control Act,NITE-CHRIP RJ_03_001 法律又は政令番号: 政令第2条第1項第26号,340CO0000000002
12053-47-3,deleterious,劇物,Deleterious Substance,毒物及び劇物取締法,Poisonous and Deleterious Substances Control Act,NITE-CHRIP RJ_03_001 法律又は政令番号: 政令第2条第1項第26号,340CO0000000002
120558-28-3,deleterious,劇物,Deleterious Substance,毒物及び劇物取締法,Poisonous and Deleterious Substances Control Act,NITE-CHRIP RJ_03_001 法律又は政令番号: 政令第2条第1項第26号,340CO0000000002
12059-89-1,deleterious,劇物,Deleterious Substance,毒物及び劇物取締法,Poisonous and Deleterious Substances Control Act,NITE-CHRIP RJ_03_001 法律又は政令番号: 政令第2条第1項第77号,340CO0000000002
1206-15-1,deleterious,劇物,Deleterious Substance,毒物及び劇物取締法,Poisonous and Deleterious Substances Control Act,NITE-CHRIP RJ_03_001 法律又は政令番号: 政令第2条第1項第32号,340CO0000000002
12060-00-3,deleterious,劇物,Deleterious Substance,毒物及び劇物取締法,Poisonous and Deleterious Substances Control Act,NITE-CHRIP RJ_03_001 法律又は政令番号: 政令第2条第1項第77号,340CO0000000002
12060-01-4,deleterious,劇物,Deleterious Substance,毒物及び劇物取締法,Poisonous and Deleterious Substances Control Act,NITE-CHRIP RJ_03_001 法律又は政令番号: 政令第2条第1項第77号,340CO0000000002
12062-24-7,deleterious,劇物,Deleterious Substance,毒物及び劇物取締法,Poisonous and Deleterious Substances Control Act,NITE-CHRIP RJ_03_001 法律又は政令番号: 政令第2条第1項第72号,340CO0000000002
12064-03-8,deleterious,劇物,Deleterious Substance,毒物及び劇物取締法,Poisonous and Deleterious Substances Control Act,NITE-CHRIP RJ_03_001 法律又は政令番号: 政令第2条第1項第7号,340CO0000000002
12065-68-8,deleterious,劇物,Deleterious Substance,毒物及び劇物取締法,Poisonous and Deleterious Substances Control Act,NITE-CHRIP RJ_03_001 法律又は政令番号: 政令第2条第1項第77号,340CO0000000002
12069-69-1,deleterious,劇物,Deleterious Substance,毒物及び劇物取締法,Poisonous and Deleterious Substances Control Act,NITE-CHRIP RJ_03_001 法律又は政令番号: 政令第2条第1項第72号,340CO0000000002
12070-27-8,deleterious,劇物,Deleterious Substance,毒物及び劇物取締法,Poisonous and Deleterious Substances Control Act,NITE-CHRIP RJ_03_001 法律又は政令番号: 政令第2条第1項第79号,340CO0000000002
120928-09-8,deleterious,劇物,Deleterious Substance,毒物及び劇物取締法,Poisonous and Deleterious Substances Control Act,NITE-CHRIP RJ_03_001 法律又は政令番号: 政令第2条第1項第85号の7,340CO0000000002
121-14-2,deleterious,劇物,Deleterious Substance,毒物及び劇物取締法,Poisonous and Deleterious Substances Control Act,NITE-CHRIP RJ_03_001 法律又は政令番号: 政令第2条第1項第43号の2,340CO0000000002
121-14-2,deleterious,劇物,Deleterious Substance,毒物及び劇物取締法,Poisonous and Deleterious Substances Control Act,毒物及び劇物指定令 第二条（劇物）,340CO0000000002
1210-12-4,deleterious,劇物,Deleterious Substance,毒物及び劇物取締法,Poisonous and Deleterious Substances Control Act,NITE-CHRIP RJ_03_001 法律又は政令番号: 政令第2条第1項第32号,340CO0000000002
121054-00-0,deleterious,劇物,Deleterious Substance,毒物及び劇物取締法,Poisonous and Deleterious Substances Control Act,NITE-CHRIP RJ_03_001 法律又は政令番号: 政令第2条第1項第77号,340CO0000000002
12125-01-8,deleterious,劇物,Deleterious Substance,毒物及び劇物取締法,Poisonous and Deleterious Substances Control Act,NITE-CHRIP RJ_03_001 法律又は政令番号: 政令第2条第1項第85号の14,340CO0000000002
12125-01-8,deleterious,劇物,Deleterious Substance,毒物及び劇物取締法,Poisonous and Deleterious Substances Control Act,毒物及び劇物指定令 第二条（劇物）,340CO0000000002
12139-23-0,deleterious,劇物,Deleterious Substance,毒物及び劇物取締法,Poisonous and Deleterious Substances Control Act,NITE-CHRIP RJ_03_001 法律又は政令番号: 政令第2条第1項第22号,340CO0000000002
12158-75-7,deleterious,劇物,Deleterious Substance,毒物及び劇物取締法,Poisonous and Deleterious Substances Control Act,NITE-CHRIP RJ_03_001 法律又は政令番号: 政令第2条第1項第72号,340CO0000000002
1217-45-4,deleterious,劇物,Deleterious Substance,毒物及び劇物取締法,Poisonous and Deleterious Substances Control Act,NITE-CHRIP RJ_03_001 法律又は政令番号: 政令第2条第1項第32号,340CO0000000002
12170-19-3,deleterious,劇物,Deleterious Substance,毒物及び劇物取締法,Poisonous and Deleterious Substances Control Act,NITE-CHRIP RJ_03_001 法律又は政令番号: 政令第2条第1項第96号,340CO0000000002
12187-14-3,deleterious,劇物,Deleterious Substance,毒物及び劇物取締法,Poisonous and Deleterious Substances Control Act,NITE-CHRIP RJ_03_001 法律又は政令番号: 政令第2条第1項第22号,340CO0000000002
12190-88-4,deleterious,劇物,Deleterious Substance,毒物及び劇物取締法,Poisonous and Deleterious Substances Control Act,NITE-CHRIP RJ_03_001 法律又は政令番号: 政令第2条第1項第26号,340CO0000000002
12202-17-4,deleterious,劇物,Deleterious Substance,毒物及び劇物取締法,Poisonous and Deleterious Substances Control Act,NITE-CHRIP RJ_03_001 法律又は政令番号: 政令第2条第1項第77号,340CO0000000002
12208-13-8,deleterious,劇物,Deleterious Substance,毒物及び劇物取締法,Poisonous and Deleterious Substances Control Act,NITE-CHRIP RJ_03_001 法律又は政令番号: 政令第2条第1項第7号,340CO0000000002
12214-45-8,deleterious,劇物,Deleterious Substance,毒物及び劇物取締法,Poisonous and Deleterious Substances Control Act,NITE-CHRIP RJ_03_001 法律又は政令番号: 政令第2条第1項第77号,340CO0000000002
122162-56-5,deleterious,劇物,Deleterious Substance,毒物及び劇物取締法,Poisonous and Deleterious Substances Control Act,NITE-CHRIP RJ_03_001 法律又は政令番号: 政令第2条第1項第77号,340CO0000000002
12230-71-6,deleterious,劇物,Deleterious Substance,毒物及び劇物取締法,Poisonous and Deleterious Substances Control Act,NITE-CHRIP RJ_03_001 法律又は政令番号: 政令第2条第1項第79号,340CO0000000002
12231-98-0,deleterious,劇物,Deleterious Substance,毒物及び劇物取締法,Poisonous and Deleterious Substances Control Act,NITE-CHRIP RJ_03_001 法律又は政令番号: 政令第2条第1項第79号,340CO0000000002
122371-93-1,deleterious,劇物,Deleterious Substance,毒物及び劇物取締法,Poisonous and Deleterious Substances Control Act,NITE-CHRIP RJ_03_001 法律又は政令番号: 政令第2条第1項第32号,340CO0000000002
122453-73-0,deleterious,劇物,Deleterious Substance,毒物及び劇物取締法,Poisonous and Deleterious Substances Control Act,NITE-CHRIP RJ_03_001 法律又は政令番号: 政令第2条第1項第32号,340CO0000000002
12249-68-2,deleterious,劇物,Deleterious Substance,毒物及び劇物取締法,Poisonous and Deleterious Substances Control Act,NITE-CHRIP RJ_03_001 法律又は政令番号: 政令第2条第1項第24号,340CO0000000002
12275-07-9,deleterious,劇物,Deleterious Substance,毒物及び劇物取締法,Poisonous and Deleterious Substances Control Act,NITE-CHRIP RJ_03_001 法律又は政令番号: 政令第2条第1項第77号,340CO0000000002
123-06-8,deleterious,劇物,Deleterious Substance,毒物及び劇物取締法,Poisonous and Deleterious Substances Control Act,NITE-CHRIP RJ_03_001 法律又は政令番号: 政令第2条第1項第32号,340CO0000000002
12307-40-3,deleterious,劇物,Deleterious Substance,毒物及び劇物取締法,Poisonous and Deleterious Substances Control Act,NITE-CHRIP RJ_03_001 法律又は政令番号: 政令第2条第1項第96号,340CO0000000002
12323-03-4,deleterious,劇物,Deleterious Substance,毒物及び劇物取締法,Poisonous and Deleterious Substances Control Act,NITE-CHRIP RJ_03_001 法律又は政令番号: 政令第2条第1項第79号,340CO0000000002
123333-54-0,deleterious,劇物,Deleterious Substance,毒物及び劇物取締法,Poisonous and Deleterious Substances Control Act,NITE-CHRIP RJ_03_001 法律又は政令番号: 政令第2条第1項第95号,340CO0000000002
12345-15-2,deleterious,劇物,Deleterious Substance,毒物及び劇物取締法,Poisonous and Deleterious Substances Control Act,NITE-CHRIP RJ_03_001 法律又は政令番号: 政令第2条第1項第7号,340CO0000000002
12359-22-7,deleterious,劇物,Deleterious Substance,毒物及び劇物取締法,Poisonous and Deleterious Substances Control Act,NITE-CHRIP RJ_03_001 法律又は政令番号: 政令第2条第1項第77号,340CO0000000002
124-09-4,deleterious,劇物,Deleterious Substance,毒物及び劇物取締法,Poisonous and Deleterious Substances Control Act,NITE-CHRIP RJ_03_001,340CO0000000002
124-40-3,deleterious,劇物,Deleterious Substance,毒物及び劇物取締法,Poisonous and Deleterious Substances Control Act,NITE-CHRIP RJ_03_001 法律又は政令番号: 政令第2条第1項第50号の7,340CO0000000002
124-40-3,deleterious,劇物,Deleterious Substance,毒物及び劇物取締法,Poisonous and Deleterious Substances Control Act,毒物及び劇物指定令 第二条（劇物）,340CO0000000002
124-43-6,deleterious,劇物,Deleterious Substance,毒物及び劇物取締法,Poisonous and Deleterious Substances Control Act,NITE-CHRIP RJ_03_001 法律又は政令番号: 政令第2条第1項第21号,340CO0000000002
124-43-6,deleterious,劇物,Deleterious Substance,毒物及び劇物取締法,Poisonous and Deleterious Substances Control Act,NITE-CHRIP RJ_03_001 法律又は政令番号: 法律別表第2の12,340CO0000000002
124-43-6,deleterious,劇物,Deleterious Substance,毒物及び劇物取締法,Poisonous and Deleterious Substances Control Act,毒物及び劇物指定令 第二条（劇物）,340CO0000000002
12433-24-8,deleterious,劇物,Deleterious Substance,毒物及び劇物取締法,Poisonous and Deleterious Substances Control Act,NITE-CHRIP RJ_03_001 法律又は政令番号: 政令第2条第1項第26号,340CO0000000002
12433-30-6,deleterious,劇物,Deleterious Substance,毒物及び劇物取締法,Poisonous and Deleterious Substances Control Act,NITE-CHRIP RJ_03_001 法律又は政令番号: 政令第2条第1項第26号,340CO0000000002
124594-13-4,deleterious,劇物,Deleterious Substance,毒物及び劇物取締法,Poisonous and Deleterious Substances Control Act,NITE-CHRIP RJ_03_001 法律又は政令番号: 政令第2条第1項第72号,340CO0000000002
124826-86-4,deleterious,劇物,Deleterious Substance,毒物及び劇物取締法,Poisonous and Deleterious Substances Control Act,NITE-CHRIP RJ_03_001 法律又は政令番号: 政令第2条第1項第77号,340CO0000000002
125233-42-3,deleterious,劇物,Deleterious Substance,毒物及び劇物取締法,Poisonous and Deleterious Substances Control Act,NITE-CHRIP RJ_03_001 法律又は政令番号: 政令第2条第1項第26号,340CO0000000002
125297-07-6,deleterious,劇物,Deleterious Substance,毒物及び劇物取締法,Poisonous and Deleterious Substances Control Act,NITE-CHRIP RJ_03_001 法律又は政令番号: 政令第2条第1項第26号,340CO0000000002
125454-11-7,deleterious,劇物,Deleterious Substance,毒物及び劇物取締法,Poisonous and Deleterious Substances Control Act,NITE-CHRIP RJ_03_001 法律又は政令番号: 政令第2条第1項第77号,340CO0000000002
12578-12-0,deleterious,劇物,Deleterious Substance,毒物及び劇物取締法,Poisonous and Deleterious Substances Control Act,NITE-CHRIP RJ_03_001 法律又は政令番号: 政令第2条第1項第77号,340CO0000000002
126-98-7,deleterious,劇物,Deleterious Substance,毒物及び劇物取締法,Poisonous and Deleterious Substances Control Act,NITE-CHRIP RJ_03_001 法律又は政令番号: 政令第2条第1項第32号,340CO0000000002
126-99-8,deleterious,劇物,Deleterious Substance,毒物及び劇物取締法,Poisonous and Deleterious Substances Control Act,NITE-CHRIP RJ_03_001 法律又は政令番号: 政令第2条第1項第28号の16,340CO0000000002
12612-47-4,deleterious,劇物,Deleterious Substance,毒物及び劇物取締法,Poisonous and Deleterious Substances Control Act,NITE-CHRIP RJ_03_001 法律又は政令番号: 政令第2条第1項第77号,340CO0000000002
1262-21-1,deleterious,劇物,Deleterious Substance,毒物及び劇物取締法,Poisonous and Deleterious Substances Control Act,NITE-CHRIP RJ_03_001 法律又は政令番号: 政令第2条第1項第66号,340CO0000000002
12626-81-2,deleterious,劇物,Deleterious Substance,毒物及び劇物取締法,Poisonous and Deleterious Substances Control Act,NITE-CHRIP RJ_03_001 法律又は政令番号: 政令第2条第1項第77号,340CO0000000002
126476-37-7,deleterious,劇物,Deleterious Substance,毒物及び劇物取締法,Poisonous and Deleterious Substances Control Act,NITE-CHRIP RJ_03_001 法律又は政令番号: 政令第2条第1項第62号,340CO0000000002
12653-91-7,deleterious,劇物,Deleterious Substance,毒物及び劇物取締法,Poisonous and Deleterious Substances Control Act,NITE-CHRIP RJ_03_001 法律又は政令番号: 政令第2条第1項第24号,340CO0000000002
126549-44-8,deleterious,劇物,Deleterious Substance,毒物及び劇物取締法,Poisonous and Deleterious Substances Control Act,NITE-CHRIP RJ_03_001 法律又は政令番号: 政令第2条第1項第23号,340CO0000000002
12656-85-8,deleterious,劇物,Deleterious Substance,毒物及び劇物取締法,Poisonous and Deleterious Substances Control Act,NITE-CHRIP RJ_03_001 法律又は政令番号: 政令第2条第1項第26号,340CO0000000002
12676-62-9,deleterious,劇物,Deleterious Substance,毒物及び劇物取締法,Poisonous and Deleterious Substances Control Act,NITE-CHRIP RJ_03_001 法律又は政令番号: 政令第2条第1項第77号,340CO0000000002
12680-48-7,deleterious,劇物,Deleterious Substance,毒物及び劇物取締法,Poisonous and Deleterious Substances Control Act,NITE-CHRIP RJ_03_001 法律又は政令番号: 政令第2条第1項第26号,340CO0000000002
127-95-7,deleterious,劇物,Deleterious Substance,毒物及び劇物取締法,Poisonous and Deleterious Substances Control Act,NITE-CHRIP RJ_03_001 法律又は政令番号: 政令第2条第1項第62号,340CO0000000002
127-96-8,deleterious,劇物,Deleterious Substance,毒物及び劇物取締法,Poisonous and Deleterious Substances Control Act,NITE-CHRIP RJ_03_001 法律又は政令番号: 政令第2条第1項第62号,340CO0000000002
12738-87-3,deleterious,劇物,Deleterious Substance,毒物及び劇物取締法,Poisonous and Deleterious Substances Control Act,NITE-CHRIP RJ_03_001 法律又は政令番号: 政令第2条第1項第69号,340CO0000000002
12777-94-5,deleterious,劇物,Deleterious Substance,毒物及び劇物取締法,Poisonous and Deleterious Substances Control Act,NITE-CHRIP RJ_03_001 法律又は政令番号: 政令第2条第1項第26号,340CO0000000002
12795-09-4,deleterious,劇物,Deleterious Substance,毒物及び劇物取締法,Poisonous and Deleterious Substances Control Act,NITE-CHRIP RJ_03_001 法律又は政令番号: 政令第2条第1項第72号,340CO0000000002
128196-69-0,deleterious,劇物,Deleterious Substance,毒物及び劇物取締法,Poisonous and Deleterious Substances Control Act,NITE-CHRIP RJ_03_001 法律又は政令番号: 政令第2条第1項第24号,340CO0000000002
128196-70-3,deleterious,劇物,Deleterious Substance,毒物及び劇物取締法,Poisonous and Deleterious Substances Control Act,NITE-CHRIP RJ_03_001 法律又は政令番号: 政令第2条第1項第24号,340CO0000000002
1282-37-7,deleterious,劇物,Deleterious Substance,毒物及び劇物取締法,Poisonous and Deleterious Substances Control Act,NITE-CHRIP RJ_03_001 法律又は政令番号: 政令第2条第1項第96号,340CO0000000002
128226-81-3,deleterious,劇物,Deleterious Substance,毒物及び劇物取締法,Poisonous and Deleterious Substances Control Act,NITE-CHRIP RJ_03_001 法律又は政令番号: 政令第2条第1項第77号,340CO0000000002
128715-37-7,deleterious,劇物,Deleterious Substance,毒物及び劇物取締法,Poisonous and Deleterious Substances Control Act,NITE-CHRIP RJ_03_001 法律又は政令番号: 政令第2条第1項第26号,340CO0000000002
128976-28-3,deleterious,劇物,Deleterious Substance,毒物及び劇物取締法,Poisonous and Deleterious Substances Control Act,NITE-CHRIP RJ_03_001 法律又は政令番号: 政令第2条第1項第26号,340CO0000000002
129211-47-8,deleterious,劇物,Deleterious Substance,毒物及び劇物取締法,Poisonous and Deleterious Substances Control Act,NITE-CHRIP RJ_03_001 法律又は政令番号: 政令第2条第1項第96号,340CO0000000002
129558-76-5,deleterious,劇物,Deleterious Substance,毒物及び劇物取締法,Poisonous and Deleterious Substances Control Act,NITE-CHRIP RJ_03_001 法律又は政令番号: 政令第2条第1項第28号の4,340CO0000000002
129558-76-5,deleterious,劇物,Deleterious Substance,毒物及び劇物取締法,Poisonous and Deleterious Substances Control Act,毒物及び劇物指定令 第二条（劇物）,340CO0000000002
129836-95-9,deleterious,劇物,Deleterious Substance,毒物及び劇物取締法,Poisonous and Deleterious Substances Control Act,NITE-CHRIP RJ_03_001 法律又は政令番号: 政令第2条第1項第62号,340CO0000000002
129836-96-0,deleterious,劇物,Deleterious Substance,毒物及び劇物取締法,Poisonous and Deleterious Substances Control Act,NITE-CHRIP RJ_03_001 法律又は政令番号: 政令第2条第1項第62号,340CO0000000002
129836-97-1,deleterious,劇物,Deleterious Substance,毒物及び劇物取締法,Poisonous and Deleterious Substances Control Act,NITE-CHRIP RJ_03_001 法律又は政令番号: 政令第2条第1項第62号,340CO0000000002
1300-37-4,deleterious,劇物,Deleterious Substance,毒物及び劇物取締法,Poisonous and Deleterious Substances Control Act,NITE-CHRIP RJ_03_001 法律又は政令番号: 政令第2条第1項第79号,340CO0000000002
130166-92-6,deleterious,劇物,Deleterious Substance,毒物及び劇物取締法,Poisonous and Deleterious Substances Control Act,NITE-CHRIP RJ_03_001 法律又は政令番号: 政令第2条第1項第32号,340CO0000000002
1302-01-8,deleterious,劇物,Deleterious Substance,毒物及び劇物取締法,Poisonous and Deleterious Substances Control Act,NITE-CHRIP RJ_03_001 法律又は政令番号: 政令第2条第1項第24号,340CO0000000002
1302-42-7,deleterious,劇物,Deleterious Substance,毒物及び劇物取締法,Poisonous and Deleterious Substances Control Act,NITE-CHRIP RJ_03_001,340CO0000000002
130206-49-4,deleterious,劇物,Deleterious Substance,毒物及び劇物取締法,Poisonous and Deleterious Substances Control Act,NITE-CHRIP RJ_03_001 法律又は政令番号: 政令第2条第1項第23号,340CO0000000002
1303-60-2,deleterious,劇物,Deleterious Substance,毒物及び劇物取締法,Poisonous and Deleterious Substances Control Act,NITE-CHRIP RJ_03_001 法律又は政令番号: 政令第2条第1項第23号,340CO0000000002
1303-61-3,deleterious,劇物,Deleterious Substance,毒物及び劇物取締法,Poisonous and Deleterious Substances Control Act,NITE-CHRIP RJ_03_001 法律又は政令番号: 政令第2条第1項第23号,340CO0000000002
1304-28-5,deleterious,劇物,Deleterious Substance,毒物及び劇物取締法,Poisonous and Deleterious Substances Control Act,NITE-CHRIP RJ_03_001 法律又は政令番号: 政令第2条第1項第79号,340CO0000000002
1304-29-6,deleterious,劇物,Deleterious Substance,毒物及び劇物取締法,Poisonous and Deleterious Substances Control Act,NITE-CHRIP RJ_03_001 法律又は政令番号: 政令第2条第1項第79号,340CO0000000002
1304-40-1,deleterious,劇物,Deleterious Substance,毒物及び劇物取締法,Poisonous and Deleterious Substances Control Act,NITE-CHRIP RJ_03_001 法律又は政令番号: 政令第2条第1項第79号,340CO0000000002
1306-19-0,deleterious,劇物,Deleterious Substance,毒物及び劇物取締法,Poisonous and Deleterious Substances Control Act,NITE-CHRIP RJ_03_001 法律又は政令番号: 政令第2条第1項第22号,340CO0000000002
1306-23-6,deleterious,劇物,Deleterious Substance,毒物及び劇物取締法,Poisonous and Deleterious Substances Control Act,NITE-CHRIP RJ_03_001 法律又は政令番号: 政令第2条第1項第22号,340CO0000000002
1306-25-8,deleterious,劇物,Deleterious Substance,毒物及び劇物取締法,Poisonous and Deleterious Substances Control Act,NITE-CHRIP RJ_03_001 法律又は政令番号: 政令第2条第1項第22号,340CO0000000002
13063-43-9,deleterious,劇物,Deleterious Substance,毒物及び劇物取締法,Poisonous and Deleterious Substances Control Act,NITE-CHRIP RJ_03_001 法律又は政令番号: 政令第2条第1項第32号,340CO0000000002
13067-93-1,deleterious,劇物,Deleterious Substance,毒物及び劇物取締法,Poisonous and Deleterious Substances Control Act,NITE-CHRIP RJ_03_001 法律又は政令番号: 政令第2条第1項第32号,340CO0000000002
130680-19-2,deleterious,劇物,Deleterious Substance,毒物及び劇物取締法,Poisonous and Deleterious Substances Control Act,NITE-CHRIP RJ_03_001 法律又は政令番号: 政令第2条第1項第77号,340CO0000000002
1309-60-0,deleterious,劇物,Deleterious Substance,毒物及び劇物取締法,Poisonous and Deleterious Substances Control Act,NITE-CHRIP RJ_03_001 法律又は政令番号: 政令第2条第1項第77号,340CO0000000002
1309-64-4,deleterious,劇物,Deleterious Substance,毒物及び劇物取締法,Poisonous and Deleterious Substances Control Act,NITE-CHRIP RJ_03_001 法律又は政令番号: 政令第2条第1項第7号,340CO0000000002
13094-04-7,deleterious,劇物,Deleterious Substance,毒物及び劇物取締法,Poisonous and Deleterious Substances Control Act,NITE-CHRIP RJ_03_001 法律又は政令番号: 政令第2条第1項第77号,340CO0000000002
131-52-2,deleterious,劇物,Deleterious Substance,毒物及び劇物取締法,Poisonous and Deleterious Substances Control Act,NITE-CHRIP RJ_03_001 法律又は政令番号: 政令第2条第1項第95号,340CO0000000002
131-72-6,deleterious,劇物,Deleterious Substance,毒物及び劇物取締法,Poisonous and Deleterious Substances Control Act,NITE-CHRIP RJ_03_001 法律又は政令番号: 政令第2条第1項第46号の2,340CO0000000002
131-72-6,deleterious,劇物,Deleterious Substance,毒物及び劇物取締法,Poisonous and Deleterious Substances Control Act,毒物及び劇物指定令 第二条（劇物）,340CO0000000002
131-74-8,deleterious,劇物,Deleterious Substance,毒物及び劇物取締法,Poisonous and Deleterious Substances Control Act,NITE-CHRIP RJ_03_001 法律又は政令番号: 政令第2条第1項第80号,340CO0000000002
131-89-5,deleterious,劇物,Deleterious Substance,毒物及び劇物取締法,Poisonous and Deleterious Substances Control Act,NITE-CHRIP RJ_03_001 法律又は政令番号: 政令第2条第1項第43号,340CO0000000002
131-89-5,deleterious,劇物,Deleterious Substance,毒物及び劇物取締法,Poisonous and Deleterious Substances Control Act,NITE-CHRIP RJ_03_001 法律又は政令番号: 法律別表第2の31,340CO0000000002
131-89-5,deleterious,劇物,Deleterious Substance,毒物及び劇物取締法,Poisonous and Deleterious Substances Control Act,毒物及び劇物指定令 第二条（劇物）,340CO0000000002
1310-03-8,deleterious,劇物,Deleterious Substance,毒物及び劇物取締法,Poisonous and Deleterious Substances Control Act,NITE-CHRIP RJ_03_001 法律又は政令番号: 政令第2条第1項第77号,340CO0000000002
1310-58-3,deleterious,劇物,Deleterious Substance,毒物及び劇物取締法,Poisonous and Deleterious Substances Control Act,NITE-CHRIP RJ_03_001 法律又は政令番号: 政令第2条第1項第65号,340CO0000000002
1310-58-3,deleterious,劇物,Deleterious Substance,毒物及び劇物取締法,Poisonous and Deleterious Substances Control Act,NITE-CHRIP RJ_03_001 法律又は政令番号: 法律別表第2の53,340CO0000000002
1310-58-3,deleterious,劇物,Deleterious Substance,毒物及び劇物取締法,Poisonous and Deleterious Substances Control Act,毒物及び劇物指定令 第二条（劇物）,340CO0000000002
1310-65-2,deleterious,劇物,Deleterious Substance,毒物及び劇物取締法,Poisonous and Deleterious Substances Control Act,NITE-CHRIP RJ_03_001 法律又は政令番号: 政令第2条第1項第68号の2,340CO0000000002
1310-65-2,deleterious,劇物,Deleterious Substance,毒物及び劇物取締法,Poisonous and Deleterious Substances Control Act,毒物及び劇物指定令 第二条（劇物）,340CO0000000002
1310-66-3,deleterious,劇物,Deleterious Substance,毒物及び劇物取締法,Poisonous and Deleterious Substances Control Act,NITE-CHRIP RJ_03_001 法律又は政令番号: 政令第2条第1項第68号の3,340CO0000000002
1310-73-2,deleterious,劇物,Deleterious Substance,毒物及び劇物取締法,Poisonous and Deleterious Substances Control Act,NITE-CHRIP RJ_03_001 法律又は政令番号: 政令第2条第1項第68号,340CO0000000002
1310-73-2,deleterious,劇物,Deleterious Substance,毒物及び劇物取締法,Poisonous and Deleterious Substances Control Act,NITE-CHRIP RJ_03_001 法律又は政令番号: 法律別表第2の54,340CO0000000002
1310-73-2,deleterious,劇物,Deleterious Substance,毒物及び劇物取締法,Poisonous and Deleterious Substances Control Act,毒物及び劇物指定令 第二条（劇物）,340CO0000000002
1311-11-1,deleterious,劇物,Deleterious Substance,毒物及び劇物取締法,Poisonous and Deleterious Substances Control Act,NITE-CHRIP RJ_03_001 法律又は政令番号: 政令第2条第1項第77号,340CO0000000002
131162-93-1,deleterious,劇物,Deleterious Substance,毒物及び劇物取締法,Poisonous and Deleterious Substances Control Act,NITE-CHRIP RJ_03_001 法律又は政令番号: 政令第2条第1項第26号,340CO0000000002
131163-33-2,deleterious,劇物,Deleterious Substance,毒物及び劇物取締法,Poisonous and Deleterious Substances Control Act,NITE-CHRIP RJ_03_001 法律又は政令番号: 政令第2条第1項第24号,340CO0000000002
1312-41-0,deleterious,劇物,Deleterious Substance,毒物及び劇物取締法,Poisonous and Deleterious Substances Control Act,NITE-CHRIP RJ_03_001 法律又は政令番号: 政令第2条第1項第7号,340CO0000000002
13121-70-5,deleterious,劇物,Deleterious Substance,毒物及び劇物取締法,Poisonous and Deleterious Substances Control Act,NITE-CHRIP RJ_03_001 法律又は政令番号: 政令第2条第1項第67号,340CO0000000002
13121-76-1,deleterious,劇物,Deleterious Substance,毒物及び劇物取締法,Poisonous and Deleterious Substances Control Act,NITE-CHRIP RJ_03_001 法律又は政令番号: 政令第2条第1項第67号,340CO0000000002
1313-60-6,deleterious,劇物,Deleterious Substance,毒物及び劇物取締法,Poisonous and Deleterious Substances Control Act,NITE-CHRIP RJ_03_001 法律又は政令番号: 政令第2条第1項第20号,340CO0000000002
1313-60-6,deleterious,劇物,Deleterious Substance,毒物及び劇物取締法,Poisonous and Deleterious Substances Control Act,NITE-CHRIP RJ_03_001 法律又は政令番号: 法律別表第2の11,340CO0000000002
1313-60-6,deleterious,劇物,Deleterious Substance,毒物及び劇物取締法,Poisonous and Deleterious Substances Control Act,毒物及び劇物指定令 第二条（劇物）,340CO0000000002
1313-82-2,deleterious,劇物,Deleterious Substance,毒物及び劇物取締法,Poisonous and Deleterious Substances Control Act,NITE-CHRIP RJ_03_001,340CO0000000002
131379-24-3,deleterious,劇物,Deleterious Substance,毒物及び劇物取締法,Poisonous and Deleterious Substances Control Act,NITE-CHRIP RJ_03_001 法律又は政令番号: 政令第2条第1項第32号,340CO0000000002
131379-26-5,deleterious,劇物,Deleterious Substance,毒物及び劇物取締法,Poisonous and Deleterious Substances Control Act,NITE-CHRIP RJ_03_001 法律又は政令番号: 政令第2条第1項第32号,340CO0000000002
1314-27-8,deleterious,劇物,Deleterious Substance,毒物及び劇物取締法,Poisonous and Deleterious Substances Control Act,NITE-CHRIP RJ_03_001 法律又は政令番号: 政令第2条第1項第77号,340CO0000000002
1314-62-1,deleterious,劇物,Deleterious Substance,毒物及び劇物取締法,Poisonous and Deleterious Substances Control Act,NITE-CHRIP RJ_03_001 法律又は政令番号: 政令第2条第1項第30号の2,340CO0000000002
1314-62-1,deleterious,劇物,Deleterious Substance,毒物及び劇物取締法,Poisonous and Deleterious Substances Control Act,毒物及び劇物指定令 第二条（劇物）,340CO0000000002
1314-64-3,deleterious,劇物,Deleterious Substance,毒物及び劇物取締法,Poisonous and Deleterious Substances Control Act,NITE-CHRIP RJ_03_001 法律又は政令番号: 政令第2条第1項第11号,340CO0000000002
1314-84-7,deleterious,劇物,Deleterious Substance,毒物及び劇物取締法,Poisonous and Deleterious Substances Control Act,NITE-CHRIP RJ_03_001 法律又は政令番号: 政令第2条第1項第1号,340CO0000000002
1314-87-0,deleterious,劇物,Deleterious Substance,毒物及び劇物取締法,Poisonous and Deleterious Substances Control Act,NITE-CHRIP RJ_03_001 法律又は政令番号: 政令第2条第1項第77号,340CO0000000002
1314-91-6,deleterious,劇物,Deleterious Substance,毒物及び劇物取締法,Poisonous and Deleterious Substances Control Act,NITE-CHRIP RJ_03_001 法律又は政令番号: 政令第2条第1項第77号,340CO0000000002
1314-95-0,deleterious,劇物,Deleterious Substance,毒物及び劇物取締法,Poisonous and Deleterious Substances Control Act,NITE-CHRIP RJ_03_001 法律又は政令番号: 政令第2条第1項第69号,340CO0000000002
1314-98-3,deleterious,劇物,Deleterious Substance,毒物及び劇物取締法,Poisonous and Deleterious Substances Control Act,NITE-CHRIP RJ_03_001 法律又は政令番号: 政令第2条第1項第1号,340CO0000000002
1315-01-1,deleterious,劇物,Deleterious Substance,毒物及び劇物取締法,Poisonous and Deleterious Substances Control Act,NITE-CHRIP RJ_03_001 法律又は政令番号: 政令第2条第1項第69号,340CO0000000002
1316-91-2,deleterious,劇物,Deleterious Substance,毒物及び劇物取締法,Poisonous and Deleterious Substances Control Act,NITE-CHRIP RJ_03_001 法律又は政令番号: 政令第2条第1項第32号,340CO0000000002
13166-10-4,deleterious,劇物,Deleterious Substance,毒物及び劇物取締法,Poisonous and Deleterious Substances Control Act,NITE-CHRIP RJ_03_001 法律又は政令番号: 政令第2条第1項第32号,340CO0000000002
1317-36-8,deleterious,劇物,Deleterious Substance,毒物及び劇物取締法,Poisonous and Deleterious Substances Control Act,NITE-CHRIP RJ_03_001 法律又は政令番号: 政令第2条第1項第77号,340CO0000000002
1317-40-4,deleterious,劇物,Deleterious Substance,毒物及び劇物取締法,Poisonous and Deleterious Substances Control Act,NITE-CHRIP RJ_03_001 法律又は政令番号: 政令第2条第1項第72号,340CO0000000002
131860-33-8,deleterious,劇物,Deleterious Substance,毒物及び劇物取締法,Poisonous and Deleterious Substances Control Act,NITE-CHRIP RJ_03_001 法律又は政令番号: 政令第2条第1項第32号,340CO0000000002
1319-77-3,deleterious,劇物,Deleterious Substance,毒物及び劇物取締法,Poisonous and Deleterious Substances Control Act,NITE-CHRIP RJ_03_001 法律又は政令番号: 政令第2条第1項第25号,340CO0000000002
1319-77-3,deleterious,劇物,Deleterious Substance,毒物及び劇物取締法,Poisonous and Deleterious Substances Control Act,NITE-CHRIP RJ_03_001 法律又は政令番号: 法律別表第2の15,340CO0000000002
1319-77-3,deleterious,劇物,Deleterious Substance,毒物及び劇物取締法,Poisonous and Deleterious Substances Control Act,毒物及び劇物指定令 第二条（劇物）,340CO0000000002
13194-48-4,deleterious,劇物,Deleterious Substance,毒物及び劇物取締法,Poisonous and Deleterious Substances Control Act,NITE-CHRIP RJ_03_001 法律又は政令番号: 政令第2条第1項第13号の3,340CO0000000002
13194-48-4,deleterious,劇物,Deleterious Substance,毒物及び劇物取締法,Poisonous and Deleterious Substances Control Act,毒物及び劇物指定令 第二条（劇物）,340CO0000000002
132-75-2,deleterious,劇物,Deleterious Substance,毒物及び劇物取締法,Poisonous and Deleterious Substances Control Act,NITE-CHRIP RJ_03_001 法律又は政令番号: 政令第2条第1項第32号,340CO0000000002
132003-12-4,deleterious,劇物,Deleterious Substance,毒物及び劇物取締法,Poisonous and Deleterious Substances Control Act,NITE-CHRIP RJ_03_001 法律又は政令番号: 政令第2条第1項第77号,340CO0000000002
13255-26-0,deleterious,劇物,Deleterious Substance,毒物及び劇物取締法,Poisonous and Deleterious Substances Control Act,NITE-CHRIP RJ_03_001 法律又は政令番号: 政令第2条第1項第79号,340CO0000000002
1326-05-2,deleterious,劇物,Deleterious Substance,毒物及び劇物取締法,Poisonous and Deleterious Substances Control Act,NITE-CHRIP RJ_03_001 法律又は政令番号: 政令第2条第1項第77号,340CO0000000002
13268-42-3,deleterious,劇物,Deleterious Substance,毒物及び劇物取締法,Poisonous and Deleterious Substances Control Act,NITE-CHRIP RJ_03_001 法律又は政令番号: 政令第2条第1項第62号,340CO0000000002
1327-50-0,deleterious,劇物,Deleterious Substance,毒物及び劇物取締法,Poisonous and Deleterious Substances Control Act,NITE-CHRIP RJ_03_001 法律又は政令番号: 政令第2条第1項第7号,340CO0000000002
13284-42-9,deleterious,劇物,Deleterious Substance,毒物及び劇物取締法,Poisonous and Deleterious Substances Control Act,NITE-CHRIP RJ_03_001 法律又は政令番号: 政令第2条第1項第32号,340CO0000000002
13286-32-3,deleterious,劇物,Deleterious Substance,毒物及び劇物取締法,Poisonous and Deleterious Substances Control Act,NITE-CHRIP RJ_03_001 法律又は政令番号: 政令第2条第1項第37号の6,340CO0000000002
13286-32-3,deleterious,劇物,Deleterious Substance,毒物及び劇物取締法,Poisonous and Deleterious Substances Control Act,毒物及び劇物指定令 第二条（劇物）,340CO0000000002
1330-20-7,deleterious,劇物,Deleterious Substance,毒物及び劇物取締法,Poisonous and Deleterious Substances Control Act,NITE-CHRIP RJ_03_001 法律又は政令番号: 政令第2条第1項第22号の4,340CO0000000002
1330-20-7,deleterious,劇物,Deleterious Substance,毒物及び劇物取締法,Poisonous and Deleterious Substances Control Act,毒物及び劇物指定令 第二条（劇物）,340CO0000000002
1332-07-6,deleterious,劇物,Deleterious Substance,毒物及び劇物取締法,Poisonous and Deleterious Substances Control Act,NITE-CHRIP RJ_03_001 法律又は政令番号: 政令第2条第1項第1号,340CO0000000002
1332-14-5,deleterious,劇物,Deleterious Substance,毒物及び劇物取締法,Poisonous and Deleterious Substances Control Act,NITE-CHRIP RJ_03_001 法律又は政令番号: 政令第2条第1項第72号,340CO0000000002
1332-40-7,deleterious,劇物,Deleterious Substance,毒物及び劇物取締法,Poisonous and Deleterious Substances Control Act,NITE-CHRIP RJ_03_001 法律又は政令番号: 政令第2条第1項第72号,340CO0000000002
1332-65-6,deleterious,劇物,Deleterious Substance,毒物及び劇物取締法,Poisonous and Deleterious Substances Control Act,NITE-CHRIP RJ_03_001 法律又は政令番号: 政令第2条第1項第72号,340CO0000000002
1333-82-0,deleterious,劇物,Deleterious Substance,毒物及び劇物取締法,Poisonous and Deleterious Substances Control Act,NITE-CHRIP RJ_03_001 法律又は政令番号: 政令第2条第1項第98号,340CO0000000002
1333-82-0,deleterious,劇物,Deleterious Substance,毒物及び劇物取締法,Poisonous and Deleterious Substances Control Act,NITE-CHRIP RJ_03_001 法律又は政令番号: 法律別表第2の82,340CO0000000002
1333-82-0,deleterious,劇物,Deleterious Substance,毒物及び劇物取締法,Poisonous and Deleterious Substances Control Act,毒物及び劇物指定令 第二条（劇物）,340CO0000000002
133315-99-8,deleterious,劇物,Deleterious Substance,毒物及び劇物取締法,Poisonous and Deleterious Substances Control Act,NITE-CHRIP RJ_03_001 法律又は政令番号: 政令第2条第1項第77号,340CO0000000002
13338-63-1,deleterious,劇物,Deleterious Substance,毒物及び劇物取締法,Poisonous and Deleterious Substances Control Act,NITE-CHRIP RJ_03_001 法律又は政令番号: 政令第2条第1項第32号,340CO0000000002
1335-25-7,deleterious,劇物,Deleterious Substance,毒物及び劇物取締法,Poisonous and Deleterious Substances Control Act,NITE-CHRIP RJ_03_001 法律又は政令番号: 政令第2条第1項第77号,340CO0000000002
1335-32-6,deleterious,劇物,Deleterious Substance,毒物及び劇物取締法,Poisonous and Deleterious Substances Control Act,NITE-CHRIP RJ_03_001 法律又は政令番号: 政令第2条第1項第77号,340CO0000000002
1336-21-6,deleterious,劇物,Deleterious Substance,毒物及び劇物取締法,Poisonous and Deleterious Substances Control Act,NITE-CHRIP RJ_03_001 法律又は政令番号: 法律別表第2の4,340CO0000000002
13361-30-3,deleterious,劇物,Deleterious Substance,毒物及び劇物取締法,Poisonous and Deleterious Substances Control Act,NITE-CHRIP RJ_03_001 法律又は政令番号: 政令第2条第1項第32号,340CO0000000002
13361-31-4,deleterious,劇物,Deleterious Substance,毒物及び劇物取締法,Poisonous and Deleterious Substances Control Act,NITE-CHRIP RJ_03_001 法律又は政令番号: 政令第2条第1項第32号,340CO0000000002
13361-32-5,deleterious,劇物,Deleterious Substance,毒物及び劇物取締法,Poisonous and Deleterious Substances Control Act,NITE-CHRIP RJ_03_001 法律又は政令番号: 政令第2条第1項第32号,340CO0000000002
13361-34-7,deleterious,劇物,Deleterious Substance,毒物及び劇物取締法,Poisonous and Deleterious Substances Control Act,NITE-CHRIP RJ_03_001 法律又は政令番号: 政令第2条第1項第32号,340CO0000000002
133988-90-6,deleterious,劇物,Deleterious Substance,毒物及び劇物取締法,Poisonous and Deleterious Substances Control Act,NITE-CHRIP RJ_03_001 法律又は政令番号: 政令第2条第1項第77号,340CO0000000002
134098-61-6,deleterious,劇物,Deleterious Substance,毒物及び劇物取締法,Poisonous and Deleterious Substances Control Act,NITE-CHRIP RJ_03_001 法律又は政令番号: 政令第2条第1項第85号の4,340CO0000000002
1341-49-7,deleterious,劇物,Deleterious Substance,毒物及び劇物取締法,Poisonous and Deleterious Substances Control Act,NITE-CHRIP RJ_03_001 法律又は政令番号: 政令第2条第1項第10号の2,340CO0000000002
13419-51-7,deleterious,劇物,Deleterious Substance,毒物及び劇物取締法,Poisonous and Deleterious Substances Control Act,NITE-CHRIP RJ_03_001 法律又は政令番号: 政令第2条第1項第62号,340CO0000000002
134227-45-5,deleterious,劇物,Deleterious Substance,毒物及び劇物取締法,Poisonous and Deleterious Substances Control Act,NITE-CHRIP RJ_03_001 法律又は政令番号: 政令第2条第1項第32号,340CO0000000002
13423-61-5,deleterious,劇物,Deleterious Substance,毒物及び劇物取締法,Poisonous and Deleterious Substances Control Act,NITE-CHRIP RJ_03_001 法律又は政令番号: 政令第2条第1項第26号,340CO0000000002
13424-46-9,deleterious,劇物,Deleterious Substance,毒物及び劇物取締法,Poisonous and Deleterious Substances Control Act,NITE-CHRIP RJ_03_001 法律又は政令番号: 政令第2条第1項第77号,340CO0000000002
13427-42-4,deleterious,劇物,Deleterious Substance,毒物及び劇物取締法,Poisonous and Deleterious Substances Control Act,NITE-CHRIP RJ_03_001 法律又は政令番号: 政令第2条第1項第77号,340CO0000000002
134325-12-5,deleterious,劇物,Deleterious Substance,毒物及び劇物取締法,Poisonous and Deleterious Substances Control Act,NITE-CHRIP RJ_03_001 法律又は政令番号: 政令第2条第1項第24号,340CO0000000002
134349-81-8,deleterious,劇物,Deleterious Substance,毒物及び劇物取締法,Poisonous and Deleterious Substances Control Act,NITE-CHRIP RJ_03_001 法律又は政令番号: 政令第2条第1項第24号,340CO0000000002
13435-46-6,deleterious,劇物,Deleterious Substance,毒物及び劇物取締法,Poisonous and Deleterious Substances Control Act,NITE-CHRIP RJ_03_001 法律又は政令番号: 政令第2条第1項第79号,340CO0000000002
1344-37-2,deleterious,劇物,Deleterious Substance,毒物及び劇物取締法,Poisonous and Deleterious Substances Control Act,NITE-CHRIP RJ_03_001 法律又は政令番号: 政令第2条第1項第26号,340CO0000000002
1344-40-7,deleterious,劇物,Deleterious Substance,毒物及び劇物取締法,Poisonous and Deleterious Substances Control Act,NITE-CHRIP RJ_03_001 法律又は政令番号: 政令第2条第1項第77号,340CO0000000002
1344-58-7,deleterious,劇物,Deleterious Substance,毒物及び劇物取締法,Poisonous and Deleterious Substances Control Act,NITE-CHRIP RJ_03_001 法律又は政令番号: 政令第2条第1項第11号,340CO0000000002
1344-59-8,deleterious,劇物,Deleterious Substance,毒物及び劇物取締法,Poisonous and Deleterious Substances Control Act,NITE-CHRIP RJ_03_001 法律又は政令番号: 政令第2条第1項第11号,340CO0000000002
13446-48-5,deleterious,劇物,Deleterious Substance,毒物及び劇物取締法,Poisonous and Deleterious Substances Control Act,NITE-CHRIP RJ_03_001 法律又は政令番号: 政令第2条第1項第2号,340CO0000000002
13446-72-5,deleterious,劇物,Deleterious Substance,毒物及び劇物取締法,Poisonous and Deleterious Substances Control Act,NITE-CHRIP RJ_03_001 法律又は政令番号: 政令第2条第1項第26号,340CO0000000002
13446-73-6,deleterious,劇物,Deleterious Substance,毒物及び劇物取締法,Poisonous and Deleterious Substances Control Act,NITE-CHRIP RJ_03_001 法律又は政令番号: 政令第2条第1項第60号,340CO0000000002
13453-07-1,deleterious,劇物,Deleterious Substance,毒物及び劇物取締法,Poisonous and Deleterious Substances Control Act,NITE-CHRIP RJ_03_001 法律又は政令番号: 政令第2条第1項第23号,340CO0000000002
13453-24-2,deleterious,劇物,Deleterious Substance,毒物及び劇物取締法,Poisonous and Deleterious Substances Control Act,NITE-CHRIP RJ_03_001 法律又は政令番号: 政令第2条第1項第23号,340CO0000000002
13453-30-0,deleterious,劇物,Deleterious Substance,毒物及び劇物取締法,Poisonous and Deleterious Substances Control Act,NITE-CHRIP RJ_03_001 法律又は政令番号: 政令第2条第1項第18号,340CO0000000002
13453-38-8,deleterious,劇物,Deleterious Substance,毒物及び劇物取締法,Poisonous and Deleterious Substances Control Act,NITE-CHRIP RJ_03_001 法律又は政令番号: 法律別表第2の52,340CO0000000002
13453-57-1,deleterious,劇物,Deleterious Substance,毒物及び劇物取締法,Poisonous and Deleterious Substances Control Act,NITE-CHRIP RJ_03_001 法律又は政令番号: 政令第2条第1項第77号,340CO0000000002
13453-62-8,deleterious,劇物,Deleterious Substance,毒物及び劇物取締法,Poisonous and Deleterious Substances Control Act,NITE-CHRIP RJ_03_001 法律又は政令番号: 政令第2条第1項第77号,340CO0000000002
13454-78-9,deleterious,劇物,Deleterious Substance,毒物及び劇物取締法,Poisonous and Deleterious Substances Control Act,NITE-CHRIP RJ_03_001 法律又は政令番号: 政令第2条第1項第26号,340CO0000000002
13454-88-1,deleterious,劇物,Deleterious Substance,毒物及び劇物取締法,Poisonous and Deleterious Substances Control Act,NITE-CHRIP RJ_03_001 法律又は政令番号: 政令第2条第1項第72号,340CO0000000002
13455-25-9,deleterious,劇物,Deleterious Substance,毒物及び劇物取締法,Poisonous and Deleterious Substances Control Act,NITE-CHRIP RJ_03_001 法律又は政令番号: 政令第2条第1項第26号,340CO0000000002
13457-18-6,deleterious,劇物,Deleterious Substance,毒物及び劇物取締法,Poisonous and Deleterious Substances Control Act,NITE-CHRIP RJ_03_001 法律又は政令番号: 政令第2条第1項第12号の2,340CO0000000002
13457-18-6,deleterious,劇物,Deleterious Substance,毒物及び劇物取締法,Poisonous and Deleterious Substances Control Act,毒物及び劇物指定令 第二条（劇物）,340CO0000000002
13464-92-1,deleterious,劇物,Deleterious Substance,毒物及び劇物取締法,Poisonous and Deleterious Substances Control Act,NITE-CHRIP RJ_03_001 法律又は政令番号: 政令第2条第1項第22号,340CO0000000002
13465-88-8,deleterious,劇物,Deleterious Substance,毒物及び劇物取締法,Poisonous and Deleterious Substances Control Act,NITE-CHRIP RJ_03_001 法律又は政令番号: 政令第2条第1項第24号,340CO0000000002
13465-93-5,deleterious,劇物,Deleterious Substance,毒物及び劇物取締法,Poisonous and Deleterious Substances Control Act,NITE-CHRIP RJ_03_001 法律又は政令番号: 政令第2条第1項第24号,340CO0000000002
13465-94-6,deleterious,劇物,Deleterious Substance,毒物及び劇物取締法,Poisonous and Deleterious Substances Control Act,NITE-CHRIP RJ_03_001 法律又は政令番号: 政令第2条第1項第79号,340CO0000000002
13465-95-7,deleterious,劇物,Deleterious Substance,毒物及び劇物取締法,Poisonous and Deleterious Substances Control Act,NITE-CHRIP RJ_03_001 法律又は政令番号: 政令第2条第1項第79号,340CO0000000002
13465-96-8,deleterious,劇物,Deleterious Substance,毒物及び劇物取締法,Poisonous and Deleterious Substances Control Act,NITE-CHRIP RJ_03_001 法律又は政令番号: 政令第2条第1項第24号,340CO0000000002
13465-98-0,deleterious,劇物,Deleterious Substance,毒物及び劇物取締法,Poisonous and Deleterious Substances Control Act,NITE-CHRIP RJ_03_001 法律又は政令番号: 政令第2条第1項第24号,340CO0000000002
13466-21-2,deleterious,劇物,Deleterious Substance,毒物及び劇物取締法,Poisonous and Deleterious Substances Control Act,NITE-CHRIP RJ_03_001 法律又は政令番号: 政令第2条第1項第79号,340CO0000000002
13472-08-7,deleterious,劇物,Deleterious Substance,毒物及び劇物取締法,Poisonous and Deleterious Substances Control Act,NITE-CHRIP RJ_03_001 法律又は政令番号: 政令第2条第1項第32号,340CO0000000002
13473-75-1,deleterious,劇物,Deleterious Substance,毒物及び劇物取締法,Poisonous and Deleterious Substances Control Act,NITE-CHRIP RJ_03_001 法律又は政令番号: 政令第2条第1項第26号,340CO0000000002
13477-00-4,deleterious,劇物,Deleterious Substance,毒物及び劇物取締法,Poisonous and Deleterious Substances Control Act,NITE-CHRIP RJ_03_001 法律又は政令番号: 政令第2条第1項第79号,340CO0000000002
13477-09-3,deleterious,劇物,Deleterious Substance,毒物及び劇物取締法,Poisonous and Deleterious Substances Control Act,NITE-CHRIP RJ_03_001 法律又は政令番号: 政令第2条第1項第79号,340CO0000000002
13477-17-3,deleterious,劇物,Deleterious Substance,毒物及び劇物取締法,Poisonous and Deleterious Substances Control Act,NITE-CHRIP RJ_03_001 法律又は政令番号: 政令第2条第1項第22号,340CO0000000002
13477-21-9,deleterious,劇物,Deleterious Substance,毒物及び劇物取締法,Poisonous and Deleterious Substances Control Act,NITE-CHRIP RJ_03_001 法律又は政令番号: 政令第2条第1項第22号,340CO0000000002
13477-94-6,deleterious,劇物,Deleterious Substance,毒物及び劇物取締法,Poisonous and Deleterious Substances Control Act,NITE-CHRIP RJ_03_001 法律又は政令番号: 政令第2条第1項第18号,340CO0000000002
13478-41-6,deleterious,劇物,Deleterious Substance,毒物及び劇物取締法,Poisonous and Deleterious Substances Control Act,NITE-CHRIP RJ_03_001 法律又は政令番号: 政令第2条第1項第72号,340CO0000000002
13481-25-9,deleterious,劇物,Deleterious Substance,毒物及び劇物取締法,Poisonous and Deleterious Substances Control Act,NITE-CHRIP RJ_03_001 法律又は政令番号: 政令第2条第1項第32号,340CO0000000002
13497-94-4,deleterious,劇物,Deleterious Substance,毒物及び劇物取締法,Poisonous and Deleterious Substances Control Act,NITE-CHRIP RJ_03_001 法律又は政令番号: 政令第2条第1項第24号,340CO0000000002
135-19-3,deleterious,劇物,Deleterious Substance,毒物及び劇物取締法,Poisonous and Deleterious Substances Control Act,NITE-CHRIP RJ_03_001 法律又は政令番号: 政令第2条第1項第92号,340CO0000000002
135-19-3,deleterious,劇物,Deleterious Substance,毒物及び劇物取締法,Poisonous and Deleterious Substances Control Act,NITE-CHRIP RJ_03_001 法律又は政令番号: 法律別表第2の78,340CO0000000002
135-19-3,deleterious,劇物,Deleterious Substance,毒物及び劇物取締法,Poisonous and Deleterious Substances Control Act,毒物及び劇物指定令 第二条（劇物）,340CO0000000002
13510-89-9,deleterious,劇物,Deleterious Substance,毒物及び劇物取締法,Poisonous and Deleterious Substances Control Act,NITE-CHRIP RJ_03_001 法律又は政令番号: 政令第2条第1項第7号,340CO0000000002
13510-96-8,deleterious,劇物,Deleterious Substance,毒物及び劇物取締法,Poisonous and Deleterious Substances Control Act,NITE-CHRIP RJ_03_001 法律又は政令番号: 政令第2条第1項第77号,340CO0000000002
13516-27-3,deleterious,劇物,Deleterious Substance,毒物及び劇物取締法,Poisonous and Deleterious Substances Control Act,NITE-CHRIP RJ_03_001 法律又は政令番号: 政令第2条第1項第10号の3,340CO0000000002
13516-27-3,deleterious,劇物,Deleterious Substance,毒物及び劇物取締法,Poisonous and Deleterious Substances Control Act,毒物及び劇物指定令 第二条（劇物）,340CO0000000002
13517-08-3,deleterious,劇物,Deleterious Substance,毒物及び劇物取締法,Poisonous and Deleterious Substances Control Act,NITE-CHRIP RJ_03_001 法律又は政令番号: 政令第2条第1項第79号,340CO0000000002
13517-17-4,deleterious,劇物,Deleterious Substance,毒物及び劇物取締法,Poisonous and Deleterious Substances Control Act,NITE-CHRIP RJ_03_001 法律又は政令番号: 政令第2条第1項第26号,340CO0000000002
13520-83-7,deleterious,劇物,Deleterious Substance,毒物及び劇物取締法,Poisonous and Deleterious Substances Control Act,NITE-CHRIP RJ_03_001 法律又は政令番号: 政令第2条第1項第11号,340CO0000000002
1352994-67-2,deleterious,劇物,Deleterious Substance,毒物及び劇物取締法,Poisonous and Deleterious Substances Control Act,NITE-CHRIP RJ_03_001 法律又は政令番号: 政令第2条第1項第47号の3,340CO0000000002
13530-65-9,deleterious,劇物,Deleterious Substance,毒物及び劇物取締法,Poisonous and Deleterious Substances Control Act,NITE-CHRIP RJ_03_001 法律又は政令番号: 政令第2条第1項第26号,340CO0000000002
13530-67-1,deleterious,劇物,Deleterious Substance,毒物及び劇物取締法,Poisonous and Deleterious Substances Control Act,NITE-CHRIP RJ_03_001 法律又は政令番号: 政令第2条第1項第60号,340CO0000000002
13530-68-2,deleterious,劇物,Deleterious Substance,毒物及び劇物取締法,Poisonous and Deleterious Substances Control Act,NITE-CHRIP RJ_03_001 法律又は政令番号: 法律別表第2の48,340CO0000000002
135410-20-7,deleterious,劇物,Deleterious Substance,毒物及び劇物取締法,Poisonous and Deleterious Substances Control Act,NITE-CHRIP RJ_03_001 法律又は政令番号: 政令第2条第1項第32号,340CO0000000002
13548-42-0,deleterious,劇物,Deleterious Substance,毒物及び劇物取締法,Poisonous and Deleterious Substances Control Act,NITE-CHRIP RJ_03_001 法律又は政令番号: 政令第2条第1項第26号,340CO0000000002
13566-17-1,deleterious,劇物,Deleterious Substance,毒物及び劇物取締法,Poisonous and Deleterious Substances Control Act,NITE-CHRIP RJ_03_001 法律又は政令番号: 政令第2条第1項第77号,340CO0000000002
13568-33-7,deleterious,劇物,Deleterious Substance,毒物及び劇物取締法,Poisonous and Deleterious Substances Control Act,NITE-CHRIP RJ_03_001 法律又は政令番号: 政令第2条第1項第2号,340CO0000000002
13587-25-2,deleterious,劇物,Deleterious Substance,毒物及び劇物取締法,Poisonous and Deleterious Substances Control Act,NITE-CHRIP RJ_03_001 法律又は政令番号: 政令第2条第1項第72号,340CO0000000002
13587-26-3,deleterious,劇物,Deleterious Substance,毒物及び劇物取締法,Poisonous and Deleterious Substances Control Act,NITE-CHRIP RJ_03_001 法律又は政令番号: 政令第2条第1項第72号,340CO0000000002
13587-29-6,deleterious,劇物,Deleterious Substance,毒物及び劇物取締法,Poisonous and Deleterious Substances Control Act,NITE-CHRIP RJ_03_001 法律又は政令番号: 政令第2条第1項第72号,340CO0000000002
13587-35-4,deleterious,劇物,Deleterious Substance,毒物及び劇物取締法,Poisonous and Deleterious Substances Control Act,NITE-CHRIP RJ_03_001 法律又は政令番号: 政令第2条第1項第72号,340CO0000000002
13593-03-8,deleterious,劇物,Deleterious Substance,毒物及び劇物取締法,Poisonous and Deleterious Substances Control Act,NITE-CHRIP RJ_03_001 法律又は政令番号: 政令第2条第1項第34号の3,340CO0000000002
13597-44-9,deleterious,劇物,Deleterious Substance,毒物及び劇物取締法,Poisonous and Deleterious Substances Control Act,NITE-CHRIP RJ_03_001 法律又は政令番号: 政令第2条第1項第1号,340CO0000000002
13597-56-3,deleterious,劇物,Deleterious Substance,毒物及び劇物取締法,Poisonous and Deleterious Substances Control Act,NITE-CHRIP RJ_03_001 法律又は政令番号: 政令第2条第1項第1号,340CO0000000002
13597-65-4,deleterious,劇物,Deleterious Substance,毒物及び劇物取締法,Poisonous and Deleterious Substances Control Act,NITE-CHRIP RJ_03_001 法律又は政令番号: 政令第2条第1項第1号,340CO0000000002
13598-36-2,deleterious,劇物,Deleterious Substance,毒物及び劇物取締法,Poisonous and Deleterious Substances Control Act,NITE-CHRIP RJ_03_001 法律又は政令番号: 政令第2条第1項第96号の2,340CO0000000002
136-83-4,deleterious,劇物,Deleterious Substance,毒物及び劇物取締法,Poisonous and Deleterious Substances Control Act,NITE-CHRIP RJ_03_001 法律又は政令番号: 政令第2条第1項第78号の2,340CO0000000002
13601-13-3,deleterious,劇物,Deleterious Substance,毒物及び劇物取締法,Poisonous and Deleterious Substances Control Act,NITE-CHRIP RJ_03_001 法律又は政令番号: 政令第2条第1項第72号,340CO0000000002
13612-59-4,deleterious,劇物,Deleterious Substance,毒物及び劇物取締法,Poisonous and Deleterious Substances Control Act,NITE-CHRIP RJ_03_001 法律又は政令番号: 政令第2条第1項第32号,340CO0000000002
136141-00-9,deleterious,劇物,Deleterious Substance,毒物及び劇物取締法,Poisonous and Deleterious Substances Control Act,NITE-CHRIP RJ_03_001 法律又は政令番号: 政令第2条第1項第26号,340CO0000000002
13621-47-1,deleterious,劇物,Deleterious Substance,毒物及び劇物取締法,Poisonous and Deleterious Substances Control Act,NITE-CHRIP RJ_03_001 法律又は政令番号: 政令第2条第1項第32号,340CO0000000002
13637-61-1,deleterious,劇物,Deleterious Substance,毒物及び劇物取締法,Poisonous and Deleterious Substances Control Act,NITE-CHRIP RJ_03_001 法律又は政令番号: 政令第2条第1項第1号,340CO0000000002
13637-76-8,deleterious,劇物,Deleterious Substance,毒物及び劇物取締法,Poisonous and Deleterious Substances Control Act,NITE-CHRIP RJ_03_001 法律又は政令番号: 政令第2条第1項第77号,340CO0000000002
136514-17-5,deleterious,劇物,Deleterious Substance,毒物及び劇物取締法,Poisonous and Deleterious Substances Control Act,NITE-CHRIP RJ_03_001 法律又は政令番号: 政令第2条第1項第32号,340CO0000000002
13675-47-3,deleterious,劇物,Deleterious Substance,毒物及び劇物取締法,Poisonous and Deleterious Substances Control Act,NITE-CHRIP RJ_03_001 法律又は政令番号: 政令第2条第1項第60号,340CO0000000002
13682-61-6,deleterious,劇物,Deleterious Substance,毒物及び劇物取締法,Poisonous and Deleterious Substances Control Act,NITE-CHRIP RJ_03_001 法律又は政令番号: 政令第2条第1項第23号,340CO0000000002
13701-59-2,deleterious,劇物,Deleterious Substance,毒物及び劇物取締法,Poisonous and Deleterious Substances Control Act,NITE-CHRIP RJ_03_001 法律又は政令番号: 政令第2条第1項第79号,340CO0000000002
13701-66-1,deleterious,劇物,Deleterious Substance,毒物及び劇物取締法,Poisonous and Deleterious Substances Control Act,NITE-CHRIP RJ_03_001 法律又は政令番号: 政令第2条第1項第22号,340CO0000000002
13701-91-2,deleterious,劇物,Deleterious Substance,毒物及び劇物取締法,Poisonous and Deleterious Substances Control Act,NITE-CHRIP RJ_03_001 法律又は政令番号: 政令第2条第1項第77号,340CO0000000002
13703-85-0,deleterious,劇物,Deleterious Substance,毒物及び劇物取締法,Poisonous and Deleterious Substances Control Act,NITE-CHRIP RJ_03_001 法律又は政令番号: 政令第2条第1項第77号,340CO0000000002
13718-50-8,deleterious,劇物,Deleterious Substance,毒物及び劇物取締法,Poisonous and Deleterious Substances Control Act,NITE-CHRIP RJ_03_001 法律又は政令番号: 政令第2条第1項第79号,340CO0000000002
13721-34-1,deleterious,劇物,Deleterious Substance,毒物及び劇物取締法,Poisonous and Deleterious Substances Control Act,NITE-CHRIP RJ_03_001 法律又は政令番号: 政令第2条第1項第11号,340CO0000000002
13730-09-1,deleterious,劇物,Deleterious Substance,毒物及び劇物取締法,Poisonous and Deleterious Substances Control Act,NITE-CHRIP RJ_03_001 法律又は政令番号: 政令第2条第1項第32号,340CO0000000002
137335-79-6,deleterious,劇物,Deleterious Substance,毒物及び劇物取締法,Poisonous and Deleterious Substances Control Act,NITE-CHRIP RJ_03_001 法律又は政令番号: 政令第2条第1項第15号の3,340CO0000000002
13755-29-8,deleterious,劇物,Deleterious Substance,毒物及び劇物取締法,Poisonous and Deleterious Substances Control Act,NITE-CHRIP RJ_03_001 法律又は政令番号: 政令第2条第1項第96号,340CO0000000002
13760-37-7,deleterious,劇物,Deleterious Substance,毒物及び劇物取締法,Poisonous and Deleterious Substances Control Act,NITE-CHRIP RJ_03_001 法律又は政令番号: 政令第2条第1項第22号,340CO0000000002
13762-83-9,deleterious,劇物,Deleterious Substance,毒物及び劇物取締法,Poisonous and Deleterious Substances Control Act,NITE-CHRIP RJ_03_001 法律又は政令番号: 政令第2条第1項第79号,340CO0000000002
13765-19-0,deleterious,劇物,Deleterious Substance,毒物及び劇物取締法,Poisonous and Deleterious Substances Control Act,NITE-CHRIP RJ_03_001 法律又は政令番号: 政令第2条第1項第26号,340CO0000000002
13767-32-3,deleterious,劇物,Deleterious Substance,毒物及び劇物取締法,Poisonous and Deleterious Substances Control Act,NITE-CHRIP RJ_03_001 法律又は政令番号: 政令第2条第1項第1号,340CO0000000002
13767-34-5,deleterious,劇物,Deleterious Substance,毒物及び劇物取締法,Poisonous and Deleterious Substances Control Act,NITE-CHRIP RJ_03_001 法律又は政令番号: 政令第2条第1項第72号,340CO0000000002
13767-71-0,deleterious,劇物,Deleterious Substance,毒物及び劇物取締法,Poisonous and Deleterious Substances Control Act,NITE-CHRIP RJ_03_001 法律又は政令番号: 政令第2条第1項第72号,340CO0000000002
13767-78-7,deleterious,劇物,Deleterious Substance,毒物及び劇物取締法,Poisonous and Deleterious Substances Control Act,NITE-CHRIP RJ_03_001 法律又は政令番号: 政令第2条第1項第77号,340CO0000000002
13770-18-8,deleterious,劇物,Deleterious Substance,毒物及び劇物取締法,Poisonous and Deleterious Substances Control Act,NITE-CHRIP RJ_03_001 法律又は政令番号: 政令第2条第1項第72号,340CO0000000002
13770-90-6,deleterious,劇物,Deleterious Substance,毒物及び劇物取締法,Poisonous and Deleterious Substances Control Act,NITE-CHRIP RJ_03_001 法律又は政令番号: 政令第2条第1項第1号,340CO0000000002
13780-06-8,deleterious,劇物,Deleterious Substance,毒物及び劇物取締法,Poisonous and Deleterious Substances Control Act,NITE-CHRIP RJ_03_001 法律又は政令番号: 政令第2条第1項第2号,340CO0000000002
13781-53-8,deleterious,劇物,Deleterious Substance,毒物及び劇物取締法,Poisonous and Deleterious Substances Control Act,NITE-CHRIP RJ_03_001 法律又は政令番号: 政令第2条第1項第32号,340CO0000000002
13782-01-9,deleterious,劇物,Deleterious Substance,毒物及び劇物取締法,Poisonous and Deleterious Substances Control Act,NITE-CHRIP RJ_03_001 法律又は政令番号: 政令第2条第1項第2号,340CO0000000002
13812-58-3,deleterious,劇物,Deleterious Substance,毒物及び劇物取締法,Poisonous and Deleterious Substances Control Act,NITE-CHRIP RJ_03_001 法律又は政令番号: 政令第2条第1項第72号,340CO0000000002
13814-87-4,deleterious,劇物,Deleterious Substance,毒物及び劇物取締法,Poisonous and Deleterious Substances Control Act,NITE-CHRIP RJ_03_001 法律又は政令番号: 政令第2条第1項第1号,340CO0000000002
13814-93-2,deleterious,劇物,Deleterious Substance,毒物及び劇物取締法,Poisonous and Deleterious Substances Control Act,NITE-CHRIP RJ_03_001 法律又は政令番号: 政令第2条第1項第96号,340CO0000000002
13814-96-5,deleterious,劇物,Deleterious Substance,毒物及び劇物取締法,Poisonous and Deleterious Substances Control Act,NITE-CHRIP RJ_03_001 法律又は政令番号: 政令第2条第1項第77号,340CO0000000002
13814-97-6,deleterious,劇物,Deleterious Substance,毒物及び劇物取締法,Poisonous and Deleterious Substances Control Act,NITE-CHRIP RJ_03_001 法律又は政令番号: 政令第2条第1項第69号,340CO0000000002
13814-98-7,deleterious,劇物,Deleterious Substance,毒物及び劇物取締法,Poisonous and Deleterious Substances Control Act,NITE-CHRIP RJ_03_001 法律又は政令番号: 政令第2条第1項第96号,340CO0000000002
13826-63-6,deleterious,劇物,Deleterious Substance,毒物及び劇物取締法,Poisonous and Deleterious Substances Control Act,NITE-CHRIP RJ_03_001 法律又は政令番号: 政令第2条第1項第2号,340CO0000000002
13826-83-0,deleterious,劇物,Deleterious Substance,毒物及び劇物取締法,Poisonous and Deleterious Substances Control Act,NITE-CHRIP RJ_03_001 法律又は政令番号: 政令第2条第1項第96号,340CO0000000002
13826-86-3,deleterious,劇物,Deleterious Substance,毒物及び劇物取締法,Poisonous and Deleterious Substances Control Act,NITE-CHRIP RJ_03_001 法律又は政令番号: 政令第2条第1項第96号,340CO0000000002
13826-88-5,deleterious,劇物,Deleterious Substance,毒物及び劇物取締法,Poisonous and Deleterious Substances Control Act,NITE-CHRIP RJ_03_001 法律又は政令番号: 政令第2条第1項第1号,340CO0000000002
138261-41-3,deleterious,劇物,Deleterious Substance,毒物及び劇物取締法,Poisonous and Deleterious Substances Control Act,NITE-CHRIP RJ_03_001 法律又は政令番号: 政令第2条第1項第28号の12,340CO0000000002
138261-41-3,deleterious,劇物,Deleterious Substance,毒物及び劇物取締法,Poisonous and Deleterious Substances Control Act,毒物及び劇物指定令 第二条（劇物）,340CO0000000002
13832-25-2,deleterious,劇物,Deleterious Substance,毒物及び劇物取締法,Poisonous and Deleterious Substances Control Act,NITE-CHRIP RJ_03_001 法律又は政令番号: 政令第2条第1項第22号,340CO0000000002
13843-81-7,deleterious,劇物,Deleterious Substance,毒物及び劇物取締法,Poisonous and Deleterious Substances Control Act,NITE-CHRIP RJ_03_001 法律又は政令番号: 政令第2条第1項第60号,340CO0000000002
13847-17-1,deleterious,劇物,Deleterious Substance,毒物及び劇物取締法,Poisonous and Deleterious Substances Control Act,NITE-CHRIP RJ_03_001 法律又は政令番号: 政令第2条第1項第22号,340CO0000000002
13874-02-7,deleterious,劇物,Deleterious Substance,毒物及び劇物取締法,Poisonous and Deleterious Substances Control Act,NITE-CHRIP RJ_03_001 法律又は政令番号: 政令第2条第1項第23号,340CO0000000002
13874-04-9,deleterious,劇物,Deleterious Substance,毒物及び劇物取締法,Poisonous and Deleterious Substances Control Act,NITE-CHRIP RJ_03_001 法律又は政令番号: 政令第2条第1項第23号,340CO0000000002
139-42-4,deleterious,劇物,Deleterious Substance,毒物及び劇物取締法,Poisonous and Deleterious Substances Control Act,NITE-CHRIP RJ_03_001 法律又は政令番号: 政令第2条第1項第62号,340CO0000000002
139-84-4,deleterious,劇物,Deleterious Substance,毒物及び劇物取締法,Poisonous and Deleterious Substances Control Act,NITE-CHRIP RJ_03_001 法律又は政令番号: 政令第2条第1項第78号の2,340CO0000000002
139152-08-2,deleterious,劇物,Deleterious Substance,毒物及び劇物取締法,Poisonous and Deleterious Substances Control Act,NITE-CHRIP RJ_03_001 法律又は政令番号: 政令第2条第1項第32号,340CO0000000002
13931-84-5,deleterious,劇物,Deleterious Substance,毒物及び劇物取締法,Poisonous and Deleterious Substances Control Act,NITE-CHRIP RJ_03_001 法律又は政令番号: 政令第2条第1項第77号,340CO0000000002
13932-17-7,deleterious,劇物,Deleterious Substance,毒物及び劇物取締法,Poisonous and Deleterious Substances Control Act,NITE-CHRIP RJ_03_001 法律又は政令番号: 政令第2条第1項第1号,340CO0000000002
13933-17-0,deleterious,劇物,Deleterious Substance,毒物及び劇物取締法,Poisonous and Deleterious Substances Control Act,NITE-CHRIP RJ_03_001 法律又は政令番号: 政令第2条第1項第72号,340CO0000000002
139353-88-1,deleterious,劇物,Deleterious Substance,毒物及び劇物取締法,Poisonous and Deleterious Substances Control Act,NITE-CHRIP RJ_03_001 法律又は政令番号: 政令第2条第1項第66号,340CO0000000002
139522-21-7,deleterious,劇物,Deleterious Substance,毒物及び劇物取締法,Poisonous and Deleterious Substances Control Act,NITE-CHRIP RJ_03_001 法律又は政令番号: 政令第2条第1項第77号,340CO0000000002
139522-22-8,deleterious,劇物,Deleterious Substance,毒物及び劇物取締法,Poisonous and Deleterious Substances Control Act,NITE-CHRIP RJ_03_001 法律又は政令番号: 政令第2条第1項第77号,340CO0000000002
13967-90-3,deleterious,劇物,Deleterious Substance,毒物及び劇物取締法,Poisonous and Deleterious Substances Control Act,NITE-CHRIP RJ_03_001 法律又は政令番号: 政令第2条第1項第79号,340CO0000000002
13972-68-4,deleterious,劇物,Deleterious Substance,毒物及び劇物取締法,Poisonous and Deleterious Substances Control Act,NITE-CHRIP RJ_03_001 法律又は政令番号: 政令第2条第1項第22号,340CO0000000002
13986-18-0,deleterious,劇物,Deleterious Substance,毒物及び劇物取締法,Poisonous and Deleterious Substances Control Act,NITE-CHRIP RJ_03_001 法律又は政令番号: 政令第2条第1項第1号,340CO0000000002
139968-49-3,deleterious,劇物,Deleterious Substance,毒物及び劇物取締法,Poisonous and Deleterious Substances Control Act,NITE-CHRIP RJ_03_001 法律又は政令番号: 政令第2条第1項第32号,340CO0000000002
140-29-4,deleterious,劇物,Deleterious Substance,毒物及び劇物取締法,Poisonous and Deleterious Substances Control Act,NITE-CHRIP RJ_03_001 法律又は政令番号: 政令第2条第1項第32号,340CO0000000002
140-53-4,deleterious,劇物,Deleterious Substance,毒物及び劇物取締法,Poisonous and Deleterious Substances Control Act,NITE-CHRIP RJ_03_001 法律又は政令番号: 政令第2条第1項第32号,340CO0000000002
140-56-7,deleterious,劇物,Deleterious Substance,毒物及び劇物取締法,Poisonous and Deleterious Substances Control Act,NITE-CHRIP RJ_03_001 法律又は政令番号: 政令第2条第1項第106号,340CO0000000002
140-87-4,deleterious,劇物,Deleterious Substance,毒物及び劇物取締法,Poisonous and Deleterious Substances Control Act,NITE-CHRIP RJ_03_001 法律又は政令番号: 政令第2条第1項第32号,340CO0000000002
14007-60-4,deleterious,劇物,Deleterious Substance,毒物及び劇物取締法,Poisonous and Deleterious Substances Control Act,NITE-CHRIP RJ_03_001 法律又は政令番号: 政令第2条第1項第62号,340CO0000000002
140163-89-9,deleterious,劇物,Deleterious Substance,毒物及び劇物取締法,Poisonous and Deleterious Substances Control Act,NITE-CHRIP RJ_03_001 法律又は政令番号: 政令第2条第1項第32号,340CO0000000002
14017-38-0,deleterious,劇物,Deleterious Substance,毒物及び劇物取締法,Poisonous and Deleterious Substances Control Act,NITE-CHRIP RJ_03_001 法律又は政令番号: 政令第2条第1項第72号,340CO0000000002
14018-95-2,deleterious,劇物,Deleterious Substance,毒物及び劇物取締法,Poisonous and Deleterious Substances Control Act,NITE-CHRIP RJ_03_001 法律又は政令番号: 政令第2条第1項第60号,340CO0000000002
14075-53-7,deleterious,劇物,Deleterious Substance,毒物及び劇物取締法,Poisonous and Deleterious Substances Control Act,NITE-CHRIP RJ_03_001 法律又は政令番号: 政令第2条第1項第96号,340CO0000000002
141-43-5,deleterious,劇物,Deleterious Substance,毒物及び劇物取締法,Poisonous and Deleterious Substances Control Act,NITE-CHRIP RJ_03_001 法律又は政令番号: 政令第2条第1項第4号の3,340CO0000000002
141-43-5,deleterious,劇物,Deleterious Substance,毒物及び劇物取締法,Poisonous and Deleterious Substances Control Act,毒物及び劇物指定令 第二条（劇物）,340CO0000000002
141-78-6,deleterious,劇物,Deleterious Substance,毒物及び劇物取締法,Poisonous and Deleterious Substances Control Act,NITE-CHRIP RJ_03_001 法律又は政令番号: 政令第2条第1項第30号の3,340CO0000000002
141-78-6,deleterious,劇物,Deleterious Substance,毒物及び劇物取締法,Poisonous and Deleterious Substances Control Act,毒物及び劇物指定令 第二条（劇物）,340CO0000000002
14104-20-2,deleterious,劇物,Deleterious Substance,毒物及び劇物取締法,Poisonous and Deleterious Substances Control Act,NITE-CHRIP RJ_03_001 法律又は政令番号: 政令第2条第1項第24号,340CO0000000002
14104-85-9,deleterious,劇物,Deleterious Substance,毒物及び劇物取締法,Poisonous and Deleterious Substances Control Act,NITE-CHRIP RJ_03_001 法律又は政令番号: 政令第2条第1項第60号,340CO0000000002
14184-47-5,deleterious,劇物,Deleterious Substance,毒物及び劇物取締法,Poisonous and Deleterious Substances Control Act,NITE-CHRIP RJ_03_001 法律又は政令番号: 政令第2条第1項第22号,340CO0000000002
14191-95-8,deleterious,劇物,Deleterious Substance,毒物及び劇物取締法,Poisonous and Deleterious Substances Control Act,NITE-CHRIP RJ_03_001 法律又は政令番号: 政令第2条第1項第32号,340CO0000000002
14194-07-1,deleterious,劇物,Deleterious Substance,毒物及び劇物取締法,Poisonous and Deleterious Substances Control Act,NITE-CHRIP RJ_03_001 法律又は政令番号: 政令第2条第1項第62号,340CO0000000002
142-04-1,deleterious,劇物,Deleterious Substance,毒物及び劇物取締法,Poisonous and Deleterious Substances Control Act,NITE-CHRIP RJ_03_001 法律又は政令番号: 政令第2条第1項第4号,340CO0000000002
142-62-1,deleterious,劇物,Deleterious Substance,毒物及び劇物取締法,Poisonous and Deleterious Substances Control Act,NITE-CHRIP RJ_03_001 法律又は政令番号: 政令第2条第1項第91号の3,340CO0000000002
142-62-1,deleterious,劇物,Deleterious Substance,毒物及び劇物取締法,Poisonous and Deleterious Substances Control Act,毒物及び劇物指定令 第二条（劇物）,340CO0000000002
142-71-2,deleterious,劇物,Deleterious Substance,毒物及び劇物取締法,Poisonous and Deleterious Substances Control Act,NITE-CHRIP RJ_03_001 法律又は政令番号: 政令第2条第1項第72号,340CO0000000002
14215-30-6,deleterious,劇物,Deleterious Substance,毒物及び劇物取締法,Poisonous and Deleterious Substances Control Act,NITE-CHRIP RJ_03_001 法律又は政令番号: 政令第2条第1項第72号,340CO0000000002
14220-20-3,deleterious,劇物,Deleterious Substance,毒物及び劇物取締法,Poisonous and Deleterious Substances Control Act,NITE-CHRIP RJ_03_001 法律又は政令番号: 政令第2条第1項第62号,340CO0000000002
14220-64-5,deleterious,劇物,Deleterious Substance,毒物及び劇物取締法,Poisonous and Deleterious Substances Control Act,NITE-CHRIP RJ_03_001 法律又は政令番号: 政令第2条第1項第32号,340CO0000000002
14221-47-7,deleterious,劇物,Deleterious Substance,毒物及び劇物取締法,Poisonous and Deleterious Substances Control Act,NITE-CHRIP RJ_03_001 法律又は政令番号: 政令第2条第1項第62号,340CO0000000002
14227-95-3,deleterious,劇物,Deleterious Substance,毒物及び劇物取締法,Poisonous and Deleterious Substances Control Act,NITE-CHRIP RJ_03_001 法律又は政令番号: 政令第2条第1項第32号,340CO0000000002
14239-07-7,deleterious,劇物,Deleterious Substance,毒物及び劇物取締法,Poisonous and Deleterious Substances Control Act,NITE-CHRIP RJ_03_001 法律又は政令番号: 政令第2条第1項第62号,340CO0000000002
14239-68-0,deleterious,劇物,Deleterious Substance,毒物及び劇物取締法,Poisonous and Deleterious Substances Control Act,NITE-CHRIP RJ_03_001 法律又は政令番号: 政令第2条第1項第22号,340CO0000000002
14242-05-8,deleterious,劇物,Deleterious Substance,毒物及び劇物取締法,Poisonous and Deleterious Substances Control Act,NITE-CHRIP RJ_03_001 法律又は政令番号: 政令第2条第1項第24号,340CO0000000002
142507-25-3,deleterious,劇物,Deleterious Substance,毒物及び劇物取締法,Poisonous and Deleterious Substances Control Act,NITE-CHRIP RJ_03_001,340CO0000000002
14258-49-2,deleterious,劇物,Deleterious Substance,毒物及び劇物取締法,Poisonous and Deleterious Substances Control Act,NITE-CHRIP RJ_03_001 法律又は政令番号: 政令第2条第1項第62号,340CO0000000002
14283-07-9,deleterious,劇物,Deleterious Substance,毒物及び劇物取締法,Poisonous and Deleterious Substances Control Act,NITE-CHRIP RJ_03_001 法律又は政令番号: 政令第2条第1項第96号,340CO0000000002
14307-33-6,deleterious,劇物,Deleterious Substance,毒物及び劇物取締法,Poisonous and Deleterious Substances Control Act,NITE-CHRIP RJ_03_001 法律又は政令番号: 政令第2条第1項第60号,340CO0000000002
14307-35-8,deleterious,劇物,Deleterious Substance,毒物及び劇物取締法,Poisonous and Deleterious Substances Control Act,NITE-CHRIP RJ_03_001 法律又は政令番号: 政令第2条第1項第26号,340CO0000000002
14312-00-6,deleterious,劇物,Deleterious Substance,毒物及び劇物取締法,Poisonous and Deleterious Substances Control Act,NITE-CHRIP RJ_03_001 法律又は政令番号: 政令第2条第1項第26号,340CO0000000002
14323-32-1,deleterious,劇物,Deleterious Substance,毒物及び劇物取締法,Poisonous and Deleterious Substances Control Act,NITE-CHRIP RJ_03_001 法律又は政令番号: 政令第2条第1項第23号,340CO0000000002
14325-99-6,deleterious,劇物,Deleterious Substance,毒物及び劇物取締法,Poisonous and Deleterious Substances Control Act,NITE-CHRIP RJ_03_001 法律又は政令番号: 政令第2条第1項第24号,340CO0000000002
14332-59-3,deleterious,劇物,Deleterious Substance,毒物及び劇物取締法,Poisonous and Deleterious Substances Control Act,NITE-CHRIP RJ_03_001 法律又は政令番号: 政令第2条第1項第1号,340CO0000000002
14336-80-2,deleterious,劇物,Deleterious Substance,毒物及び劇物取締法,Poisonous and Deleterious Substances Control Act,NITE-CHRIP RJ_03_001 法律又は政令番号: 政令第2条第1項第72号,340CO0000000002
1436-43-7,deleterious,劇物,Deleterious Substance,毒物及び劇物取締法,Poisonous and Deleterious Substances Control Act,NITE-CHRIP RJ_03_001 法律又は政令番号: 政令第2条第1項第32号,340CO0000000002
14377-68-5,deleterious,劇物,Deleterious Substance,毒物及び劇物取締法,Poisonous and Deleterious Substances Control Act,NITE-CHRIP RJ_03_001 法律又は政令番号: 政令第2条第1項第32号,340CO0000000002
143879-80-5,deleterious,劇物,Deleterious Substance,毒物及び劇物取締法,Poisonous and Deleterious Substances Control Act,NITE-CHRIP RJ_03_001 法律又は政令番号: 政令第2条第1項第32号,340CO0000000002
144-62-7,deleterious,劇物,Deleterious Substance,毒物及び劇物取締法,Poisonous and Deleterious Substances Control Act,NITE-CHRIP RJ_03_001 法律又は政令番号: 政令第2条第1項第61号,340CO0000000002
144-62-7,deleterious,劇物,Deleterious Substance,毒物及び劇物取締法,Poisonous and Deleterious Substances Control Act,NITE-CHRIP RJ_03_001 法律又は政令番号: 法律別表第2の49,340CO0000000002
14402-61-0,deleterious,劇物,Deleterious Substance,毒物及び劇物取締法,Poisonous and Deleterious Substances Control Act,NITE-CHRIP RJ_03_001 法律又は政令番号: 政令第2条第1項第77号,340CO0000000002
14402-67-6,deleterious,劇物,Deleterious Substance,毒物及び劇物取締法,Poisonous and Deleterious Substances Control Act,NITE-CHRIP RJ_03_001 法律又は政令番号: 政令第2条第1項第62号,340CO0000000002
14429-85-7,deleterious,劇物,Deleterious Substance,毒物及び劇物取締法,Poisonous and Deleterious Substances Control Act,NITE-CHRIP RJ_03_001 法律又は政令番号: 政令第2条第1項第22号,340CO0000000002
1443-80-7,deleterious,劇物,Deleterious Substance,毒物及び劇物取締法,Poisonous and Deleterious Substances Control Act,NITE-CHRIP RJ_03_001 法律又は政令番号: 政令第2条第1項第32号,340CO0000000002
14445-91-1,deleterious,劇物,Deleterious Substance,毒物及び劇物取締法,Poisonous and Deleterious Substances Control Act,NITE-CHRIP RJ_03_001 法律又は政令番号: 政令第2条第1項第60号,340CO0000000002
14459-60-0,deleterious,劇物,Deleterious Substance,毒物及び劇物取締法,Poisonous and Deleterious Substances Control Act,NITE-CHRIP RJ_03_001 法律又は政令番号: 政令第2条第1項第7号,340CO0000000002
1448-98-2,deleterious,劇物,Deleterious Substance,毒物及び劇物取締法,Poisonous and Deleterious Substances Control Act,NITE-CHRIP RJ_03_001 法律又は政令番号: 政令第2条第1項第32号,340CO0000000002
14481-26-6,deleterious,劇物,Deleterious Substance,毒物及び劇物取締法,Poisonous and Deleterious Substances Control Act,NITE-CHRIP RJ_03_001 法律又は政令番号: 政令第2条第1項第62号,340CO0000000002
14481-40-4,deleterious,劇物,Deleterious Substance,毒物及び劇物取締法,Poisonous and Deleterious Substances Control Act,NITE-CHRIP RJ_03_001 法律又は政令番号: 政令第2条第1項第72号,340CO0000000002
14486-19-2,deleterious,劇物,Deleterious Substance,毒物及び劇物取締法,Poisonous and Deleterious Substances Control Act,NITE-CHRIP RJ_03_001 法律又は政令番号: 政令第2条第1項第22号,340CO0000000002
14486-20-5,deleterious,劇物,Deleterious Substance,毒物及び劇物取締法,Poisonous and Deleterious Substances Control Act,NITE-CHRIP RJ_03_001 法律又は政令番号: 政令第2条第1項第7号,340CO0000000002
145-73-3,deleterious,劇物,Deleterious Substance,毒物及び劇物取締法,Poisonous and Deleterious Substances Control Act,NITE-CHRIP RJ_03_001 法律又は政令番号: 政令第2条第1項第18号の2,340CO0000000002
145-73-3,deleterious,劇物,Deleterious Substance,毒物及び劇物取締法,Poisonous and Deleterious Substances Control Act,毒物及び劇物指定令 第二条（劇物）,340CO0000000002
14507-18-7,deleterious,劇物,Deleterious Substance,毒物及び劇物取締法,Poisonous and Deleterious Substances Control Act,NITE-CHRIP RJ_03_001 法律又は政令番号: 政令第2条第1項第26号,340CO0000000002
14518-94-6,deleterious,劇物,Deleterious Substance,毒物及び劇物取締法,Poisonous and Deleterious Substances Control Act,NITE-CHRIP RJ_03_001 法律又は政令番号: 政令第2条第1項第22号,340CO0000000002
14536-20-0,deleterious,劇物,Deleterious Substance,毒物及び劇物取締法,Poisonous and Deleterious Substances Control Act,NITE-CHRIP RJ_03_001 法律又は政令番号: 政令第2条第1項第69号,340CO0000000002
14592-56-4,deleterious,劇物,Deleterious Substance,毒物及び劇物取締法,Poisonous and Deleterious Substances Control Act,NITE-CHRIP RJ_03_001 法律又は政令番号: 政令第2条第1項第32号,340CO0000000002
1461-22-9,deleterious,劇物,Deleterious Substance,毒物及び劇物取締法,Poisonous and Deleterious Substances Control Act,NITE-CHRIP RJ_03_001 法律又は政令番号: 政令第2条第1項第67号,340CO0000000002
1461-23-0,deleterious,劇物,Deleterious Substance,毒物及び劇物取締法,Poisonous and Deleterious Substances Control Act,NITE-CHRIP RJ_03_001 法律又は政令番号: 政令第2条第1項第67号,340CO0000000002
14635-75-7,deleterious,劇物,Deleterious Substance,毒物及び劇物取締法,Poisonous and Deleterious Substances Control Act,NITE-CHRIP RJ_03_001 法律又は政令番号: 政令第2条第1項第96号,340CO0000000002
14652-46-1,deleterious,劇物,Deleterious Substance,毒物及び劇物取締法,Poisonous and Deleterious Substances Control Act,NITE-CHRIP RJ_03_001 法律又は政令番号: 政令第2条第1項第2号,340CO0000000002
1466-48-4,deleterious,劇物,Deleterious Substance,毒物及び劇物取締法,Poisonous and Deleterious Substances Control Act,NITE-CHRIP RJ_03_001 法律又は政令番号: 政令第2条第1項第32号,340CO0000000002
14677-00-0,deleterious,劇物,Deleterious Substance,毒物及び劇物取締法,Poisonous and Deleterious Substances Control Act,NITE-CHRIP RJ_03_001 法律又は政令番号: 政令第2条第1項第62号,340CO0000000002
14689-45-3,deleterious,劇物,Deleterious Substance,毒物及び劇物取締法,Poisonous and Deleterious Substances Control Act,NITE-CHRIP RJ_03_001 法律又は政令番号: 政令第2条第1項第22号,340CO0000000002
14708-11-3,deleterious,劇物,Deleterious Substance,毒物及び劇物取締法,Poisonous and Deleterious Substances Control Act,NITE-CHRIP RJ_03_001 法律又は政令番号: 政令第2条第1項第72号,340CO0000000002
14708-13-5,deleterious,劇物,Deleterious Substance,毒物及び劇物取締法,Poisonous and Deleterious Substances Control Act,NITE-CHRIP RJ_03_001 法律又は政令番号: 政令第2条第1項第96号,340CO0000000002
14708-14-6,deleterious,劇物,Deleterious Substance,毒物及び劇物取締法,Poisonous and Deleterious Substances Control Act,NITE-CHRIP RJ_03_001 法律又は政令番号: 政令第2条第1項第96号,340CO0000000002
14720-53-7,deleterious,劇物,Deleterious Substance,毒物及び劇物取締法,Poisonous and Deleterious Substances Control Act,NITE-CHRIP RJ_03_001 法律又は政令番号: 政令第2条第1項第77号,340CO0000000002
1472050-04-6,deleterious,劇物,Deleterious Substance,毒物及び劇物取締法,Poisonous and Deleterious Substances Control Act,NITE-CHRIP RJ_03_001 法律又は政令番号: 政令第2条第1項第28号の15,340CO0000000002
1477-55-0,deleterious,劇物,Deleterious Substance,毒物及び劇物取締法,Poisonous and Deleterious Substances Control Act,NITE-CHRIP RJ_03_001,340CO0000000002
148-87-8,deleterious,劇物,Deleterious Substance,毒物及び劇物取締法,Poisonous and Deleterious Substances Control Act,NITE-CHRIP RJ_03_001 法律又は政令番号: 政令第2条第1項第32号,340CO0000000002
14871-56-8,deleterious,劇物,Deleterious Substance,毒物及び劇物取締法,Poisonous and Deleterious Substances Control Act,NITE-CHRIP RJ_03_001 法律又は政令番号: 政令第2条第1項第79号,340CO0000000002
14906-59-3,deleterious,劇物,Deleterious Substance,毒物及び劇物取締法,Poisonous and Deleterious Substances Control Act,NITE-CHRIP RJ_03_001 法律又は政令番号: 政令第2条第1項第32号,340CO0000000002
14918-21-9,deleterious,劇物,Deleterious Substance,毒物及び劇物取締法,Poisonous and Deleterious Substances Control Act,NITE-CHRIP RJ_03_001 法律又は政令番号: 政令第2条第1項第32号,340CO0000000002
1493-13-6,deleterious,劇物,Deleterious Substance,毒物及び劇物取締法,Poisonous and Deleterious Substances Control Act,NITE-CHRIP RJ_03_001 法律又は政令番号: 政令第2条第1項第74号の7,340CO0000000002
1493-13-6,deleterious,劇物,Deleterious Substance,毒物及び劇物取締法,Poisonous and Deleterious Substances Control Act,毒物及び劇物指定令 第二条（劇物）,340CO0000000002
14931-82-9,deleterious,劇物,Deleterious Substance,毒物及び劇物取締法,Poisonous and Deleterious Substances Control Act,NITE-CHRIP RJ_03_001 法律又は政令番号: 政令第2条第1項第77号,340CO0000000002
14949-59-8,deleterious,劇物,Deleterious Substance,毒物及び劇物取締法,Poisonous and Deleterious Substances Control Act,NITE-CHRIP RJ_03_001 法律又は政令番号: 政令第2条第1項第22号,340CO0000000002
149749-63-3,deleterious,劇物,Deleterious Substance,毒物及び劇物取締法,Poisonous and Deleterious Substances Control Act,NITE-CHRIP RJ_03_001 法律又は政令番号: 政令第2条第1項第1号,340CO0000000002
150-70-9,deleterious,劇物,Deleterious Substance,毒物及び劇物取締法,Poisonous and Deleterious Substances Control Act,NITE-CHRIP RJ_03_001 法律又は政令番号: 政令第2条第1項第106号,340CO0000000002
15029-30-8,deleterious,劇物,Deleterious Substance,毒物及び劇物取締法,Poisonous and Deleterious Substances Control Act,NITE-CHRIP RJ_03_001 法律又は政令番号: 政令第2条第1項第32号,340CO0000000002
151-18-8,deleterious,劇物,Deleterious Substance,毒物及び劇物取締法,Poisonous and Deleterious Substances Control Act,NITE-CHRIP RJ_03_001 法律又は政令番号: 政令第2条第1項第32号,340CO0000000002
151-63-3,deleterious,劇物,Deleterious Substance,毒物及び劇物取締法,Poisonous and Deleterious Substances Control Act,NITE-CHRIP RJ_03_001 法律又は政令番号: 政令第2条第1項第32号,340CO0000000002
1518-16-7,deleterious,劇物,Deleterious Substance,毒物及び劇物取締法,Poisonous and Deleterious Substances Control Act,NITE-CHRIP RJ_03_001 法律又は政令番号: 政令第2条第1項第32号,340CO0000000002
15187-16-3,deleterious,劇物,Deleterious Substance,毒物及び劇物取締法,Poisonous and Deleterious Substances Control Act,NITE-CHRIP RJ_03_001 法律又は政令番号: 政令第2条第1項第77号,340CO0000000002
15189-24-9,deleterious,劇物,Deleterious Substance,毒物及び劇物取締法,Poisonous and Deleterious Substances Control Act,NITE-CHRIP RJ_03_001,340CO0000000002
15189-51-2,deleterious,劇物,Deleterious Substance,毒物及び劇物取締法,Poisonous and Deleterious Substances Control Act,NITE-CHRIP RJ_03_001 法律又は政令番号: 政令第2条第1項第23号,340CO0000000002
15244-35-6,deleterious,劇物,Deleterious Substance,毒物及び劇物取締法,Poisonous and Deleterious Substances Control Act,NITE-CHRIP RJ_03_001 法律又は政令番号: 政令第2条第1項第22号,340CO0000000002
15245-44-0,deleterious,劇物,Deleterious Substance,毒物及び劇物取締法,Poisonous and Deleterious Substances Control Act,NITE-CHRIP RJ_03_001 法律又は政令番号: 政令第2条第1項第77号,340CO0000000002
15248-76-7,deleterious,劇物,Deleterious Substance,毒物及び劇物取締法,Poisonous and Deleterious Substances Control Act,NITE-CHRIP RJ_03_001 法律又は政令番号: 政令第2条第1項第62号,340CO0000000002
15263-52-2,deleterious,劇物,Deleterious Substance,毒物及び劇物取締法,Poisonous and Deleterious Substances Control Act,NITE-CHRIP RJ_03_001 法律又は政令番号: 政令第2条第1項第38号の3,340CO0000000002
15263-53-3,deleterious,劇物,Deleterious Substance,毒物及び劇物取締法,Poisonous and Deleterious Substances Control Act,NITE-CHRIP RJ_03_001 法律又は政令番号: 政令第2条第1項第38号の3,340CO0000000002
1527-89-5,deleterious,劇物,Deleterious Substance,毒物及び劇物取締法,Poisonous and Deleterious Substances Control Act,NITE-CHRIP RJ_03_001 法律又は政令番号: 政令第2条第1項第32号,340CO0000000002
15275-08-8,deleterious,劇物,Deleterious Substance,毒物及び劇物取締法,Poisonous and Deleterious Substances Control Act,NITE-CHRIP RJ_03_001 法律又は政令番号: 政令第2条第1項第62号,340CO0000000002
15276-40-1,deleterious,劇物,Deleterious Substance,毒物及び劇物取締法,Poisonous and Deleterious Substances Control Act,NITE-CHRIP RJ_03_001 法律又は政令番号: 政令第2条第1項第22号,340CO0000000002
15282-88-9,deleterious,劇物,Deleterious Substance,毒物及び劇物取締法,Poisonous and Deleterious Substances Control Act,NITE-CHRIP RJ_03_001 法律又は政令番号: 政令第2条第1項第77号,340CO0000000002
15283-51-9,deleterious,劇物,Deleterious Substance,毒物及び劇物取締法,Poisonous and Deleterious Substances Control Act,NITE-CHRIP RJ_03_001 法律又は政令番号: 政令第2条第1項第96号,340CO0000000002
1530-87-6,deleterious,劇物,Deleterious Substance,毒物及び劇物取締法,Poisonous and Deleterious Substances Control Act,NITE-CHRIP RJ_03_001 法律又は政令番号: 政令第2条第1項第32号,340CO0000000002
1530-88-7,deleterious,劇物,Deleterious Substance,毒物及び劇物取締法,Poisonous and Deleterious Substances Control Act,NITE-CHRIP RJ_03_001 法律又は政令番号: 政令第2条第1項第32号,340CO0000000002
1530-89-8,deleterious,劇物,Deleterious Substance,毒物及び劇物取締法,Poisonous and Deleterious Substances Control Act,NITE-CHRIP RJ_03_001 法律又は政令番号: 政令第2条第1項第32号,340CO0000000002
15306-30-6,deleterious,劇物,Deleterious Substance,毒物及び劇物取締法,Poisonous and Deleterious Substances Control Act,NITE-CHRIP RJ_03_001 法律又は政令番号: 政令第2条第1項第77号,340CO0000000002
15328-32-2,deleterious,劇物,Deleterious Substance,毒物及び劇物取締法,Poisonous and Deleterious Substances Control Act,NITE-CHRIP RJ_03_001 法律又は政令番号: 政令第2条第1項第32号,340CO0000000002
15339-40-9,deleterious,劇物,Deleterious Substance,毒物及び劇物取締法,Poisonous and Deleterious Substances Control Act,NITE-CHRIP RJ_03_001 法律又は政令番号: 政令第2条第1項第79号,340CO0000000002
15347-55-4,deleterious,劇物,Deleterious Substance,毒物及び劇物取締法,Poisonous and Deleterious Substances Control Act,NITE-CHRIP RJ_03_001 法律又は政令番号: 政令第2条第1項第77号,340CO0000000002
15347-57-6,deleterious,劇物,Deleterious Substance,毒物及び劇物取締法,Poisonous and Deleterious Substances Control Act,NITE-CHRIP RJ_03_001 法律又は政令番号: 政令第2条第1項第77号,340CO0000000002
15373-31-6,deleterious,劇物,Deleterious Substance,毒物及び劇物取締法,Poisonous and Deleterious Substances Control Act,NITE-CHRIP RJ_03_001 法律又は政令番号: 政令第2条第1項第32号,340CO0000000002
1538-62-1,deleterious,劇物,Deleterious Substance,毒物及び劇物取締法,Poisonous and Deleterious Substances Control Act,NITE-CHRIP RJ_03_001 法律又は政令番号: 政令第2条第1項第7号,340CO0000000002
15477-33-5,deleterious,劇物,Deleterious Substance,毒物及び劇物取締法,Poisonous and Deleterious Substances Control Act,NITE-CHRIP RJ_03_001 法律又は政令番号: 政令第2条第1項第18号,340CO0000000002
15516-84-4,deleterious,劇物,Deleterious Substance,毒物及び劇物取締法,Poisonous and Deleterious Substances Control Act,NITE-CHRIP RJ_03_001 法律又は政令番号: 政令第2条第1項第77号,340CO0000000002
15545-97-8,deleterious,劇物,Deleterious Substance,毒物及び劇物取締法,Poisonous and Deleterious Substances Control Act,NITE-CHRIP RJ_03_001 法律又は政令番号: 政令第2条第1項第32号,340CO0000000002
155569-91-8,deleterious,劇物,Deleterious Substance,毒物及び劇物取締法,Poisonous and Deleterious Substances Control Act,NITE-CHRIP RJ_03_001 法律又は政令番号: 政令第2条第1項第15号の3,340CO0000000002
1557-59-1,deleterious,劇物,Deleterious Substance,毒物及び劇物取締法,Poisonous and Deleterious Substances Control Act,NITE-CHRIP RJ_03_001 法律又は政令番号: 政令第2条第1項第32号,340CO0000000002
15576-47-3,deleterious,劇物,Deleterious Substance,毒物及び劇物取締法,Poisonous and Deleterious Substances Control Act,NITE-CHRIP RJ_03_001 法律又は政令番号: 政令第2条第1項第77号,340CO0000000002
15578-26-4,deleterious,劇物,Deleterious Substance,毒物及び劇物取締法,Poisonous and Deleterious Substances Control Act,NITE-CHRIP RJ_03_001 法律又は政令番号: 政令第2条第1項第69号,340CO0000000002
15578-32-2,deleterious,劇物,Deleterious Substance,毒物及び劇物取締法,Poisonous and Deleterious Substances Control Act,NITE-CHRIP RJ_03_001 法律又は政令番号: 政令第2条第1項第69号,340CO0000000002
156-87-6,deleterious,劇物,Deleterious Substance,毒物及び劇物取締法,Poisonous and Deleterious Substances Control Act,NITE-CHRIP RJ_03_001,340CO0000000002
15610-76-1,deleterious,劇物,Deleterious Substance,毒物及び劇物取締法,Poisonous and Deleterious Substances Control Act,NITE-CHRIP RJ_03_001 法律又は政令番号: 政令第2条第1項第72号,340CO0000000002
15666-97-4,deleterious,劇物,Deleterious Substance,毒物及び劇物取締法,Poisonous and Deleterious Substances Control Act,NITE-CHRIP RJ_03_001 法律又は政令番号: 政令第2条第1項第32号,340CO0000000002
15673-79-7,deleterious,劇物,Deleterious Substance,毒物及び劇物取締法,Poisonous and Deleterious Substances Control Act,NITE-CHRIP RJ_03_001 法律又は政令番号: 政令第2条第1項第79号,340CO0000000002
15684-35-2,deleterious,劇物,Deleterious Substance,毒物及び劇物取締法,Poisonous and Deleterious Substances Control Act,NITE-CHRIP RJ_03_001 法律又は政令番号: 政令第2条第1項第96号,340CO0000000002
15696-43-2,deleterious,劇物,Deleterious Substance,毒物及び劇物取締法,Poisonous and Deleterious Substances Control Act,NITE-CHRIP RJ_03_001 法律又は政令番号: 政令第2条第1項第77号,340CO0000000002
15708-49-3,deleterious,劇物,Deleterious Substance,毒物及び劇物取締法,Poisonous and Deleterious Substances Control Act,NITE-CHRIP RJ_03_001 法律又は政令番号: 政令第2条第1項第77号,340CO0000000002
1572-52-7,deleterious,劇物,Deleterious Substance,毒物及び劇物取締法,Poisonous and Deleterious Substances Control Act,NITE-CHRIP RJ_03_001 法律又は政令番号: 政令第2条第1項第32号,340CO0000000002
1572-99-2,deleterious,劇物,Deleterious Substance,毒物及び劇物取締法,Poisonous and Deleterious Substances Control Act,NITE-CHRIP RJ_03_001 法律又は政令番号: 政令第2条第1項第32号,340CO0000000002
157368-22-4,deleterious,劇物,Deleterious Substance,毒物及び劇物取締法,Poisonous and Deleterious Substances Control Act,NITE-CHRIP RJ_03_001 法律又は政令番号: 政令第2条第1項第7号,340CO0000000002
15748-73-9,deleterious,劇物,Deleterious Substance,毒物及び劇物取締法,Poisonous and Deleterious Substances Control Act,NITE-CHRIP RJ_03_001 法律又は政令番号: 政令第2条第1項第77号,340CO0000000002
15771-41-2,deleterious,劇物,Deleterious Substance,毒物及び劇物取締法,Poisonous and Deleterious Substances Control Act,NITE-CHRIP RJ_03_001 法律又は政令番号: 政令第2条第1項第62号,340CO0000000002
15773-52-1,deleterious,劇物,Deleterious Substance,毒物及び劇物取締法,Poisonous and Deleterious Substances Control Act,NITE-CHRIP RJ_03_001 法律又は政令番号: 政令第2条第1項第77号,340CO0000000002
15773-53-2,deleterious,劇物,Deleterious Substance,毒物及び劇物取締法,Poisonous and Deleterious Substances Control Act,NITE-CHRIP RJ_03_001 法律又は政令番号: 政令第2条第1項第77号,340CO0000000002
15773-55-4,deleterious,劇物,Deleterious Substance,毒物及び劇物取締法,Poisonous and Deleterious Substances Control Act,NITE-CHRIP RJ_03_001 法律又は政令番号: 政令第2条第1項第77号,340CO0000000002
15773-56-5,deleterious,劇物,Deleterious Substance,毒物及び劇物取締法,Poisonous and Deleterious Substances Control Act,NITE-CHRIP RJ_03_001 法律又は政令番号: 政令第2条第1項第77号,340CO0000000002
15843-42-2,deleterious,劇物,Deleterious Substance,毒物及び劇物取締法,Poisonous and Deleterious Substances Control Act,NITE-CHRIP RJ_03_001 法律又は政令番号: 政令第2条第1項第62号,340CO0000000002
15843-43-3,deleterious,劇物,Deleterious Substance,毒物及び劇物取締法,Poisonous and Deleterious Substances Control Act,NITE-CHRIP RJ_03_001 法律又は政令番号: 政令第2条第1項第24号,340CO0000000002
15843-48-8,deleterious,劇物,Deleterious Substance,毒物及び劇物取締法,Poisonous and Deleterious Substances Control Act,NITE-CHRIP RJ_03_001 法律又は政令番号: 政令第2条第1項第77号,340CO0000000002
15845-52-0,deleterious,劇物,Deleterious Substance,毒物及び劇物取締法,Poisonous and Deleterious Substances Control Act,NITE-CHRIP RJ_03_001 法律又は政令番号: 政令第2条第1項第77号,340CO0000000002
15852-05-8,deleterious,劇物,Deleterious Substance,毒物及び劇物取締法,Poisonous and Deleterious Substances Control Act,NITE-CHRIP RJ_03_001 法律又は政令番号: 政令第2条第1項第72号,340CO0000000002
1586-91-0,deleterious,劇物,Deleterious Substance,毒物及び劇物取締法,Poisonous and Deleterious Substances Control Act,NITE-CHRIP RJ_03_001 法律又は政令番号: 政令第2条第1項第7号,340CO0000000002
15861-24-2,deleterious,劇物,Deleterious Substance,毒物及び劇物取締法,Poisonous and Deleterious Substances Control Act,NITE-CHRIP RJ_03_001 法律又は政令番号: 政令第2条第1項第32号,340CO0000000002
1587-41-3,deleterious,劇物,Deleterious Substance,毒物及び劇物取締法,Poisonous and Deleterious Substances Control Act,NITE-CHRIP RJ_03_001 法律又は政令番号: 政令第2条第1項第40号の4,340CO0000000002
1587-41-3,deleterious,劇物,Deleterious Substance,毒物及び劇物取締法,Poisonous and Deleterious Substances Control Act,毒物及び劇物指定令 第二条（劇物）,340CO0000000002
15874-48-3,deleterious,劇物,Deleterious Substance,毒物及び劇物取締法,Poisonous and Deleterious Substances Control Act,NITE-CHRIP RJ_03_001 法律又は政令番号: 政令第2条第1項第7号,340CO0000000002
15874-50-7,deleterious,劇物,Deleterious Substance,毒物及び劇物取締法,Poisonous and Deleterious Substances Control Act,NITE-CHRIP RJ_03_001 法律又は政令番号: 政令第2条第1項第7号,340CO0000000002
15874-52-9,deleterious,劇物,Deleterious Substance,毒物及び劇物取締法,Poisonous and Deleterious Substances Control Act,NITE-CHRIP RJ_03_001 法律又は政令番号: 政令第2条第1項第7号,340CO0000000002
15890-25-2,deleterious,劇物,Deleterious Substance,毒物及び劇物取締法,Poisonous and Deleterious Substances Control Act,NITE-CHRIP RJ_03_001 法律又は政令番号: 政令第2条第1項第7号,340CO0000000002
15906-71-5,deleterious,劇物,Deleterious Substance,毒物及び劇物取締法,Poisonous and Deleterious Substances Control Act,NITE-CHRIP RJ_03_001 法律又は政令番号: 政令第2条第1項第77号,340CO0000000002
15907-04-7,deleterious,劇物,Deleterious Substance,毒物及び劇物取締法,Poisonous and Deleterious Substances Control Act,NITE-CHRIP RJ_03_001 法律又は政令番号: 政令第2条第1項第77号,340CO0000000002
1591-30-6,deleterious,劇物,Deleterious Substance,毒物及び劇物取締法,Poisonous and Deleterious Substances Control Act,NITE-CHRIP RJ_03_001 法律又は政令番号: 政令第2条第1項第32号,340CO0000000002
159120-95-3,deleterious,劇物,Deleterious Substance,毒物及び劇物取締法,Poisonous and Deleterious Substances Control Act,NITE-CHRIP RJ_03_001 法律又は政令番号: 政令第2条第1項第7号,340CO0000000002
15919-49-0,deleterious,劇物,Deleterious Substance,毒物及び劇物取締法,Poisonous and Deleterious Substances Control Act,NITE-CHRIP RJ_03_001 法律又は政令番号: 政令第2条第1項第5号,340CO0000000002
16000-39-8,deleterious,劇物,Deleterious Substance,毒物及び劇物取締法,Poisonous and Deleterious Substances Control Act,NITE-CHRIP RJ_03_001 法律又は政令番号: 政令第2条第1項第32号,340CO0000000002
16037-50-6,deleterious,劇物,Deleterious Substance,毒物及び劇物取締法,Poisonous and Deleterious Substances Control Act,NITE-CHRIP RJ_03_001 法律又は政令番号: 政令第2条第1項第26号,340CO0000000002
16038-76-9,deleterious,劇物,Deleterious Substance,毒物及び劇物取締法,Poisonous and Deleterious Substances Control Act,NITE-CHRIP RJ_03_001 法律又は政令番号: 政令第2条第1項第77号,340CO0000000002
16039-64-8,deleterious,劇物,Deleterious Substance,毒物及び劇物取締法,Poisonous and Deleterious Substances Control Act,NITE-CHRIP RJ_03_001 法律又は政令番号: 政令第2条第1項第7号,340CO0000000002
160430-64-8,deleterious,劇物,Deleterious Substance,毒物及び劇物取締法,Poisonous and Deleterious Substances Control Act,NITE-CHRIP RJ_03_001 法律又は政令番号: 政令第2条第1項第28号の11,340CO0000000002
160430-64-8,deleterious,劇物,Deleterious Substance,毒物及び劇物取締法,Poisonous and Deleterious Substances Control Act,毒物及び劇物指定令 第二条（劇物）,340CO0000000002
1617-17-0,deleterious,劇物,Deleterious Substance,毒物及び劇物取締法,Poisonous and Deleterious Substances Control Act,NITE-CHRIP RJ_03_001 法律又は政令番号: 政令第2条第1項第32号,340CO0000000002
16213-85-7,deleterious,劇物,Deleterious Substance,毒物及び劇物取締法,Poisonous and Deleterious Substances Control Act,NITE-CHRIP RJ_03_001 法律又は政令番号: 政令第2条第1項第32号,340CO0000000002
16297-07-7,deleterious,劇物,Deleterious Substance,毒物及び劇物取締法,Poisonous and Deleterious Substances Control Act,NITE-CHRIP RJ_03_001 法律又は政令番号: 政令第2条第1項第32号,340CO0000000002
1633-44-9,deleterious,劇物,Deleterious Substance,毒物及び劇物取締法,Poisonous and Deleterious Substances Control Act,NITE-CHRIP RJ_03_001 法律又は政令番号: 政令第2条第1項第32号,340CO0000000002
163725-12-0,deleterious,劇物,Deleterious Substance,毒物及び劇物取締法,Poisonous and Deleterious Substances Control Act,NITE-CHRIP RJ_03_001 法律又は政令番号: 政令第2条第1項第32号,340CO0000000002
1641-09-4,deleterious,劇物,Deleterious Substance,毒物及び劇物取締法,Poisonous and Deleterious Substances Control Act,NITE-CHRIP RJ_03_001 法律又は政令番号: 政令第2条第1項第32号,340CO0000000002
16529-56-9,deleterious,劇物,Deleterious Substance,毒物及び劇物取締法,Poisonous and Deleterious Substances Control Act,NITE-CHRIP RJ_03_001 法律又は政令番号: 政令第2条第1項第32号,340CO0000000002
16529-66-1,deleterious,劇物,Deleterious Substance,毒物及び劇物取締法,Poisonous and Deleterious Substances Control Act,NITE-CHRIP RJ_03_001 法律又は政令番号: 政令第2条第1項第32号,340CO0000000002
16532-79-9,deleterious,劇物,Deleterious Substance,毒物及び劇物取締法,Poisonous and Deleterious Substances Control Act,NITE-CHRIP RJ_03_001 法律又は政令番号: 政令第2条第1項第32号,340CO0000000002
1656-48-0,deleterious,劇物,Deleterious Substance,毒物及び劇物取締法,Poisonous and Deleterious Substances Control Act,NITE-CHRIP RJ_03_001 法律又は政令番号: 政令第2条第1項第32号,340CO0000000002
16565-94-9,deleterious,劇物,Deleterious Substance,毒物及び劇物取締法,Poisonous and Deleterious Substances Control Act,NITE-CHRIP RJ_03_001 法律又は政令番号: 政令第2条第1項第26号,340CO0000000002
16569-85-0,deleterious,劇物,Deleterious Substance,毒物及び劇物取締法,Poisonous and Deleterious Substances Control Act,NITE-CHRIP RJ_03_001 法律又は政令番号: 政令第2条第1項第26号,340CO0000000002
16569-86-1,deleterious,劇物,Deleterious Substance,毒物及び劇物取締法,Poisonous and Deleterious Substances Control Act,NITE-CHRIP RJ_03_001 法律又は政令番号: 政令第2条第1項第26号,340CO0000000002
16569-87-2,deleterious,劇物,Deleterious Substance,毒物及び劇物取締法,Poisonous and Deleterious Substances Control Act,NITE-CHRIP RJ_03_001 法律又は政令番号: 政令第2条第1項第26号,340CO0000000002
16582-93-7,deleterious,劇物,Deleterious Substance,毒物及び劇物取締法,Poisonous and Deleterious Substances Control Act,NITE-CHRIP RJ_03_001 法律又は政令番号: 政令第2条第1項第32号,340CO0000000002
16588-02-6,deleterious,劇物,Deleterious Substance,毒物及び劇物取締法,Poisonous and Deleterious Substances Control Act,NITE-CHRIP RJ_03_001 法律又は政令番号: 政令第2条第1項第32号,340CO0000000002
16593-57-0,deleterious,劇物,Deleterious Substance,毒物及び劇物取締法,Poisonous and Deleterious Substances Control Act,NITE-CHRIP RJ_03_001 法律又は政令番号: 政令第2条第1項第22号,340CO0000000002
16595-80-5,deleterious,劇物,Deleterious Substance,毒物及び劇物取締法,Poisonous and Deleterious Substances Control Act,NITE-CHRIP RJ_03_001 法律又は政令番号: 政令第2条第1項第71号の3,340CO0000000002
16617-46-2,deleterious,劇物,Deleterious Substance,毒物及び劇物取締法,Poisonous and Deleterious Substances Control Act,NITE-CHRIP RJ_03_001 法律又は政令番号: 政令第2条第1項第32号,340CO0000000002
16721-80-5,deleterious,劇物,Deleterious Substance,毒物及び劇物取締法,Poisonous and Deleterious Substances Control Act,NITE-CHRIP RJ_03_001 法律又は政令番号: 政令第2条第1項第102号の4,340CO0000000002
16721-80-5,deleterious,劇物,Deleterious Substance,毒物及び劇物取締法,Poisonous and Deleterious Substances Control Act,毒物及び劇物指定令 第二条（劇物）,340CO0000000002
1675-69-0,deleterious,劇物,Deleterious Substance,毒物及び劇物取締法,Poisonous and Deleterious Substances Control Act,NITE-CHRIP RJ_03_001 法律又は政令番号: 政令第2条第1項第32号,340CO0000000002
16752-77-5,deleterious,劇物,Deleterious Substance,毒物及び劇物取締法,Poisonous and Deleterious Substances Control Act,NITE-CHRIP RJ_03_001 法律又は政令番号: 政令第2条第1項第100号の10,340CO0000000002
16833-52-6,deleterious,劇物,Deleterious Substance,毒物及び劇物取締法,Poisonous and Deleterious Substances Control Act,NITE-CHRIP RJ_03_001 法律又は政令番号: 政令第2条第1項第79号,340CO0000000002
16849-88-0,deleterious,劇物,Deleterious Substance,毒物及び劇物取締法,Poisonous and Deleterious Substances Control Act,NITE-CHRIP RJ_03_001 法律又は政令番号: 政令第2条第1項第32号,340CO0000000002
16871-71-9,deleterious,劇物,Deleterious Substance,毒物及び劇物取締法,Poisonous and Deleterious Substances Control Act,NITE-CHRIP RJ_03_001 法律又は政令番号: 政令第2条第1項第1号,340CO0000000002
16871-90-2,deleterious,劇物,Deleterious Substance,毒物及び劇物取締法,Poisonous and Deleterious Substances Control Act,NITE-CHRIP RJ_03_001 法律又は政令番号: 政令第2条第1項第30号,340CO0000000002
16872-11-0,deleterious,劇物,Deleterious Substance,毒物及び劇物取締法,Poisonous and Deleterious Substances Control Act,NITE-CHRIP RJ_03_001 法律又は政令番号: 政令第2条第1項第96号,340CO0000000002
1689-83-4,deleterious,劇物,Deleterious Substance,毒物及び劇物取締法,Poisonous and Deleterious Substances Control Act,NITE-CHRIP RJ_03_001 法律又は政令番号: 政令第2条第1項第32号,340CO0000000002
1689-84-5,deleterious,劇物,Deleterious Substance,毒物及び劇物取締法,Poisonous and Deleterious Substances Control Act,NITE-CHRIP RJ_03_001 法律又は政令番号: 政令第2条第1項第32号,340CO0000000002
16893-85-9,deleterious,劇物,Deleterious Substance,毒物及び劇物取締法,Poisonous and Deleterious Substances Control Act,NITE-CHRIP RJ_03_001 法律又は政令番号: 政令第2条第1項第30号,340CO0000000002
16893-92-8,deleterious,劇物,Deleterious Substance,毒物及び劇物取締法,Poisonous and Deleterious Substances Control Act,NITE-CHRIP RJ_03_001 法律又は政令番号: 政令第2条第1項第7号,340CO0000000002
16903-35-8,deleterious,劇物,Deleterious Substance,毒物及び劇物取締法,Poisonous and Deleterious Substances Control Act,NITE-CHRIP RJ_03_001 法律又は政令番号: 政令第2条第1項第23号,340CO0000000002
16919-19-0,deleterious,劇物,Deleterious Substance,毒物及び劇物取締法,Poisonous and Deleterious Substances Control Act,NITE-CHRIP RJ_03_001 法律又は政令番号: 政令第2条第1項第30号,340CO0000000002
16925-25-0,deleterious,劇物,Deleterious Substance,毒物及び劇物取締法,Poisonous and Deleterious Substances Control Act,NITE-CHRIP RJ_03_001 法律又は政令番号: 政令第2条第1項第7号,340CO0000000002
16932-49-3,deleterious,劇物,Deleterious Substance,毒物及び劇物取締法,Poisonous and Deleterious Substances Control Act,NITE-CHRIP RJ_03_001 法律又は政令番号: 政令第2条第1項第32号,340CO0000000002
16949-65-8,deleterious,劇物,Deleterious Substance,毒物及び劇物取締法,Poisonous and Deleterious Substances Control Act,NITE-CHRIP RJ_03_001 法律又は政令番号: 政令第2条第1項第30号,340CO0000000002
16950-06-4,deleterious,劇物,Deleterious Substance,毒物及び劇物取締法,Poisonous and Deleterious Substances Control Act,NITE-CHRIP RJ_03_001 法律又は政令番号: 政令第2条第1項第7号,340CO0000000002
16961-25-4,deleterious,劇物,Deleterious Substance,毒物及び劇物取締法,Poisonous and Deleterious Substances Control Act,NITE-CHRIP RJ_03_001 法律又は政令番号: 政令第2条第1項第23号,340CO0000000002
16961-80-1,deleterious,劇物,Deleterious Substance,毒物及び劇物取締法,Poisonous and Deleterious Substances Control Act,NITE-CHRIP RJ_03_001 法律又は政令番号: 政令第2条第1項第30号,340CO0000000002
16961-83-4,deleterious,劇物,Deleterious Substance,毒物及び劇物取締法,Poisonous and Deleterious Substances Control Act,NITE-CHRIP RJ_03_001 法律又は政令番号: 法律別表第2の21,340CO0000000002
16984-59-1,deleterious,劇物,Deleterious Substance,毒物及び劇物取締法,Poisonous and Deleterious Substances Control Act,NITE-CHRIP RJ_03_001 法律又は政令番号: 政令第2条第1項第11号,340CO0000000002
16996-40-0,deleterious,劇物,Deleterious Substance,毒物及び劇物取締法,Poisonous and Deleterious Substances Control Act,NITE-CHRIP RJ_03_001 法律又は政令番号: 政令第2条第1項第77号,340CO0000000002
16996-51-3,deleterious,劇物,Deleterious Substance,毒物及び劇物取締法,Poisonous and Deleterious Substances Control Act,NITE-CHRIP RJ_03_001 法律又は政令番号: 政令第2条第1項第77号,340CO0000000002
1701-93-5,deleterious,劇物,Deleterious Substance,毒物及び劇物取締法,Poisonous and Deleterious Substances Control Act,NITE-CHRIP RJ_03_001 法律又は政令番号: 政令第2条第1項第24号,340CO0000000002
17010-21-8,deleterious,劇物,Deleterious Substance,毒物及び劇物取締法,Poisonous and Deleterious Substances Control Act,NITE-CHRIP RJ_03_001 法律又は政令番号: 政令第2条第1項第22号,340CO0000000002
17090-79-8,deleterious,劇物,Deleterious Substance,毒物及び劇物取締法,Poisonous and Deleterious Substances Control Act,NITE-CHRIP RJ_03_001 法律又は政令番号: 政令第2条第1項第100号の19,340CO0000000002
17109-49-8,deleterious,劇物,Deleterious Substance,毒物及び劇物取締法,Poisonous and Deleterious Substances Control Act,NITE-CHRIP RJ_03_001 法律又は政令番号: 政令第2条第1項第13号の2,340CO0000000002
1711-11-1,deleterious,劇物,Deleterious Substance,毒物及び劇物取締法,Poisonous and Deleterious Substances Control Act,NITE-CHRIP RJ_03_001 法律又は政令番号: 政令第2条第1項第32号,340CO0000000002
17125-80-3,deleterious,劇物,Deleterious Substance,毒物及び劇物取締法,Poisonous and Deleterious Substances Control Act,NITE-CHRIP RJ_03_001 法律又は政令番号: 政令第2条第1項第79号,340CO0000000002
17174-98-0,deleterious,劇物,Deleterious Substance,毒物及び劇物取締法,Poisonous and Deleterious Substances Control Act,NITE-CHRIP RJ_03_001 法律又は政令番号: 政令第2条第1項第32号,340CO0000000002
17187-72-3,deleterious,劇物,Deleterious Substance,毒物及び劇物取締法,Poisonous and Deleterious Substances Control Act,NITE-CHRIP RJ_03_001 法律又は政令番号: 政令第2条第1項第79号,340CO0000000002
17194-00-2,deleterious,劇物,Deleterious Substance,毒物及び劇物取締法,Poisonous and Deleterious Substances Control Act,NITE-CHRIP RJ_03_001 法律又は政令番号: 政令第2条第1項第79号,340CO0000000002
17201-43-3,deleterious,劇物,Deleterious Substance,毒物及び劇物取締法,Poisonous and Deleterious Substances Control Act,NITE-CHRIP RJ_03_001 法律又は政令番号: 政令第2条第1項第32号,340CO0000000002
172018-47-2,deleterious,劇物,Deleterious Substance,毒物及び劇物取締法,Poisonous and Deleterious Substances Control Act,NITE-CHRIP RJ_03_001 法律又は政令番号: 政令第2条第1項第96号,340CO0000000002
17216-62-5,deleterious,劇物,Deleterious Substance,毒物及び劇物取締法,Poisonous and Deleterious Substances Control Act,NITE-CHRIP RJ_03_001 法律又は政令番号: 政令第2条第1項第32号,340CO0000000002
17220-70-1,deleterious,劇物,Deleterious Substance,毒物及び劇物取締法,Poisonous and Deleterious Substances Control Act,NITE-CHRIP RJ_03_001 法律又は政令番号: 政令第2条第1項第7号,340CO0000000002
17231-59-3,deleterious,劇物,Deleterious Substance,毒物及び劇物取締法,Poisonous and Deleterious Substances Control Act,NITE-CHRIP RJ_03_001 法律又は政令番号: 政令第2条第1項第32号,340CO0000000002
1733-04-6,deleterious,劇物,Deleterious Substance,毒物及び劇物取締法,Poisonous and Deleterious Substances Control Act,NITE-CHRIP RJ_03_001 法律又は政令番号: 政令第2条第1項第32号,340CO0000000002
17347-95-4,deleterious,劇物,Deleterious Substance,毒物及び劇物取締法,Poisonous and Deleterious Substances Control Act,NITE-CHRIP RJ_03_001 法律又は政令番号: 政令第2条第1項第30号,340CO0000000002
17354-79-9,deleterious,劇物,Deleterious Substance,毒物及び劇物取締法,Poisonous and Deleterious Substances Control Act,NITE-CHRIP RJ_03_001 法律又は政令番号: 政令第2条第1項第32号,340CO0000000002
17362-17-3,deleterious,劇物,Deleterious Substance,毒物及び劇物取締法,Poisonous and Deleterious Substances Control Act,NITE-CHRIP RJ_03_001 法律又は政令番号: 政令第2条第1項第32号,340CO0000000002
1738-25-6,deleterious,劇物,Deleterious Substance,毒物及び劇物取締法,Poisonous and Deleterious Substances Control Act,NITE-CHRIP RJ_03_001 法律又は政令番号: 政令第2条第1項第32号,340CO0000000002
1738-36-9,deleterious,劇物,Deleterious Substance,毒物及び劇物取締法,Poisonous and Deleterious Substances Control Act,NITE-CHRIP RJ_03_001 法律又は政令番号: 政令第2条第1項第32号,340CO0000000002
17420-30-3,deleterious,劇物,Deleterious Substance,毒物及び劇物取締法,Poisonous and Deleterious Substances Control Act,NITE-CHRIP RJ_03_001 法律又は政令番号: 政令第2条第1項第32号,340CO0000000002
17480-26-1,deleterious,劇物,Deleterious Substance,毒物及び劇物取締法,Poisonous and Deleterious Substances Control Act,NITE-CHRIP RJ_03_001 法律又は政令番号: 政令第2条第1項第69号,340CO0000000002
175013-18-0,deleterious,劇物,Deleterious Substance,毒物及び劇物取締法,Poisonous and Deleterious Substances Control Act,NITE-CHRIP RJ_03_001 法律又は政令番号: 政令第2条第1項第99号の3,340CO0000000002
175013-18-0,deleterious,劇物,Deleterious Substance,毒物及び劇物取締法,Poisonous and Deleterious Substances Control Act,毒物及び劇物指定令 第二条（劇物）,340CO0000000002
17570-76-2,deleterious,劇物,Deleterious Substance,毒物及び劇物取締法,Poisonous and Deleterious Substances Control Act,NITE-CHRIP RJ_03_001 法律又は政令番号: 政令第2条第1項第77号,340CO0000000002
17601-94-4,deleterious,劇物,Deleterious Substance,毒物及び劇物取締法,Poisonous and Deleterious Substances Control Act,NITE-CHRIP RJ_03_001 法律又は政令番号: 政令第2条第1項第32号,340CO0000000002
17640-15-2,deleterious,劇物,Deleterious Substance,毒物及び劇物取締法,Poisonous and Deleterious Substances Control Act,NITE-CHRIP RJ_03_001 法律又は政令番号: 政令第2条第1項第32号,340CO0000000002
17722-17-7,deleterious,劇物,Deleterious Substance,毒物及び劇物取締法,Poisonous and Deleterious Substances Control Act,NITE-CHRIP RJ_03_001 法律又は政令番号: 政令第2条第1項第32号,340CO0000000002
17747-81-8,deleterious,劇物,Deleterious Substance,毒物及び劇物取締法,Poisonous and Deleterious Substances Control Act,NITE-CHRIP RJ_03_001 法律又は政令番号: 政令第2条第1項第96号,340CO0000000002
17756-81-9,deleterious,劇物,Deleterious Substance,毒物及び劇物取締法,Poisonous and Deleterious Substances Control Act,NITE-CHRIP RJ_03_001 法律又は政令番号: 政令第2条第1項第32号,340CO0000000002
17823-38-0,deleterious,劇物,Deleterious Substance,毒物及び劇物取締法,Poisonous and Deleterious Substances Control Act,NITE-CHRIP RJ_03_001 法律又は政令番号: 政令第2条第1項第32号,340CO0000000002
17823-40-4,deleterious,劇物,Deleterious Substance,毒物及び劇物取締法,Poisonous and Deleterious Substances Control Act,NITE-CHRIP RJ_03_001 法律又は政令番号: 政令第2条第1項第32号,340CO0000000002
17856-92-7,deleterious,劇物,Deleterious Substance,毒物及び劇物取締法,Poisonous and Deleterious Substances Control Act,NITE-CHRIP RJ_03_001 法律又は政令番号: 政令第2条第1項第7号,340CO0000000002
17976-43-1,deleterious,劇物,Deleterious Substance,毒物及び劇物取締法,Poisonous and Deleterious Substances Control Act,NITE-CHRIP RJ_03_001 法律又は政令番号: 政令第2条第1項第77号,340CO0000000002
17989-90-1,deleterious,劇物,Deleterious Substance,毒物及び劇物取締法,Poisonous and Deleterious Substances Control Act,NITE-CHRIP RJ_03_001 法律又は政令番号: 政令第2条第1項第79号,340CO0000000002
18130-42-2,deleterious,劇物,Deleterious Substance,毒物及び劇物取締法,Poisonous and Deleterious Substances Control Act,NITE-CHRIP RJ_03_001 法律又は政令番号: 政令第2条第1項第62号,340CO0000000002
18136-00-0,deleterious,劇物,Deleterious Substance,毒物及び劇物取締法,Poisonous and Deleterious Substances Control Act,NITE-CHRIP RJ_03_001 法律又は政令番号: 政令第2条第1項第32号,340CO0000000002
18156-15-5,deleterious,劇物,Deleterious Substance,毒物及び劇物取締法,Poisonous and Deleterious Substances Control Act,NITE-CHRIP RJ_03_001 法律又は政令番号: 政令第2条第1項第32号,340CO0000000002
1823-91-2,deleterious,劇物,Deleterious Substance,毒物及び劇物取締法,Poisonous and Deleterious Substances Control Act,NITE-CHRIP RJ_03_001 法律又は政令番号: 政令第2条第1項第32号,340CO0000000002
18270-61-6,deleterious,劇物,Deleterious Substance,毒物及び劇物取締法,Poisonous and Deleterious Substances Control Act,NITE-CHRIP RJ_03_001 法律又は政令番号: 政令第2条第1項第32号,340CO0000000002
18293-53-3,deleterious,劇物,Deleterious Substance,毒物及び劇物取締法,Poisonous and Deleterious Substances Control Act,NITE-CHRIP RJ_03_001 法律又は政令番号: 政令第2条第1項第32号,340CO0000000002
18300-91-9,deleterious,劇物,Deleterious Substance,毒物及び劇物取締法,Poisonous and Deleterious Substances Control Act,NITE-CHRIP RJ_03_001 法律又は政令番号: 政令第2条第1項第32号,340CO0000000002
1835-49-0,deleterious,劇物,Deleterious Substance,毒物及び劇物取締法,Poisonous and Deleterious Substances Control Act,NITE-CHRIP RJ_03_001 法律又は政令番号: 政令第2条第1項第32号,340CO0000000002
1835-65-0,deleterious,劇物,Deleterious Substance,毒物及び劇物取締法,Poisonous and Deleterious Substances Control Act,NITE-CHRIP RJ_03_001 法律又は政令番号: 政令第2条第1項第32号,340CO0000000002
18381-45-8,deleterious,劇物,Deleterious Substance,毒物及び劇物取締法,Poisonous and Deleterious Substances Control Act,NITE-CHRIP RJ_03_001 法律又は政令番号: 政令第2条第1項第32号,340CO0000000002
18433-42-6,deleterious,劇物,Deleterious Substance,毒物及び劇物取締法,Poisonous and Deleterious Substances Control Act,NITE-CHRIP RJ_03_001 法律又は政令番号: 政令第2条第1項第1号,340CO0000000002
18454-12-1,deleterious,劇物,Deleterious Substance,毒物及び劇物取締法,Poisonous and Deleterious Substances Control Act,NITE-CHRIP RJ_03_001 法律又は政令番号: 政令第2条第1項第26号,340CO0000000002
18488-96-5,deleterious,劇物,Deleterious Substance,毒物及び劇物取締法,Poisonous and Deleterious Substances Control Act,NITE-CHRIP RJ_03_001 法律又は政令番号: 政令第2条第1項第2号,340CO0000000002
18502-05-1,deleterious,劇物,Deleterious Substance,毒物及び劇物取締法,Poisonous and Deleterious Substances Control Act,NITE-CHRIP RJ_03_001 法律又は政令番号: 政令第2条第1項第32号,340CO0000000002
18532-52-0,deleterious,劇物,Deleterious Substance,毒物及び劇物取締法,Poisonous and Deleterious Substances Control Act,NITE-CHRIP RJ_03_001 法律又は政令番号: 政令第2条第1項第22号,340CO0000000002
18532-58-6,deleterious,劇物,Deleterious Substance,毒物及び劇物取締法,Poisonous and Deleterious Substances Control Act,NITE-CHRIP RJ_03_001 法律又は政令番号: 政令第2条第1項第22号,340CO0000000002
18534-08-2,deleterious,劇物,Deleterious Substance,毒物及び劇物取締法,Poisonous and Deleterious Substances Control Act,NITE-CHRIP RJ_03_001 法律又は政令番号: 政令第2条第1項第1号,340CO0000000002
1860-71-5,deleterious,劇物,Deleterious Substance,毒物及び劇物取締法,Poisonous and Deleterious Substances Control Act,NITE-CHRIP RJ_03_001 法律又は政令番号: 政令第2条第1項第62号,340CO0000000002
18653-83-3,deleterious,劇物,Deleterious Substance,毒物及び劇物取締法,Poisonous and Deleterious Substances Control Act,NITE-CHRIP RJ_03_001 法律又は政令番号: 政令第2条第1項第69号,340CO0000000002
1871-96-1,deleterious,劇物,Deleterious Substance,毒物及び劇物取締法,Poisonous and Deleterious Substances Control Act,NITE-CHRIP RJ_03_001 法律又は政令番号: 政令第2条第1項第32号,340CO0000000002
18744-58-6,deleterious,劇物,Deleterious Substance,毒物及び劇物取締法,Poisonous and Deleterious Substances Control Act,NITE-CHRIP RJ_03_001 法律又は政令番号: 政令第2条第1項第79号,340CO0000000002
1877-72-1,deleterious,劇物,Deleterious Substance,毒物及び劇物取締法,Poisonous and Deleterious Substances Control Act,NITE-CHRIP RJ_03_001 法律又は政令番号: 政令第2条第1項第32号,340CO0000000002
18809-57-9,deleterious,劇物,Deleterious Substance,毒物及び劇物取締法,Poisonous and Deleterious Substances Control Act,NITE-CHRIP RJ_03_001 法律又は政令番号: 政令第2条第1項第14号の6,340CO0000000002
18809-57-9,deleterious,劇物,Deleterious Substance,毒物及び劇物取締法,Poisonous and Deleterious Substances Control Act,毒物及び劇物指定令 第二条（劇物）,340CO0000000002
18810-58-7,deleterious,劇物,Deleterious Substance,毒物及び劇物取締法,Poisonous and Deleterious Substances Control Act,NITE-CHRIP RJ_03_001 法律又は政令番号: 政令第2条第1項第79号,340CO0000000002
1885-29-6,deleterious,劇物,Deleterious Substance,毒物及び劇物取締法,Poisonous and Deleterious Substances Control Act,NITE-CHRIP RJ_03_001 法律又は政令番号: 政令第2条第1項第32号,340CO0000000002
1885-35-4,deleterious,劇物,Deleterious Substance,毒物及び劇物取締法,Poisonous and Deleterious Substances Control Act,NITE-CHRIP RJ_03_001 法律又は政令番号: 政令第2条第1項第32号,340CO0000000002
1885-38-7,deleterious,劇物,Deleterious Substance,毒物及び劇物取締法,Poisonous and Deleterious Substances Control Act,NITE-CHRIP RJ_03_001 法律又は政令番号: 政令第2条第1項第32号,340CO0000000002
1885-76-3,deleterious,劇物,Deleterious Substance,毒物及び劇物取締法,Poisonous and Deleterious Substances Control Act,NITE-CHRIP RJ_03_001 法律又は政令番号: 政令第2条第1項第32号,340CO0000000002
18854-01-8,deleterious,劇物,Deleterious Substance,毒物及び劇物取締法,Poisonous and Deleterious Substances Control Act,NITE-CHRIP RJ_03_001 法律又は政令番号: 政令第2条第1項第37号の5,340CO0000000002
18854-01-8,deleterious,劇物,Deleterious Substance,毒物及び劇物取締法,Poisonous and Deleterious Substances Control Act,毒物及び劇物指定令 第二条（劇物）,340CO0000000002
18909-69-8,deleterious,劇物,Deleterious Substance,毒物及び劇物取締法,Poisonous and Deleterious Substances Control Act,NITE-CHRIP RJ_03_001 法律又は政令番号: 政令第2条第1項第96号,340CO0000000002
1891-95-8,deleterious,劇物,Deleterious Substance,毒物及び劇物取締法,Poisonous and Deleterious Substances Control Act,NITE-CHRIP RJ_03_001 法律又は政令番号: 政令第2条第1項第32号,340CO0000000002
18936-17-9,deleterious,劇物,Deleterious Substance,毒物及び劇物取締法,Poisonous and Deleterious Substances Control Act,NITE-CHRIP RJ_03_001 法律又は政令番号: 政令第2条第1項第32号,340CO0000000002
1897-41-2,deleterious,劇物,Deleterious Substance,毒物及び劇物取締法,Poisonous and Deleterious Substances Control Act,NITE-CHRIP RJ_03_001 法律又は政令番号: 政令第2条第1項第32号,340CO0000000002
1897-52-5,deleterious,劇物,Deleterious Substance,毒物及び劇物取締法,Poisonous and Deleterious Substances Control Act,NITE-CHRIP RJ_03_001 法律又は政令番号: 政令第2条第1項第32号,340CO0000000002
18972-56-0,deleterious,劇物,Deleterious Substance,毒物及び劇物取締法,Poisonous and Deleterious Substances Control Act,NITE-CHRIP RJ_03_001 法律又は政令番号: 政令第2条第1項第30号,340CO0000000002
18984-32-2,deleterious,劇物,Deleterious Substance,毒物及び劇物取締法,Poisonous and Deleterious Substances Control Act,NITE-CHRIP RJ_03_001 法律又は政令番号: 政令第2条第1項第99号の6,340CO0000000002
18984-32-2,deleterious,劇物,Deleterious Substance,毒物及び劇物取締法,Poisonous and Deleterious Substances Control Act,毒物及び劇物指定令 第二条（劇物）,340CO0000000002
18991-05-4,deleterious,劇物,Deleterious Substance,毒物及び劇物取締法,Poisonous and Deleterious Substances Control Act,NITE-CHRIP RJ_03_001 法律又は政令番号: 政令第2条第1項第22号,340CO0000000002
19153-98-1,deleterious,劇物,Deleterious Substance,毒物及び劇物取締法,Poisonous and Deleterious Substances Control Act,NITE-CHRIP RJ_03_001 法律又は政令番号: 政令第2条第1項第23号,340CO0000000002
19153-99-2,deleterious,劇物,Deleterious Substance,毒物及び劇物取締法,Poisonous and Deleterious Substances Control Act,NITE-CHRIP RJ_03_001 法律又は政令番号: 政令第2条第1項第23号,340CO0000000002
19154-63-3,deleterious,劇物,Deleterious Substance,毒物及び劇物取締法,Poisonous and Deleterious Substances Control Act,NITE-CHRIP RJ_03_001 法律又は政令番号: 政令第2条第1項第1号,340CO0000000002
19158-51-1,deleterious,劇物,Deleterious Substance,毒物及び劇物取締法,Poisonous and Deleterious Substances Control Act,NITE-CHRIP RJ_03_001 法律又は政令番号: 政令第2条第1項第32号,340CO0000000002
19179-31-8,deleterious,劇物,Deleterious Substance,毒物及び劇物取締法,Poisonous and Deleterious Substances Control Act,NITE-CHRIP RJ_03_001 法律又は政令番号: 政令第2条第1項第32号,340CO0000000002
1928-37-6,deleterious,劇物,Deleterious Substance,毒物及び劇物取締法,Poisonous and Deleterious Substances Control Act,NITE-CHRIP RJ_03_001,340CO0000000002
1930-72-9,deleterious,劇物,Deleterious Substance,毒物及び劇物取締法,Poisonous and Deleterious Substances Control Act,NITE-CHRIP RJ_03_001 法律又は政令番号: 政令第2条第1項第32号,340CO0000000002
19417-15-3,deleterious,劇物,Deleterious Substance,毒物及び劇物取締法,Poisonous and Deleterious Substances Control Act,NITE-CHRIP RJ_03_001 法律又は政令番号: 政令第2条第1項第1号,340CO0000000002
19472-74-3,deleterious,劇物,Deleterious Substance,毒物及び劇物取締法,Poisonous and Deleterious Substances Control Act,NITE-CHRIP RJ_03_001 法律又は政令番号: 政令第2条第1項第32号,340CO0000000002
19528-55-3,deleterious,劇物,Deleterious Substance,毒物及び劇物取締法,Poisonous and Deleterious Substances Control Act,NITE-CHRIP RJ_03_001 法律又は政令番号: 政令第2条第1項第77号,340CO0000000002
19750-95-9,deleterious,劇物,Deleterious Substance,毒物及び劇物取締法,Poisonous and Deleterious Substances Control Act,NITE-CHRIP RJ_03_001,340CO0000000002
19783-14-3,deleterious,劇物,Deleterious Substance,毒物及び劇物取締法,Poisonous and Deleterious Substances Control Act,NITE-CHRIP RJ_03_001 法律又は政令番号: 政令第2条第1項第77号,340CO0000000002
19812-93-2,deleterious,劇物,Deleterious Substance,毒物及び劇物取締法,Poisonous and Deleterious Substances Control Act,NITE-CHRIP RJ_03_001 法律又は政令番号: 政令第2条第1項第32号,340CO0000000002
1983-10-4,deleterious,劇物,Deleterious Substance,毒物及び劇物取締法,Poisonous and Deleterious Substances Control Act,NITE-CHRIP RJ_03_001 法律又は政令番号: 政令第2条第1項第67号,340CO0000000002
19847-12-2,deleterious,劇物,Deleterious Substance,毒物及び劇物取締法,Poisonous and Deleterious Substances Control Act,NITE-CHRIP RJ_03_001 法律又は政令番号: 政令第2条第1項第32号,340CO0000000002
19924-43-7,deleterious,劇物,Deleterious Substance,毒物及び劇物取締法,Poisonous and Deleterious Substances Control Act,NITE-CHRIP RJ_03_001 法律又は政令番号: 政令第2条第1項第32号,340CO0000000002
20039-37-6,deleterious,劇物,Deleterious Substance,毒物及び劇物取締法,Poisonous and Deleterious Substances Control Act,NITE-CHRIP RJ_03_001 法律又は政令番号: 政令第2条第1項第60号,340CO0000000002
2024-83-1,deleterious,劇物,Deleterious Substance,毒物及び劇物取締法,Poisonous and Deleterious Substances Control Act,NITE-CHRIP RJ_03_001 法律又は政令番号: 政令第2条第1項第32号,340CO0000000002
2031-89-2,deleterious,劇物,Deleterious Substance,毒物及び劇物取締法,Poisonous and Deleterious Substances Control Act,NITE-CHRIP RJ_03_001 法律又は政令番号: 政令第2条第1項第11号,340CO0000000002
2032-34-0,deleterious,劇物,Deleterious Substance,毒物及び劇物取締法,Poisonous and Deleterious Substances Control Act,NITE-CHRIP RJ_03_001 法律又は政令番号: 政令第2条第1項第32号,340CO0000000002
20352-84-5,deleterious,劇物,Deleterious Substance,毒物及び劇物取締法,Poisonous and Deleterious Substances Control Act,NITE-CHRIP RJ_03_001 法律又は政令番号: 政令第2条第1項第32号,340CO0000000002
2036-13-7,deleterious,劇物,Deleterious Substance,毒物及び劇物取締法,Poisonous and Deleterious Substances Control Act,NITE-CHRIP RJ_03_001 法律又は政令番号: 政令第2条第1項第32号,340CO0000000002
2040-52-0,deleterious,劇物,Deleterious Substance,毒物及び劇物取締法,Poisonous and Deleterious Substances Control Act,NITE-CHRIP RJ_03_001 法律又は政令番号: 政令第2条第1項第62号,340CO0000000002
20403-42-3,deleterious,劇物,Deleterious Substance,毒物及び劇物取締法,Poisonous and Deleterious Substances Control Act,NITE-CHRIP RJ_03_001 法律又は政令番号: 政令第2条第1項第77号,340CO0000000002
2042-37-7,deleterious,劇物,Deleterious Substance,毒物及び劇物取締法,Poisonous and Deleterious Substances Control Act,NITE-CHRIP RJ_03_001 法律又は政令番号: 政令第2条第1項第32号,340CO0000000002
20427-58-1,deleterious,劇物,Deleterious Substance,毒物及び劇物取締法,Poisonous and Deleterious Substances Control Act,NITE-CHRIP RJ_03_001 法律又は政令番号: 政令第2条第1項第1号,340CO0000000002
20427-59-2,deleterious,劇物,Deleterious Substance,毒物及び劇物取締法,Poisonous and Deleterious Substances Control Act,NITE-CHRIP RJ_03_001 法律又は政令番号: 政令第2条第1項第72号,340CO0000000002
2046-18-6,deleterious,劇物,Deleterious Substance,毒物及び劇物取締法,Poisonous and Deleterious Substances Control Act,NITE-CHRIP RJ_03_001 法律又は政令番号: 政令第2条第1項第32号,340CO0000000002
20534-94-5,deleterious,劇物,Deleterious Substance,毒物及び劇物取締法,Poisonous and Deleterious Substances Control Act,NITE-CHRIP RJ_03_001 法律又は政令番号: 政令第2条第1項第77号,340CO0000000002
20543-06-0,deleterious,劇物,Deleterious Substance,毒物及び劇物取締法,Poisonous and Deleterious Substances Control Act,NITE-CHRIP RJ_03_001 法律又は政令番号: 政令第2条第1項第62号,340CO0000000002
20571-45-3,deleterious,劇物,Deleterious Substance,毒物及び劇物取締法,Poisonous and Deleterious Substances Control Act,NITE-CHRIP RJ_03_001 法律又は政令番号: 政令第2条第1項第22号,340CO0000000002
20712-47-4,deleterious,劇物,Deleterious Substance,毒物及び劇物取締法,Poisonous and Deleterious Substances Control Act,NITE-CHRIP RJ_03_001 法律又は政令番号: 政令第2条第1項第1号,340CO0000000002
2079-00-7,deleterious,劇物,Deleterious Substance,毒物及び劇物取締法,Poisonous and Deleterious Substances Control Act,NITE-CHRIP RJ_03_001 法律又は政令番号: 政令第2条第1項第86号,340CO0000000002
2079-00-7,deleterious,劇物,Deleterious Substance,毒物及び劇物取締法,Poisonous and Deleterious Substances Control Act,NITE-CHRIP RJ_03_001 法律又は政令番号: 法律別表第2の71,340CO0000000002
2079-00-7,deleterious,劇物,Deleterious Substance,毒物及び劇物取締法,Poisonous and Deleterious Substances Control Act,毒物及び劇物指定令 第二条（劇物）,340CO0000000002
2079-89-2,deleterious,劇物,Deleterious Substance,毒物及び劇物取締法,Poisonous and Deleterious Substances Control Act,NITE-CHRIP RJ_03_001 法律又は政令番号: 政令第2条第1項第32号,340CO0000000002
20837-86-9,deleterious,劇物,Deleterious Substance,毒物及び劇物取締法,Poisonous and Deleterious Substances Control Act,NITE-CHRIP RJ_03_001 法律又は政令番号: 政令第2条第1項第77号,340CO0000000002
20845-01-6,deleterious,劇物,Deleterious Substance,毒物及び劇物取締法,Poisonous and Deleterious Substances Control Act,NITE-CHRIP RJ_03_001 法律又は政令番号: 政令第2条第1項第82号,340CO0000000002
20893-30-5,deleterious,劇物,Deleterious Substance,毒物及び劇物取締法,Poisonous and Deleterious Substances Control Act,NITE-CHRIP RJ_03_001 法律又は政令番号: 政令第2条第1項第32号,340CO0000000002
2090-08-6,deleterious,劇物,Deleterious Substance,毒物及び劇物取締法,Poisonous and Deleterious Substances Control Act,NITE-CHRIP RJ_03_001 法律又は政令番号: 政令第2条第1項第79号,340CO0000000002
20908-85-4,deleterious,劇物,Deleterious Substance,毒物及び劇物取締法,Poisonous and Deleterious Substances Control Act,NITE-CHRIP RJ_03_001 法律又は政令番号: 政令第2条第1項第72号,340CO0000000002
20925-27-3,deleterious,劇物,Deleterious Substance,毒物及び劇物取締法,Poisonous and Deleterious Substances Control Act,NITE-CHRIP RJ_03_001 法律又は政令番号: 政令第2条第1項第32号,340CO0000000002
20936-32-7,deleterious,劇物,Deleterious Substance,毒物及び劇物取締法,Poisonous and Deleterious Substances Control Act,NITE-CHRIP RJ_03_001 法律又は政令番号: 政令第2条第1項第77号,340CO0000000002
2094-98-6,deleterious,劇物,Deleterious Substance,毒物及び劇物取締法,Poisonous and Deleterious Substances Control Act,NITE-CHRIP RJ_03_001 法律又は政令番号: 政令第2条第1項第32号,340CO0000000002
20965-27-9,deleterious,劇物,Deleterious Substance,毒物及び劇物取締法,Poisonous and Deleterious Substances Control Act,NITE-CHRIP RJ_03_001 法律又は政令番号: 政令第2条第1項第32号,340CO0000000002
2100-43-8,deleterious,劇物,Deleterious Substance,毒物及び劇物取締法,Poisonous and Deleterious Substances Control Act,NITE-CHRIP RJ_03_001 法律又は政令番号: 政令第2条第1項第5号,340CO0000000002
2104-64-5,deleterious,劇物,Deleterious Substance,毒物及び劇物取締法,Poisonous and Deleterious Substances Control Act,NITE-CHRIP RJ_03_001 法律又は政令番号: 政令第2条第1項第14号,340CO0000000002
2104-64-5,deleterious,劇物,Deleterious Substance,毒物及び劇物取締法,Poisonous and Deleterious Substances Control Act,毒物及び劇物指定令 第二条（劇物）,340CO0000000002
21041-95-2,deleterious,劇物,Deleterious Substance,毒物及び劇物取締法,Poisonous and Deleterious Substances Control Act,NITE-CHRIP RJ_03_001 法律又は政令番号: 政令第2条第1項第22号,340CO0000000002
21109-95-5,deleterious,劇物,Deleterious Substance,毒物及び劇物取締法,Poisonous and Deleterious Substances Control Act,NITE-CHRIP RJ_03_001 法律又は政令番号: 政令第2条第1項第79号,340CO0000000002
21135-97-7,deleterious,劇物,Deleterious Substance,毒物及び劇物取締法,Poisonous and Deleterious Substances Control Act,NITE-CHRIP RJ_03_001 法律又は政令番号: 政令第2条第1項第77号,340CO0000000002
2117-69-3,deleterious,劇物,Deleterious Substance,毒物及び劇物取締法,Poisonous and Deleterious Substances Control Act,NITE-CHRIP RJ_03_001 法律又は政令番号: 政令第2条第1項第77号,340CO0000000002
21342-85-8,deleterious,劇物,Deleterious Substance,毒物及び劇物取締法,Poisonous and Deleterious Substances Control Act,NITE-CHRIP RJ_03_001 法律又は政令番号: 政令第2条第1項第32号,340CO0000000002
21351-91-7,deleterious,劇物,Deleterious Substance,毒物及び劇物取締法,Poisonous and Deleterious Substances Control Act,NITE-CHRIP RJ_03_001 法律又は政令番号: 政令第2条第1項第1号,340CO0000000002
21351-92-8,deleterious,劇物,Deleterious Substance,毒物及び劇物取締法,Poisonous and Deleterious Substances Control Act,NITE-CHRIP RJ_03_001 法律又は政令番号: 政令第2条第1項第1号,340CO0000000002
21360-94-1,deleterious,劇物,Deleterious Substance,毒物及び劇物取締法,Poisonous and Deleterious Substances Control Act,NITE-CHRIP RJ_03_001 法律又は政令番号: 政令第2条第1項第22号,340CO0000000002
2141-62-0,deleterious,劇物,Deleterious Substance,毒物及び劇物取締法,Poisonous and Deleterious Substances Control Act,NITE-CHRIP RJ_03_001 法律又は政令番号: 政令第2条第1項第32号,340CO0000000002
21423-81-4,deleterious,劇物,Deleterious Substance,毒物及び劇物取締法,Poisonous and Deleterious Substances Control Act,NITE-CHRIP RJ_03_001 法律又は政令番号: 政令第2条第1項第32号,340CO0000000002
21524-39-0,deleterious,劇物,Deleterious Substance,毒物及び劇物取締法,Poisonous and Deleterious Substances Control Act,NITE-CHRIP RJ_03_001 法律又は政令番号: 政令第2条第1項第32号,340CO0000000002
2154-70-3,deleterious,劇物,Deleterious Substance,毒物及び劇物取締法,Poisonous and Deleterious Substances Control Act,NITE-CHRIP RJ_03_001 法律又は政令番号: 政令第2条第1項第32号,340CO0000000002
21548-73-2,deleterious,劇物,Deleterious Substance,毒物及び劇物取締法,Poisonous and Deleterious Substances Control Act,NITE-CHRIP RJ_03_001 法律又は政令番号: 政令第2条第1項第24号,340CO0000000002
2155-73-9,deleterious,劇物,Deleterious Substance,毒物及び劇物取締法,Poisonous and Deleterious Substances Control Act,NITE-CHRIP RJ_03_001 法律又は政令番号: 政令第2条第1項第7号,340CO0000000002
2155-74-0,deleterious,劇物,Deleterious Substance,毒物及び劇物取締法,Poisonous and Deleterious Substances Control Act,NITE-CHRIP RJ_03_001 法律又は政令番号: 政令第2条第1項第7号,340CO0000000002
2155-75-1,deleterious,劇物,Deleterious Substance,毒物及び劇物取締法,Poisonous and Deleterious Substances Control Act,NITE-CHRIP RJ_03_001 法律又は政令番号: 政令第2条第1項第7号,340CO0000000002
21609-90-5,deleterious,劇物,Deleterious Substance,毒物及び劇物取締法,Poisonous and Deleterious Substances Control Act,NITE-CHRIP RJ_03_001 法律又は政令番号: 政令第2条第1項第100号の7,340CO0000000002
21609-90-5,deleterious,劇物,Deleterious Substance,毒物及び劇物取締法,Poisonous and Deleterious Substances Control Act,毒物及び劇物指定令 第二条（劇物）,340CO0000000002
21663-61-6,deleterious,劇物,Deleterious Substance,毒物及び劇物取締法,Poisonous and Deleterious Substances Control Act,NITE-CHRIP RJ_03_001 法律又は政令番号: 政令第2条第1項第32号,340CO0000000002
2169-69-9,deleterious,劇物,Deleterious Substance,毒物及び劇物取締法,Poisonous and Deleterious Substances Control Act,NITE-CHRIP RJ_03_001 法律又は政令番号: 政令第2条第1項第32号,340CO0000000002
2172-51-2,deleterious,劇物,Deleterious Substance,毒物及び劇物取締法,Poisonous and Deleterious Substances Control Act,NITE-CHRIP RJ_03_001 法律又は政令番号: 政令第2条第1項第32号,340CO0000000002
21725-46-2,deleterious,劇物,Deleterious Substance,毒物及び劇物取締法,Poisonous and Deleterious Substances Control Act,NITE-CHRIP RJ_03_001 法律又は政令番号: 政令第2条第1項第32号,340CO0000000002
2179-13-7,deleterious,劇物,Deleterious Substance,毒物及び劇物取締法,Poisonous and Deleterious Substances Control Act,NITE-CHRIP RJ_03_001 法律又は政令番号: 政令第2条第1項第32号,340CO0000000002
21797-13-7,deleterious,劇物,Deleterious Substance,毒物及び劇物取締法,Poisonous and Deleterious Substances Control Act,NITE-CHRIP RJ_03_001 法律又は政令番号: 政令第2条第1項第96号,340CO0000000002
2191-10-8,deleterious,劇物,Deleterious Substance,毒物及び劇物取締法,Poisonous and Deleterious Substances Control Act,NITE-CHRIP RJ_03_001 法律又は政令番号: 政令第2条第1項第22号,340CO0000000002
22005-33-0,deleterious,劇物,Deleterious Substance,毒物及び劇物取締法,Poisonous and Deleterious Substances Control Act,NITE-CHRIP RJ_03_001 法律又は政令番号: 政令第2条第1項第32号,340CO0000000002
22115-41-9,deleterious,劇物,Deleterious Substance,毒物及び劇物取締法,Poisonous and Deleterious Substances Control Act,NITE-CHRIP RJ_03_001 法律又は政令番号: 政令第2条第1項第32号,340CO0000000002
22205-45-4,deleterious,劇物,Deleterious Substance,毒物及び劇物取締法,Poisonous and Deleterious Substances Control Act,NITE-CHRIP RJ_03_001 法律又は政令番号: 政令第2条第1項第72号,340CO0000000002
22206-19-5,deleterious,劇物,Deleterious Substance,毒物及び劇物取締法,Poisonous and Deleterious Substances Control Act,NITE-CHRIP RJ_03_001 法律又は政令番号: 政令第2条第1項第62号,340CO0000000002
2223-93-0,deleterious,劇物,Deleterious Substance,毒物及び劇物取締法,Poisonous and Deleterious Substances Control Act,NITE-CHRIP RJ_03_001 法律又は政令番号: 政令第2条第1項第22号,340CO0000000002
22326-55-2,deleterious,劇物,Deleterious Substance,毒物及び劇物取締法,Poisonous and Deleterious Substances Control Act,NITE-CHRIP RJ_03_001 法律又は政令番号: 政令第2条第1項第79号,340CO0000000002
2234-26-6,deleterious,劇物,Deleterious Substance,毒物及び劇物取締法,Poisonous and Deleterious Substances Control Act,NITE-CHRIP RJ_03_001 法律又は政令番号: 政令第2条第1項第32号,340CO0000000002
22364-68-7,deleterious,劇物,Deleterious Substance,毒物及び劇物取締法,Poisonous and Deleterious Substances Control Act,NITE-CHRIP RJ_03_001 法律又は政令番号: 政令第2条第1項第32号,340CO0000000002
2237-30-1,deleterious,劇物,Deleterious Substance,毒物及び劇物取締法,Poisonous and Deleterious Substances Control Act,NITE-CHRIP RJ_03_001 法律又は政令番号: 政令第2条第1項第32号,340CO0000000002
22373-78-0,deleterious,劇物,Deleterious Substance,毒物及び劇物取締法,Poisonous and Deleterious Substances Control Act,NITE-CHRIP RJ_03_001 法律又は政令番号: 政令第2条第1項第100号の19,340CO0000000002
22438-69-3,deleterious,劇物,Deleterious Substance,毒物及び劇物取締法,Poisonous and Deleterious Substances Control Act,NITE-CHRIP RJ_03_001 法律又は政令番号: 政令第2条第1項第77号,340CO0000000002
2244-07-7,deleterious,劇物,Deleterious Substance,毒物及び劇物取締法,Poisonous and Deleterious Substances Control Act,NITE-CHRIP RJ_03_001 法律又は政令番号: 政令第2条第1項第32号,340CO0000000002
22457-55-2,deleterious,劇物,Deleterious Substance,毒物及び劇物取締法,Poisonous and Deleterious Substances Control Act,NITE-CHRIP RJ_03_001 法律又は政令番号: 政令第2条第1項第79号,340CO0000000002
22465-18-5,deleterious,劇物,Deleterious Substance,毒物及び劇物取締法,Poisonous and Deleterious Substances Control Act,NITE-CHRIP RJ_03_001 法律又は政令番号: 政令第2条第1項第22号,340CO0000000002
2248-34-2,deleterious,劇物,Deleterious Substance,毒物及び劇物取締法,Poisonous and Deleterious Substances Control Act,NITE-CHRIP RJ_03_001 法律又は政令番号: 政令第2条第1項第96号,340CO0000000002
22569-74-0,deleterious,劇物,Deleterious Substance,毒物及び劇物取締法,Poisonous and Deleterious Substances Control Act,NITE-CHRIP RJ_03_001 法律又は政令番号: 政令第2条第1項第77号,340CO0000000002
22581-05-1,deleterious,劇物,Deleterious Substance,毒物及び劇物取締法,Poisonous and Deleterious Substances Control Act,NITE-CHRIP RJ_03_001 法律又は政令番号: 政令第2条第1項第32号,340CO0000000002
22629-49-8,deleterious,劇物,Deleterious Substance,毒物及び劇物取締法,Poisonous and Deleterious Substances Control Act,NITE-CHRIP RJ_03_001 法律又は政令番号: 政令第2条第1項第32号,340CO0000000002
22734-04-9,deleterious,劇物,Deleterious Substance,毒物及び劇物取締法,Poisonous and Deleterious Substances Control Act,NITE-CHRIP RJ_03_001 法律又は政令番号: 政令第2条第1項第32号,340CO0000000002
2274-42-2,deleterious,劇物,Deleterious Substance,毒物及び劇物取締法,Poisonous and Deleterious Substances Control Act,NITE-CHRIP RJ_03_001 法律又は政令番号: 政令第2条第1項第32号,340CO0000000002
2274-67-1,deleterious,劇物,Deleterious Substance,毒物及び劇物取締法,Poisonous and Deleterious Substances Control Act,NITE-CHRIP RJ_03_001 法律又は政令番号: 政令第2条第1項第26号の5,340CO0000000002
2274-67-1,deleterious,劇物,Deleterious Substance,毒物及び劇物取締法,Poisonous and Deleterious Substances Control Act,毒物及び劇物指定令 第二条（劇物）,340CO0000000002
2275-14-1,deleterious,劇物,Deleterious Substance,毒物及び劇物取締法,Poisonous and Deleterious Substances Control Act,NITE-CHRIP RJ_03_001 法律又は政令番号: 政令第2条第1項第37号,340CO0000000002
2275-14-1,deleterious,劇物,Deleterious Substance,毒物及び劇物取締法,Poisonous and Deleterious Substances Control Act,NITE-CHRIP RJ_03_001 法律又は政令番号: 法律別表第2の25,340CO0000000002
2275-14-1,deleterious,劇物,Deleterious Substance,毒物及び劇物取締法,Poisonous and Deleterious Substances Control Act,毒物及び劇物指定令 第二条（劇物）,340CO0000000002
2275-23-2,deleterious,劇物,Deleterious Substance,毒物及び劇物取締法,Poisonous and Deleterious Substances Control Act,NITE-CHRIP RJ_03_001 法律又は政令番号: 法律別表第2の44,340CO0000000002
22750-54-5,deleterious,劇物,Deleterious Substance,毒物及び劇物取締法,Poisonous and Deleterious Substances Control Act,NITE-CHRIP RJ_03_001 法律又は政令番号: 政令第2条第1項第22号,340CO0000000002
22763-46-8,deleterious,劇物,Deleterious Substance,毒物及び劇物取締法,Poisonous and Deleterious Substances Control Act,NITE-CHRIP RJ_03_001 法律又は政令番号: 政令第2条第1項第1号,340CO0000000002
22781-23-3,deleterious,劇物,Deleterious Substance,毒物及び劇物取締法,Poisonous and Deleterious Substances Control Act,NITE-CHRIP RJ_03_001 法律又は政令番号: 政令第2条第1項第56号の3,340CO0000000002
22781-23-3,deleterious,劇物,Deleterious Substance,毒物及び劇物取締法,Poisonous and Deleterious Substances Control Act,毒物及び劇物指定令 第二条（劇物）,340CO0000000002
22856-30-0,deleterious,劇物,Deleterious Substance,毒物及び劇物取締法,Poisonous and Deleterious Substances Control Act,NITE-CHRIP RJ_03_001 法律又は政令番号: 政令第2条第1項第32号,340CO0000000002
22887-44-1,deleterious,劇物,Deleterious Substance,毒物及び劇物取締法,Poisonous and Deleterious Substances Control Act,NITE-CHRIP RJ_03_001 法律又は政令番号: 政令第2条第1項第79号,340CO0000000002
23074-42-2,deleterious,劇物,Deleterious Substance,毒物及び劇物取締法,Poisonous and Deleterious Substances Control Act,NITE-CHRIP RJ_03_001 法律又は政令番号: 政令第2条第1項第32号,340CO0000000002
2310-17-0,deleterious,劇物,Deleterious Substance,毒物及び劇物取締法,Poisonous and Deleterious Substances Control Act,NITE-CHRIP RJ_03_001 法律又は政令番号: 政令第2条第1項第34号の2,340CO0000000002
23103-98-2,deleterious,劇物,Deleterious Substance,毒物及び劇物取締法,Poisonous and Deleterious Substances Control Act,NITE-CHRIP RJ_03_001 法律又は政令番号: 政令第2条第1項第50号の5,340CO0000000002
23149-52-2,deleterious,劇物,Deleterious Substance,毒物及び劇物取締法,Poisonous and Deleterious Substances Control Act,NITE-CHRIP RJ_03_001 法律又は政令番号: 政令第2条第1項第24号,340CO0000000002
2317-22-8,deleterious,劇物,Deleterious Substance,毒物及び劇物取締法,Poisonous and Deleterious Substances Control Act,NITE-CHRIP RJ_03_001 法律又は政令番号: 政令第2条第1項第32号,340CO0000000002
23313-68-0,deleterious,劇物,Deleterious Substance,毒物及び劇物取締法,Poisonous and Deleterious Substances Control Act,NITE-CHRIP RJ_03_001 法律又は政令番号: 政令第2条第1項第32号,340CO0000000002
2338-75-2,deleterious,劇物,Deleterious Substance,毒物及び劇物取締法,Poisonous and Deleterious Substances Control Act,NITE-CHRIP RJ_03_001 法律又は政令番号: 政令第2条第1項第32号,340CO0000000002
2338-76-3,deleterious,劇物,Deleterious Substance,毒物及び劇物取締法,Poisonous and Deleterious Substances Control Act,NITE-CHRIP RJ_03_001 法律又は政令番号: 政令第2条第1項第32号,340CO0000000002
23414-72-4,deleterious,劇物,Deleterious Substance,毒物及び劇物取締法,Poisonous and Deleterious Substances Control Act,NITE-CHRIP RJ_03_001 法律又は政令番号: 政令第2条第1項第1号,340CO0000000002
23505-41-1,deleterious,劇物,Deleterious Substance,毒物及び劇物取締法,Poisonous and Deleterious Substances Control Act,NITE-CHRIP RJ_03_001 法律又は政令番号: 政令第2条第1項第33号の3,340CO0000000002
23505-41-1,deleterious,劇物,Deleterious Substance,毒物及び劇物取締法,Poisonous and Deleterious Substances Control Act,毒物及び劇物指定令 第二条（劇物）,340CO0000000002
23541-42-6,deleterious,劇物,Deleterious Substance,毒物及び劇物取締法,Poisonous and Deleterious Substances Control Act,NITE-CHRIP RJ_03_001 法律又は政令番号: 政令第2条第1項第79号,340CO0000000002
23621-79-6,deleterious,劇物,Deleterious Substance,毒物及び劇物取締法,Poisonous and Deleterious Substances Control Act,NITE-CHRIP RJ_03_001 法律又は政令番号: 政令第2条第1項第77号,340CO0000000002
2367-19-3,deleterious,劇物,Deleterious Substance,毒物及び劇物取締法,Poisonous and Deleterious Substances Control Act,NITE-CHRIP RJ_03_001 法律又は政令番号: 政令第2条第1項第96号,340CO0000000002
2377-81-3,deleterious,劇物,Deleterious Substance,毒物及び劇物取締法,Poisonous and Deleterious Substances Control Act,NITE-CHRIP RJ_03_001 法律又は政令番号: 政令第2条第1項第32号,340CO0000000002
23884-79-9,deleterious,劇物,Deleterious Substance,毒物及び劇物取締法,Poisonous and Deleterious Substances Control Act,NITE-CHRIP RJ_03_001 法律又は政令番号: 政令第2条第1項第77号,340CO0000000002
23923-29-7,deleterious,劇物,Deleterious Substance,毒物及び劇物取締法,Poisonous and Deleterious Substances Control Act,NITE-CHRIP RJ_03_001 法律又は政令番号: 政令第2条第1項第32号,340CO0000000002
23996-25-0,deleterious,劇物,Deleterious Substance,毒物及び劇物取締法,Poisonous and Deleterious Substances Control Act,NITE-CHRIP RJ_03_001 法律又は政令番号: 政令第2条第1項第32号,340CO0000000002
2407-68-3,deleterious,劇物,Deleterious Substance,毒物及び劇物取締法,Poisonous and Deleterious Substances Control Act,NITE-CHRIP RJ_03_001 法律又は政令番号: 政令第2条第1項第32号,340CO0000000002
24151-93-7,deleterious,劇物,Deleterious Substance,毒物及び劇物取締法,Poisonous and Deleterious Substances Control Act,NITE-CHRIP RJ_03_001 法律又は政令番号: 政令第2条第1項第100号の4,340CO0000000002
24151-93-7,deleterious,劇物,Deleterious Substance,毒物及び劇物取締法,Poisonous and Deleterious Substances Control Act,毒物及び劇物指定令 第二条（劇物）,340CO0000000002
2417-90-5,deleterious,劇物,Deleterious Substance,毒物及び劇物取締法,Poisonous and Deleterious Substances Control Act,NITE-CHRIP RJ_03_001 法律又は政令番号: 政令第2条第1項第32号,340CO0000000002
2420-97-5,deleterious,劇物,Deleterious Substance,毒物及び劇物取締法,Poisonous and Deleterious Substances Control Act,NITE-CHRIP RJ_03_001 法律又は政令番号: 政令第2条第1項第22号,340CO0000000002
2425-10-7,deleterious,劇物,Deleterious Substance,毒物及び劇物取締法,Poisonous and Deleterious Substances Control Act,NITE-CHRIP RJ_03_001 法律又は政令番号: 政令第2条第1項第55号の3,340CO0000000002
2425-10-7,deleterious,劇物,Deleterious Substance,毒物及び劇物取締法,Poisonous and Deleterious Substances Control Act,毒物及び劇物指定令 第二条（劇物）,340CO0000000002
2427-79-4,deleterious,劇物,Deleterious Substance,毒物及び劇物取締法,Poisonous and Deleterious Substances Control Act,NITE-CHRIP RJ_03_001 法律又は政令番号: 政令第2条第1項第100号の12,340CO0000000002
24312-44-5,deleterious,劇物,Deleterious Substance,毒物及び劇物取締法,Poisonous and Deleterious Substances Control Act,NITE-CHRIP RJ_03_001 法律又は政令番号: 政令第2条第1項第101号の2,340CO0000000002
24312-44-5,deleterious,劇物,Deleterious Substance,毒物及び劇物取締法,Poisonous and Deleterious Substances Control Act,毒物及び劇物指定令 第二条（劇物）,340CO0000000002
2432-74-8,deleterious,劇物,Deleterious Substance,毒物及び劇物取締法,Poisonous and Deleterious Substances Control Act,NITE-CHRIP RJ_03_001 法律又は政令番号: 政令第2条第1項第32号,340CO0000000002
24363-37-9,deleterious,劇物,Deleterious Substance,毒物及び劇物取締法,Poisonous and Deleterious Substances Control Act,NITE-CHRIP RJ_03_001 法律又は政令番号: 政令第2条第1項第79号,340CO0000000002
2437-29-8,deleterious,劇物,Deleterious Substance,毒物及び劇物取締法,Poisonous and Deleterious Substances Control Act,NITE-CHRIP RJ_03_001 法律又は政令番号: 政令第2条第1項第62号,340CO0000000002
2439-10-3,deleterious,劇物,Deleterious Substance,毒物及び劇物取締法,Poisonous and Deleterious Substances Control Act,NITE-CHRIP RJ_03_001 法律又は政令番号: 政令第2条第1項第72号の2,340CO0000000002
2439-10-3,deleterious,劇物,Deleterious Substance,毒物及び劇物取締法,Poisonous and Deleterious Substances Control Act,毒物及び劇物指定令 第二条（劇物）,340CO0000000002
24437-41-0,deleterious,劇物,Deleterious Substance,毒物及び劇物取締法,Poisonous and Deleterious Substances Control Act,NITE-CHRIP RJ_03_001 法律又は政令番号: 政令第2条第1項第32号,340CO0000000002
24564-52-1,deleterious,劇物,Deleterious Substance,毒物及び劇物取締法,Poisonous and Deleterious Substances Control Act,NITE-CHRIP RJ_03_001 法律又は政令番号: 政令第2条第1項第96号,340CO0000000002
2457-01-4,deleterious,劇物,Deleterious Substance,毒物及び劇物取締法,Poisonous and Deleterious Substances Control Act,NITE-CHRIP RJ_03_001 法律又は政令番号: 政令第2条第1項第79号,340CO0000000002
24572-01-8,deleterious,劇物,Deleterious Substance,毒物及び劇物取締法,Poisonous and Deleterious Substances Control Act,NITE-CHRIP RJ_03_001 法律又は政令番号: 法律別表第2の53,340CO0000000002
24613-89-6,deleterious,劇物,Deleterious Substance,毒物及び劇物取締法,Poisonous and Deleterious Substances Control Act,NITE-CHRIP RJ_03_001 法律又は政令番号: 政令第2条第1項第26号,340CO0000000002
2465-92-1,deleterious,劇物,Deleterious Substance,毒物及び劇物取締法,Poisonous and Deleterious Substances Control Act,NITE-CHRIP RJ_03_001 法律又は政令番号: 政令第2条第1項第32号,340CO0000000002
2465-93-2,deleterious,劇物,Deleterious Substance,毒物及び劇物取締法,Poisonous and Deleterious Substances Control Act,NITE-CHRIP RJ_03_001 法律又は政令番号: 政令第2条第1項第32号,340CO0000000002
24742-30-1,deleterious,劇物,Deleterious Substance,毒物及び劇物取締法,Poisonous and Deleterious Substances Control Act,NITE-CHRIP RJ_03_001 法律又は政令番号: 政令第2条第1項第32号,340CO0000000002
24804-30-6,deleterious,劇物,Deleterious Substance,毒物及び劇物取締法,Poisonous and Deleterious Substances Control Act,NITE-CHRIP RJ_03_001 法律又は政令番号: 政令第2条第1項第62号,340CO0000000002
24964-64-5,deleterious,劇物,Deleterious Substance,毒物及び劇物取締法,Poisonous and Deleterious Substances Control Act,NITE-CHRIP RJ_03_001 法律又は政令番号: 政令第2条第1項第32号,340CO0000000002
24964-91-8,deleterious,劇物,Deleterious Substance,毒物及び劇物取締法,Poisonous and Deleterious Substances Control Act,NITE-CHRIP RJ_03_001 法律又は政令番号: 政令第2条第1項第7号,340CO0000000002
2510-55-6,deleterious,劇物,Deleterious Substance,毒物及び劇物取締法,Poisonous and Deleterious Substances Control Act,NITE-CHRIP RJ_03_001 法律又は政令番号: 政令第2条第1項第32号,340CO0000000002
2510-95-4,deleterious,劇物,Deleterious Substance,毒物及び劇物取締法,Poisonous and Deleterious Substances Control Act,NITE-CHRIP RJ_03_001 法律又は政令番号: 政令第2条第1項第32号,340CO0000000002
25115-74-6,deleterious,劇物,Deleterious Substance,毒物及び劇物取締法,Poisonous and Deleterious Substances Control Act,NITE-CHRIP RJ_03_001 法律又は政令番号: 政令第2条第1項第32号,340CO0000000002
25117-74-2,deleterious,劇物,Deleterious Substance,毒物及び劇物取締法,Poisonous and Deleterious Substances Control Act,NITE-CHRIP RJ_03_001 法律又は政令番号: 政令第2条第1項第32号,340CO0000000002
25117-75-3,deleterious,劇物,Deleterious Substance,毒物及び劇物取締法,Poisonous and Deleterious Substances Control Act,NITE-CHRIP RJ_03_001 法律又は政令番号: 政令第2条第1項第32号,340CO0000000002
25154-52-3,deleterious,劇物,Deleterious Substance,毒物及び劇物取締法,Poisonous and Deleterious Substances Control Act,NITE-CHRIP RJ_03_001 法律又は政令番号: 政令第2条第1項第78号の2,340CO0000000002
25154-52-3,deleterious,劇物,Deleterious Substance,毒物及び劇物取締法,Poisonous and Deleterious Substances Control Act,毒物及び劇物指定令 第二条（劇物）,340CO0000000002
25168-15-4,deleterious,劇物,Deleterious Substance,毒物及び劇物取締法,Poisonous and Deleterious Substances Control Act,NITE-CHRIP RJ_03_001,340CO0000000002
2526-62-7,deleterious,劇物,Deleterious Substance,毒物及び劇物取締法,Poisonous and Deleterious Substances Control Act,NITE-CHRIP RJ_03_001 法律又は政令番号: 政令第2条第1項第32号,340CO0000000002
25265-76-3,deleterious,劇物,Deleterious Substance,毒物及び劇物取締法,Poisonous and Deleterious Substances Control Act,NITE-CHRIP RJ_03_001 法律又は政令番号: 政令第2条第1項第84号,340CO0000000002
25309-65-3,deleterious,劇物,Deleterious Substance,毒物及び劇物取締法,Poisonous and Deleterious Substances Control Act,NITE-CHRIP RJ_03_001 法律又は政令番号: 政令第2条第1項第32号,340CO0000000002
25311-71-1,deleterious,劇物,Deleterious Substance,毒物及び劇物取締法,Poisonous and Deleterious Substances Control Act,NITE-CHRIP RJ_03_001 法律又は政令番号: 政令第2条第1項第11号の3,340CO0000000002
25311-71-1,deleterious,劇物,Deleterious Substance,毒物及び劇物取締法,Poisonous and Deleterious Substances Control Act,毒物及び劇物指定令 第二条（劇物）,340CO0000000002
25324-56-5,deleterious,劇物,Deleterious Substance,毒物及び劇物取締法,Poisonous and Deleterious Substances Control Act,NITE-CHRIP RJ_03_001 法律又は政令番号: 政令第2条第1項第69号,340CO0000000002
2537-48-6,deleterious,劇物,Deleterious Substance,毒物及び劇物取締法,Poisonous and Deleterious Substances Control Act,NITE-CHRIP RJ_03_001 法律又は政令番号: 政令第2条第1項第32号,340CO0000000002
25376-45-8,deleterious,劇物,Deleterious Substance,毒物及び劇物取締法,Poisonous and Deleterious Substances Control Act,NITE-CHRIP RJ_03_001 法律又は政令番号: 政令第2条第1項第76号,340CO0000000002
2545-59-7,deleterious,劇物,Deleterious Substance,毒物及び劇物取締法,Poisonous and Deleterious Substances Control Act,NITE-CHRIP RJ_03_001,340CO0000000002
25454-23-3,deleterious,劇物,Deleterious Substance,毒物及び劇物取締法,Poisonous and Deleterious Substances Control Act,NITE-CHRIP RJ_03_001 法律又は政令番号: 政令第2条第1項第62号,340CO0000000002
25592-27-2,deleterious,劇物,Deleterious Substance,毒物及び劇物取締法,Poisonous and Deleterious Substances Control Act,NITE-CHRIP RJ_03_001 法律又は政令番号: 政令第2条第1項第62号,340CO0000000002
25659-31-8,deleterious,劇物,Deleterious Substance,毒物及び劇物取締法,Poisonous and Deleterious Substances Control Act,NITE-CHRIP RJ_03_001 法律又は政令番号: 政令第2条第1項第77号,340CO0000000002
2570-63-0,deleterious,劇物,Deleterious Substance,毒物及び劇物取締法,Poisonous and Deleterious Substances Control Act,NITE-CHRIP RJ_03_001 法律又は政令番号: 政令第2条第1項第30号の4,340CO0000000002
2571-54-2,deleterious,劇物,Deleterious Substance,毒物及び劇物取締法,Poisonous and Deleterious Substances Control Act,NITE-CHRIP RJ_03_001 法律又は政令番号: 政令第2条第1項第32号,340CO0000000002
25725-28-4,deleterious,劇物,Deleterious Substance,毒物及び劇物取締法,Poisonous and Deleterious Substances Control Act,NITE-CHRIP RJ_03_001 法律又は政令番号: 政令第2条第1項第77号,340CO0000000002
25808-30-4,deleterious,劇物,Deleterious Substance,毒物及び劇物取締法,Poisonous and Deleterious Substances Control Act,NITE-CHRIP RJ_03_001 法律又は政令番号: 政令第2条第1項第32号,340CO0000000002
25808-74-6,deleterious,劇物,Deleterious Substance,毒物及び劇物取締法,Poisonous and Deleterious Substances Control Act,NITE-CHRIP RJ_03_001 法律又は政令番号: 政令第2条第1項第77号,340CO0000000002
25808-75-7,deleterious,劇物,Deleterious Substance,毒物及び劇物取締法,Poisonous and Deleterious Substances Control Act,NITE-CHRIP RJ_03_001 法律又は政令番号: 政令第2条第1項第30号,340CO0000000002
25822-21-3,deleterious,劇物,Deleterious Substance,毒物及び劇物取締法,Poisonous and Deleterious Substances Control Act,NITE-CHRIP RJ_03_001 法律又は政令番号: 政令第2条第1項第24号,340CO0000000002
25868-86-4,deleterious,劇物,Deleterious Substance,毒物及び劇物取締法,Poisonous and Deleterious Substances Control Act,NITE-CHRIP RJ_03_001 法律又は政令番号: 政令第2条第1項第30号,340CO0000000002
25869-11-8,deleterious,劇物,Deleterious Substance,毒物及び劇物取締法,Poisonous and Deleterious Substances Control Act,NITE-CHRIP RJ_03_001 法律又は政令番号: 政令第2条第1項第72号,340CO0000000002
2587-76-0,deleterious,劇物,Deleterious Substance,毒物及び劇物取締法,Poisonous and Deleterious Substances Control Act,NITE-CHRIP RJ_03_001 法律又は政令番号: 政令第2条第1項第67号,340CO0000000002
25895-60-7,deleterious,劇物,Deleterious Substance,毒物及び劇物取締法,Poisonous and Deleterious Substances Control Act,NITE-CHRIP RJ_03_001 法律又は政令番号: 政令第2条第1項第32号,340CO0000000002
25899-50-7,deleterious,劇物,Deleterious Substance,毒物及び劇物取締法,Poisonous and Deleterious Substances Control Act,NITE-CHRIP RJ_03_001 法律又は政令番号: 政令第2条第1項第32号,340CO0000000002
2595-54-2,deleterious,劇物,Deleterious Substance,毒物及び劇物取締法,Poisonous and Deleterious Substances Control Act,NITE-CHRIP RJ_03_001 法律又は政令番号: 政令第2条第1項第12号,340CO0000000002
2595-54-2,deleterious,劇物,Deleterious Substance,毒物及び劇物取締法,Poisonous and Deleterious Substances Control Act,NITE-CHRIP RJ_03_001 法律又は政令番号: 法律別表第2の6,340CO0000000002
2595-54-2,deleterious,劇物,Deleterious Substance,毒物及び劇物取締法,Poisonous and Deleterious Substances Control Act,毒物及び劇物指定令 第二条（劇物）,340CO0000000002
2597-03-7,deleterious,劇物,Deleterious Substance,毒物及び劇物取締法,Poisonous and Deleterious Substances Control Act,NITE-CHRIP RJ_03_001,340CO0000000002
25987-03-5,deleterious,劇物,Deleterious Substance,毒物及び劇物取締法,Poisonous and Deleterious Substances Control Act,NITE-CHRIP RJ_03_001 法律又は政令番号: 政令第2条第1項第77号,340CO0000000002
25999-20-6,deleterious,劇物,Deleterious Substance,毒物及び劇物取締法,Poisonous and Deleterious Substances Control Act,NITE-CHRIP RJ_03_001 法律又は政令番号: 政令第2条第1項第102号の3,340CO0000000002
26042-63-7,deleterious,劇物,Deleterious Substance,毒物及び劇物取締法,Poisonous and Deleterious Substances Control Act,NITE-CHRIP RJ_03_001 法律又は政令番号: 政令第2条第1項第24号,340CO0000000002
26042-64-8,deleterious,劇物,Deleterious Substance,毒物及び劇物取締法,Poisonous and Deleterious Substances Control Act,NITE-CHRIP RJ_03_001 法律又は政令番号: 政令第2条第1項第7号,340CO0000000002
26043-11-8,deleterious,劇物,Deleterious Substance,毒物及び劇物取締法,Poisonous and Deleterious Substances Control Act,NITE-CHRIP RJ_03_001 法律又は政令番号: 政令第2条第1項第30号,340CO0000000002
2605-44-9,deleterious,劇物,Deleterious Substance,毒物及び劇物取締法,Poisonous and Deleterious Substances Control Act,NITE-CHRIP RJ_03_001 法律又は政令番号: 政令第2条第1項第22号,340CO0000000002
26124-86-7,deleterious,劇物,Deleterious Substance,毒物及び劇物取締法,Poisonous and Deleterious Substances Control Act,NITE-CHRIP RJ_03_001 法律又は政令番号: 政令第2条第1項第79号,340CO0000000002
26156-84-3,deleterious,劇物,Deleterious Substance,毒物及び劇物取締法,Poisonous and Deleterious Substances Control Act,NITE-CHRIP RJ_03_001 法律又は政令番号: 政令第2条第1項第96号,340CO0000000002
2631-37-0,deleterious,劇物,Deleterious Substance,毒物及び劇物取締法,Poisonous and Deleterious Substances Control Act,NITE-CHRIP RJ_03_001 法律又は政令番号: 政令第2条第1項第98号の12,340CO0000000002
2631-37-0,deleterious,劇物,Deleterious Substance,毒物及び劇物取締法,Poisonous and Deleterious Substances Control Act,毒物及び劇物指定令 第二条（劇物）,340CO0000000002
2631-40-5,deleterious,劇物,Deleterious Substance,毒物及び劇物取締法,Poisonous and Deleterious Substances Control Act,NITE-CHRIP RJ_03_001,340CO0000000002
26506-47-8,deleterious,劇物,Deleterious Substance,毒物及び劇物取締法,Poisonous and Deleterious Substances Control Act,NITE-CHRIP RJ_03_001 法律又は政令番号: 政令第2条第1項第72号,340CO0000000002
26522-24-7,deleterious,劇物,Deleterious Substance,毒物及び劇物取締法,Poisonous and Deleterious Substances Control Act,NITE-CHRIP RJ_03_001 法律又は政令番号: 政令第2条第1項第96号,340CO0000000002
2655-14-3,deleterious,劇物,Deleterious Substance,毒物及び劇物取締法,Poisonous and Deleterious Substances Control Act,NITE-CHRIP RJ_03_001 法律又は政令番号: 政令第2条第1項第55号の4,340CO0000000002
2655-14-3,deleterious,劇物,Deleterious Substance,毒物及び劇物取締法,Poisonous and Deleterious Substances Control Act,毒物及び劇物指定令 第二条（劇物）,340CO0000000002
2655-27-8,deleterious,劇物,Deleterious Substance,毒物及び劇物取締法,Poisonous and Deleterious Substances Control Act,NITE-CHRIP RJ_03_001 法律又は政令番号: 政令第2条第1項第5号,340CO0000000002
2674-91-1,deleterious,劇物,Deleterious Substance,毒物及び劇物取締法,Poisonous and Deleterious Substances Control Act,NITE-CHRIP RJ_03_001 法律又は政令番号: 政令第2条第1項第51号,340CO0000000002
2674-91-1,deleterious,劇物,Deleterious Substance,毒物及び劇物取締法,Poisonous and Deleterious Substances Control Act,NITE-CHRIP RJ_03_001 法律又は政令番号: 法律別表第2の38,340CO0000000002
2674-91-1,deleterious,劇物,Deleterious Substance,毒物及び劇物取締法,Poisonous and Deleterious Substances Control Act,毒物及び劇物指定令 第二条（劇物）,340CO0000000002
26764-44-3,deleterious,劇物,Deleterious Substance,毒物及び劇物取締法,Poisonous and Deleterious Substances Control Act,NITE-CHRIP RJ_03_001 法律又は政令番号: 政令第2条第1項第76号,340CO0000000002
26830-95-5,deleterious,劇物,Deleterious Substance,毒物及び劇物取締法,Poisonous and Deleterious Substances Control Act,NITE-CHRIP RJ_03_001 法律又は政令番号: 政令第2条第1項第32号,340CO0000000002
26864-36-8,deleterious,劇物,Deleterious Substance,毒物及び劇物取締法,Poisonous and Deleterious Substances Control Act,NITE-CHRIP RJ_03_001 法律又は政令番号: 政令第2条第1項第7号,340CO0000000002
2687-25-4,deleterious,劇物,Deleterious Substance,毒物及び劇物取締法,Poisonous and Deleterious Substances Control Act,NITE-CHRIP RJ_03_001 法律又は政令番号: 政令第2条第1項第76号,340CO0000000002
26915-12-8,deleterious,劇物,Deleterious Substance,毒物及び劇物取締法,Poisonous and Deleterious Substances Control Act,NITE-CHRIP RJ_03_001 法律又は政令番号: 法律別表第2の61,340CO0000000002
26947-41-1,deleterious,劇物,Deleterious Substance,毒物及び劇物取締法,Poisonous and Deleterious Substances Control Act,NITE-CHRIP RJ_03_001 法律又は政令番号: 政令第2条第1項第32号,340CO0000000002
26961-27-3,deleterious,劇物,Deleterious Substance,毒物及び劇物取締法,Poisonous and Deleterious Substances Control Act,NITE-CHRIP RJ_03_001 法律又は政令番号: 政令第2条第1項第32号,340CO0000000002
26966-75-6,deleterious,劇物,Deleterious Substance,毒物及び劇物取締法,Poisonous and Deleterious Substances Control Act,NITE-CHRIP RJ_03_001 法律又は政令番号: 政令第2条第1項第76号,340CO0000000002
2700-22-3,deleterious,劇物,Deleterious Substance,毒物及び劇物取締法,Poisonous and Deleterious Substances Control Act,NITE-CHRIP RJ_03_001 法律又は政令番号: 政令第2条第1項第32号,340CO0000000002
27081-10-3,deleterious,劇物,Deleterious Substance,毒物及び劇物取締法,Poisonous and Deleterious Substances Control Act,NITE-CHRIP RJ_03_001 法律又は政令番号: 政令第2条第1項第96号,340CO0000000002
27126-93-8,deleterious,劇物,Deleterious Substance,毒物及び劇物取締法,Poisonous and Deleterious Substances Control Act,NITE-CHRIP RJ_03_001 法律又は政令番号: 政令第2条第1項第32号,340CO0000000002
27253-22-1,deleterious,劇物,Deleterious Substance,毒物及び劇物取締法,Poisonous and Deleterious Substances Control Act,NITE-CHRIP RJ_03_001 法律又は政令番号: 政令第2条第1項第7号,340CO0000000002
27253-28-7,deleterious,劇物,Deleterious Substance,毒物及び劇物取締法,Poisonous and Deleterious Substances Control Act,NITE-CHRIP RJ_03_001 法律又は政令番号: 政令第2条第1項第77号,340CO0000000002
27253-41-4,deleterious,劇物,Deleterious Substance,毒物及び劇物取締法,Poisonous and Deleterious Substances Control Act,NITE-CHRIP RJ_03_001 法律又は政令番号: 政令第2条第1項第77号,340CO0000000002
2739-97-1,deleterious,劇物,Deleterious Substance,毒物及び劇物取締法,Poisonous and Deleterious Substances Control Act,NITE-CHRIP RJ_03_001 法律又は政令番号: 政令第2条第1項第32号,340CO0000000002
27476-27-3,deleterious,劇物,Deleterious Substance,毒物及び劇物取締法,Poisonous and Deleterious Substances Control Act,NITE-CHRIP RJ_03_001 法律又は政令番号: 政令第2条第1項第22号,340CO0000000002
27496-91-9,deleterious,劇物,Deleterious Substance,毒物及び劇物取締法,Poisonous and Deleterious Substances Control Act,NITE-CHRIP RJ_03_001 法律又は政令番号: 政令第2条第1項第77号,340CO0000000002
27519-39-7,deleterious,劇物,Deleterious Substance,毒物及び劇物取締法,Poisonous and Deleterious Substances Control Act,NITE-CHRIP RJ_03_001 法律又は政令番号: 政令第2条第1項第96号,340CO0000000002
27615-98-1,deleterious,劇物,Deleterious Substance,毒物及び劇物取締法,Poisonous and Deleterious Substances Control Act,NITE-CHRIP RJ_03_001 法律又は政令番号: 政令第2条第1項第67号,340CO0000000002
2767-54-6,deleterious,劇物,Deleterious Substance,毒物及び劇物取締法,Poisonous and Deleterious Substances Control Act,NITE-CHRIP RJ_03_001 法律又は政令番号: 政令第2条第1項第67号,340CO0000000002
27735-63-3,deleterious,劇物,Deleterious Substance,毒物及び劇物取締法,Poisonous and Deleterious Substances Control Act,NITE-CHRIP RJ_03_001 法律又は政令番号: 政令第2条第1項第95号,340CO0000000002
27735-64-4,deleterious,劇物,Deleterious Substance,毒物及び劇物取締法,Poisonous and Deleterious Substances Control Act,NITE-CHRIP RJ_03_001 法律又は政令番号: 政令第2条第1項第95号,340CO0000000002
27736-00-1,deleterious,劇物,Deleterious Substance,毒物及び劇物取締法,Poisonous and Deleterious Substances Control Act,NITE-CHRIP RJ_03_001 法律又は政令番号: 政令第2条第1項第62号,340CO0000000002
27765-48-6,deleterious,劇物,Deleterious Substance,毒物及び劇物取締法,Poisonous and Deleterious Substances Control Act,NITE-CHRIP RJ_03_001 法律又は政令番号: 政令第2条第1項第96号,340CO0000000002
27792-36-5,deleterious,劇物,Deleterious Substance,毒物及び劇物取締法,Poisonous and Deleterious Substances Control Act,NITE-CHRIP RJ_03_001 法律又は政令番号: 政令第2条第1項第32号,340CO0000000002
27860-83-9,deleterious,劇物,Deleterious Substance,毒物及び劇物取締法,Poisonous and Deleterious Substances Control Act,NITE-CHRIP RJ_03_001 法律又は政令番号: 政令第2条第1項第1号,340CO0000000002
2794-60-7,deleterious,劇物,Deleterious Substance,毒物及び劇物取締法,Poisonous and Deleterious Substances Control Act,NITE-CHRIP RJ_03_001 法律又は政令番号: 政令第2条第1項第79号,340CO0000000002
27949-52-6,deleterious,劇物,Deleterious Substance,毒物及び劇物取締法,Poisonous and Deleterious Substances Control Act,NITE-CHRIP RJ_03_001 法律又は政令番号: 政令第2条第1項第85号の11,340CO0000000002
27949-52-6,deleterious,劇物,Deleterious Substance,毒物及び劇物取締法,Poisonous and Deleterious Substances Control Act,毒物及び劇物指定令 第二条（劇物）,340CO0000000002
2800-96-6,deleterious,劇物,Deleterious Substance,毒物及び劇物取締法,Poisonous and Deleterious Substances Control Act,NITE-CHRIP RJ_03_001 法律又は政令番号: 政令第2条第1項第69号,340CO0000000002
28037-77-6,deleterious,劇物,Deleterious Substance,毒物及び劇物取締法,Poisonous and Deleterious Substances Control Act,NITE-CHRIP RJ_03_001 法律又は政令番号: 政令第2条第1項第1号,340CO0000000002
28038-18-8,deleterious,劇物,Deleterious Substance,毒物及び劇物取締法,Poisonous and Deleterious Substances Control Act,NITE-CHRIP RJ_03_001 法律又は政令番号: 政令第2条第1項第22号,340CO0000000002
28038-25-7,deleterious,劇物,Deleterious Substance,毒物及び劇物取締法,Poisonous and Deleterious Substances Control Act,NITE-CHRIP RJ_03_001 法律又は政令番号: 政令第2条第1項第22号,340CO0000000002
28038-29-1,deleterious,劇物,Deleterious Substance,毒物及び劇物取締法,Poisonous and Deleterious Substances Control Act,NITE-CHRIP RJ_03_001 法律又は政令番号: 政令第2条第1項第72号,340CO0000000002
28038-30-4,deleterious,劇物,Deleterious Substance,毒物及び劇物取締法,Poisonous and Deleterious Substances Control Act,NITE-CHRIP RJ_03_001 法律又は政令番号: 政令第2条第1項第1号,340CO0000000002
28041-67-0,deleterious,劇物,Deleterious Substance,毒物及び劇物取締法,Poisonous and Deleterious Substances Control Act,NITE-CHRIP RJ_03_001 法律又は政令番号: 政令第2条第1項第1号,340CO0000000002
28041-77-2,deleterious,劇物,Deleterious Substance,毒物及び劇物取締法,Poisonous and Deleterious Substances Control Act,NITE-CHRIP RJ_03_001 法律又は政令番号: 政令第2条第1項第22号,340CO0000000002
28049-61-8,deleterious,劇物,Deleterious Substance,毒物及び劇物取締法,Poisonous and Deleterious Substances Control Act,NITE-CHRIP RJ_03_001 法律又は政令番号: 政令第2条第1項第32号,340CO0000000002
2813-95-8,deleterious,劇物,Deleterious Substance,毒物及び劇物取締法,Poisonous and Deleterious Substances Control Act,NITE-CHRIP RJ_03_001 法律又は政令番号: 政令第2条第1項第44号,340CO0000000002
2813-95-8,deleterious,劇物,Deleterious Substance,毒物及び劇物取締法,Poisonous and Deleterious Substances Control Act,NITE-CHRIP RJ_03_001 法律又は政令番号: 法律別表第2の32,340CO0000000002
2813-95-8,deleterious,劇物,Deleterious Substance,毒物及び劇物取締法,Poisonous and Deleterious Substances Control Act,毒物及び劇物指定令 第二条（劇物）,340CO0000000002
28166-41-8,deleterious,劇物,Deleterious Substance,毒物及び劇物取締法,Poisonous and Deleterious Substances Control Act,NITE-CHRIP RJ_03_001 法律又は政令番号: 政令第2条第1項第32号,340CO0000000002
28188-41-2,deleterious,劇物,Deleterious Substance,毒物及び劇物取締法,Poisonous and Deleterious Substances Control Act,NITE-CHRIP RJ_03_001 法律又は政令番号: 政令第2条第1項第32号,340CO0000000002
28195-00-8,deleterious,劇物,Deleterious Substance,毒物及び劇物取締法,Poisonous and Deleterious Substances Control Act,NITE-CHRIP RJ_03_001 法律又は政令番号: 政令第2条第1項第32号,340CO0000000002
2826-26-8,deleterious,劇物,Deleterious Substance,毒物及び劇物取締法,Poisonous and Deleterious Substances Control Act,NITE-CHRIP RJ_03_001 法律又は政令番号: 政令第2条第1項第32号,340CO0000000002
28267-01-8,deleterious,劇物,Deleterious Substance,毒物及び劇物取締法,Poisonous and Deleterious Substances Control Act,NITE-CHRIP RJ_03_001 法律又は政令番号: 政令第2条第1項第77号,340CO0000000002
28300-74-5,deleterious,劇物,Deleterious Substance,毒物及び劇物取締法,Poisonous and Deleterious Substances Control Act,NITE-CHRIP RJ_03_001 法律又は政令番号: 政令第2条第1項第7号,340CO0000000002
28302-54-7,deleterious,劇物,Deleterious Substance,毒物及び劇物取締法,Poisonous and Deleterious Substances Control Act,NITE-CHRIP RJ_03_001 法律又は政令番号: 政令第2条第1項第22号,340CO0000000002
28356-46-9,deleterious,劇物,Deleterious Substance,毒物及び劇物取締法,Poisonous and Deleterious Substances Control Act,NITE-CHRIP RJ_03_001 法律又は政令番号: 政令第2条第1項第72号,340CO0000000002
28442-30-0,deleterious,劇物,Deleterious Substance,毒物及び劇物取締法,Poisonous and Deleterious Substances Control Act,NITE-CHRIP RJ_03_001 法律又は政令番号: 政令第2条第1項第32号,340CO0000000002
28446-68-6,deleterious,劇物,Deleterious Substance,毒物及び劇物取締法,Poisonous and Deleterious Substances Control Act,NITE-CHRIP RJ_03_001 法律又は政令番号: 政令第2条第1項第32号,340CO0000000002
2847-16-7,deleterious,劇物,Deleterious Substance,毒物及び劇物取締法,Poisonous and Deleterious Substances Control Act,NITE-CHRIP RJ_03_001 法律又は政令番号: 政令第2条第1項第22号,340CO0000000002
2855-13-2,deleterious,劇物,Deleterious Substance,毒物及び劇物取締法,Poisonous and Deleterious Substances Control Act,NITE-CHRIP RJ_03_001 法律又は政令番号: 政令第2条第1項第4号の9,340CO0000000002
2855-13-2,deleterious,劇物,Deleterious Substance,毒物及び劇物取締法,Poisonous and Deleterious Substances Control Act,毒物及び劇物指定令 第二条（劇物）,340CO0000000002
2856-63-5,deleterious,劇物,Deleterious Substance,毒物及び劇物取締法,Poisonous and Deleterious Substances Control Act,NITE-CHRIP RJ_03_001 法律又は政令番号: 政令第2条第1項第32号,340CO0000000002
28575-89-5,deleterious,劇物,Deleterious Substance,毒物及び劇物取締法,Poisonous and Deleterious Substances Control Act,NITE-CHRIP RJ_03_001 法律又は政令番号: 政令第2条第1項第79号,340CO0000000002
2867-47-2,deleterious,劇物,Deleterious Substance,毒物及び劇物取締法,Poisonous and Deleterious Substances Control Act,NITE-CHRIP RJ_03_001,340CO0000000002
2879-85-8,deleterious,劇物,Deleterious Substance,毒物及び劇物取締法,Poisonous and Deleterious Substances Control Act,NITE-CHRIP RJ_03_001 法律又は政令番号: 政令第2条第1項第69号,340CO0000000002
28900-10-9,deleterious,劇物,Deleterious Substance,毒物及び劇物取締法,Poisonous and Deleterious Substances Control Act,NITE-CHRIP RJ_03_001 法律又は政令番号: 政令第2条第1項第32号,340CO0000000002
28980-49-6,deleterious,劇物,Deleterious Substance,毒物及び劇物取締法,Poisonous and Deleterious Substances Control Act,NITE-CHRIP RJ_03_001 法律又は政令番号: 政令第2条第1項第7号,340CO0000000002
29156-65-8,deleterious,劇物,Deleterious Substance,毒物及び劇物取締法,Poisonous and Deleterious Substances Control Act,NITE-CHRIP RJ_03_001 法律又は政令番号: 政令第2条第1項第23号,340CO0000000002
2920-38-9,deleterious,劇物,Deleterious Substance,毒物及び劇物取締法,Poisonous and Deleterious Substances Control Act,NITE-CHRIP RJ_03_001 法律又は政令番号: 政令第2条第1項第32号,340CO0000000002
2921-88-2,deleterious,劇物,Deleterious Substance,毒物及び劇物取締法,Poisonous and Deleterious Substances Control Act,NITE-CHRIP RJ_03_001,340CO0000000002
29261-33-4,deleterious,劇物,Deleterious Substance,毒物及び劇物取締法,Poisonous and Deleterious Substances Control Act,NITE-CHRIP RJ_03_001 法律又は政令番号: 政令第2条第1項第32号,340CO0000000002
29306-18-1,deleterious,劇物,Deleterious Substance,毒物及び劇物取締法,Poisonous and Deleterious Substances Control Act,NITE-CHRIP RJ_03_001 法律又は政令番号: 政令第2条第1項第62号,340CO0000000002
2938-69-4,deleterious,劇物,Deleterious Substance,毒物及び劇物取締法,Poisonous and Deleterious Substances Control Act,NITE-CHRIP RJ_03_001 法律又は政令番号: 政令第2条第1項第32号,340CO0000000002
2942-58-7,deleterious,劇物,Deleterious Substance,毒物及び劇物取締法,Poisonous and Deleterious Substances Control Act,NITE-CHRIP RJ_03_001 法律又は政令番号: 政令第2条第1項第32号,340CO0000000002
29426-92-4,deleterious,劇物,Deleterious Substance,毒物及び劇物取締法,Poisonous and Deleterious Substances Control Act,NITE-CHRIP RJ_03_001 法律又は政令番号: 政令第2条第1項第1号,340CO0000000002
2947-60-6,deleterious,劇物,Deleterious Substance,毒物及び劇物取締法,Poisonous and Deleterious Substances Control Act,NITE-CHRIP RJ_03_001 法律又は政令番号: 政令第2条第1項第32号,340CO0000000002
2947-61-7,deleterious,劇物,Deleterious Substance,毒物及び劇物取締法,Poisonous and Deleterious Substances Control Act,NITE-CHRIP RJ_03_001 法律又は政令番号: 政令第2条第1項第32号,340CO0000000002
2950-43-8,deleterious,劇物,Deleterious Substance,毒物及び劇物取締法,Poisonous and Deleterious Substances Control Act,NITE-CHRIP RJ_03_001 法律又は政令番号: 政令第2条第1項第82号,340CO0000000002
29604-34-0,deleterious,劇物,Deleterious Substance,毒物及び劇物取締法,Poisonous and Deleterious Substances Control Act,NITE-CHRIP RJ_03_001 法律又は政令番号: 政令第2条第1項第1号,340CO0000000002
29729-00-8,deleterious,劇物,Deleterious Substance,毒物及び劇物取締法,Poisonous and Deleterious Substances Control Act,NITE-CHRIP RJ_03_001 法律又は政令番号: 政令第2条第1項第77号,340CO0000000002
29736-89-8,deleterious,劇物,Deleterious Substance,毒物及び劇物取締法,Poisonous and Deleterious Substances Control Act,NITE-CHRIP RJ_03_001 法律又は政令番号: 政令第2条第1項第22号,340CO0000000002
298-07-7,deleterious,劇物,Deleterious Substance,毒物及び劇物取締法,Poisonous and Deleterious Substances Control Act,NITE-CHRIP RJ_03_001 法律又は政令番号: 政令第2条第1項第80号の3,340CO0000000002
29883-15-6,deleterious,劇物,Deleterious Substance,毒物及び劇物取締法,Poisonous and Deleterious Substances Control Act,NITE-CHRIP RJ_03_001 法律又は政令番号: 政令第2条第1項第32号,340CO0000000002
29885-95-8,deleterious,劇物,Deleterious Substance,毒物及び劇物取締法,Poisonous and Deleterious Substances Control Act,NITE-CHRIP RJ_03_001 法律又は政令番号: 政令第2条第1項第5号,340CO0000000002
29973-13-5,deleterious,劇物,Deleterious Substance,毒物及び劇物取締法,Poisonous and Deleterious Substances Control Act,NITE-CHRIP RJ_03_001 法律又は政令番号: 政令第2条第1項第13号の5,340CO0000000002
29973-13-5,deleterious,劇物,Deleterious Substance,毒物及び劇物取締法,Poisonous and Deleterious Substances Control Act,毒物及び劇物指定令 第二条（劇物）,340CO0000000002
300-76-5,deleterious,劇物,Deleterious Substance,毒物及び劇物取締法,Poisonous and Deleterious Substances Control Act,NITE-CHRIP RJ_03_001,340CO0000000002
30051-53-7,deleterious,劇物,Deleterious Substance,毒物及び劇物取締法,Poisonous and Deleterious Substances Control Act,NITE-CHRIP RJ_03_001 法律又は政令番号: 政令第2条第1項第77号,340CO0000000002
3007-72-5,deleterious,劇物,Deleterious Substance,毒物及び劇物取締法,Poisonous and Deleterious Substances Control Act,NITE-CHRIP RJ_03_001 法律又は政令番号: 政令第2条第1項第5号,340CO0000000002
3009-97-0,deleterious,劇物,Deleterious Substance,毒物及び劇物取締法,Poisonous and Deleterious Substances Control Act,NITE-CHRIP RJ_03_001 法律又は政令番号: 政令第2条第1項第32号,340CO0000000002
301-04-2,deleterious,劇物,Deleterious Substance,毒物及び劇物取締法,Poisonous and Deleterious Substances Control Act,NITE-CHRIP RJ_03_001 法律又は政令番号: 政令第2条第1項第77号,340CO0000000002
301-08-6,deleterious,劇物,Deleterious Substance,毒物及び劇物取締法,Poisonous and Deleterious Substances Control Act,NITE-CHRIP RJ_03_001 法律又は政令番号: 政令第2条第1項第77号,340CO0000000002
3010-02-4,deleterious,劇物,Deleterious Substance,毒物及び劇物取締法,Poisonous and Deleterious Substances Control Act,NITE-CHRIP RJ_03_001 法律又は政令番号: 政令第2条第1項第32号,340CO0000000002
3010-04-6,deleterious,劇物,Deleterious Substance,毒物及び劇物取締法,Poisonous and Deleterious Substances Control Act,NITE-CHRIP RJ_03_001 法律又は政令番号: 政令第2条第1項第32号,340CO0000000002
3018-12-0,deleterious,劇物,Deleterious Substance,毒物及び劇物取締法,Poisonous and Deleterious Substances Control Act,NITE-CHRIP RJ_03_001 法律又は政令番号: 政令第2条第1項第32号,340CO0000000002
3026-22-0,deleterious,劇物,Deleterious Substance,毒物及び劇物取締法,Poisonous and Deleterious Substances Control Act,NITE-CHRIP RJ_03_001 法律又は政令番号: 政令第2条第1項第22号,340CO0000000002
30276-82-5,deleterious,劇物,Deleterious Substance,毒物及び劇物取締法,Poisonous and Deleterious Substances Control Act,NITE-CHRIP RJ_03_001 法律又は政令番号: 政令第2条第1項第79号,340CO0000000002
30304-32-6,deleterious,劇物,Deleterious Substance,毒物及び劇物取締法,Poisonous and Deleterious Substances Control Act,NITE-CHRIP RJ_03_001 法律又は政令番号: 政令第2条第1項第22号,340CO0000000002
3036-16-6,deleterious,劇物,Deleterious Substance,毒物及び劇物取締法,Poisonous and Deleterious Substances Control Act,NITE-CHRIP RJ_03_001 法律又は政令番号: 政令第2条第1項第62号,340CO0000000002
30363-28-1,deleterious,劇物,Deleterious Substance,毒物及び劇物取締法,Poisonous and Deleterious Substances Control Act,NITE-CHRIP RJ_03_001 法律又は政令番号: 政令第2条第1項第22号,340CO0000000002
3038-47-9,deleterious,劇物,Deleterious Substance,毒物及び劇物取締法,Poisonous and Deleterious Substances Control Act,NITE-CHRIP RJ_03_001 法律又は政令番号: 政令第2条第1項第32号,340CO0000000002
3055-84-3,deleterious,劇物,Deleterious Substance,毒物及び劇物取締法,Poisonous and Deleterious Substances Control Act,NITE-CHRIP RJ_03_001 法律又は政令番号: 政令第2条第1項第32号,340CO0000000002
3058-04-6,deleterious,劇物,Deleterious Substance,毒物及び劇物取締法,Poisonous and Deleterious Substances Control Act,NITE-CHRIP RJ_03_001 法律又は政令番号: 政令第2条第1項第32号,340CO0000000002
3058-39-7,deleterious,劇物,Deleterious Substance,毒物及び劇物取締法,Poisonous and Deleterious Substances Control Act,NITE-CHRIP RJ_03_001 法律又は政令番号: 政令第2条第1項第32号,340CO0000000002
3061-65-2,deleterious,劇物,Deleterious Substance,毒物及び劇物取締法,Poisonous and Deleterious Substances Control Act,NITE-CHRIP RJ_03_001 法律又は政令番号: 政令第2条第1項第32号,340CO0000000002
30623-04-2,deleterious,劇物,Deleterious Substance,毒物及び劇物取締法,Poisonous and Deleterious Substances Control Act,NITE-CHRIP RJ_03_001 法律又は政令番号: 政令第2条第1項第22号,340CO0000000002
30684-36-7,deleterious,劇物,Deleterious Substance,毒物及び劇物取締法,Poisonous and Deleterious Substances Control Act,NITE-CHRIP RJ_03_001 法律又は政令番号: 政令第2条第1項第96号,340CO0000000002
30695-60-4,deleterious,劇物,Deleterious Substance,毒物及び劇物取締法,Poisonous and Deleterious Substances Control Act,NITE-CHRIP RJ_03_001 法律又は政令番号: 政令第2条第1項第23号,340CO0000000002
30719-10-9,deleterious,劇物,Deleterious Substance,毒物及び劇物取締法,Poisonous and Deleterious Substances Control Act,NITE-CHRIP RJ_03_001 法律又は政令番号: 政令第2条第1項第77号,340CO0000000002
30737-19-0,deleterious,劇物,Deleterious Substance,毒物及び劇物取締法,Poisonous and Deleterious Substances Control Act,NITE-CHRIP RJ_03_001 法律又は政令番号: 政令第2条第1項第62号,340CO0000000002
30744-82-2,deleterious,劇物,Deleterious Substance,毒物及び劇物取締法,Poisonous and Deleterious Substances Control Act,NITE-CHRIP RJ_03_001 法律又は政令番号: 政令第2条第1項第96号,340CO0000000002
307492-75-7,deleterious,劇物,Deleterious Substance,毒物及び劇物取締法,Poisonous and Deleterious Substances Control Act,NITE-CHRIP RJ_03_001 法律又は政令番号: 政令第2条第1項第96号,340CO0000000002
30757-50-7,deleterious,劇物,Deleterious Substance,毒物及び劇物取締法,Poisonous and Deleterious Substances Control Act,NITE-CHRIP RJ_03_001 法律又は政令番号: 政令第2条第1項第32号,340CO0000000002
3088-41-3,deleterious,劇物,Deleterious Substance,毒物及び劇物取締法,Poisonous and Deleterious Substances Control Act,NITE-CHRIP RJ_03_001 法律又は政令番号: 政令第2条第1項第32号,340CO0000000002
3088-42-4,deleterious,劇物,Deleterious Substance,毒物及び劇物取締法,Poisonous and Deleterious Substances Control Act,NITE-CHRIP RJ_03_001 法律又は政令番号: 政令第2条第1項第32号,340CO0000000002
309-00-2,deleterious,劇物,Deleterious Substance,毒物及び劇物取締法,Poisonous and Deleterious Substances Control Act,NITE-CHRIP RJ_03_001 法律又は政令番号: 政令第2条第1項第91号,340CO0000000002
309-00-2,deleterious,劇物,Deleterious Substance,毒物及び劇物取締法,Poisonous and Deleterious Substances Control Act,NITE-CHRIP RJ_03_001 法律又は政令番号: 法律別表第2の77,340CO0000000002
309-00-2,deleterious,劇物,Deleterious Substance,毒物及び劇物取締法,Poisonous and Deleterious Substances Control Act,毒物及び劇物指定令 第二条（劇物）,340CO0000000002
30903-87-8,deleterious,劇物,Deleterious Substance,毒物及び劇物取締法,Poisonous and Deleterious Substances Control Act,NITE-CHRIP RJ_03_001 法律又は政令番号: 政令第2条第1項第62号,340CO0000000002
3091-32-5,deleterious,劇物,Deleterious Substance,毒物及び劇物取締法,Poisonous and Deleterious Substances Control Act,NITE-CHRIP RJ_03_001 法律又は政令番号: 政令第2条第1項第67号,340CO0000000002
31017-44-4,deleterious,劇物,Deleterious Substance,毒物及び劇物取締法,Poisonous and Deleterious Substances Control Act,NITE-CHRIP RJ_03_001 法律又は政令番号: 政令第2条第1項第22号,340CO0000000002
31038-77-4,deleterious,劇物,Deleterious Substance,毒物及び劇物取締法,Poisonous and Deleterious Substances Control Act,NITE-CHRIP RJ_03_001 法律又は政令番号: 政令第2条第1項第24号,340CO0000000002
31119-53-6,deleterious,劇物,Deleterious Substance,毒物及び劇物取締法,Poisonous and Deleterious Substances Control Act,NITE-CHRIP RJ_03_001 法律又は政令番号: 政令第2条第1項第22号,340CO0000000002
31215-94-8,deleterious,劇物,Deleterious Substance,毒物及び劇物取締法,Poisonous and Deleterious Substances Control Act,NITE-CHRIP RJ_03_001 法律又は政令番号: 政令第2条第1項第22号,340CO0000000002
31218-83-4,deleterious,劇物,Deleterious Substance,毒物及び劇物取締法,Poisonous and Deleterious Substances Control Act,NITE-CHRIP RJ_03_001 法律又は政令番号: 政令第2条第1項第11号の4,340CO0000000002
31218-83-4,deleterious,劇物,Deleterious Substance,毒物及び劇物取締法,Poisonous and Deleterious Substances Control Act,毒物及び劇物指定令 第二条（劇物）,340CO0000000002
3129-91-7,deleterious,劇物,Deleterious Substance,毒物及び劇物取締法,Poisonous and Deleterious Substances Control Act,NITE-CHRIP RJ_03_001 法律又は政令番号: 政令第2条第1項第2号,340CO0000000002
31363-92-5,deleterious,劇物,Deleterious Substance,毒物及び劇物取締法,Poisonous and Deleterious Substances Control Act,NITE-CHRIP RJ_03_001 法律又は政令番号: 政令第2条第1項第62号,340CO0000000002
31643-49-9,deleterious,劇物,Deleterious Substance,毒物及び劇物取締法,Poisonous and Deleterious Substances Control Act,NITE-CHRIP RJ_03_001 法律又は政令番号: 政令第2条第1項第32号,340CO0000000002
3189-43-3,deleterious,劇物,Deleterious Substance,毒物及び劇物取締法,Poisonous and Deleterious Substances Control Act,NITE-CHRIP RJ_03_001 法律又は政令番号: 政令第2条第1項第32号,340CO0000000002
31895-21-3,deleterious,劇物,Deleterious Substance,毒物及び劇物取締法,Poisonous and Deleterious Substances Control Act,NITE-CHRIP RJ_03_001 法律又は政令番号: 政令第2条第1項第50号の6,340CO0000000002
31895-22-4,deleterious,劇物,Deleterious Substance,毒物及び劇物取締法,Poisonous and Deleterious Substances Control Act,NITE-CHRIP RJ_03_001 法律又は政令番号: 政令第2条第1項第62号,340CO0000000002
319-84-6,deleterious,劇物,Deleterious Substance,毒物及び劇物取締法,Poisonous and Deleterious Substances Control Act,NITE-CHRIP RJ_03_001,340CO0000000002
31922-35-7,deleterious,劇物,Deleterious Substance,毒物及び劇物取締法,Poisonous and Deleterious Substances Control Act,NITE-CHRIP RJ_03_001 法律又は政令番号: 政令第2条第1項第62号,340CO0000000002
31938-07-5,deleterious,劇物,Deleterious Substance,毒物及び劇物取締法,Poisonous and Deleterious Substances Control Act,NITE-CHRIP RJ_03_001 法律又は政令番号: 政令第2条第1項第32号,340CO0000000002
3215-64-3,deleterious,劇物,Deleterious Substance,毒物及び劇物取締法,Poisonous and Deleterious Substances Control Act,NITE-CHRIP RJ_03_001 法律又は政令番号: 政令第2条第1項第32号,340CO0000000002
3218-49-3,deleterious,劇物,Deleterious Substance,毒物及び劇物取締法,Poisonous and Deleterious Substances Control Act,NITE-CHRIP RJ_03_001 法律又は政令番号: 政令第2条第1項第32号,340CO0000000002
32444-63-6,deleterious,劇物,Deleterious Substance,毒物及び劇物取締法,Poisonous and Deleterious Substances Control Act,NITE-CHRIP RJ_03_001 法律又は政令番号: 政令第2条第1項第32号,340CO0000000002
3251-23-8,deleterious,劇物,Deleterious Substance,毒物及び劇物取締法,Poisonous and Deleterious Substances Control Act,NITE-CHRIP RJ_03_001 法律又は政令番号: 政令第2条第1項第72号,340CO0000000002
3252-43-5,deleterious,劇物,Deleterious Substance,毒物及び劇物取締法,Poisonous and Deleterious Substances Control Act,NITE-CHRIP RJ_03_001 法律又は政令番号: 政令第2条第1項第32号,340CO0000000002
3252-68-4,deleterious,劇物,Deleterious Substance,毒物及び劇物取締法,Poisonous and Deleterious Substances Control Act,NITE-CHRIP RJ_03_001 法律又は政令番号: 政令第2条第1項第62号,340CO0000000002
32593-99-0,deleterious,劇物,Deleterious Substance,毒物及び劇物取締法,Poisonous and Deleterious Substances Control Act,NITE-CHRIP RJ_03_001 法律又は政令番号: 政令第2条第1項第22号,340CO0000000002
326-62-5,deleterious,劇物,Deleterious Substance,毒物及び劇物取締法,Poisonous and Deleterious Substances Control Act,NITE-CHRIP RJ_03_001 法律又は政令番号: 政令第2条第1項第32号,340CO0000000002
3264-67-3,deleterious,劇物,Deleterious Substance,毒物及び劇物取締法,Poisonous and Deleterious Substances Control Act,NITE-CHRIP RJ_03_001 法律又は政令番号: 政令第2条第1項第7号,340CO0000000002
3269-10-1,deleterious,劇物,Deleterious Substance,毒物及び劇物取締法,Poisonous and Deleterious Substances Control Act,NITE-CHRIP RJ_03_001 法律又は政令番号: 政令第2条第1項第62号,340CO0000000002
3269-12-3,deleterious,劇物,Deleterious Substance,毒物及び劇物取締法,Poisonous and Deleterious Substances Control Act,NITE-CHRIP RJ_03_001 法律又は政令番号: 政令第2条第1項第62号,340CO0000000002
3269-15-6,deleterious,劇物,Deleterious Substance,毒物及び劇物取締法,Poisonous and Deleterious Substances Control Act,NITE-CHRIP RJ_03_001 法律又は政令番号: 政令第2条第1項第62号,340CO0000000002
3269-17-8,deleterious,劇物,Deleterious Substance,毒物及び劇物取締法,Poisonous and Deleterious Substances Control Act,NITE-CHRIP RJ_03_001 法律又は政令番号: 政令第2条第1項第62号,340CO0000000002
32703-80-3,deleterious,劇物,Deleterious Substance,毒物及び劇物取締法,Poisonous and Deleterious Substances Control Act,NITE-CHRIP RJ_03_001 法律又は政令番号: 政令第2条第1項第32号,340CO0000000002
3272-08-0,deleterious,劇物,Deleterious Substance,毒物及び劇物取締法,Poisonous and Deleterious Substances Control Act,NITE-CHRIP RJ_03_001 法律又は政令番号: 政令第2条第1項第32号,340CO0000000002
32730-85-1,deleterious,劇物,Deleterious Substance,毒物及び劇物取締法,Poisonous and Deleterious Substances Control Act,NITE-CHRIP RJ_03_001 法律又は政令番号: 政令第2条第1項第32号,340CO0000000002
328-87-0,deleterious,劇物,Deleterious Substance,毒物及び劇物取締法,Poisonous and Deleterious Substances Control Act,NITE-CHRIP RJ_03_001 法律又は政令番号: 政令第2条第1項第32号,340CO0000000002
3281-96-7,deleterious,劇物,Deleterious Substance,毒物及び劇物取締法,Poisonous and Deleterious Substances Control Act,NITE-CHRIP RJ_03_001 法律又は政令番号: 政令第2条第1項第50号,340CO0000000002
3281-96-7,deleterious,劇物,Deleterious Substance,毒物及び劇物取締法,Poisonous and Deleterious Substances Control Act,NITE-CHRIP RJ_03_001 法律又は政令番号: 法律別表第2の37,340CO0000000002
3281-96-7,deleterious,劇物,Deleterious Substance,毒物及び劇物取締法,Poisonous and Deleterious Substances Control Act,毒物及び劇物指定令 第二条（劇物）,340CO0000000002
3309-87-3,deleterious,劇物,Deleterious Substance,毒物及び劇物取締法,Poisonous and Deleterious Substances Control Act,NITE-CHRIP RJ_03_001 法律又は政令番号: 政令第2条第1項第55号の2,340CO0000000002
3309-87-3,deleterious,劇物,Deleterious Substance,毒物及び劇物取締法,Poisonous and Deleterious Substances Control Act,毒物及び劇物指定令 第二条（劇物）,340CO0000000002
3315-16-0,deleterious,劇物,Deleterious Substance,毒物及び劇物取締法,Poisonous and Deleterious Substances Control Act,NITE-CHRIP RJ_03_001 法律又は政令番号: 政令第2条第1項第24号,340CO0000000002
3324-58-1,deleterious,劇物,Deleterious Substance,毒物及び劇物取締法,Poisonous and Deleterious Substances Control Act,NITE-CHRIP RJ_03_001 法律又は政令番号: 政令第2条第1項第80号,340CO0000000002
333-41-5,deleterious,劇物,Deleterious Substance,毒物及び劇物取締法,Poisonous and Deleterious Substances Control Act,NITE-CHRIP RJ_03_001 法律又は政令番号: 政令第2条第1項第10号,340CO0000000002
333-41-5,deleterious,劇物,Deleterious Substance,毒物及び劇物取締法,Poisonous and Deleterious Substances Control Act,NITE-CHRIP RJ_03_001 法律又は政令番号: 法律別表第2の5,340CO0000000002
333-41-5,deleterious,劇物,Deleterious Substance,毒物及び劇物取締法,Poisonous and Deleterious Substances Control Act,毒物及び劇物指定令 第二条（劇物）,340CO0000000002
3333-52-6,deleterious,劇物,Deleterious Substance,毒物及び劇物取締法,Poisonous and Deleterious Substances Control Act,NITE-CHRIP RJ_03_001 法律又は政令番号: 政令第2条第1項第32号,340CO0000000002
3336-16-1,deleterious,劇物,Deleterious Substance,毒物及び劇物取締法,Poisonous and Deleterious Substances Control Act,NITE-CHRIP RJ_03_001 法律又は政令番号: 政令第2条第1項第32号,340CO0000000002
33379-31-6,deleterious,劇物,Deleterious Substance,毒物及び劇物取締法,Poisonous and Deleterious Substances Control Act,NITE-CHRIP RJ_03_001 法律又は政令番号: 政令第2条第1項第76号,340CO0000000002
3342-67-4,deleterious,劇物,Deleterious Substance,毒物及び劇物取締法,Poisonous and Deleterious Substances Control Act,NITE-CHRIP RJ_03_001 法律又は政令番号: 政令第2条第1項第67号,340CO0000000002
33439-45-1,deleterious,劇物,Deleterious Substance,毒物及び劇物取締法,Poisonous and Deleterious Substances Control Act,NITE-CHRIP RJ_03_001 法律又は政令番号: 政令第2条第1項第26号の3,340CO0000000002
33462-80-5,deleterious,劇物,Deleterious Substance,毒物及び劇物取締法,Poisonous and Deleterious Substances Control Act,NITE-CHRIP RJ_03_001 法律又は政令番号: 政令第2条第1項第96号,340CO0000000002
33462-81-6,deleterious,劇物,Deleterious Substance,毒物及び劇物取締法,Poisonous and Deleterious Substances Control Act,NITE-CHRIP RJ_03_001 法律又は政令番号: 政令第2条第1項第96号,340CO0000000002
33611-48-2,deleterious,劇物,Deleterious Substance,毒物及び劇物取締法,Poisonous and Deleterious Substances Control Act,NITE-CHRIP RJ_03_001 法律又は政令番号: 政令第2条第1項第32号,340CO0000000002
33627-12-2,deleterious,劇物,Deleterious Substance,毒物及び劇物取締法,Poisonous and Deleterious Substances Control Act,NITE-CHRIP RJ_03_001 法律又は政令番号: 政令第2条第1項第77号,340CO0000000002
33678-01-2,deleterious,劇物,Deleterious Substance,毒物及び劇物取締法,Poisonous and Deleterious Substances Control Act,NITE-CHRIP RJ_03_001 法律又は政令番号: 政令第2条第1項第96号,340CO0000000002
338-38-5,deleterious,劇物,Deleterious Substance,毒物及び劇物取締法,Poisonous and Deleterious Substances Control Act,NITE-CHRIP RJ_03_001 法律又は政令番号: 政令第2条第1項第96号,340CO0000000002
3386-87-6,deleterious,劇物,Deleterious Substance,毒物及び劇物取締法,Poisonous and Deleterious Substances Control Act,NITE-CHRIP RJ_03_001 法律又は政令番号: 政令第2条第1項第32号,340CO0000000002
3396-17-6,deleterious,劇物,Deleterious Substance,毒物及び劇物取締法,Poisonous and Deleterious Substances Control Act,NITE-CHRIP RJ_03_001 法律又は政令番号: 政令第2条第1項第32号,340CO0000000002
33972-75-7,deleterious,劇物,Deleterious Substance,毒物及び劇物取締法,Poisonous and Deleterious Substances Control Act,NITE-CHRIP RJ_03_001 法律又は政令番号: 政令第2条第1項第98号の7,340CO0000000002
33972-75-7,deleterious,劇物,Deleterious Substance,毒物及び劇物取締法,Poisonous and Deleterious Substances Control Act,毒物及び劇物指定令 第二条（劇物）,340CO0000000002
33992-50-6,deleterious,劇物,Deleterious Substance,毒物及び劇物取締法,Poisonous and Deleterious Substances Control Act,NITE-CHRIP RJ_03_001 法律又は政令番号: 政令第2条第1項第7号,340CO0000000002
341-02-6,deleterious,劇物,Deleterious Substance,毒物及び劇物取締法,Poisonous and Deleterious Substances Control Act,NITE-CHRIP RJ_03_001 法律又は政令番号: 政令第2条第1項第96号,340CO0000000002
34128-02-4,deleterious,劇物,Deleterious Substance,毒物及び劇物取締法,Poisonous and Deleterious Substances Control Act,NITE-CHRIP RJ_03_001 法律又は政令番号: 政令第2条第1項第32号,340CO0000000002
3426-45-7,deleterious,劇物,Deleterious Substance,毒物及び劇物取締法,Poisonous and Deleterious Substances Control Act,NITE-CHRIP RJ_03_001 法律又は政令番号: 政令第2条第1項第62号,340CO0000000002
34295-32-4,deleterious,劇物,Deleterious Substance,毒物及び劇物取締法,Poisonous and Deleterious Substances Control Act,NITE-CHRIP RJ_03_001 法律又は政令番号: 政令第2条第1項第77号,340CO0000000002
34345-39-6,deleterious,劇物,Deleterious Substance,毒物及び劇物取締法,Poisonous and Deleterious Substances Control Act,NITE-CHRIP RJ_03_001 法律又は政令番号: 政令第2条第1項第22号,340CO0000000002
34448-20-9,deleterious,劇物,Deleterious Substance,毒物及び劇物取締法,Poisonous and Deleterious Substances Control Act,NITE-CHRIP RJ_03_001 法律又は政令番号: 政令第2条第1項第60号,340CO0000000002
3445-84-9,deleterious,劇物,Deleterious Substance,毒物及び劇物取締法,Poisonous and Deleterious Substances Control Act,NITE-CHRIP RJ_03_001 法律又は政令番号: 政令第2条第1項第32号,340CO0000000002
34493-01-1,deleterious,劇物,Deleterious Substance,毒物及び劇物取締法,Poisonous and Deleterious Substances Control Act,NITE-CHRIP RJ_03_001 法律又は政令番号: 政令第2条第1項第60号,340CO0000000002
34521-09-0,deleterious,劇物,Deleterious Substance,毒物及び劇物取締法,Poisonous and Deleterious Substances Control Act,NITE-CHRIP RJ_03_001 法律又は政令番号: 政令第2条第1項第7号,340CO0000000002
34662-31-2,deleterious,劇物,Deleterious Substance,毒物及び劇物取締法,Poisonous and Deleterious Substances Control Act,NITE-CHRIP RJ_03_001 法律又は政令番号: 政令第2条第1項第32号,340CO0000000002
34688-71-6,deleterious,劇物,Deleterious Substance,毒物及び劇物取締法,Poisonous and Deleterious Substances Control Act,NITE-CHRIP RJ_03_001 法律又は政令番号: 政令第2条第1項第32号,340CO0000000002
347-46-6,deleterious,劇物,Deleterious Substance,毒物及び劇物取締法,Poisonous and Deleterious Substances Control Act,NITE-CHRIP RJ_03_001 法律又は政令番号: 政令第2条第1項第96号,340CO0000000002
34846-64-5,deleterious,劇物,Deleterious Substance,毒物及び劇物取締法,Poisonous and Deleterious Substances Control Act,NITE-CHRIP RJ_03_001 法律又は政令番号: 政令第2条第1項第32号,340CO0000000002
35013-90-2,deleterious,劇物,Deleterious Substance,毒物及び劇物取締法,Poisonous and Deleterious Substances Control Act,NITE-CHRIP RJ_03_001 法律又は政令番号: 政令第2条第1項第32号,340CO0000000002
351-05-3,deleterious,劇物,Deleterious Substance,毒物及び劇物取締法,Poisonous and Deleterious Substances Control Act,NITE-CHRIP RJ_03_001 法律又は政令番号: 政令第2条第1項第101号,340CO0000000002
351-05-3,deleterious,劇物,Deleterious Substance,毒物及び劇物取締法,Poisonous and Deleterious Substances Control Act,毒物及び劇物指定令 第二条（劇物）,340CO0000000002
35112-53-9,deleterious,劇物,Deleterious Substance,毒物及び劇物取締法,Poisonous and Deleterious Substances Control Act,NITE-CHRIP RJ_03_001 法律又は政令番号: 政令第2条第1項第79号,340CO0000000002
35120-10-6,deleterious,劇物,Deleterious Substance,毒物及び劇物取締法,Poisonous and Deleterious Substances Control Act,NITE-CHRIP RJ_03_001 法律又は政令番号: 政令第2条第1項第32号,340CO0000000002
3513-03-9,deleterious,劇物,Deleterious Substance,毒物及び劇物取締法,Poisonous and Deleterious Substances Control Act,NITE-CHRIP RJ_03_001 法律又は政令番号: 政令第2条第1項第87号,340CO0000000002
35229-41-5,deleterious,劇物,Deleterious Substance,毒物及び劇物取締法,Poisonous and Deleterious Substances Control Act,NITE-CHRIP RJ_03_001 法律又は政令番号: 政令第2条第1項第77号,340CO0000000002
35234-88-9,deleterious,劇物,Deleterious Substance,毒物及び劇物取締法,Poisonous and Deleterious Substances Control Act,NITE-CHRIP RJ_03_001 法律又は政令番号: 政令第2条第1項第32号,340CO0000000002
35400-43-2,deleterious,劇物,Deleterious Substance,毒物及び劇物取締法,Poisonous and Deleterious Substances Control Act,NITE-CHRIP RJ_03_001,340CO0000000002
3544-25-0,deleterious,劇物,Deleterious Substance,毒物及び劇物取締法,Poisonous and Deleterious Substances Control Act,NITE-CHRIP RJ_03_001 法律又は政令番号: 政令第2条第1項第32号,340CO0000000002
35498-15-8,deleterious,劇物,Deleterious Substance,毒物及び劇物取締法,Poisonous and Deleterious Substances Control Act,NITE-CHRIP RJ_03_001 法律又は政令番号: 政令第2条第1項第77号,340CO0000000002
35520-41-3,deleterious,劇物,Deleterious Substance,毒物及び劇物取締法,Poisonous and Deleterious Substances Control Act,NITE-CHRIP RJ_03_001 法律又は政令番号: 政令第2条第1項第32号,340CO0000000002
35543-25-0,deleterious,劇物,Deleterious Substance,毒物及び劇物取締法,Poisonous and Deleterious Substances Control Act,NITE-CHRIP RJ_03_001 法律又は政令番号: 政令第2条第1項第32号,340CO0000000002
35597-43-4,deleterious,劇物,Deleterious Substance,毒物及び劇物取締法,Poisonous and Deleterious Substances Control Act,NITE-CHRIP RJ_03_001 法律又は政令番号: 政令第2条第1項第4号の6,340CO0000000002
356-81-0,deleterious,劇物,Deleterious Substance,毒物及び劇物取締法,Poisonous and Deleterious Substances Control Act,NITE-CHRIP RJ_03_001 法律又は政令番号: 政令第2条第1項第32号,340CO0000000002
35658-65-2,deleterious,劇物,Deleterious Substance,毒物及び劇物取締法,Poisonous and Deleterious Substances Control Act,NITE-CHRIP RJ_03_001 法律又は政令番号: 政令第2条第1項第22号,340CO0000000002
357-57-3,deleterious,劇物,Deleterious Substance,毒物及び劇物取締法,Poisonous and Deleterious Substances Control Act,NITE-CHRIP RJ_03_001 法律又は政令番号: 政令第2条第1項第87号の2,340CO0000000002
35704-19-9,deleterious,劇物,Deleterious Substance,毒物及び劇物取締法,Poisonous and Deleterious Substances Control Act,NITE-CHRIP RJ_03_001 法律又は政令番号: 政令第2条第1項第32号,340CO0000000002
35837-70-8,deleterious,劇物,Deleterious Substance,毒物及び劇物取締法,Poisonous and Deleterious Substances Control Act,NITE-CHRIP RJ_03_001 法律又は政令番号: 政令第2条第1項第77号,340CO0000000002
35996-61-3,deleterious,劇物,Deleterious Substance,毒物及び劇物取締法,Poisonous and Deleterious Substances Control Act,NITE-CHRIP RJ_03_001 法律又は政令番号: 政令第2条第1項第26号の4,340CO0000000002
35996-61-3,deleterious,劇物,Deleterious Substance,毒物及び劇物取締法,Poisonous and Deleterious Substances Control Act,毒物及び劇物指定令 第二条（劇物）,340CO0000000002
36211-44-6,deleterious,劇物,Deleterious Substance,毒物及び劇物取締法,Poisonous and Deleterious Substances Control Act,NITE-CHRIP RJ_03_001 法律又は政令番号: 政令第2条第1項第22号,340CO0000000002
36422-95-4,deleterious,劇物,Deleterious Substance,毒物及び劇物取締法,Poisonous and Deleterious Substances Control Act,NITE-CHRIP RJ_03_001 法律又は政令番号: 政令第2条第1項第96号,340CO0000000002
3643-76-3,deleterious,劇物,Deleterious Substance,毒物及び劇物取締法,Poisonous and Deleterious Substances Control Act,NITE-CHRIP RJ_03_001 法律又は政令番号: 政令第2条第1項第7号,340CO0000000002
36490-77-4,deleterious,劇物,Deleterious Substance,毒物及び劇物取締法,Poisonous and Deleterious Substances Control Act,NITE-CHRIP RJ_03_001 法律又は政令番号: 政令第2条第1項第96号,340CO0000000002
36563-89-0,deleterious,劇物,Deleterious Substance,毒物及び劇物取締法,Poisonous and Deleterious Substances Control Act,NITE-CHRIP RJ_03_001 法律又は政令番号: 政令第2条第1項第26号,340CO0000000002
36576-70-2,deleterious,劇物,Deleterious Substance,毒物及び劇物取締法,Poisonous and Deleterious Substances Control Act,NITE-CHRIP RJ_03_001 法律又は政令番号: 政令第2条第1項第96号,340CO0000000002
368-39-8,deleterious,劇物,Deleterious Substance,毒物及び劇物取締法,Poisonous and Deleterious Substances Control Act,NITE-CHRIP RJ_03_001 法律又は政令番号: 政令第2条第1項第96号,340CO0000000002
368-77-4,deleterious,劇物,Deleterious Substance,毒物及び劇物取締法,Poisonous and Deleterious Substances Control Act,NITE-CHRIP RJ_03_001 法律又は政令番号: 政令第2条第1項第32号,340CO0000000002
3691-35-8,deleterious,劇物,Deleterious Substance,毒物及び劇物取締法,Poisonous and Deleterious Substances Control Act,NITE-CHRIP RJ_03_001 法律又は政令番号: 政令第2条第1項第83号の3,340CO0000000002
3691-35-8,deleterious,劇物,Deleterious Substance,毒物及び劇物取締法,Poisonous and Deleterious Substances Control Act,毒物及び劇物指定令 第二条（劇物）,340CO0000000002
36913-23-2,deleterious,劇物,Deleterious Substance,毒物及び劇物取締法,Poisonous and Deleterious Substances Control Act,NITE-CHRIP RJ_03_001 法律又は政令番号: 政令第2条第1項第100号の7,340CO0000000002
36931-18-7,deleterious,劇物,Deleterious Substance,毒物及び劇物取締法,Poisonous and Deleterious Substances Control Act,NITE-CHRIP RJ_03_001 法律又は政令番号: 政令第2条第1項第22号,340CO0000000002
3695-98-5,deleterious,劇物,Deleterious Substance,毒物及び劇物取締法,Poisonous and Deleterious Substances Control Act,NITE-CHRIP RJ_03_001 法律又は政令番号: 政令第2条第1項第32号,340CO0000000002
370-86-5,deleterious,劇物,Deleterious Substance,毒物及び劇物取締法,Poisonous and Deleterious Substances Control Act,NITE-CHRIP RJ_03_001 法律又は政令番号: 政令第2条第1項第32号,340CO0000000002
37185-09-4,deleterious,劇物,Deleterious Substance,毒物及び劇物取締法,Poisonous and Deleterious Substances Control Act,NITE-CHRIP RJ_03_001 法律又は政令番号: 政令第2条第1項第79号,340CO0000000002
372-09-8,deleterious,劇物,Deleterious Substance,毒物及び劇物取締法,Poisonous and Deleterious Substances Control Act,NITE-CHRIP RJ_03_001 法律又は政令番号: 政令第2条第1項第32号,340CO0000000002
37224-57-0,deleterious,劇物,Deleterious Substance,毒物及び劇物取締法,Poisonous and Deleterious Substances Control Act,NITE-CHRIP RJ_03_001 法律又は政令番号: 政令第2条第1項第26号,340CO0000000002
37235-82-8,deleterious,劇物,Deleterious Substance,毒物及び劇物取締法,Poisonous and Deleterious Substances Control Act,NITE-CHRIP RJ_03_001 法律又は政令番号: 政令第2条第1項第60号,340CO0000000002
37265-86-4,deleterious,劇物,Deleterious Substance,毒物及び劇物取締法,Poisonous and Deleterious Substances Control Act,NITE-CHRIP RJ_03_001 法律又は政令番号: 政令第2条第1項第79号,340CO0000000002
37318-74-4,deleterious,劇物,Deleterious Substance,毒物及び劇物取締法,Poisonous and Deleterious Substances Control Act,NITE-CHRIP RJ_03_001 法律又は政令番号: 政令第2条第1項第24号,340CO0000000002
3734-48-3,deleterious,劇物,Deleterious Substance,毒物及び劇物取締法,Poisonous and Deleterious Substances Control Act,NITE-CHRIP RJ_03_001,340CO0000000002
3734-49-4,deleterious,劇物,Deleterious Substance,毒物及び劇物取締法,Poisonous and Deleterious Substances Control Act,NITE-CHRIP RJ_03_001,340CO0000000002
37367-87-6,deleterious,劇物,Deleterious Substance,毒物及び劇物取締法,Poisonous and Deleterious Substances Control Act,NITE-CHRIP RJ_03_001 法律又は政令番号: 政令第2条第1項第26号,340CO0000000002
3761-41-9,deleterious,劇物,Deleterious Substance,毒物及び劇物取締法,Poisonous and Deleterious Substances Control Act,NITE-CHRIP RJ_03_001 法律又は政令番号: 政令第2条第1項第58号の3,340CO0000000002
3766-81-2,deleterious,劇物,Deleterious Substance,毒物及び劇物取締法,Poisonous and Deleterious Substances Control Act,NITE-CHRIP RJ_03_001,340CO0000000002
37887-33-5,deleterious,劇物,Deleterious Substance,毒物及び劇物取締法,Poisonous and Deleterious Substances Control Act,NITE-CHRIP RJ_03_001 法律又は政令番号: 政令第2条第1項第62号,340CO0000000002
379-52-2,deleterious,劇物,Deleterious Substance,毒物及び劇物取締法,Poisonous and Deleterious Substances Control Act,NITE-CHRIP RJ_03_001 法律又は政令番号: 政令第2条第1項第66号,340CO0000000002
3792-59-4,deleterious,劇物,Deleterious Substance,毒物及び劇物取締法,Poisonous and Deleterious Substances Control Act,NITE-CHRIP RJ_03_001 法律又は政令番号: 政令第2条第1項第13号,340CO0000000002
3792-59-4,deleterious,劇物,Deleterious Substance,毒物及び劇物取締法,Poisonous and Deleterious Substances Control Act,毒物及び劇物指定令 第二条（劇物）,340CO0000000002
3811-04-9,deleterious,劇物,Deleterious Substance,毒物及び劇物取締法,Poisonous and Deleterious Substances Control Act,NITE-CHRIP RJ_03_001 法律又は政令番号: 政令第2条第1項第18号,340CO0000000002
3811-49-2,deleterious,劇物,Deleterious Substance,毒物及び劇物取締法,Poisonous and Deleterious Substances Control Act,NITE-CHRIP RJ_03_001 法律又は政令番号: 政令第2条第1項第100号の16,340CO0000000002
3811-49-2,deleterious,劇物,Deleterious Substance,毒物及び劇物取締法,Poisonous and Deleterious Substances Control Act,毒物及び劇物指定令 第二条（劇物）,340CO0000000002
38212-30-5,deleterious,劇物,Deleterious Substance,毒物及び劇物取締法,Poisonous and Deleterious Substances Control Act,NITE-CHRIP RJ_03_001 法律又は政令番号: 政令第2条第1項第100号の13,340CO0000000002
38258-92-3,deleterious,劇物,Deleterious Substance,毒物及び劇物取締法,Poisonous and Deleterious Substances Control Act,NITE-CHRIP RJ_03_001 法律又は政令番号: 政令第2条第1項第32号,340CO0000000002
38386-25-3,deleterious,劇物,Deleterious Substance,毒物及び劇物取締法,Poisonous and Deleterious Substances Control Act,NITE-CHRIP RJ_03_001 法律又は政令番号: 政令第2条第1項第22号,340CO0000000002
38465-60-0,deleterious,劇物,Deleterious Substance,毒物及び劇物取締法,Poisonous and Deleterious Substances Control Act,NITE-CHRIP RJ_03_001 法律又は政令番号: 政令第2条第1項第72号,340CO0000000002
38487-86-4,deleterious,劇物,Deleterious Substance,毒物及び劇物取締法,Poisonous and Deleterious Substances Control Act,NITE-CHRIP RJ_03_001 法律又は政令番号: 政令第2条第1項第32号,340CO0000000002
38517-19-0,deleterious,劇物,Deleterious Substance,毒物及び劇物取締法,Poisonous and Deleterious Substances Control Act,NITE-CHRIP RJ_03_001 法律又は政令番号: 政令第2条第1項第22号,340CO0000000002
387-41-7,deleterious,劇物,Deleterious Substance,毒物及び劇物取締法,Poisonous and Deleterious Substances Control Act,NITE-CHRIP RJ_03_001 法律又は政令番号: 政令第2条第1項第96号,340CO0000000002
38791-62-7,deleterious,劇物,Deleterious Substance,毒物及び劇物取締法,Poisonous and Deleterious Substances Control Act,NITE-CHRIP RJ_03_001 法律又は政令番号: 政令第2条第1項第32号,340CO0000000002
38869-47-5,deleterious,劇物,Deleterious Substance,毒物及び劇物取締法,Poisonous and Deleterious Substances Control Act,NITE-CHRIP RJ_03_001 法律又は政令番号: 政令第2条第1項第100号の13,340CO0000000002
3901-59-5,deleterious,劇物,Deleterious Substance,毒物及び劇物取締法,Poisonous and Deleterious Substances Control Act,NITE-CHRIP RJ_03_001 法律又は政令番号: 政令第2条第1項第83号,340CO0000000002
39101-54-7,deleterious,劇物,Deleterious Substance,毒物及び劇物取締法,Poisonous and Deleterious Substances Control Act,NITE-CHRIP RJ_03_001 法律又は政令番号: 政令第2条第1項第32号,340CO0000000002
39185-89-2,deleterious,劇物,Deleterious Substance,毒物及び劇物取締法,Poisonous and Deleterious Substances Control Act,NITE-CHRIP RJ_03_001 法律又は政令番号: 政令第2条第1項第71号の2,340CO0000000002
39185-89-2,deleterious,劇物,Deleterious Substance,毒物及び劇物取締法,Poisonous and Deleterious Substances Control Act,毒物及び劇物指定令 第二条（劇物）,340CO0000000002
39186-58-8,deleterious,劇物,Deleterious Substance,毒物及び劇物取締法,Poisonous and Deleterious Substances Control Act,NITE-CHRIP RJ_03_001 法律又は政令番号: 政令第2条第1項第32号,340CO0000000002
3926-62-3,deleterious,劇物,Deleterious Substance,毒物及び劇物取締法,Poisonous and Deleterious Substances Control Act,NITE-CHRIP RJ_03_001 法律又は政令番号: 政令第2条第1項第28号の8,340CO0000000002
3926-62-3,deleterious,劇物,Deleterious Substance,毒物及び劇物取締法,Poisonous and Deleterious Substances Control Act,毒物及び劇物指定令 第二条（劇物）,340CO0000000002
39300-45-3,deleterious,劇物,Deleterious Substance,毒物及び劇物取締法,Poisonous and Deleterious Substances Control Act,NITE-CHRIP RJ_03_001 法律又は政令番号: 政令第2条第1項第46号の2,340CO0000000002
39300-45-3,deleterious,劇物,Deleterious Substance,毒物及び劇物取締法,Poisonous and Deleterious Substances Control Act,毒物及び劇物指定令 第二条（劇物）,340CO0000000002
3939-09-1,deleterious,劇物,Deleterious Substance,毒物及び劇物取締法,Poisonous and Deleterious Substances Control Act,NITE-CHRIP RJ_03_001 法律又は政令番号: 政令第2条第1項第32号,340CO0000000002
394-47-8,deleterious,劇物,Deleterious Substance,毒物及び劇物取締法,Poisonous and Deleterious Substances Control Act,NITE-CHRIP RJ_03_001 法律又は政令番号: 政令第2条第1項第32号,340CO0000000002
39400-35-6,deleterious,劇物,Deleterious Substance,毒物及び劇物取締法,Poisonous and Deleterious Substances Control Act,NITE-CHRIP RJ_03_001 法律又は政令番号: 政令第2条第1項第26号,340CO0000000002
3942-54-9,deleterious,劇物,Deleterious Substance,毒物及び劇物取締法,Poisonous and Deleterious Substances Control Act,NITE-CHRIP RJ_03_001 法律又は政令番号: 政令第2条第1項第99号,340CO0000000002
3942-54-9,deleterious,劇物,Deleterious Substance,毒物及び劇物取締法,Poisonous and Deleterious Substances Control Act,毒物及び劇物指定令 第二条（劇物）,340CO0000000002
394730-71-3,deleterious,劇物,Deleterious Substance,毒物及び劇物取締法,Poisonous and Deleterious Substances Control Act,NITE-CHRIP RJ_03_001 法律又は政令番号: 政令第2条第1項第32号,340CO0000000002
39515-40-7,deleterious,劇物,Deleterious Substance,毒物及び劇物取締法,Poisonous and Deleterious Substances Control Act,NITE-CHRIP RJ_03_001 法律又は政令番号: 政令第2条第1項第32号,340CO0000000002
39515-41-8,deleterious,劇物,Deleterious Substance,毒物及び劇物取締法,Poisonous and Deleterious Substances Control Act,NITE-CHRIP RJ_03_001 法律又は政令番号: 政令第2条第1項第32号,340CO0000000002
39765-80-5,deleterious,劇物,Deleterious Substance,毒物及び劇物取締法,Poisonous and Deleterious Substances Control Act,NITE-CHRIP RJ_03_001,340CO0000000002
398-69-6,deleterious,劇物,Deleterious Substance,毒物及び劇物取締法,Poisonous and Deleterious Substances Control Act,NITE-CHRIP RJ_03_001 法律又は政令番号: 政令第2条第1項第96号,340CO0000000002
40127-89-7,deleterious,劇物,Deleterious Substance,毒物及び劇物取締法,Poisonous and Deleterious Substances Control Act,NITE-CHRIP RJ_03_001 法律又は政令番号: 政令第2条第1項第32号,340CO0000000002
40227-17-6,deleterious,劇物,Deleterious Substance,毒物及び劇物取締法,Poisonous and Deleterious Substances Control Act,NITE-CHRIP RJ_03_001 法律又は政令番号: 政令第2条第1項第32号,340CO0000000002
4023-53-4,deleterious,劇物,Deleterious Substance,毒物及び劇物取締法,Poisonous and Deleterious Substances Control Act,NITE-CHRIP RJ_03_001 法律又は政令番号: 政令第2条第1項第32号,340CO0000000002
403-54-3,deleterious,劇物,Deleterious Substance,毒物及び劇物取締法,Poisonous and Deleterious Substances Control Act,NITE-CHRIP RJ_03_001 法律又は政令番号: 政令第2条第1項第32号,340CO0000000002
40436-88-2,deleterious,劇物,Deleterious Substance,毒物及び劇物取締法,Poisonous and Deleterious Substances Control Act,NITE-CHRIP RJ_03_001 法律又は政令番号: 政令第2条第1項第79号,340CO0000000002
40953-34-2,deleterious,劇物,Deleterious Substance,毒物及び劇物取締法,Poisonous and Deleterious Substances Control Act,NITE-CHRIP RJ_03_001 法律又は政令番号: 政令第2条第1項第32号,340CO0000000002
4107-65-7,deleterious,劇物,Deleterious Substance,毒物及び劇物取締法,Poisonous and Deleterious Substances Control Act,NITE-CHRIP RJ_03_001 法律又は政令番号: 政令第2条第1項第32号,340CO0000000002
4110-35-4,deleterious,劇物,Deleterious Substance,毒物及び劇物取締法,Poisonous and Deleterious Substances Control Act,NITE-CHRIP RJ_03_001 法律又は政令番号: 政令第2条第1項第32号,340CO0000000002
41122-70-7,deleterious,劇物,Deleterious Substance,毒物及び劇物取締法,Poisonous and Deleterious Substances Control Act,NITE-CHRIP RJ_03_001 法律又は政令番号: 政令第2条第1項第32号,340CO0000000002
41189-36-0,deleterious,劇物,Deleterious Substance,毒物及び劇物取締法,Poisonous and Deleterious Substances Control Act,NITE-CHRIP RJ_03_001 法律又は政令番号: 政令第2条第1項第26号,340CO0000000002
41234-07-5,deleterious,劇物,Deleterious Substance,毒物及び劇物取締法,Poisonous and Deleterious Substances Control Act,NITE-CHRIP RJ_03_001 法律又は政令番号: 政令第2条第1項第77号,340CO0000000002
41453-50-3,deleterious,劇物,Deleterious Substance,毒物及び劇物取締法,Poisonous and Deleterious Substances Control Act,NITE-CHRIP RJ_03_001 法律又は政令番号: 政令第2条第1項第77号,340CO0000000002
41556-46-1,deleterious,劇物,Deleterious Substance,毒物及び劇物取締法,Poisonous and Deleterious Substances Control Act,NITE-CHRIP RJ_03_001 法律又は政令番号: 政令第2条第1項第77号,340CO0000000002
4167-05-9,deleterious,劇物,Deleterious Substance,毒物及び劇物取締法,Poisonous and Deleterious Substances Control Act,NITE-CHRIP RJ_03_001 法律又は政令番号: 政令第2条第1項第22号,340CO0000000002
41814-78-2,deleterious,劇物,Deleterious Substance,毒物及び劇物取締法,Poisonous and Deleterious Substances Control Act,NITE-CHRIP RJ_03_001 法律又は政令番号: 政令第2条第1項第99号の9,340CO0000000002
41814-78-2,deleterious,劇物,Deleterious Substance,毒物及び劇物取締法,Poisonous and Deleterious Substances Control Act,毒物及び劇物指定令 第二条（劇物）,340CO0000000002
4198-47-4,deleterious,劇物,Deleterious Substance,毒物及び劇物取締法,Poisonous and Deleterious Substances Control Act,NITE-CHRIP RJ_03_001 法律又は政令番号: 政令第2条第1項第79号,340CO0000000002
420-04-2,deleterious,劇物,Deleterious Substance,毒物及び劇物取締法,Poisonous and Deleterious Substances Control Act,NITE-CHRIP RJ_03_001 法律又は政令番号: 政令第2条第1項第31号の2,340CO0000000002
420-04-2,deleterious,劇物,Deleterious Substance,毒物及び劇物取締法,Poisonous and Deleterious Substances Control Act,毒物及び劇物指定令 第二条（劇物）,340CO0000000002
420-37-1,deleterious,劇物,Deleterious Substance,毒物及び劇物取締法,Poisonous and Deleterious Substances Control Act,NITE-CHRIP RJ_03_001 法律又は政令番号: 政令第2条第1項第96号,340CO0000000002
4241-27-4,deleterious,劇物,Deleterious Substance,毒物及び劇物取締法,Poisonous and Deleterious Substances Control Act,NITE-CHRIP RJ_03_001 法律又は政令番号: 政令第2条第1項第32号,340CO0000000002
4248-33-3,deleterious,劇物,Deleterious Substance,毒物及び劇物取締法,Poisonous and Deleterious Substances Control Act,NITE-CHRIP RJ_03_001 法律又は政令番号: 政令第2条第1項第32号,340CO0000000002
4254-02-8,deleterious,劇物,Deleterious Substance,毒物及び劇物取締法,Poisonous and Deleterious Substances Control Act,NITE-CHRIP RJ_03_001 法律又は政令番号: 政令第2条第1項第32号,340CO0000000002
426-79-9,deleterious,劇物,Deleterious Substance,毒物及び劇物取締法,Poisonous and Deleterious Substances Control Act,NITE-CHRIP RJ_03_001 法律又は政令番号: 政令第2条第1項第96号,340CO0000000002
42715-83-3,deleterious,劇物,Deleterious Substance,毒物及び劇物取締法,Poisonous and Deleterious Substances Control Act,NITE-CHRIP RJ_03_001 法律又は政令番号: 政令第2条第1項第62号,340CO0000000002
429-06-1,deleterious,劇物,Deleterious Substance,毒物及び劇物取締法,Poisonous and Deleterious Substances Control Act,NITE-CHRIP RJ_03_001 法律又は政令番号: 政令第2条第1項第96号,340CO0000000002
429-42-5,deleterious,劇物,Deleterious Substance,毒物及び劇物取締法,Poisonous and Deleterious Substances Control Act,NITE-CHRIP RJ_03_001 法律又は政令番号: 政令第2条第1項第96号,340CO0000000002
43020-38-8,deleterious,劇物,Deleterious Substance,毒物及び劇物取締法,Poisonous and Deleterious Substances Control Act,NITE-CHRIP RJ_03_001 法律又は政令番号: 政令第2条第1項第32号,340CO0000000002
43036-06-2,deleterious,劇物,Deleterious Substance,毒物及び劇物取締法,Poisonous and Deleterious Substances Control Act,NITE-CHRIP RJ_03_001 法律又は政令番号: 政令第2条第1項第32号,340CO0000000002
43111-44-0,deleterious,劇物,Deleterious Substance,毒物及び劇物取締法,Poisonous and Deleterious Substances Control Act,NITE-CHRIP RJ_03_001 法律又は政令番号: 政令第2条第1項第32号,340CO0000000002
4348-19-0,deleterious,劇物,Deleterious Substance,毒物及び劇物取締法,Poisonous and Deleterious Substances Control Act,NITE-CHRIP RJ_03_001 法律又は政令番号: 政令第2条第1項第5号,340CO0000000002
4403-61-6,deleterious,劇物,Deleterious Substance,毒物及び劇物取締法,Poisonous and Deleterious Substances Control Act,NITE-CHRIP RJ_03_001 法律又は政令番号: 政令第2条第1項第32号,340CO0000000002
4414-88-4,deleterious,劇物,Deleterious Substance,毒物及び劇物取締法,Poisonous and Deleterious Substances Control Act,NITE-CHRIP RJ_03_001 法律又は政令番号: 政令第2条第1項第32号,340CO0000000002
4419-11-8,deleterious,劇物,Deleterious Substance,毒物及び劇物取締法,Poisonous and Deleterious Substances Control Act,NITE-CHRIP RJ_03_001 法律又は政令番号: 政令第2条第1項第32号,340CO0000000002
4421-08-3,deleterious,劇物,Deleterious Substance,毒物及び劇物取締法,Poisonous and Deleterious Substances Control Act,NITE-CHRIP RJ_03_001 法律又は政令番号: 政令第2条第1項第32号,340CO0000000002
4421-09-4,deleterious,劇物,Deleterious Substance,毒物及び劇物取締法,Poisonous and Deleterious Substances Control Act,NITE-CHRIP RJ_03_001 法律又は政令番号: 政令第2条第1項第32号,340CO0000000002
4439-02-5,deleterious,劇物,Deleterious Substance,毒物及び劇物取締法,Poisonous and Deleterious Substances Control Act,NITE-CHRIP RJ_03_001 法律又は政令番号: 政令第2条第1項第32号,340CO0000000002
4439-24-1,deleterious,劇物,Deleterious Substance,毒物及び劇物取締法,Poisonous and Deleterious Substances Control Act,NITE-CHRIP RJ_03_001 法律又は政令番号: 政令第2条第1項第8号の2,340CO0000000002
4439-24-1,deleterious,劇物,Deleterious Substance,毒物及び劇物取締法,Poisonous and Deleterious Substances Control Act,毒物及び劇物指定令 第二条（劇物）,340CO0000000002
4464-23-7,deleterious,劇物,Deleterious Substance,毒物及び劇物取締法,Poisonous and Deleterious Substances Control Act,NITE-CHRIP RJ_03_001 法律又は政令番号: 政令第2条第1項第22号,340CO0000000002
4468-48-8,deleterious,劇物,Deleterious Substance,毒物及び劇物取締法,Poisonous and Deleterious Substances Control Act,NITE-CHRIP RJ_03_001 法律又は政令番号: 政令第2条第1項第32号,340CO0000000002
4468-59-1,deleterious,劇物,Deleterious Substance,毒物及び劇物取締法,Poisonous and Deleterious Substances Control Act,NITE-CHRIP RJ_03_001 法律又は政令番号: 政令第2条第1項第32号,340CO0000000002
447-60-9,deleterious,劇物,Deleterious Substance,毒物及び劇物取締法,Poisonous and Deleterious Substances Control Act,NITE-CHRIP RJ_03_001 法律又は政令番号: 政令第2条第1項第32号,340CO0000000002
448-61-3,deleterious,劇物,Deleterious Substance,毒物及び劇物取締法,Poisonous and Deleterious Substances Control Act,NITE-CHRIP RJ_03_001 法律又は政令番号: 政令第2条第1項第96号,340CO0000000002
4542-47-6,deleterious,劇物,Deleterious Substance,毒物及び劇物取締法,Poisonous and Deleterious Substances Control Act,NITE-CHRIP RJ_03_001 法律又は政令番号: 政令第2条第1項第32号,340CO0000000002
4543-66-2,deleterious,劇物,Deleterious Substance,毒物及び劇物取締法,Poisonous and Deleterious Substances Control Act,NITE-CHRIP RJ_03_001 法律又は政令番号: 政令第2条第1項第32号,340CO0000000002
4553-07-5,deleterious,劇物,Deleterious Substance,毒物及び劇物取締法,Poisonous and Deleterious Substances Control Act,NITE-CHRIP RJ_03_001 法律又は政令番号: 政令第2条第1項第32号,340CO0000000002
4553-62-2,deleterious,劇物,Deleterious Substance,毒物及び劇物取締法,Poisonous and Deleterious Substances Control Act,NITE-CHRIP RJ_03_001 法律又は政令番号: 政令第2条第1項第32号,340CO0000000002
4554-16-9,deleterious,劇物,Deleterious Substance,毒物及び劇物取締法,Poisonous and Deleterious Substances Control Act,NITE-CHRIP RJ_03_001 法律又は政令番号: 政令第2条第1項第32号,340CO0000000002
456-27-9,deleterious,劇物,Deleterious Substance,毒物及び劇物取締法,Poisonous and Deleterious Substances Control Act,NITE-CHRIP RJ_03_001 法律又は政令番号: 政令第2条第1項第96号,340CO0000000002
456-39-3,deleterious,劇物,Deleterious Substance,毒物及び劇物取締法,Poisonous and Deleterious Substances Control Act,NITE-CHRIP RJ_03_001 法律又は政令番号: 政令第2条第1項第96号,340CO0000000002
459-22-3,deleterious,劇物,Deleterious Substance,毒物及び劇物取締法,Poisonous and Deleterious Substances Control Act,NITE-CHRIP RJ_03_001 法律又は政令番号: 政令第2条第1項第32号,340CO0000000002
4594-78-9,deleterious,劇物,Deleterious Substance,毒物及び劇物取締法,Poisonous and Deleterious Substances Control Act,NITE-CHRIP RJ_03_001 法律又は政令番号: 政令第2条第1項第32号,340CO0000000002
460-19-5,deleterious,劇物,Deleterious Substance,毒物及び劇物取締法,Poisonous and Deleterious Substances Control Act,NITE-CHRIP RJ_03_001 法律又は政令番号: 政令第2条第1項第32号,340CO0000000002
4607-81-2,deleterious,劇物,Deleterious Substance,毒物及び劇物取締法,Poisonous and Deleterious Substances Control Act,NITE-CHRIP RJ_03_001 法律又は政令番号: 政令第2条第1項第73号の2,340CO0000000002
4607-81-2,deleterious,劇物,Deleterious Substance,毒物及び劇物取締法,Poisonous and Deleterious Substances Control Act,毒物及び劇物指定令 第二条（劇物）,340CO0000000002
4611-62-5,deleterious,劇物,Deleterious Substance,毒物及び劇物取締法,Poisonous and Deleterious Substances Control Act,NITE-CHRIP RJ_03_001 法律又は政令番号: 政令第2条第1項第96号,340CO0000000002
4635-87-4,deleterious,劇物,Deleterious Substance,毒物及び劇物取締法,Poisonous and Deleterious Substances Control Act,NITE-CHRIP RJ_03_001 法律又は政令番号: 政令第2条第1項第32号,340CO0000000002
4696-57-5,deleterious,劇物,Deleterious Substance,毒物及び劇物取締法,Poisonous and Deleterious Substances Control Act,NITE-CHRIP RJ_03_001 法律又は政令番号: 政令第2条第1項第79号,340CO0000000002
470-90-6,deleterious,劇物,Deleterious Substance,毒物及び劇物取締法,Poisonous and Deleterious Substances Control Act,NITE-CHRIP RJ_03_001 法律又は政令番号: 政令第2条第1項第35号の2,340CO0000000002
470-90-6,deleterious,劇物,Deleterious Substance,毒物及び劇物取締法,Poisonous and Deleterious Substances Control Act,毒物及び劇物指定令 第二条（劇物）,340CO0000000002
4722-99-0,deleterious,劇物,Deleterious Substance,毒物及び劇物取締法,Poisonous and Deleterious Substances Control Act,NITE-CHRIP RJ_03_001 法律又は政令番号: 政令第2条第1項第79号,340CO0000000002
4733-50-0,deleterious,劇物,Deleterious Substance,毒物及び劇物取締法,Poisonous and Deleterious Substances Control Act,NITE-CHRIP RJ_03_001 法律又は政令番号: 政令第2条第1項第32号,340CO0000000002
4786-20-3,deleterious,劇物,Deleterious Substance,毒物及び劇物取締法,Poisonous and Deleterious Substances Control Act,NITE-CHRIP RJ_03_001 法律又は政令番号: 政令第2条第1項第32号,340CO0000000002
485-31-4,deleterious,劇物,Deleterious Substance,毒物及び劇物取締法,Poisonous and Deleterious Substances Control Act,NITE-CHRIP RJ_03_001 法律又は政令番号: 政令第2条第1項第46号,340CO0000000002
485-31-4,deleterious,劇物,Deleterious Substance,毒物及び劇物取締法,Poisonous and Deleterious Substances Control Act,NITE-CHRIP RJ_03_001 法律又は政令番号: 法律別表第2の33,340CO0000000002
485-31-4,deleterious,劇物,Deleterious Substance,毒物及び劇物取締法,Poisonous and Deleterious Substances Control Act,毒物及び劇物指定令 第二条（劇物）,340CO0000000002
4933-27-1,deleterious,劇物,Deleterious Substance,毒物及び劇物取締法,Poisonous and Deleterious Substances Control Act,NITE-CHRIP RJ_03_001 法律又は政令番号: 政令第2条第1項第7号,340CO0000000002
494-52-0,deleterious,劇物,Deleterious Substance,毒物及び劇物取締法,Poisonous and Deleterious Substances Control Act,NITE-CHRIP RJ_03_001 法律又は政令番号: 政令第2条第1項第83号,340CO0000000002
494-52-0,deleterious,劇物,Deleterious Substance,毒物及び劇物取締法,Poisonous and Deleterious Substances Control Act,毒物及び劇物指定令 第二条（劇物）,340CO0000000002
4955-82-2,deleterious,劇物,Deleterious Substance,毒物及び劇物取締法,Poisonous and Deleterious Substances Control Act,NITE-CHRIP RJ_03_001 法律又は政令番号: 政令第2条第1項第32号,340CO0000000002
49561-89-9,deleterious,劇物,Deleterious Substance,毒物及び劇物取締法,Poisonous and Deleterious Substances Control Act,NITE-CHRIP RJ_03_001 法律又は政令番号: 法律別表第2の60,340CO0000000002
49577-56-2,deleterious,劇物,Deleterious Substance,毒物及び劇物取締法,Poisonous and Deleterious Substances Control Act,NITE-CHRIP RJ_03_001 法律又は政令番号: 政令第2条第1項第32号,340CO0000000002
496-72-0,deleterious,劇物,Deleterious Substance,毒物及び劇物取締法,Poisonous and Deleterious Substances Control Act,NITE-CHRIP RJ_03_001 法律又は政令番号: 政令第2条第1項第76号,340CO0000000002
49663-84-5,deleterious,劇物,Deleterious Substance,毒物及び劇物取締法,Poisonous and Deleterious Substances Control Act,NITE-CHRIP RJ_03_001 法律又は政令番号: 政令第2条第1項第26号,340CO0000000002
4977-62-2,deleterious,劇物,Deleterious Substance,毒物及び劇物取締法,Poisonous and Deleterious Substances Control Act,NITE-CHRIP RJ_03_001 法律又は政令番号: 政令第2条第1項第32号,340CO0000000002
4979-72-0,deleterious,劇物,Deleterious Substance,毒物及び劇物取締法,Poisonous and Deleterious Substances Control Act,NITE-CHRIP RJ_03_001 法律又は政令番号: 政令第2条第1項第96号,340CO0000000002
50-00-0,deleterious,劇物,Deleterious Substance,毒物及び劇物取締法,Poisonous and Deleterious Substances Control Act,NITE-CHRIP RJ_03_001 法律又は政令番号: 政令第2条第1項第97号,340CO0000000002
50-00-0,deleterious,劇物,Deleterious Substance,毒物及び劇物取締法,Poisonous and Deleterious Substances Control Act,NITE-CHRIP RJ_03_001 法律又は政令番号: 法律別表第2の81,340CO0000000002
50-00-0,deleterious,劇物,Deleterious Substance,毒物及び劇物取締法,Poisonous and Deleterious Substances Control Act,毒物及び劇物指定令 第二条（劇物）,340CO0000000002
5005-36-7,deleterious,劇物,Deleterious Substance,毒物及び劇物取締法,Poisonous and Deleterious Substances Control Act,NITE-CHRIP RJ_03_001 法律又は政令番号: 政令第2条第1項第32号,340CO0000000002
501-00-8,deleterious,劇物,Deleterious Substance,毒物及び劇物取締法,Poisonous and Deleterious Substances Control Act,NITE-CHRIP RJ_03_001 法律又は政令番号: 政令第2条第1項第32号,340CO0000000002
5015-38-3,deleterious,劇物,Deleterious Substance,毒物及び劇物取締法,Poisonous and Deleterious Substances Control Act,NITE-CHRIP RJ_03_001 法律又は政令番号: 政令第2条第1項第79号,340CO0000000002
503-20-8,deleterious,劇物,Deleterious Substance,毒物及び劇物取締法,Poisonous and Deleterious Substances Control Act,NITE-CHRIP RJ_03_001 法律又は政令番号: 政令第2条第1項第32号,340CO0000000002
50316-88-6,deleterious,劇物,Deleterious Substance,毒物及び劇物取締法,Poisonous and Deleterious Substances Control Act,NITE-CHRIP RJ_03_001 法律又は政令番号: 政令第2条第1項第26号,340CO0000000002
50543-78-7,deleterious,劇物,Deleterious Substance,毒物及び劇物取締法,Poisonous and Deleterious Substances Control Act,NITE-CHRIP RJ_03_001 法律又は政令番号: 政令第2条第1項第96号,340CO0000000002
506-82-1,deleterious,劇物,Deleterious Substance,毒物及び劇物取締法,Poisonous and Deleterious Substances Control Act,NITE-CHRIP RJ_03_001 法律又は政令番号: 政令第2条第1項第22号,340CO0000000002
50743-17-4,deleterious,劇物,Deleterious Substance,毒物及び劇物取締法,Poisonous and Deleterious Substances Control Act,NITE-CHRIP RJ_03_001 法律又は政令番号: 政令第2条第1項第32号,340CO0000000002
50874-93-6,deleterious,劇物,Deleterious Substance,毒物及び劇物取締法,Poisonous and Deleterious Substances Control Act,NITE-CHRIP RJ_03_001 法律又は政令番号: 政令第2条第1項第5号,340CO0000000002
50922-29-7,deleterious,劇物,Deleterious Substance,毒物及び劇物取締法,Poisonous and Deleterious Substances Control Act,NITE-CHRIP RJ_03_001 法律又は政令番号: 政令第2条第1項第26号,340CO0000000002
5098-14-6,deleterious,劇物,Deleterious Substance,毒物及び劇物取締法,Poisonous and Deleterious Substances Control Act,NITE-CHRIP RJ_03_001 法律又は政令番号: 政令第2条第1項第32号,340CO0000000002
51011-09-7,deleterious,劇物,Deleterious Substance,毒物及び劇物取締法,Poisonous and Deleterious Substances Control Act,NITE-CHRIP RJ_03_001 法律又は政令番号: 政令第2条第1項第62号,340CO0000000002
5103-73-1,deleterious,劇物,Deleterious Substance,毒物及び劇物取締法,Poisonous and Deleterious Substances Control Act,NITE-CHRIP RJ_03_001,340CO0000000002
5112-16-3,deleterious,劇物,Deleterious Substance,毒物及び劇物取締法,Poisonous and Deleterious Substances Control Act,NITE-CHRIP RJ_03_001 法律又は政令番号: 政令第2条第1項第22号,340CO0000000002
512-26-5,deleterious,劇物,Deleterious Substance,毒物及び劇物取締法,Poisonous and Deleterious Substances Control Act,NITE-CHRIP RJ_03_001 法律又は政令番号: 政令第2条第1項第77号,340CO0000000002
51222-60-7,deleterious,劇物,Deleterious Substance,毒物及び劇物取締法,Poisonous and Deleterious Substances Control Act,NITE-CHRIP RJ_03_001 法律又は政令番号: 政令第2条第1項第22号,340CO0000000002
51283-38-6,deleterious,劇物,Deleterious Substance,毒物及び劇物取締法,Poisonous and Deleterious Substances Control Act,NITE-CHRIP RJ_03_001 法律又は政令番号: 政令第2条第1項第62号,340CO0000000002
513-77-9,deleterious,劇物,Deleterious Substance,毒物及び劇物取締法,Poisonous and Deleterious Substances Control Act,NITE-CHRIP RJ_03_001 法律又は政令番号: 政令第2条第1項第79号,340CO0000000002
513-78-0,deleterious,劇物,Deleterious Substance,毒物及び劇物取締法,Poisonous and Deleterious Substances Control Act,NITE-CHRIP RJ_03_001 法律又は政令番号: 政令第2条第1項第22号,340CO0000000002
51304-58-6,deleterious,劇物,Deleterious Substance,毒物及び劇物取締法,Poisonous and Deleterious Substances Control Act,NITE-CHRIP RJ_03_001 法律又は政令番号: 政令第2条第1項第32号,340CO0000000002
51325-91-8,deleterious,劇物,Deleterious Substance,毒物及び劇物取締法,Poisonous and Deleterious Substances Control Act,NITE-CHRIP RJ_03_001 法律又は政令番号: 政令第2条第1項第32号,340CO0000000002
51407-18-2,deleterious,劇物,Deleterious Substance,毒物及び劇物取締法,Poisonous and Deleterious Substances Control Act,NITE-CHRIP RJ_03_001 法律又は政令番号: 政令第2条第1項第62号,340CO0000000002
51594-55-9,deleterious,劇物,Deleterious Substance,毒物及び劇物取締法,Poisonous and Deleterious Substances Control Act,NITE-CHRIP RJ_03_001 法律又は政令番号: 政令第2条第1項第15号の2,340CO0000000002
516-02-9,deleterious,劇物,Deleterious Substance,毒物及び劇物取締法,Poisonous and Deleterious Substances Control Act,NITE-CHRIP RJ_03_001 法律又は政令番号: 政令第2条第1項第79号,340CO0000000002
516-03-0,deleterious,劇物,Deleterious Substance,毒物及び劇物取締法,Poisonous and Deleterious Substances Control Act,NITE-CHRIP RJ_03_001 法律又は政令番号: 政令第2条第1項第62号,340CO0000000002
51630-58-1,deleterious,劇物,Deleterious Substance,毒物及び劇物取締法,Poisonous and Deleterious Substances Control Act,NITE-CHRIP RJ_03_001 法律又は政令番号: 政令第2条第1項第32号,340CO0000000002
51632-29-2,deleterious,劇物,Deleterious Substance,毒物及び劇物取締法,Poisonous and Deleterious Substances Control Act,NITE-CHRIP RJ_03_001 法律又は政令番号: 政令第2条第1項第32号,340CO0000000002
51762-67-5,deleterious,劇物,Deleterious Substance,毒物及び劇物取締法,Poisonous and Deleterious Substances Control Act,NITE-CHRIP RJ_03_001 法律又は政令番号: 政令第2条第1項第32号,340CO0000000002
51762-68-6,deleterious,劇物,Deleterious Substance,毒物及び劇物取締法,Poisonous and Deleterious Substances Control Act,NITE-CHRIP RJ_03_001 法律又は政令番号: 政令第2条第1項第32号,340CO0000000002
51762-94-8,deleterious,劇物,Deleterious Substance,毒物及び劇物取締法,Poisonous and Deleterious Substances Control Act,NITE-CHRIP RJ_03_001 法律又は政令番号: 政令第2条第1項第32号,340CO0000000002
51855-90-4,deleterious,劇物,Deleterious Substance,毒物及び劇物取締法,Poisonous and Deleterious Substances Control Act,NITE-CHRIP RJ_03_001 法律又は政令番号: 政令第2条第1項第62号,340CO0000000002
51956-33-3,deleterious,劇物,Deleterious Substance,毒物及び劇物取締法,Poisonous and Deleterious Substances Control Act,NITE-CHRIP RJ_03_001 法律又は政令番号: 政令第2条第1項第79号,340CO0000000002
52-53-9,deleterious,劇物,Deleterious Substance,毒物及び劇物取締法,Poisonous and Deleterious Substances Control Act,NITE-CHRIP RJ_03_001 法律又は政令番号: 政令第2条第1項第32号,340CO0000000002
52-68-6,deleterious,劇物,Deleterious Substance,毒物及び劇物取締法,Poisonous and Deleterious Substances Control Act,NITE-CHRIP RJ_03_001,340CO0000000002
52110-72-2,deleterious,劇物,Deleterious Substance,毒物及び劇物取締法,Poisonous and Deleterious Substances Control Act,NITE-CHRIP RJ_03_001 法律又は政令番号: 政令第2条第1項第26号,340CO0000000002
5230-87-5,deleterious,劇物,Deleterious Substance,毒物及び劇物取締法,Poisonous and Deleterious Substances Control Act,NITE-CHRIP RJ_03_001 法律又は政令番号: 政令第2条第1項第39号,340CO0000000002
5230-87-5,deleterious,劇物,Deleterious Substance,毒物及び劇物取締法,Poisonous and Deleterious Substances Control Act,毒物及び劇物指定令 第二条（劇物）,340CO0000000002
52315-06-7,deleterious,劇物,Deleterious Substance,毒物及び劇物取締法,Poisonous and Deleterious Substances Control Act,NITE-CHRIP RJ_03_001 法律又は政令番号: 政令第2条第1項第32号,340CO0000000002
52315-07-8,deleterious,劇物,Deleterious Substance,毒物及び劇物取締法,Poisonous and Deleterious Substances Control Act,NITE-CHRIP RJ_03_001 法律又は政令番号: 政令第2条第1項第32号,340CO0000000002
5232-99-5,deleterious,劇物,Deleterious Substance,毒物及び劇物取締法,Poisonous and Deleterious Substances Control Act,NITE-CHRIP RJ_03_001 法律又は政令番号: 政令第2条第1項第32号,340CO0000000002
52337-73-2,deleterious,劇物,Deleterious Substance,毒物及び劇物取締法,Poisonous and Deleterious Substances Control Act,NITE-CHRIP RJ_03_001 法律又は政令番号: 政令第2条第1項第77号,340CO0000000002
52337-78-7,deleterious,劇物,Deleterious Substance,毒物及び劇物取締法,Poisonous and Deleterious Substances Control Act,NITE-CHRIP RJ_03_001 法律又は政令番号: 政令第2条第1項第22号,340CO0000000002
52482-46-9,deleterious,劇物,Deleterious Substance,毒物及び劇物取締法,Poisonous and Deleterious Substances Control Act,NITE-CHRIP RJ_03_001 法律又は政令番号: 政令第2条第1項第62号,340CO0000000002
52847-85-5,deleterious,劇物,Deleterious Substance,毒物及び劇物取締法,Poisonous and Deleterious Substances Control Act,NITE-CHRIP RJ_03_001 法律又は政令番号: 政令第2条第1項第77号,340CO0000000002
53003-10-4,deleterious,劇物,Deleterious Substance,毒物及び劇物取締法,Poisonous and Deleterious Substances Control Act,NITE-CHRIP RJ_03_001 法律又は政令番号: 政令第2条第1項第30号の5,340CO0000000002
53113-58-9,deleterious,劇物,Deleterious Substance,毒物及び劇物取締法,Poisonous and Deleterious Substances Control Act,NITE-CHRIP RJ_03_001 法律又は政令番号: 政令第2条第1項第77号,340CO0000000002
53120-23-3,deleterious,劇物,Deleterious Substance,毒物及び劇物取締法,Poisonous and Deleterious Substances Control Act,NITE-CHRIP RJ_03_001 法律又は政令番号: 政令第2条第1項第7号,340CO0000000002
53179-04-7,deleterious,劇物,Deleterious Substance,毒物及び劇物取締法,Poisonous and Deleterious Substances Control Act,NITE-CHRIP RJ_03_001 法律又は政令番号: 政令第2条第1項第32号,340CO0000000002
532-28-5,deleterious,劇物,Deleterious Substance,毒物及び劇物取締法,Poisonous and Deleterious Substances Control Act,NITE-CHRIP RJ_03_001 法律又は政令番号: 政令第2条第1項第32号,340CO0000000002
53206-40-9,deleterious,劇物,Deleterious Substance,毒物及び劇物取締法,Poisonous and Deleterious Substances Control Act,NITE-CHRIP RJ_03_001 法律又は政令番号: 政令第2条第1項第26号,340CO0000000002
53206-41-0,deleterious,劇物,Deleterious Substance,毒物及び劇物取締法,Poisonous and Deleterious Substances Control Act,NITE-CHRIP RJ_03_001 法律又は政令番号: 政令第2条第1項第26号,340CO0000000002
533-51-7,deleterious,劇物,Deleterious Substance,毒物及び劇物取締法,Poisonous and Deleterious Substances Control Act,NITE-CHRIP RJ_03_001 法律又は政令番号: 政令第2条第1項第24号,340CO0000000002
533-74-4,deleterious,劇物,Deleterious Substance,毒物及び劇物取締法,Poisonous and Deleterious Substances Control Act,NITE-CHRIP RJ_03_001 法律又は政令番号: 政令第2条第1項第69号の4,340CO0000000002
5332-06-9,deleterious,劇物,Deleterious Substance,毒物及び劇物取締法,Poisonous and Deleterious Substances Control Act,NITE-CHRIP RJ_03_001 法律又は政令番号: 政令第2条第1項第32号,340CO0000000002
5334-43-0,deleterious,劇物,Deleterious Substance,毒物及び劇物取締法,Poisonous and Deleterious Substances Control Act,NITE-CHRIP RJ_03_001 法律又は政令番号: 政令第2条第1項第32号,340CO0000000002
5336-75-4,deleterious,劇物,Deleterious Substance,毒物及び劇物取締法,Poisonous and Deleterious Substances Control Act,NITE-CHRIP RJ_03_001 法律又は政令番号: 政令第2条第1項第32号,340CO0000000002
534-16-7,deleterious,劇物,Deleterious Substance,毒物及び劇物取締法,Poisonous and Deleterious Substances Control Act,NITE-CHRIP RJ_03_001 法律又は政令番号: 政令第2条第1項第24号,340CO0000000002
53421-36-6,deleterious,劇物,Deleterious Substance,毒物及び劇物取締法,Poisonous and Deleterious Substances Control Act,NITE-CHRIP RJ_03_001 法律又は政令番号: 政令第2条第1項第72号,340CO0000000002
5349-28-0,deleterious,劇物,Deleterious Substance,毒物及び劇物取締法,Poisonous and Deleterious Substances Control Act,NITE-CHRIP RJ_03_001 法律又は政令番号: 政令第2条第1項第109号,340CO0000000002
5349-28-0,deleterious,劇物,Deleterious Substance,毒物及び劇物取締法,Poisonous and Deleterious Substances Control Act,NITE-CHRIP RJ_03_001 法律又は政令番号: 法律別表第2の92,340CO0000000002
5349-28-0,deleterious,劇物,Deleterious Substance,毒物及び劇物取締法,Poisonous and Deleterious Substances Control Act,毒物及び劇物指定令 第二条（劇物）,340CO0000000002
53545-96-3,deleterious,劇物,Deleterious Substance,毒物及び劇物取締法,Poisonous and Deleterious Substances Control Act,NITE-CHRIP RJ_03_001 法律又は政令番号: 政令第2条第1項第32号,340CO0000000002
53558-25-1,deleterious,劇物,Deleterious Substance,毒物及び劇物取締法,Poisonous and Deleterious Substances Control Act,NITE-CHRIP RJ_03_001 法律又は政令番号: 政令第2条第1項第77号の4,340CO0000000002
53558-25-1,deleterious,劇物,Deleterious Substance,毒物及び劇物取締法,Poisonous and Deleterious Substances Control Act,毒物及び劇物指定令 第二条（劇物）,340CO0000000002
53608-87-0,deleterious,劇物,Deleterious Substance,毒物及び劇物取締法,Poisonous and Deleterious Substances Control Act,NITE-CHRIP RJ_03_001 法律又は政令番号: 政令第2条第1項第62号,340CO0000000002
537-03-1,deleterious,劇物,Deleterious Substance,毒物及び劇物取締法,Poisonous and Deleterious Substances Control Act,NITE-CHRIP RJ_03_001 法律又は政令番号: 政令第2条第1項第62号,340CO0000000002
53823-70-4,deleterious,劇物,Deleterious Substance,毒物及び劇物取締法,Poisonous and Deleterious Substances Control Act,NITE-CHRIP RJ_03_001 法律又は政令番号: 政令第2条第1項第79号,340CO0000000002
53941-45-0,deleterious,劇物,Deleterious Substance,毒物及び劇物取締法,Poisonous and Deleterious Substances Control Act,NITE-CHRIP RJ_03_001 法律又は政令番号: 政令第2条第1項第32号,340CO0000000002
5399-02-0,deleterious,劇物,Deleterious Substance,毒物及び劇物取締法,Poisonous and Deleterious Substances Control Act,NITE-CHRIP RJ_03_001 法律又は政令番号: 政令第2条第1項第32号,340CO0000000002
54-64-8,deleterious,劇物,Deleterious Substance,毒物及び劇物取締法,Poisonous and Deleterious Substances Control Act,NITE-CHRIP RJ_03_001 法律又は政令番号: 政令第2条第1項第22号の2,340CO0000000002
540-23-8,deleterious,劇物,Deleterious Substance,毒物及び劇物取締法,Poisonous and Deleterious Substances Control Act,NITE-CHRIP RJ_03_001 法律又は政令番号: 政令第2条第1項第75号,340CO0000000002
540-61-4,deleterious,劇物,Deleterious Substance,毒物及び劇物取締法,Poisonous and Deleterious Substances Control Act,NITE-CHRIP RJ_03_001 法律又は政令番号: 政令第2条第1項第32号,340CO0000000002
540-80-7,deleterious,劇物,Deleterious Substance,毒物及び劇物取締法,Poisonous and Deleterious Substances Control Act,NITE-CHRIP RJ_03_001 法律又は政令番号: 政令第2条第1項第2号の2,340CO0000000002
54075-76-2,deleterious,劇物,Deleterious Substance,毒物及び劇物取締法,Poisonous and Deleterious Substances Control Act,NITE-CHRIP RJ_03_001 法律又は政令番号: 政令第2条第1項第7号,340CO0000000002
541-09-3,deleterious,劇物,Deleterious Substance,毒物及び劇物取締法,Poisonous and Deleterious Substances Control Act,NITE-CHRIP RJ_03_001 法律又は政令番号: 政令第2条第1項第11号,340CO0000000002
541-43-5,deleterious,劇物,Deleterious Substance,毒物及び劇物取締法,Poisonous and Deleterious Substances Control Act,NITE-CHRIP RJ_03_001 法律又は政令番号: 政令第2条第1項第79号,340CO0000000002
541-69-5,deleterious,劇物,Deleterious Substance,毒物及び劇物取締法,Poisonous and Deleterious Substances Control Act,NITE-CHRIP RJ_03_001 法律又は政令番号: 政令第2条第1項第84号,340CO0000000002
5414-21-1,deleterious,劇物,Deleterious Substance,毒物及び劇物取締法,Poisonous and Deleterious Substances Control Act,NITE-CHRIP RJ_03_001 法律又は政令番号: 政令第2条第1項第32号,340CO0000000002
5417-82-3,deleterious,劇物,Deleterious Substance,毒物及び劇物取締法,Poisonous and Deleterious Substances Control Act,NITE-CHRIP RJ_03_001 法律又は政令番号: 政令第2条第1項第32号,340CO0000000002
542-14-3,deleterious,劇物,Deleterious Substance,毒物及び劇物取締法,Poisonous and Deleterious Substances Control Act,NITE-CHRIP RJ_03_001 法律又は政令番号: 政令第2条第1項第4号,340CO0000000002
542-16-5,deleterious,劇物,Deleterious Substance,毒物及び劇物取締法,Poisonous and Deleterious Substances Control Act,NITE-CHRIP RJ_03_001 法律又は政令番号: 政令第2条第1項第4号,340CO0000000002
542-54-1,deleterious,劇物,Deleterious Substance,毒物及び劇物取締法,Poisonous and Deleterious Substances Control Act,NITE-CHRIP RJ_03_001 法律又は政令番号: 政令第2条第1項第32号,340CO0000000002
542-56-3,deleterious,劇物,Deleterious Substance,毒物及び劇物取締法,Poisonous and Deleterious Substances Control Act,NITE-CHRIP RJ_03_001 法律又は政令番号: 政令第2条第1項第1号の5,340CO0000000002
542-56-3,deleterious,劇物,Deleterious Substance,毒物及び劇物取締法,Poisonous and Deleterious Substances Control Act,毒物及び劇物指定令 第二条（劇物）,340CO0000000002
542-75-6,deleterious,劇物,Deleterious Substance,毒物及び劇物取締法,Poisonous and Deleterious Substances Control Act,NITE-CHRIP RJ_03_001 法律又は政令番号: 政令第2条第1項第41号の5,340CO0000000002
542-75-6,deleterious,劇物,Deleterious Substance,毒物及び劇物取締法,Poisonous and Deleterious Substances Control Act,毒物及び劇物指定令 第二条（劇物）,340CO0000000002
542-76-7,deleterious,劇物,Deleterious Substance,毒物及び劇物取締法,Poisonous and Deleterious Substances Control Act,NITE-CHRIP RJ_03_001 法律又は政令番号: 政令第2条第1項第32号,340CO0000000002
543-21-5,deleterious,劇物,Deleterious Substance,毒物及び劇物取締法,Poisonous and Deleterious Substances Control Act,NITE-CHRIP RJ_03_001 法律又は政令番号: 政令第2条第1項第3号,340CO0000000002
543-21-5,deleterious,劇物,Deleterious Substance,毒物及び劇物取締法,Poisonous and Deleterious Substances Control Act,毒物及び劇物指定令 第二条（劇物）,340CO0000000002
543-80-6,deleterious,劇物,Deleterious Substance,毒物及び劇物取締法,Poisonous and Deleterious Substances Control Act,NITE-CHRIP RJ_03_001 法律又は政令番号: 政令第2条第1項第79号,340CO0000000002
543-90-8,deleterious,劇物,Deleterious Substance,毒物及び劇物取締法,Poisonous and Deleterious Substances Control Act,NITE-CHRIP RJ_03_001 法律又は政令番号: 政令第2条第1項第22号,340CO0000000002
544-13-8,deleterious,劇物,Deleterious Substance,毒物及び劇物取締法,Poisonous and Deleterious Substances Control Act,NITE-CHRIP RJ_03_001 法律又は政令番号: 政令第2条第1項第32号,340CO0000000002
544-19-4,deleterious,劇物,Deleterious Substance,毒物及び劇物取締法,Poisonous and Deleterious Substances Control Act,NITE-CHRIP RJ_03_001 法律又は政令番号: 政令第2条第1項第72号,340CO0000000002
5444-02-0,deleterious,劇物,Deleterious Substance,毒物及び劇物取締法,Poisonous and Deleterious Substances Control Act,NITE-CHRIP RJ_03_001 法律又は政令番号: 政令第2条第1項第32号,340CO0000000002
5447-66-5,deleterious,劇物,Deleterious Substance,毒物及び劇物取締法,Poisonous and Deleterious Substances Control Act,NITE-CHRIP RJ_03_001 法律又は政令番号: 政令第2条第1項第32号,340CO0000000002
545-06-2,deleterious,劇物,Deleterious Substance,毒物及び劇物取締法,Poisonous and Deleterious Substances Control Act,NITE-CHRIP RJ_03_001 法律又は政令番号: 政令第2条第1項第32号,340CO0000000002
5457-28-3,deleterious,劇物,Deleterious Substance,毒物及び劇物取締法,Poisonous and Deleterious Substances Control Act,NITE-CHRIP RJ_03_001 法律又は政令番号: 政令第2条第1項第32号,340CO0000000002
5459-58-5,deleterious,劇物,Deleterious Substance,毒物及び劇物取締法,Poisonous and Deleterious Substances Control Act,NITE-CHRIP RJ_03_001 法律又は政令番号: 政令第2条第1項第32号,340CO0000000002
546-67-8,deleterious,劇物,Deleterious Substance,毒物及び劇物取締法,Poisonous and Deleterious Substances Control Act,NITE-CHRIP RJ_03_001 法律又は政令番号: 政令第2条第1項第77号,340CO0000000002
5466-22-8,deleterious,劇物,Deleterious Substance,毒物及び劇物取締法,Poisonous and Deleterious Substances Control Act,NITE-CHRIP RJ_03_001 法律又は政令番号: 政令第2条第1項第32号,340CO0000000002
5466-54-6,deleterious,劇物,Deleterious Substance,毒物及び劇物取締法,Poisonous and Deleterious Substances Control Act,NITE-CHRIP RJ_03_001 法律又は政令番号: 政令第2条第1項第32号,340CO0000000002
5467-94-7,deleterious,劇物,Deleterious Substance,毒物及び劇物取締法,Poisonous and Deleterious Substances Control Act,NITE-CHRIP RJ_03_001 法律又は政令番号: 政令第2条第1項第32号,340CO0000000002
54673-07-3,deleterious,劇物,Deleterious Substance,毒物及び劇物取締法,Poisonous and Deleterious Substances Control Act,NITE-CHRIP RJ_03_001 法律又は政令番号: 政令第2条第1項第32号,340CO0000000002
547-66-0,deleterious,劇物,Deleterious Substance,毒物及び劇物取締法,Poisonous and Deleterious Substances Control Act,NITE-CHRIP RJ_03_001 法律又は政令番号: 政令第2条第1項第62号,340CO0000000002
547-67-1,deleterious,劇物,Deleterious Substance,毒物及び劇物取締法,Poisonous and Deleterious Substances Control Act,NITE-CHRIP RJ_03_001 法律又は政令番号: 政令第2条第1項第62号,340CO0000000002
547-68-2,deleterious,劇物,Deleterious Substance,毒物及び劇物取締法,Poisonous and Deleterious Substances Control Act,NITE-CHRIP RJ_03_001 法律又は政令番号: 政令第2条第1項第1号,340CO0000000002
5470-11-1,deleterious,劇物,Deleterious Substance,毒物及び劇物取締法,Poisonous and Deleterious Substances Control Act,NITE-CHRIP RJ_03_001 法律又は政令番号: 政令第2条第1項第82号,340CO0000000002
54714-50-0,deleterious,劇物,Deleterious Substance,毒物及び劇物取締法,Poisonous and Deleterious Substances Control Act,NITE-CHRIP RJ_03_001 法律又は政令番号: 政令第2条第1項第32号,340CO0000000002
54798-28-6,deleterious,劇物,Deleterious Substance,毒物及び劇物取締法,Poisonous and Deleterious Substances Control Act,NITE-CHRIP RJ_03_001 法律又は政令番号: 政令第2条第1項第32号,340CO0000000002
54837-90-0,deleterious,劇物,Deleterious Substance,毒物及び劇物取締法,Poisonous and Deleterious Substances Control Act,NITE-CHRIP RJ_03_001 法律又は政令番号: 政令第2条第1項第6号,340CO0000000002
54837-93-3,deleterious,劇物,Deleterious Substance,毒物及び劇物取締法,Poisonous and Deleterious Substances Control Act,NITE-CHRIP RJ_03_001 法律又は政令番号: 政令第2条第1項第5号,340CO0000000002
54983-89-0,deleterious,劇物,Deleterious Substance,毒物及び劇物取締法,Poisonous and Deleterious Substances Control Act,NITE-CHRIP RJ_03_001 法律又は政令番号: 政令第2条第1項第79号,340CO0000000002
55-38-9,deleterious,劇物,Deleterious Substance,毒物及び劇物取締法,Poisonous and Deleterious Substances Control Act,NITE-CHRIP RJ_03_001 法律又は政令番号: 法律別表第2の46,340CO0000000002
5500-21-0,deleterious,劇物,Deleterious Substance,毒物及び劇物取締法,Poisonous and Deleterious Substances Control Act,NITE-CHRIP RJ_03_001 法律又は政令番号: 政令第2条第1項第32号,340CO0000000002
55067-10-2,deleterious,劇物,Deleterious Substance,毒物及び劇物取締法,Poisonous and Deleterious Substances Control Act,NITE-CHRIP RJ_03_001 法律又は政令番号: 政令第2条第1項第32号,340CO0000000002
55134-13-9,deleterious,劇物,Deleterious Substance,毒物及び劇物取締法,Poisonous and Deleterious Substances Control Act,NITE-CHRIP RJ_03_001 法律又は政令番号: 政令第2条第1項第77号の2,340CO0000000002
55134-13-9,deleterious,劇物,Deleterious Substance,毒物及び劇物取締法,Poisonous and Deleterious Substances Control Act,毒物及び劇物指定令 第二条（劇物）,340CO0000000002
55285-14-8,deleterious,劇物,Deleterious Substance,毒物及び劇物取締法,Poisonous and Deleterious Substances Control Act,NITE-CHRIP RJ_03_001 法律又は政令番号: 政令第2条第1項第46号の3,340CO0000000002
55285-14-8,deleterious,劇物,Deleterious Substance,毒物及び劇物取締法,Poisonous and Deleterious Substances Control Act,毒物及び劇物指定令 第二条（劇物）,340CO0000000002
553-91-3,deleterious,劇物,Deleterious Substance,毒物及び劇物取締法,Poisonous and Deleterious Substances Control Act,NITE-CHRIP RJ_03_001 法律又は政令番号: 政令第2条第1項第62号,340CO0000000002
5532-86-5,deleterious,劇物,Deleterious Substance,毒物及び劇物取締法,Poisonous and Deleterious Substances Control Act,NITE-CHRIP RJ_03_001 法律又は政令番号: 政令第2条第1項第32号,340CO0000000002
5537-71-3,deleterious,劇物,Deleterious Substance,毒物及び劇物取締法,Poisonous and Deleterious Substances Control Act,NITE-CHRIP RJ_03_001 法律又は政令番号: 政令第2条第1項第32号,340CO0000000002
55425-74-6,deleterious,劇物,Deleterious Substance,毒物及び劇物取締法,Poisonous and Deleterious Substances Control Act,NITE-CHRIP RJ_03_001 法律又は政令番号: 政令第2条第1項第22号,340CO0000000002
55467-74-8,deleterious,劇物,Deleterious Substance,毒物及び劇物取締法,Poisonous and Deleterious Substances Control Act,NITE-CHRIP RJ_03_001 法律又は政令番号: 政令第2条第1項第7号,340CO0000000002
555-21-5,deleterious,劇物,Deleterious Substance,毒物及び劇物取締法,Poisonous and Deleterious Substances Control Act,NITE-CHRIP RJ_03_001 法律又は政令番号: 政令第2条第1項第32号,340CO0000000002
555-34-0,deleterious,劇物,Deleterious Substance,毒物及び劇物取締法,Poisonous and Deleterious Substances Control Act,NITE-CHRIP RJ_03_001 法律又は政令番号: 政令第2条第1項第62号,340CO0000000002
555-60-2,deleterious,劇物,Deleterious Substance,毒物及び劇物取締法,Poisonous and Deleterious Substances Control Act,NITE-CHRIP RJ_03_001 法律又は政令番号: 政令第2条第1項第32号,340CO0000000002
55508-12-8,deleterious,劇物,Deleterious Substance,毒物及び劇物取締法,Poisonous and Deleterious Substances Control Act,NITE-CHRIP RJ_03_001 法律又は政令番号: 政令第2条第1項第79号,340CO0000000002
5558-67-8,deleterious,劇物,Deleterious Substance,毒物及び劇物取締法,Poisonous and Deleterious Substances Control Act,NITE-CHRIP RJ_03_001 法律又は政令番号: 政令第2条第1項第32号,340CO0000000002
556-61-6,deleterious,劇物,Deleterious Substance,毒物及び劇物取締法,Poisonous and Deleterious Substances Control Act,NITE-CHRIP RJ_03_001 法律又は政令番号: 政令第2条第1項第98号の11,340CO0000000002
557-34-6,deleterious,劇物,Deleterious Substance,毒物及び劇物取締法,Poisonous and Deleterious Substances Control Act,NITE-CHRIP RJ_03_001 法律又は政令番号: 政令第2条第1項第1号,340CO0000000002
557-42-6,deleterious,劇物,Deleterious Substance,毒物及び劇物取締法,Poisonous and Deleterious Substances Control Act,NITE-CHRIP RJ_03_001 法律又は政令番号: 政令第2条第1項第1号,340CO0000000002
55700-14-6,deleterious,劇物,Deleterious Substance,毒物及び劇物取締法,Poisonous and Deleterious Substances Control Act,NITE-CHRIP RJ_03_001 法律又は政令番号: 政令第2条第1項第22号,340CO0000000002
55721-31-8,deleterious,劇物,Deleterious Substance,毒物及び劇物取締法,Poisonous and Deleterious Substances Control Act,NITE-CHRIP RJ_03_001 法律又は政令番号: 政令第2条第1項第30号の5,340CO0000000002
55819-76-6,deleterious,劇物,Deleterious Substance,毒物及び劇物取締法,Poisonous and Deleterious Substances Control Act,NITE-CHRIP RJ_03_001 法律又は政令番号: 政令第2条第1項第32号,340CO0000000002
56-23-5,deleterious,劇物,Deleterious Substance,毒物及び劇物取締法,Poisonous and Deleterious Substances Control Act,NITE-CHRIP RJ_03_001 法律又は政令番号: 政令第2条第1項第38号,340CO0000000002
56-23-5,deleterious,劇物,Deleterious Substance,毒物及び劇物取締法,Poisonous and Deleterious Substances Control Act,NITE-CHRIP RJ_03_001 法律又は政令番号: 法律別表第2の26,340CO0000000002
56-23-5,deleterious,劇物,Deleterious Substance,毒物及び劇物取締法,Poisonous and Deleterious Substances Control Act,毒物及び劇物指定令 第二条（劇物）,340CO0000000002
56-35-9,deleterious,劇物,Deleterious Substance,毒物及び劇物取締法,Poisonous and Deleterious Substances Control Act,NITE-CHRIP RJ_03_001 法律又は政令番号: 政令第2条第1項第67号,340CO0000000002
56-36-0,deleterious,劇物,Deleterious Substance,毒物及び劇物取締法,Poisonous and Deleterious Substances Control Act,NITE-CHRIP RJ_03_001 法律又は政令番号: 政令第2条第1項第67号,340CO0000000002
56189-09-4,deleterious,劇物,Deleterious Substance,毒物及び劇物取締法,Poisonous and Deleterious Substances Control Act,NITE-CHRIP RJ_03_001 法律又は政令番号: 政令第2条第1項第77号,340CO0000000002
563-12-2,deleterious,劇物,Deleterious Substance,毒物及び劇物取締法,Poisonous and Deleterious Substances Control Act,NITE-CHRIP RJ_03_001,340CO0000000002
563-63-3,deleterious,劇物,Deleterious Substance,毒物及び劇物取締法,Poisonous and Deleterious Substances Control Act,NITE-CHRIP RJ_03_001 法律又は政令番号: 政令第2条第1項第24号,340CO0000000002
563-68-8,deleterious,劇物,Deleterious Substance,毒物及び劇物取締法,Poisonous and Deleterious Substances Control Act,NITE-CHRIP RJ_03_001 法律又は政令番号: 政令第2条第1項第30号の4,340CO0000000002
563-68-8,deleterious,劇物,Deleterious Substance,毒物及び劇物取締法,Poisonous and Deleterious Substances Control Act,毒物及び劇物指定令 第二条（劇物）,340CO0000000002
563-72-4,deleterious,劇物,Deleterious Substance,毒物及び劇物取締法,Poisonous and Deleterious Substances Control Act,NITE-CHRIP RJ_03_001 法律又は政令番号: 政令第2条第1項第62号,340CO0000000002
56320-90-2,deleterious,劇物,Deleterious Substance,毒物及び劇物取締法,Poisonous and Deleterious Substances Control Act,NITE-CHRIP RJ_03_001 法律又は政令番号: 政令第2条第1項第26号,340CO0000000002
56341-36-7,deleterious,劇物,Deleterious Substance,毒物及び劇物取締法,Poisonous and Deleterious Substances Control Act,NITE-CHRIP RJ_03_001 法律又は政令番号: 政令第2条第1項第32号,340CO0000000002
5653-62-3,deleterious,劇物,Deleterious Substance,毒物及び劇物取締法,Poisonous and Deleterious Substances Control Act,NITE-CHRIP RJ_03_001 法律又は政令番号: 政令第2条第1項第32号,340CO0000000002
56549-24-7,deleterious,劇物,Deleterious Substance,毒物及び劇物取締法,Poisonous and Deleterious Substances Control Act,NITE-CHRIP RJ_03_001 法律又は政令番号: 政令第2条第1項第60号,340CO0000000002
56660-19-6,deleterious,劇物,Deleterious Substance,毒物及び劇物取締法,Poisonous and Deleterious Substances Control Act,NITE-CHRIP RJ_03_001 法律又は政令番号: 政令第2条第1項第60号,340CO0000000002
56765-79-8,deleterious,劇物,Deleterious Substance,毒物及び劇物取締法,Poisonous and Deleterious Substances Control Act,NITE-CHRIP RJ_03_001 法律又は政令番号: 政令第2条第1項第32号,340CO0000000002
568591-00-4,deleterious,劇物,Deleterious Substance,毒物及び劇物取締法,Poisonous and Deleterious Substances Control Act,NITE-CHRIP RJ_03_001 法律又は政令番号: 政令第2条第1項第32号,340CO0000000002
57-74-9,deleterious,劇物,Deleterious Substance,毒物及び劇物取締法,Poisonous and Deleterious Substances Control Act,NITE-CHRIP RJ_03_001 法律又は政令番号: 政令第2条第1項第18号の5,340CO0000000002
57-74-9,deleterious,劇物,Deleterious Substance,毒物及び劇物取締法,Poisonous and Deleterious Substances Control Act,毒物及び劇物指定令 第二条（劇物）,340CO0000000002
57142-78-6,deleterious,劇物,Deleterious Substance,毒物及び劇物取締法,Poisonous and Deleterious Substances Control Act,NITE-CHRIP RJ_03_001 法律又は政令番号: 政令第2条第1項第77号,340CO0000000002
5715-02-6,deleterious,劇物,Deleterious Substance,毒物及び劇物取締法,Poisonous and Deleterious Substances Control Act,NITE-CHRIP RJ_03_001 法律又は政令番号: 政令第2条第1項第32号,340CO0000000002
5724-56-1,deleterious,劇物,Deleterious Substance,毒物及び劇物取締法,Poisonous and Deleterious Substances Control Act,NITE-CHRIP RJ_03_001 法律又は政令番号: 政令第2条第1項第32号,340CO0000000002
573-83-1,deleterious,劇物,Deleterious Substance,毒物及び劇物取締法,Poisonous and Deleterious Substances Control Act,NITE-CHRIP RJ_03_001 法律又は政令番号: 政令第2条第1項第80号,340CO0000000002
5743-04-4,deleterious,劇物,Deleterious Substance,毒物及び劇物取締法,Poisonous and Deleterious Substances Control Act,NITE-CHRIP RJ_03_001 法律又は政令番号: 政令第2条第1項第22号,340CO0000000002
57520-17-9,deleterious,劇物,Deleterious Substance,毒物及び劇物取締法,Poisonous and Deleterious Substances Control Act,NITE-CHRIP RJ_03_001 法律又は政令番号: 政令第2条第1項第10号の3,340CO0000000002
57597-62-3,deleterious,劇物,Deleterious Substance,毒物及び劇物取締法,Poisonous and Deleterious Substances Control Act,NITE-CHRIP RJ_03_001 法律又は政令番号: 政令第2条第1項第32号,340CO0000000002
57842-27-0,deleterious,劇物,Deleterious Substance,毒物及び劇物取締法,Poisonous and Deleterious Substances Control Act,NITE-CHRIP RJ_03_001 法律又は政令番号: 政令第2条第1項第96号,340CO0000000002
5794-28-5,deleterious,劇物,Deleterious Substance,毒物及び劇物取締法,Poisonous and Deleterious Substances Control Act,NITE-CHRIP RJ_03_001 法律又は政令番号: 政令第2条第1項第62号,340CO0000000002
5799-67-7,deleterious,劇物,Deleterious Substance,毒物及び劇物取締法,Poisonous and Deleterious Substances Control Act,NITE-CHRIP RJ_03_001 法律又は政令番号: 政令第2条第1項第96号,340CO0000000002
58-89-9,deleterious,劇物,Deleterious Substance,毒物及び劇物取締法,Poisonous and Deleterious Substances Control Act,NITE-CHRIP RJ_03_001,340CO0000000002
58-89-9,deleterious,劇物,Deleterious Substance,毒物及び劇物取締法,Poisonous and Deleterious Substances Control Act,毒物及び劇物指定令 第二条（劇物）,340CO0000000002
5807-02-3,deleterious,劇物,Deleterious Substance,毒物及び劇物取締法,Poisonous and Deleterious Substances Control Act,NITE-CHRIP RJ_03_001 法律又は政令番号: 政令第2条第1項第32号,340CO0000000002
5810-18-4,deleterious,劇物,Deleterious Substance,毒物及び劇物取締法,Poisonous and Deleterious Substances Control Act,NITE-CHRIP RJ_03_001 法律又は政令番号: 政令第2条第1項第32号,340CO0000000002
58164-88-8,deleterious,劇物,Deleterious Substance,毒物及び劇物取締法,Poisonous and Deleterious Substances Control Act,NITE-CHRIP RJ_03_001 法律又は政令番号: 政令第2条第1項第7号,340CO0000000002
58176-72-0,deleterious,劇物,Deleterious Substance,毒物及び劇物取締法,Poisonous and Deleterious Substances Control Act,NITE-CHRIP RJ_03_001 法律又は政令番号: 政令第2条第1項第62号,340CO0000000002
58264-04-3,deleterious,劇物,Deleterious Substance,毒物及び劇物取締法,Poisonous and Deleterious Substances Control Act,NITE-CHRIP RJ_03_001 法律又は政令番号: 政令第2条第1項第32号,340CO0000000002
5827-05-4,deleterious,劇物,Deleterious Substance,毒物及び劇物取締法,Poisonous and Deleterious Substances Control Act,NITE-CHRIP RJ_03_001 法律又は政令番号: 政令第2条第1項第33号,340CO0000000002
5827-05-4,deleterious,劇物,Deleterious Substance,毒物及び劇物取締法,Poisonous and Deleterious Substances Control Act,毒物及び劇物指定令 第二条（劇物）,340CO0000000002
58274-53-6,deleterious,劇物,Deleterious Substance,毒物及び劇物取締法,Poisonous and Deleterious Substances Control Act,NITE-CHRIP RJ_03_001 法律又は政令番号: 政令第2条第1項第77号,340CO0000000002
583-52-8,deleterious,劇物,Deleterious Substance,毒物及び劇物取締法,Poisonous and Deleterious Substances Control Act,NITE-CHRIP RJ_03_001 法律又は政令番号: 政令第2条第1項第62号,340CO0000000002
583-91-5,deleterious,劇物,Deleterious Substance,毒物及び劇物取締法,Poisonous and Deleterious Substances Control Act,NITE-CHRIP RJ_03_001 法律又は政令番号: 政令第2条第1項第80号の7,340CO0000000002
583-91-5,deleterious,劇物,Deleterious Substance,毒物及び劇物取締法,Poisonous and Deleterious Substances Control Act,毒物及び劇物指定令 第二条（劇物）,340CO0000000002
58405-97-3,deleterious,劇物,Deleterious Substance,毒物及び劇物取締法,Poisonous and Deleterious Substances Control Act,NITE-CHRIP RJ_03_001 法律又は政令番号: 政令第2条第1項第77号,340CO0000000002
58567-85-4,deleterious,劇物,Deleterious Substance,毒物及び劇物取締法,Poisonous and Deleterious Substances Control Act,NITE-CHRIP RJ_03_001 法律又は政令番号: 政令第2条第1項第62号,340CO0000000002
58632-95-4,deleterious,劇物,Deleterious Substance,毒物及び劇物取締法,Poisonous and Deleterious Substances Control Act,NITE-CHRIP RJ_03_001 法律又は政令番号: 政令第2条第1項第32号,340CO0000000002
58672-61-0,deleterious,劇物,Deleterious Substance,毒物及び劇物取締法,Poisonous and Deleterious Substances Control Act,NITE-CHRIP RJ_03_001 法律又は政令番号: 政令第2条第1項第96号,340CO0000000002
58728-64-6,deleterious,劇物,Deleterious Substance,毒物及び劇物取締法,Poisonous and Deleterious Substances Control Act,NITE-CHRIP RJ_03_001 法律又は政令番号: 政令第2条第1項第32号,340CO0000000002
58823-95-3,deleterious,劇物,Deleterious Substance,毒物及び劇物取締法,Poisonous and Deleterious Substances Control Act,NITE-CHRIP RJ_03_001 法律又は政令番号: 政令第2条第1項第79号,340CO0000000002
589-09-3,deleterious,劇物,Deleterious Substance,毒物及び劇物取締法,Poisonous and Deleterious Substances Control Act,NITE-CHRIP RJ_03_001 法律又は政令番号: 政令第2条第1項第5号,340CO0000000002
5895-86-3,deleterious,劇物,Deleterious Substance,毒物及び劇物取締法,Poisonous and Deleterious Substances Control Act,NITE-CHRIP RJ_03_001 法律又は政令番号: 政令第2条第1項第62号,340CO0000000002
590-17-0,deleterious,劇物,Deleterious Substance,毒物及び劇物取締法,Poisonous and Deleterious Substances Control Act,NITE-CHRIP RJ_03_001 法律又は政令番号: 政令第2条第1項第32号,340CO0000000002
59016-56-7,deleterious,劇物,Deleterious Substance,毒物及び劇物取締法,Poisonous and Deleterious Substances Control Act,NITE-CHRIP RJ_03_001 法律又は政令番号: 政令第2条第1項第96号,340CO0000000002
5902-95-4,deleterious,劇物,Deleterious Substance,毒物及び劇物取締法,Poisonous and Deleterious Substances Control Act,NITE-CHRIP RJ_03_001 法律又は政令番号: 政令第2条第1項第98号の6,340CO0000000002
5903-13-9,deleterious,劇物,Deleterious Substance,毒物及び劇物取締法,Poisonous and Deleterious Substances Control Act,NITE-CHRIP RJ_03_001 法律又は政令番号: 政令第2条第1項第100号の2,340CO0000000002
5903-13-9,deleterious,劇物,Deleterious Substance,毒物及び劇物取締法,Poisonous and Deleterious Substances Control Act,毒物及び劇物指定令 第二条（劇物）,340CO0000000002
591-65-1,deleterious,劇物,Deleterious Substance,毒物及び劇物取締法,Poisonous and Deleterious Substances Control Act,NITE-CHRIP RJ_03_001 法律又は政令番号: 政令第2条第1項第79号,340CO0000000002
592-02-9,deleterious,劇物,Deleterious Substance,毒物及び劇物取締法,Poisonous and Deleterious Substances Control Act,NITE-CHRIP RJ_03_001 法律又は政令番号: 政令第2条第1項第22号,340CO0000000002
592-51-8,deleterious,劇物,Deleterious Substance,毒物及び劇物取締法,Poisonous and Deleterious Substances Control Act,NITE-CHRIP RJ_03_001 法律又は政令番号: 政令第2条第1項第32号,340CO0000000002
592-87-0,deleterious,劇物,Deleterious Substance,毒物及び劇物取締法,Poisonous and Deleterious Substances Control Act,NITE-CHRIP RJ_03_001 法律又は政令番号: 政令第2条第1項第77号,340CO0000000002
594-10-5,deleterious,劇物,Deleterious Substance,毒物及び劇物取締法,Poisonous and Deleterious Substances Control Act,NITE-CHRIP RJ_03_001 法律又は政令番号: 政令第2条第1項第7号,340CO0000000002
594-31-0,deleterious,劇物,Deleterious Substance,毒物及び劇物取締法,Poisonous and Deleterious Substances Control Act,NITE-CHRIP RJ_03_001 法律又は政令番号: 政令第2条第1項第7号,340CO0000000002
595-89-1,deleterious,劇物,Deleterious Substance,毒物及び劇物取締法,Poisonous and Deleterious Substances Control Act,NITE-CHRIP RJ_03_001 法律又は政令番号: 政令第2条第1項第77号,340CO0000000002
5961-55-7,deleterious,劇物,Deleterious Substance,毒物及び劇物取締法,Poisonous and Deleterious Substances Control Act,NITE-CHRIP RJ_03_001 法律又は政令番号: 政令第2条第1項第32号,340CO0000000002
5965-38-8,deleterious,劇物,Deleterious Substance,毒物及び劇物取締法,Poisonous and Deleterious Substances Control Act,NITE-CHRIP RJ_03_001 法律又は政令番号: 政令第2条第1項第62号,340CO0000000002
59669-26-0,deleterious,劇物,Deleterious Substance,毒物及び劇物取締法,Poisonous and Deleterious Substances Control Act,NITE-CHRIP RJ_03_001 法律又は政令番号: 政令第2条第1項第71号の5,340CO0000000002
59669-26-0,deleterious,劇物,Deleterious Substance,毒物及び劇物取締法,Poisonous and Deleterious Substances Control Act,毒物及び劇物指定令 第二条（劇物）,340CO0000000002
5970-45-6,deleterious,劇物,Deleterious Substance,毒物及び劇物取締法,Poisonous and Deleterious Substances Control Act,NITE-CHRIP RJ_03_001 法律又は政令番号: 政令第2条第1項第1号,340CO0000000002
5972-72-5,deleterious,劇物,Deleterious Substance,毒物及び劇物取締法,Poisonous and Deleterious Substances Control Act,NITE-CHRIP RJ_03_001 法律又は政令番号: 政令第2条第1項第62号,340CO0000000002
598-20-9,deleterious,劇物,Deleterious Substance,毒物及び劇物取締法,Poisonous and Deleterious Substances Control Act,NITE-CHRIP RJ_03_001 法律又は政令番号: 政令第2条第1項第26号の6,340CO0000000002
598-20-9,deleterious,劇物,Deleterious Substance,毒物及び劇物取締法,Poisonous and Deleterious Substances Control Act,毒物及び劇物指定令 第二条（劇物）,340CO0000000002
598-31-2,deleterious,劇物,Deleterious Substance,毒物及び劇物取締法,Poisonous and Deleterious Substances Control Act,NITE-CHRIP RJ_03_001 法律又は政令番号: 政令第2条第1項第87号の3,340CO0000000002
598-31-2,deleterious,劇物,Deleterious Substance,毒物及び劇物取締法,Poisonous and Deleterious Substances Control Act,毒物及び劇物指定令 第二条（劇物）,340CO0000000002
598-54-9,deleterious,劇物,Deleterious Substance,毒物及び劇物取締法,Poisonous and Deleterious Substances Control Act,NITE-CHRIP RJ_03_001 法律又は政令番号: 政令第2条第1項第72号,340CO0000000002
598-63-0,deleterious,劇物,Deleterious Substance,毒物及び劇物取締法,Poisonous and Deleterious Substances Control Act,NITE-CHRIP RJ_03_001 法律又は政令番号: 政令第2条第1項第77号,340CO0000000002
5996-16-7,deleterious,劇物,Deleterious Substance,毒物及び劇物取締法,Poisonous and Deleterious Substances Control Act,NITE-CHRIP RJ_03_001 法律又は政令番号: 政令第2条第1項第79号,340CO0000000002
59997-51-2,deleterious,劇物,Deleterious Substance,毒物及び劇物取締法,Poisonous and Deleterious Substances Control Act,NITE-CHRIP RJ_03_001 法律又は政令番号: 政令第2条第1項第32号,340CO0000000002
60-51-5,deleterious,劇物,Deleterious Substance,毒物及び劇物取締法,Poisonous and Deleterious Substances Control Act,NITE-CHRIP RJ_03_001 法律又は政令番号: 政令第2条第1項第58号,340CO0000000002
60-51-5,deleterious,劇物,Deleterious Substance,毒物及び劇物取締法,Poisonous and Deleterious Substances Control Act,NITE-CHRIP RJ_03_001 法律又は政令番号: 法律別表第2の45,340CO0000000002
60-51-5,deleterious,劇物,Deleterious Substance,毒物及び劇物取締法,Poisonous and Deleterious Substances Control Act,毒物及び劇物指定令 第二条（劇物）,340CO0000000002
60-57-1,deleterious,劇物,Deleterious Substance,毒物及び劇物取締法,Poisonous and Deleterious Substances Control Act,NITE-CHRIP RJ_03_001 法律又は政令番号: 政令第2条第1項第89号,340CO0000000002
60-57-1,deleterious,劇物,Deleterious Substance,毒物及び劇物取締法,Poisonous and Deleterious Substances Control Act,NITE-CHRIP RJ_03_001 法律又は政令番号: 法律別表第2の75,340CO0000000002
6009-70-7,deleterious,劇物,Deleterious Substance,毒物及び劇物取締法,Poisonous and Deleterious Substances Control Act,NITE-CHRIP RJ_03_001 法律又は政令番号: 政令第2条第1項第62号,340CO0000000002
6011-14-9,deleterious,劇物,Deleterious Substance,毒物及び劇物取締法,Poisonous and Deleterious Substances Control Act,NITE-CHRIP RJ_03_001 法律又は政令番号: 政令第2条第1項第32号,340CO0000000002
6018-94-6,deleterious,劇物,Deleterious Substance,毒物及び劇物取締法,Poisonous and Deleterious Substances Control Act,NITE-CHRIP RJ_03_001 法律又は政令番号: 政令第2条第1項第62号,340CO0000000002
60251-56-1,deleterious,劇物,Deleterious Substance,毒物及び劇物取締法,Poisonous and Deleterious Substances Control Act,NITE-CHRIP RJ_03_001 法律又は政令番号: 政令第2条第1項第77号,340CO0000000002
603-36-1,deleterious,劇物,Deleterious Substance,毒物及び劇物取締法,Poisonous and Deleterious Substances Control Act,NITE-CHRIP RJ_03_001 法律又は政令番号: 政令第2条第1項第7号,340CO0000000002
6035-52-5,deleterious,劇物,Deleterious Substance,毒物及び劇物取締法,Poisonous and Deleterious Substances Control Act,NITE-CHRIP RJ_03_001 法律又は政令番号: 政令第2条第1項第79号,340CO0000000002
6035-54-7,deleterious,劇物,Deleterious Substance,毒物及び劇物取締法,Poisonous and Deleterious Substances Control Act,NITE-CHRIP RJ_03_001 法律又は政令番号: 政令第2条第1項第79号,340CO0000000002
6041-28-7,deleterious,劇物,Deleterious Substance,毒物及び劇物取締法,Poisonous and Deleterious Substances Control Act,NITE-CHRIP RJ_03_001 法律又は政令番号: 政令第2条第1項第32号,340CO0000000002
6046-93-1,deleterious,劇物,Deleterious Substance,毒物及び劇物取締法,Poisonous and Deleterious Substances Control Act,NITE-CHRIP RJ_03_001 法律又は政令番号: 政令第2条第1項第72号,340CO0000000002
6047-25-2,deleterious,劇物,Deleterious Substance,毒物及び劇物取締法,Poisonous and Deleterious Substances Control Act,NITE-CHRIP RJ_03_001 法律又は政令番号: 政令第2条第1項第62号,340CO0000000002
6047-91-2,deleterious,劇物,Deleterious Substance,毒物及び劇物取締法,Poisonous and Deleterious Substances Control Act,NITE-CHRIP RJ_03_001 法律又は政令番号: 政令第2条第1項第32号,340CO0000000002
6068-72-0,deleterious,劇物,Deleterious Substance,毒物及び劇物取締法,Poisonous and Deleterious Substances Control Act,NITE-CHRIP RJ_03_001 法律又は政令番号: 政令第2条第1項第32号,340CO0000000002
60702-69-4,deleterious,劇物,Deleterious Substance,毒物及び劇物取締法,Poisonous and Deleterious Substances Control Act,NITE-CHRIP RJ_03_001 法律又は政令番号: 政令第2条第1項第32号,340CO0000000002
608-73-1,deleterious,劇物,Deleterious Substance,毒物及び劇物取締法,Poisonous and Deleterious Substances Control Act,NITE-CHRIP RJ_03_001 法律又は政令番号: 政令第2条第1項第90号,340CO0000000002
608-73-1,deleterious,劇物,Deleterious Substance,毒物及び劇物取締法,Poisonous and Deleterious Substances Control Act,NITE-CHRIP RJ_03_001 法律又は政令番号: 法律別表第2の76,340CO0000000002
608-73-1,deleterious,劇物,Deleterious Substance,毒物及び劇物取締法,Poisonous and Deleterious Substances Control Act,毒物及び劇物指定令 第二条（劇物）,340CO0000000002
6080-56-4,deleterious,劇物,Deleterious Substance,毒物及び劇物取締法,Poisonous and Deleterious Substances Control Act,NITE-CHRIP RJ_03_001 法律又は政令番号: 政令第2条第1項第77号,340CO0000000002
60838-50-8,deleterious,劇物,Deleterious Substance,毒物及び劇物取締法,Poisonous and Deleterious Substances Control Act,NITE-CHRIP RJ_03_001 法律又は政令番号: 政令第2条第1項第32号,340CO0000000002
609-89-2,deleterious,劇物,Deleterious Substance,毒物及び劇物取締法,Poisonous and Deleterious Substances Control Act,NITE-CHRIP RJ_03_001 法律又は政令番号: 政令第2条第1項第40号の5,340CO0000000002
609346-29-4,deleterious,劇物,Deleterious Substance,毒物及び劇物取締法,Poisonous and Deleterious Substances Control Act,NITE-CHRIP RJ_03_001 法律又は政令番号: 政令第2条第1項第32号,340CO0000000002
6094-60-6,deleterious,劇物,Deleterious Substance,毒物及び劇物取締法,Poisonous and Deleterious Substances Control Act,NITE-CHRIP RJ_03_001 法律又は政令番号: 政令第2条第1項第32号,340CO0000000002
6098-53-9,deleterious,劇物,Deleterious Substance,毒物及び劇物取締法,Poisonous and Deleterious Substances Control Act,NITE-CHRIP RJ_03_001 法律又は政令番号: 政令第2条第1項第96号,340CO0000000002
60995-75-7,deleterious,劇物,Deleterious Substance,毒物及び劇物取締法,Poisonous and Deleterious Substances Control Act,NITE-CHRIP RJ_03_001 法律又は政令番号: 政令第2条第1項第5号,340CO0000000002
610-66-2,deleterious,劇物,Deleterious Substance,毒物及び劇物取締法,Poisonous and Deleterious Substances Control Act,NITE-CHRIP RJ_03_001 法律又は政令番号: 政令第2条第1項第32号,340CO0000000002
6100-20-5,deleterious,劇物,Deleterious Substance,毒物及び劇物取締法,Poisonous and Deleterious Substances Control Act,NITE-CHRIP RJ_03_001 法律又は政令番号: 政令第2条第1項第62号,340CO0000000002
611-06-3,deleterious,劇物,Deleterious Substance,毒物及び劇物取締法,Poisonous and Deleterious Substances Control Act,NITE-CHRIP RJ_03_001 法律又は政令番号: 政令第2条第1項第41号の3,340CO0000000002
611-06-3,deleterious,劇物,Deleterious Substance,毒物及び劇物取締法,Poisonous and Deleterious Substances Control Act,毒物及び劇物指定令 第二条（劇物）,340CO0000000002
611-20-1,deleterious,劇物,Deleterious Substance,毒物及び劇物取締法,Poisonous and Deleterious Substances Control Act,NITE-CHRIP RJ_03_001 法律又は政令番号: 政令第2条第1項第32号,340CO0000000002
611-21-2,deleterious,劇物,Deleterious Substance,毒物及び劇物取締法,Poisonous and Deleterious Substances Control Act,NITE-CHRIP RJ_03_001 法律又は政令番号: 政令第2条第1項第6号,340CO0000000002
61162-50-3,deleterious,劇物,Deleterious Substance,毒物及び劇物取締法,Poisonous and Deleterious Substances Control Act,NITE-CHRIP RJ_03_001 法律又は政令番号: 政令第2条第1項第62号,340CO0000000002
6119-92-2,deleterious,劇物,Deleterious Substance,毒物及び劇物取締法,Poisonous and Deleterious Substances Control Act,NITE-CHRIP RJ_03_001 法律又は政令番号: 政令第2条第1項第46号の2,340CO0000000002
612-24-8,deleterious,劇物,Deleterious Substance,毒物及び劇物取締法,Poisonous and Deleterious Substances Control Act,NITE-CHRIP RJ_03_001 法律又は政令番号: 政令第2条第1項第32号,340CO0000000002
613-46-7,deleterious,劇物,Deleterious Substance,毒物及び劇物取締法,Poisonous and Deleterious Substances Control Act,NITE-CHRIP RJ_03_001 法律又は政令番号: 政令第2条第1項第32号,340CO0000000002
613-73-0,deleterious,劇物,Deleterious Substance,毒物及び劇物取締法,Poisonous and Deleterious Substances Control Act,NITE-CHRIP RJ_03_001 法律又は政令番号: 政令第2条第1項第32号,340CO0000000002
613-90-1,deleterious,劇物,Deleterious Substance,毒物及び劇物取締法,Poisonous and Deleterious Substances Control Act,NITE-CHRIP RJ_03_001 法律又は政令番号: 政令第2条第1項第32号,340CO0000000002
61310-53-0,deleterious,劇物,Deleterious Substance,毒物及び劇物取締法,Poisonous and Deleterious Substances Control Act,NITE-CHRIP RJ_03_001 法律又は政令番号: 政令第2条第1項第32号,340CO0000000002
6136-68-1,deleterious,劇物,Deleterious Substance,毒物及び劇物取締法,Poisonous and Deleterious Substances Control Act,NITE-CHRIP RJ_03_001 法律又は政令番号: 政令第2条第1項第32号,340CO0000000002
6136-93-2,deleterious,劇物,Deleterious Substance,毒物及び劇物取締法,Poisonous and Deleterious Substances Control Act,NITE-CHRIP RJ_03_001 法律又は政令番号: 政令第2条第1項第32号,340CO0000000002
614-16-4,deleterious,劇物,Deleterious Substance,毒物及び劇物取締法,Poisonous and Deleterious Substances Control Act,NITE-CHRIP RJ_03_001 法律又は政令番号: 政令第2条第1項第32号,340CO0000000002
61437-85-2,deleterious,劇物,Deleterious Substance,毒物及び劇物取締法,Poisonous and Deleterious Substances Control Act,NITE-CHRIP RJ_03_001 法律又は政令番号: 政令第2条第1項第32号,340CO0000000002
615-28-1,deleterious,劇物,Deleterious Substance,毒物及び劇物取締法,Poisonous and Deleterious Substances Control Act,NITE-CHRIP RJ_03_001 法律又は政令番号: 政令第2条第1項第84号,340CO0000000002
615-50-9,deleterious,劇物,Deleterious Substance,毒物及び劇物取締法,Poisonous and Deleterious Substances Control Act,NITE-CHRIP RJ_03_001 法律又は政令番号: 政令第2条第1項第76号,340CO0000000002
6153-56-6,deleterious,劇物,Deleterious Substance,毒物及び劇物取締法,Poisonous and Deleterious Substances Control Act,NITE-CHRIP RJ_03_001 法律又は政令番号: 法律別表第2の49,340CO0000000002
61540-35-0,deleterious,劇物,Deleterious Substance,毒物及び劇物取締法,Poisonous and Deleterious Substances Control Act,NITE-CHRIP RJ_03_001 法律又は政令番号: 政令第2条第1項第32号,340CO0000000002
6159-44-0,deleterious,劇物,Deleterious Substance,毒物及び劇物取締法,Poisonous and Deleterious Substances Control Act,NITE-CHRIP RJ_03_001 法律又は政令番号: 政令第2条第1項第11号,340CO0000000002
6164-98-3,deleterious,劇物,Deleterious Substance,毒物及び劇物取締法,Poisonous and Deleterious Substances Control Act,NITE-CHRIP RJ_03_001 法律又は政令番号: 政令第2条第1項第99号の2,340CO0000000002
617-85-6,deleterious,劇物,Deleterious Substance,毒物及び劇物取締法,Poisonous and Deleterious Substances Control Act,NITE-CHRIP RJ_03_001 法律又は政令番号: 政令第2条第1項第7号,340CO0000000002
617-90-3,deleterious,劇物,Deleterious Substance,毒物及び劇物取締法,Poisonous and Deleterious Substances Control Act,NITE-CHRIP RJ_03_001 法律又は政令番号: 政令第2条第1項第32号,340CO0000000002
61789-34-2,deleterious,劇物,Deleterious Substance,毒物及び劇物取締法,Poisonous and Deleterious Substances Control Act,NITE-CHRIP RJ_03_001 法律又は政令番号: 政令第2条第1項第22号,340CO0000000002
61789-50-2,deleterious,劇物,Deleterious Substance,毒物及び劇物取締法,Poisonous and Deleterious Substances Control Act,NITE-CHRIP RJ_03_001 法律又は政令番号: 政令第2条第1項第77号,340CO0000000002
61790-14-5,deleterious,劇物,Deleterious Substance,毒物及び劇物取締法,Poisonous and Deleterious Substances Control Act,NITE-CHRIP RJ_03_001 法律又は政令番号: 政令第2条第1項第77号,340CO0000000002
619-24-9,deleterious,劇物,Deleterious Substance,毒物及び劇物取締法,Poisonous and Deleterious Substances Control Act,NITE-CHRIP RJ_03_001 法律又は政令番号: 政令第2条第1項第32号,340CO0000000002
619-65-8,deleterious,劇物,Deleterious Substance,毒物及び劇物取締法,Poisonous and Deleterious Substances Control Act,NITE-CHRIP RJ_03_001 法律又は政令番号: 政令第2条第1項第32号,340CO0000000002
619-72-7,deleterious,劇物,Deleterious Substance,毒物及び劇物取締法,Poisonous and Deleterious Substances Control Act,NITE-CHRIP RJ_03_001 法律又は政令番号: 政令第2条第1項第32号,340CO0000000002
61951-96-0,deleterious,劇物,Deleterious Substance,毒物及び劇物取締法,Poisonous and Deleterious Substances Control Act,NITE-CHRIP RJ_03_001 法律又は政令番号: 政令第2条第1項第22号,340CO0000000002
61993-29-1,deleterious,劇物,Deleterious Substance,毒物及び劇物取締法,Poisonous and Deleterious Substances Control Act,NITE-CHRIP RJ_03_001 法律又は政令番号: 政令第2条第1項第77号,340CO0000000002
62-53-3,deleterious,劇物,Deleterious Substance,毒物及び劇物取締法,Poisonous and Deleterious Substances Control Act,NITE-CHRIP RJ_03_001 法律又は政令番号: 法律別表第2の3,340CO0000000002
62-73-7,deleterious,劇物,Deleterious Substance,毒物及び劇物取締法,Poisonous and Deleterious Substances Control Act,NITE-CHRIP RJ_03_001 法律又は政令番号: 政令第2条第1項第53号,340CO0000000002
62-73-7,deleterious,劇物,Deleterious Substance,毒物及び劇物取締法,Poisonous and Deleterious Substances Control Act,NITE-CHRIP RJ_03_001 法律又は政令番号: 法律別表第2の40,340CO0000000002
62-73-7,deleterious,劇物,Deleterious Substance,毒物及び劇物取締法,Poisonous and Deleterious Substances Control Act,毒物及び劇物指定令 第二条（劇物）,340CO0000000002
62-76-0,deleterious,劇物,Deleterious Substance,毒物及び劇物取締法,Poisonous and Deleterious Substances Control Act,NITE-CHRIP RJ_03_001 法律又は政令番号: 政令第2条第1項第62号,340CO0000000002
620-22-4,deleterious,劇物,Deleterious Substance,毒物及び劇物取締法,Poisonous and Deleterious Substances Control Act,NITE-CHRIP RJ_03_001 法律又は政令番号: 政令第2条第1項第32号,340CO0000000002
621-03-4,deleterious,劇物,Deleterious Substance,毒物及び劇物取締法,Poisonous and Deleterious Substances Control Act,NITE-CHRIP RJ_03_001 法律又は政令番号: 政令第2条第1項第32号,340CO0000000002
621-50-1,deleterious,劇物,Deleterious Substance,毒物及び劇物取締法,Poisonous and Deleterious Substances Control Act,NITE-CHRIP RJ_03_001 法律又は政令番号: 政令第2条第1項第32号,340CO0000000002
6211-24-1,deleterious,劇物,Deleterious Substance,毒物及び劇物取締法,Poisonous and Deleterious Substances Control Act,NITE-CHRIP RJ_03_001 法律又は政令番号: 政令第2条第1項第79号,340CO0000000002
622-57-1,deleterious,劇物,Deleterious Substance,毒物及び劇物取締法,Poisonous and Deleterious Substances Control Act,NITE-CHRIP RJ_03_001 法律又は政令番号: 政令第2条第1項第6号,340CO0000000002
622-75-3,deleterious,劇物,Deleterious Substance,毒物及び劇物取締法,Poisonous and Deleterious Substances Control Act,NITE-CHRIP RJ_03_001 法律又は政令番号: 政令第2条第1項第32号,340CO0000000002
622-80-0,deleterious,劇物,Deleterious Substance,毒物及び劇物取締法,Poisonous and Deleterious Substances Control Act,NITE-CHRIP RJ_03_001 法律又は政令番号: 政令第2条第1項第5号,340CO0000000002
623-00-7,deleterious,劇物,Deleterious Substance,毒物及び劇物取締法,Poisonous and Deleterious Substances Control Act,NITE-CHRIP RJ_03_001 法律又は政令番号: 政令第2条第1項第32号,340CO0000000002
623-03-0,deleterious,劇物,Deleterious Substance,毒物及び劇物取締法,Poisonous and Deleterious Substances Control Act,NITE-CHRIP RJ_03_001 法律又は政令番号: 政令第2条第1項第32号,340CO0000000002
623-49-4,deleterious,劇物,Deleterious Substance,毒物及び劇物取締法,Poisonous and Deleterious Substances Control Act,NITE-CHRIP RJ_03_001 法律又は政令番号: 政令第2条第1項第32号,340CO0000000002
6232-19-5,deleterious,劇物,Deleterious Substance,毒物及び劇物取締法,Poisonous and Deleterious Substances Control Act,NITE-CHRIP RJ_03_001 法律又は政令番号: 政令第2条第1項第32号,340CO0000000002
624-18-0,deleterious,劇物,Deleterious Substance,毒物及び劇物取締法,Poisonous and Deleterious Substances Control Act,NITE-CHRIP RJ_03_001 法律又は政令番号: 政令第2条第1項第84号,340CO0000000002
624-75-9,deleterious,劇物,Deleterious Substance,毒物及び劇物取締法,Poisonous and Deleterious Substances Control Act,NITE-CHRIP RJ_03_001 法律又は政令番号: 政令第2条第1項第32号,340CO0000000002
624-91-9,deleterious,劇物,Deleterious Substance,毒物及び劇物取締法,Poisonous and Deleterious Substances Control Act,NITE-CHRIP RJ_03_001 法律又は政令番号: 政令第2条第1項第2号の3,340CO0000000002
624-91-9,deleterious,劇物,Deleterious Substance,毒物及び劇物取締法,Poisonous and Deleterious Substances Control Act,毒物及び劇物指定令 第二条（劇物）,340CO0000000002
625-03-6,deleterious,劇物,Deleterious Substance,毒物及び劇物取締法,Poisonous and Deleterious Substances Control Act,NITE-CHRIP RJ_03_001 法律又は政令番号: 政令第2条第1項第62号,340CO0000000002
625-28-5,deleterious,劇物,Deleterious Substance,毒物及び劇物取締法,Poisonous and Deleterious Substances Control Act,NITE-CHRIP RJ_03_001 法律又は政令番号: 政令第2条第1項第32号,340CO0000000002
626-22-2,deleterious,劇物,Deleterious Substance,毒物及び劇物取締法,Poisonous and Deleterious Substances Control Act,NITE-CHRIP RJ_03_001 法律又は政令番号: 政令第2条第1項第32号,340CO0000000002
62778-12-5,deleterious,劇物,Deleterious Substance,毒物及び劇物取締法,Poisonous and Deleterious Substances Control Act,NITE-CHRIP RJ_03_001 法律又は政令番号: 政令第2条第1項第62号,340CO0000000002
62782-24-5,deleterious,劇物,Deleterious Substance,毒物及び劇物取締法,Poisonous and Deleterious Substances Control Act,NITE-CHRIP RJ_03_001 法律又は政令番号: 政令第2条第1項第62号,340CO0000000002
628-20-6,deleterious,劇物,Deleterious Substance,毒物及び劇物取締法,Poisonous and Deleterious Substances Control Act,NITE-CHRIP RJ_03_001 法律又は政令番号: 政令第2条第1項第32号,340CO0000000002
628-87-5,deleterious,劇物,Deleterious Substance,毒物及び劇物取締法,Poisonous and Deleterious Substances Control Act,NITE-CHRIP RJ_03_001 法律又は政令番号: 政令第2条第1項第32号,340CO0000000002
6280-87-1,deleterious,劇物,Deleterious Substance,毒物及び劇物取締法,Poisonous and Deleterious Substances Control Act,NITE-CHRIP RJ_03_001 法律又は政令番号: 政令第2条第1項第32号,340CO0000000002
629-40-3,deleterious,劇物,Deleterious Substance,毒物及び劇物取締法,Poisonous and Deleterious Substances Control Act,NITE-CHRIP RJ_03_001 法律又は政令番号: 政令第2条第1項第32号,340CO0000000002
629-60-7,deleterious,劇物,Deleterious Substance,毒物及び劇物取締法,Poisonous and Deleterious Substances Control Act,NITE-CHRIP RJ_03_001 法律又は政令番号: 政令第2条第1項第32号,340CO0000000002
63-25-2,deleterious,劇物,Deleterious Substance,毒物及び劇物取締法,Poisonous and Deleterious Substances Control Act,NITE-CHRIP RJ_03_001 法律又は政令番号: 法律別表第2の85,340CO0000000002
630-18-2,deleterious,劇物,Deleterious Substance,毒物及び劇物取締法,Poisonous and Deleterious Substances Control Act,NITE-CHRIP RJ_03_001 法律又は政令番号: 政令第2条第1項第32号,340CO0000000002
63020-43-9,deleterious,劇物,Deleterious Substance,毒物及び劇物取締法,Poisonous and Deleterious Substances Control Act,NITE-CHRIP RJ_03_001 法律又は政令番号: 政令第2条第1項第26号,340CO0000000002
6304-33-2,deleterious,劇物,Deleterious Substance,毒物及び劇物取締法,Poisonous and Deleterious Substances Control Act,NITE-CHRIP RJ_03_001 法律又は政令番号: 政令第2条第1項第32号,340CO0000000002
6306-60-1,deleterious,劇物,Deleterious Substance,毒物及び劇物取締法,Poisonous and Deleterious Substances Control Act,NITE-CHRIP RJ_03_001 法律又は政令番号: 政令第2条第1項第32号,340CO0000000002
631-57-2,deleterious,劇物,Deleterious Substance,毒物及び劇物取締法,Poisonous and Deleterious Substances Control Act,NITE-CHRIP RJ_03_001 法律又は政令番号: 政令第2条第1項第32号,340CO0000000002
63212-53-3,deleterious,劇物,Deleterious Substance,毒物及び劇物取締法,Poisonous and Deleterious Substances Control Act,NITE-CHRIP RJ_03_001 法律又は政令番号: 政令第2条第1項第96号,340CO0000000002
63399-94-0,deleterious,劇物,Deleterious Substance,毒物及び劇物取締法,Poisonous and Deleterious Substances Control Act,NITE-CHRIP RJ_03_001 法律又は政令番号: 政令第2条第1項第77号,340CO0000000002
63400-07-7,deleterious,劇物,Deleterious Substance,毒物及び劇物取締法,Poisonous and Deleterious Substances Control Act,NITE-CHRIP RJ_03_001 法律又は政令番号: 政令第2条第1項第77号,340CO0000000002
63400-08-8,deleterious,劇物,Deleterious Substance,毒物及び劇物取締法,Poisonous and Deleterious Substances Control Act,NITE-CHRIP RJ_03_001 法律又は政令番号: 政令第2条第1項第77号,340CO0000000002
63400-09-9,deleterious,劇物,Deleterious Substance,毒物及び劇物取締法,Poisonous and Deleterious Substances Control Act,NITE-CHRIP RJ_03_001 法律又は政令番号: 政令第2条第1項第22号,340CO0000000002
636-21-5,deleterious,劇物,Deleterious Substance,毒物及び劇物取締法,Poisonous and Deleterious Substances Control Act,NITE-CHRIP RJ_03_001 法律又は政令番号: 政令第2条第1項第75号,340CO0000000002
638-03-9,deleterious,劇物,Deleterious Substance,毒物及び劇物取締法,Poisonous and Deleterious Substances Control Act,NITE-CHRIP RJ_03_001 法律又は政令番号: 政令第2条第1項第75号,340CO0000000002
638-39-1,deleterious,劇物,Deleterious Substance,毒物及び劇物取締法,Poisonous and Deleterious Substances Control Act,NITE-CHRIP RJ_03_001 法律又は政令番号: 政令第2条第1項第69号,340CO0000000002
639-58-7,deleterious,劇物,Deleterious Substance,毒物及び劇物取締法,Poisonous and Deleterious Substances Control Act,NITE-CHRIP RJ_03_001 法律又は政令番号: 政令第2条第1項第66号,340CO0000000002
6392-46-7,deleterious,劇物,Deleterious Substance,毒物及び劇物取締法,Poisonous and Deleterious Substances Control Act,NITE-CHRIP RJ_03_001 法律又は政令番号: 政令第2条第1項第31号の3,340CO0000000002
6392-46-7,deleterious,劇物,Deleterious Substance,毒物及び劇物取締法,Poisonous and Deleterious Substances Control Act,毒物及び劇物指定令 第二条（劇物）,340CO0000000002
6393-40-4,deleterious,劇物,Deleterious Substance,毒物及び劇物取締法,Poisonous and Deleterious Substances Control Act,NITE-CHRIP RJ_03_001 法律又は政令番号: 政令第2条第1項第32号,340CO0000000002
64-18-6,deleterious,劇物,Deleterious Substance,毒物及び劇物取締法,Poisonous and Deleterious Substances Control Act,NITE-CHRIP RJ_03_001 法律又は政令番号: 政令第2条第1項第22号の3,340CO0000000002
64-18-6,deleterious,劇物,Deleterious Substance,毒物及び劇物取締法,Poisonous and Deleterious Substances Control Act,毒物及び劇物指定令 第二条（劇物）,340CO0000000002
64-67-5,deleterious,劇物,Deleterious Substance,毒物及び劇物取締法,Poisonous and Deleterious Substances Control Act,NITE-CHRIP RJ_03_001 法律又は政令番号: 政令第2条第1項第37号の3,340CO0000000002
640-15-3,deleterious,劇物,Deleterious Substance,毒物及び劇物取締法,Poisonous and Deleterious Substances Control Act,NITE-CHRIP RJ_03_001 法律又は政令番号: 政令第2条第1項第52号,340CO0000000002
640-15-3,deleterious,劇物,Deleterious Substance,毒物及び劇物取締法,Poisonous and Deleterious Substances Control Act,NITE-CHRIP RJ_03_001 法律又は政令番号: 法律別表第2の39,340CO0000000002
640-15-3,deleterious,劇物,Deleterious Substance,毒物及び劇物取締法,Poisonous and Deleterious Substances Control Act,毒物及び劇物指定令 第二条（劇物）,340CO0000000002
640-67-5,deleterious,劇物,Deleterious Substance,毒物及び劇物取締法,Poisonous and Deleterious Substances Control Act,NITE-CHRIP RJ_03_001 法律又は政令番号: 政令第2条第1項第62号,340CO0000000002
64047-88-7,deleterious,劇物,Deleterious Substance,毒物及び劇物取締法,Poisonous and Deleterious Substances Control Act,NITE-CHRIP RJ_03_001 法律又は政令番号: 政令第2条第1項第40号の5,340CO0000000002
64070-10-6,deleterious,劇物,Deleterious Substance,毒物及び劇物取締法,Poisonous and Deleterious Substances Control Act,NITE-CHRIP RJ_03_001 法律又は政令番号: 政令第2条第1項第7号,340CO0000000002
64070-11-7,deleterious,劇物,Deleterious Substance,毒物及び劇物取締法,Poisonous and Deleterious Substances Control Act,NITE-CHRIP RJ_03_001 法律又は政令番号: 政令第2条第1項第7号,340CO0000000002
64070-12-8,deleterious,劇物,Deleterious Substance,毒物及び劇物取締法,Poisonous and Deleterious Substances Control Act,NITE-CHRIP RJ_03_001 法律又は政令番号: 政令第2条第1項第7号,340CO0000000002
64113-84-4,deleterious,劇物,Deleterious Substance,毒物及び劇物取締法,Poisonous and Deleterious Substances Control Act,NITE-CHRIP RJ_03_001 法律又は政令番号: 政令第2条第1項第32号,340CO0000000002
6420-47-9,deleterious,劇物,Deleterious Substance,毒物及び劇物取締法,Poisonous and Deleterious Substances Control Act,NITE-CHRIP RJ_03_001 法律又は政令番号: 政令第2条第1項第73号,340CO0000000002
6420-47-9,deleterious,劇物,Deleterious Substance,毒物及び劇物取締法,Poisonous and Deleterious Substances Control Act,NITE-CHRIP RJ_03_001 法律又は政令番号: 法律別表第2の57,340CO0000000002
6420-47-9,deleterious,劇物,Deleterious Substance,毒物及び劇物取締法,Poisonous and Deleterious Substances Control Act,毒物及び劇物指定令 第二条（劇物）,340CO0000000002
6423-72-9,deleterious,劇物,Deleterious Substance,毒物及び劇物取締法,Poisonous and Deleterious Substances Control Act,NITE-CHRIP RJ_03_001 法律又は政令番号: 政令第2条第1項第98号の6,340CO0000000002
6423-72-9,deleterious,劇物,Deleterious Substance,毒物及び劇物取締法,Poisonous and Deleterious Substances Control Act,毒物及び劇物指定令 第二条（劇物）,340CO0000000002
64248-62-0,deleterious,劇物,Deleterious Substance,毒物及び劇物取締法,Poisonous and Deleterious Substances Control Act,NITE-CHRIP RJ_03_001 法律又は政令番号: 政令第2条第1項第32号,340CO0000000002
64248-63-1,deleterious,劇物,Deleterious Substance,毒物及び劇物取締法,Poisonous and Deleterious Substances Control Act,NITE-CHRIP RJ_03_001 法律又は政令番号: 政令第2条第1項第32号,340CO0000000002
64248-64-2,deleterious,劇物,Deleterious Substance,毒物及び劇物取締法,Poisonous and Deleterious Substances Control Act,NITE-CHRIP RJ_03_001 法律又は政令番号: 政令第2条第1項第32号,340CO0000000002
6427-86-7,deleterious,劇物,Deleterious Substance,毒物及び劇物取締法,Poisonous and Deleterious Substances Control Act,NITE-CHRIP RJ_03_001 法律又は政令番号: 政令第2条第1項第22号,340CO0000000002
64312-65-8,deleterious,劇物,Deleterious Substance,毒物及び劇物取締法,Poisonous and Deleterious Substances Control Act,NITE-CHRIP RJ_03_001 法律又は政令番号: 政令第2条第1項第32号,340CO0000000002
64312-68-1,deleterious,劇物,Deleterious Substance,毒物及び劇物取締法,Poisonous and Deleterious Substances Control Act,NITE-CHRIP RJ_03_001 法律又は政令番号: 政令第2条第1項第32号,340CO0000000002
64415-13-0,deleterious,劇物,Deleterious Substance,毒物及び劇物取締法,Poisonous and Deleterious Substances Control Act,NITE-CHRIP RJ_03_001 法律又は政令番号: 政令第2条第1項第32号,340CO0000000002
6443-72-7,deleterious,劇物,Deleterious Substance,毒物及び劇物取締法,Poisonous and Deleterious Substances Control Act,NITE-CHRIP RJ_03_001 法律又は政令番号: 政令第2条第1項第32号,340CO0000000002
6443-85-2,deleterious,劇物,Deleterious Substance,毒物及び劇物取締法,Poisonous and Deleterious Substances Control Act,NITE-CHRIP RJ_03_001 法律又は政令番号: 政令第2条第1項第32号,340CO0000000002
645-59-0,deleterious,劇物,Deleterious Substance,毒物及び劇物取締法,Poisonous and Deleterious Substances Control Act,NITE-CHRIP RJ_03_001 法律又は政令番号: 政令第2条第1項第32号,340CO0000000002
64504-12-7,deleterious,劇物,Deleterious Substance,毒物及び劇物取締法,Poisonous and Deleterious Substances Control Act,NITE-CHRIP RJ_03_001 法律又は政令番号: 政令第2条第1項第77号,340CO0000000002
646-20-8,deleterious,劇物,Deleterious Substance,毒物及び劇物取締法,Poisonous and Deleterious Substances Control Act,NITE-CHRIP RJ_03_001 法律又は政令番号: 政令第2条第1項第32号,340CO0000000002
6465-92-5,deleterious,劇物,Deleterious Substance,毒物及び劇物取締法,Poisonous and Deleterious Substances Control Act,NITE-CHRIP RJ_03_001 法律又は政令番号: 政令第2条第1項第99号の5,340CO0000000002
6465-92-5,deleterious,劇物,Deleterious Substance,毒物及び劇物取締法,Poisonous and Deleterious Substances Control Act,毒物及び劇物指定令 第二条（劇物）,340CO0000000002
6487-48-5,deleterious,劇物,Deleterious Substance,毒物及び劇物取締法,Poisonous and Deleterious Substances Control Act,NITE-CHRIP RJ_03_001 法律又は政令番号: 政令第2条第1項第62号,340CO0000000002
65127-78-8,deleterious,劇物,Deleterious Substance,毒物及び劇物取締法,Poisonous and Deleterious Substances Control Act,NITE-CHRIP RJ_03_001 法律又は政令番号: 政令第2条第1項第77号,340CO0000000002
653-30-5,deleterious,劇物,Deleterious Substance,毒物及び劇物取締法,Poisonous and Deleterious Substances Control Act,NITE-CHRIP RJ_03_001 法律又は政令番号: 政令第2条第1項第32号,340CO0000000002
654-01-3,deleterious,劇物,Deleterious Substance,毒物及び劇物取締法,Poisonous and Deleterious Substances Control Act,NITE-CHRIP RJ_03_001 法律又は政令番号: 政令第2条第1項第32号,340CO0000000002
656-35-9,deleterious,劇物,Deleterious Substance,毒物及び劇物取締法,Poisonous and Deleterious Substances Control Act,NITE-CHRIP RJ_03_001 法律又は政令番号: 政令第2条第1項第32号,340CO0000000002
65731-84-2,deleterious,劇物,Deleterious Substance,毒物及び劇物取締法,Poisonous and Deleterious Substances Control Act,NITE-CHRIP RJ_03_001 法律又は政令番号: 政令第2条第1項第32号,340CO0000000002
6574-97-6,deleterious,劇物,Deleterious Substance,毒物及び劇物取締法,Poisonous and Deleterious Substances Control Act,NITE-CHRIP RJ_03_001 法律又は政令番号: 政令第2条第1項第32号,340CO0000000002
6574-98-7,deleterious,劇物,Deleterious Substance,毒物及び劇物取締法,Poisonous and Deleterious Substances Control Act,NITE-CHRIP RJ_03_001 法律又は政令番号: 政令第2条第1項第32号,340CO0000000002
6574-99-8,deleterious,劇物,Deleterious Substance,毒物及び劇物取締法,Poisonous and Deleterious Substances Control Act,NITE-CHRIP RJ_03_001 法律又は政令番号: 政令第2条第1項第32号,340CO0000000002
6575-00-4,deleterious,劇物,Deleterious Substance,毒物及び劇物取締法,Poisonous and Deleterious Substances Control Act,NITE-CHRIP RJ_03_001 法律又は政令番号: 政令第2条第1項第32号,340CO0000000002
6575-07-1,deleterious,劇物,Deleterious Substance,毒物及び劇物取締法,Poisonous and Deleterious Substances Control Act,NITE-CHRIP RJ_03_001 法律又は政令番号: 政令第2条第1項第32号,340CO0000000002
6575-09-3,deleterious,劇物,Deleterious Substance,毒物及び劇物取締法,Poisonous and Deleterious Substances Control Act,NITE-CHRIP RJ_03_001 法律又は政令番号: 政令第2条第1項第32号,340CO0000000002
6575-10-6,deleterious,劇物,Deleterious Substance,毒物及び劇物取締法,Poisonous and Deleterious Substances Control Act,NITE-CHRIP RJ_03_001 法律又は政令番号: 政令第2条第1項第32号,340CO0000000002
6575-11-7,deleterious,劇物,Deleterious Substance,毒物及び劇物取締法,Poisonous and Deleterious Substances Control Act,NITE-CHRIP RJ_03_001 法律又は政令番号: 政令第2条第1項第32号,340CO0000000002
6578-06-9,deleterious,劇物,Deleterious Substance,毒物及び劇物取締法,Poisonous and Deleterious Substances Control Act,NITE-CHRIP RJ_03_001 法律又は政令番号: 政令第2条第1項第75号,340CO0000000002
658-99-1,deleterious,劇物,Deleterious Substance,毒物及び劇物取締法,Poisonous and Deleterious Substances Control Act,NITE-CHRIP RJ_03_001 法律又は政令番号: 政令第2条第1項第32号,340CO0000000002
6585-53-1,deleterious,劇物,Deleterious Substance,毒物及び劇物取締法,Poisonous and Deleterious Substances Control Act,NITE-CHRIP RJ_03_001 法律又は政令番号: 政令第2条第1項第98号の7,340CO0000000002
65907-30-4,deleterious,劇物,Deleterious Substance,毒物及び劇物取締法,Poisonous and Deleterious Substances Control Act,NITE-CHRIP RJ_03_001 法律又は政令番号: 政令第2条第1項第85号の3,340CO0000000002
65907-30-4,deleterious,劇物,Deleterious Substance,毒物及び劇物取締法,Poisonous and Deleterious Substances Control Act,毒物及び劇物指定令 第二条（劇物）,340CO0000000002
6591-55-5,deleterious,劇物,Deleterious Substance,毒物及び劇物取締法,Poisonous and Deleterious Substances Control Act,NITE-CHRIP RJ_03_001 法律又は政令番号: 政令第2条第1項第62号,340CO0000000002
66-81-9,deleterious,劇物,Deleterious Substance,毒物及び劇物取締法,Poisonous and Deleterious Substances Control Act,NITE-CHRIP RJ_03_001 法律又は政令番号: 政令第2条第1項第40号,340CO0000000002
66-81-9,deleterious,劇物,Deleterious Substance,毒物及び劇物取締法,Poisonous and Deleterious Substances Control Act,NITE-CHRIP RJ_03_001 法律又は政令番号: 法律別表第2の27,340CO0000000002
66-81-9,deleterious,劇物,Deleterious Substance,毒物及び劇物取締法,Poisonous and Deleterious Substances Control Act,毒物及び劇物指定令 第二条（劇物）,340CO0000000002
6602-54-6,deleterious,劇物,Deleterious Substance,毒物及び劇物取締法,Poisonous and Deleterious Substances Control Act,NITE-CHRIP RJ_03_001 法律又は政令番号: 政令第2条第1項第32号,340CO0000000002
6609-56-9,deleterious,劇物,Deleterious Substance,毒物及び劇物取締法,Poisonous and Deleterious Substances Control Act,NITE-CHRIP RJ_03_001 法律又は政令番号: 政令第2条第1項第32号,340CO0000000002
6609-57-0,deleterious,劇物,Deleterious Substance,毒物及び劇物取締法,Poisonous and Deleterious Substances Control Act,NITE-CHRIP RJ_03_001 法律又は政令番号: 政令第2条第1項第32号,340CO0000000002
661-36-9,deleterious,劇物,Deleterious Substance,毒物及び劇物取締法,Poisonous and Deleterious Substances Control Act,NITE-CHRIP RJ_03_001 法律又は政令番号: 政令第2条第1項第96号,340CO0000000002
66195-24-2,deleterious,劇物,Deleterious Substance,毒物及び劇物取締法,Poisonous and Deleterious Substances Control Act,NITE-CHRIP RJ_03_001 法律又は政令番号: 政令第2条第1項第5号,340CO0000000002
6621-59-6,deleterious,劇物,Deleterious Substance,毒物及び劇物取締法,Poisonous and Deleterious Substances Control Act,NITE-CHRIP RJ_03_001 法律又は政令番号: 政令第2条第1項第32号,340CO0000000002
66230-04-4,deleterious,劇物,Deleterious Substance,毒物及び劇物取締法,Poisonous and Deleterious Substances Control Act,NITE-CHRIP RJ_03_001 法律又は政令番号: 政令第2条第1項第32号,340CO0000000002
6649-23-6,deleterious,劇物,Deleterious Substance,毒物及び劇物取締法,Poisonous and Deleterious Substances Control Act,NITE-CHRIP RJ_03_001 法律又は政令番号: 政令第2条第1項第71号の3,340CO0000000002
66582-16-9,deleterious,劇物,Deleterious Substance,毒物及び劇物取締法,Poisonous and Deleterious Substances Control Act,NITE-CHRIP RJ_03_001 法律又は政令番号: 政令第2条第1項第32号,340CO0000000002
668-45-1,deleterious,劇物,Deleterious Substance,毒物及び劇物取締法,Poisonous and Deleterious Substances Control Act,NITE-CHRIP RJ_03_001 法律又は政令番号: 政令第2条第1項第32号,340CO0000000002
66841-25-6,deleterious,劇物,Deleterious Substance,毒物及び劇物取締法,Poisonous and Deleterious Substances Control Act,NITE-CHRIP RJ_03_001 法律又は政令番号: 政令第2条第1項第32号,340CO0000000002
66952-49-6,deleterious,劇物,Deleterious Substance,毒物及び劇物取締法,Poisonous and Deleterious Substances Control Act,NITE-CHRIP RJ_03_001 法律又は政令番号: 政令第2条第1項第99号の8,340CO0000000002
66952-49-6,deleterious,劇物,Deleterious Substance,毒物及び劇物取締法,Poisonous and Deleterious Substances Control Act,毒物及び劇物指定令 第二条（劇物）,340CO0000000002
67-56-1,deleterious,劇物,Deleterious Substance,毒物及び劇物取締法,Poisonous and Deleterious Substances Control Act,NITE-CHRIP RJ_03_001 法律又は政令番号: 法律別表第2の83,340CO0000000002
67-66-3,deleterious,劇物,Deleterious Substance,毒物及び劇物取締法,Poisonous and Deleterious Substances Control Act,NITE-CHRIP RJ_03_001 法律又は政令番号: 法律別表第2の20,340CO0000000002
670-54-2,deleterious,劇物,Deleterious Substance,毒物及び劇物取締法,Poisonous and Deleterious Substances Control Act,NITE-CHRIP RJ_03_001 法律又は政令番号: 政令第2条第1項第32号,340CO0000000002
67058-33-7,deleterious,劇物,Deleterious Substance,毒物及び劇物取締法,Poisonous and Deleterious Substances Control Act,NITE-CHRIP RJ_03_001 法律又は政令番号: 政令第2条第1項第5号,340CO0000000002
671-04-5,deleterious,劇物,Deleterious Substance,毒物及び劇物取締法,Poisonous and Deleterious Substances Control Act,NITE-CHRIP RJ_03_001 法律又は政令番号: 政令第2条第1項第26号の7,340CO0000000002
671-04-5,deleterious,劇物,Deleterious Substance,毒物及び劇物取締法,Poisonous and Deleterious Substances Control Act,毒物及び劇物指定令 第二条（劇物）,340CO0000000002
6719-21-7,deleterious,劇物,Deleterious Substance,毒物及び劇物取締法,Poisonous and Deleterious Substances Control Act,NITE-CHRIP RJ_03_001 法律又は政令番号: 政令第2条第1項第32号,340CO0000000002
673-40-5,deleterious,劇物,Deleterious Substance,毒物及び劇物取締法,Poisonous and Deleterious Substances Control Act,NITE-CHRIP RJ_03_001 法律又は政令番号: 政令第2条第1項第96号,340CO0000000002
67843-74-7,deleterious,劇物,Deleterious Substance,毒物及び劇物取締法,Poisonous and Deleterious Substances Control Act,NITE-CHRIP RJ_03_001 法律又は政令番号: 政令第2条第1項第15号の2,340CO0000000002
67886-70-8,deleterious,劇物,Deleterious Substance,毒物及び劇物取締法,Poisonous and Deleterious Substances Control Act,NITE-CHRIP RJ_03_001 法律又は政令番号: 政令第2条第1項第32号,340CO0000000002
67915-63-3,deleterious,劇物,Deleterious Substance,毒物及び劇物取締法,Poisonous and Deleterious Substances Control Act,NITE-CHRIP RJ_03_001 法律又は政令番号: 政令第2条第1項第5号,340CO0000000002
67939-62-2,deleterious,劇物,Deleterious Substance,毒物及び劇物取締法,Poisonous and Deleterious Substances Control Act,NITE-CHRIP RJ_03_001 法律又は政令番号: 政令第2条第1項第22号,340CO0000000002
67944-71-2,deleterious,劇物,Deleterious Substance,毒物及び劇物取締法,Poisonous and Deleterious Substances Control Act,NITE-CHRIP RJ_03_001 法律又は政令番号: 政令第2条第1項第32号,340CO0000000002
67952-43-6,deleterious,劇物,Deleterious Substance,毒物及び劇物取締法,Poisonous and Deleterious Substances Control Act,NITE-CHRIP RJ_03_001 法律又は政令番号: 政令第2条第1項第18号,340CO0000000002
68-11-1,deleterious,劇物,Deleterious Substance,毒物及び劇物取締法,Poisonous and Deleterious Substances Control Act,NITE-CHRIP RJ_03_001 法律又は政令番号: 政令第2条第1項第100号の18,340CO0000000002
68-11-1,deleterious,劇物,Deleterious Substance,毒物及び劇物取締法,Poisonous and Deleterious Substances Control Act,毒物及び劇物指定令 第二条（劇物）,340CO0000000002
68016-36-4,deleterious,劇物,Deleterious Substance,毒物及び劇物取締法,Poisonous and Deleterious Substances Control Act,NITE-CHRIP RJ_03_001 法律又は政令番号: 政令第2条第1項第79号,340CO0000000002
6809-91-2,deleterious,劇物,Deleterious Substance,毒物及び劇物取締法,Poisonous and Deleterious Substances Control Act,NITE-CHRIP RJ_03_001 法律又は政令番号: 政令第2条第1項第32号,340CO0000000002
68092-45-5,deleterious,劇物,Deleterious Substance,毒物及び劇物取締法,Poisonous and Deleterious Substances Control Act,NITE-CHRIP RJ_03_001 法律又は政令番号: 政令第2条第1項第22号,340CO0000000002
68239-51-0,deleterious,劇物,Deleterious Substance,毒物及び劇物取締法,Poisonous and Deleterious Substances Control Act,NITE-CHRIP RJ_03_001 法律又は政令番号: 政令第2条第1項第30号,340CO0000000002
68302-13-6,deleterious,劇物,Deleterious Substance,毒物及び劇物取締法,Poisonous and Deleterious Substances Control Act,NITE-CHRIP RJ_03_001 法律又は政令番号: 政令第2条第1項第32号,340CO0000000002
68359-37-5,deleterious,劇物,Deleterious Substance,毒物及び劇物取締法,Poisonous and Deleterious Substances Control Act,NITE-CHRIP RJ_03_001 法律又は政令番号: 政令第2条第1項第32号,340CO0000000002
6838-85-3,deleterious,劇物,Deleterious Substance,毒物及び劇物取締法,Poisonous and Deleterious Substances Control Act,NITE-CHRIP RJ_03_001 法律又は政令番号: 政令第2条第1項第77号,340CO0000000002
68406-65-5,deleterious,劇物,Deleterious Substance,毒物及び劇物取締法,Poisonous and Deleterious Substances Control Act,NITE-CHRIP RJ_03_001 法律又は政令番号: 政令第2条第1項第26号,340CO0000000002
6851-36-1,deleterious,劇物,Deleterious Substance,毒物及び劇物取締法,Poisonous and Deleterious Substances Control Act,NITE-CHRIP RJ_03_001 法律又は政令番号: 政令第2条第1項第32号,340CO0000000002
6865-35-6,deleterious,劇物,Deleterious Substance,毒物及び劇物取締法,Poisonous and Deleterious Substances Control Act,NITE-CHRIP RJ_03_001 法律又は政令番号: 政令第2条第1項第79号,340CO0000000002
68725-14-4,deleterious,劇物,Deleterious Substance,毒物及び劇物取締法,Poisonous and Deleterious Substances Control Act,NITE-CHRIP RJ_03_001 法律又は政令番号: 政令第2条第1項第67号,340CO0000000002
69011-06-9,deleterious,劇物,Deleterious Substance,毒物及び劇物取締法,Poisonous and Deleterious Substances Control Act,NITE-CHRIP RJ_03_001 法律又は政令番号: 政令第2条第1項第77号,340CO0000000002
69011-07-0,deleterious,劇物,Deleterious Substance,毒物及び劇物取締法,Poisonous and Deleterious Substances Control Act,NITE-CHRIP RJ_03_001 法律又は政令番号: 政令第2条第1項第26号,340CO0000000002
69090-73-9,deleterious,劇物,Deleterious Substance,毒物及び劇物取締法,Poisonous and Deleterious Substances Control Act,NITE-CHRIP RJ_03_001 法律又は政令番号: 政令第2条第1項第77号,340CO0000000002
69121-20-6,deleterious,劇物,Deleterious Substance,毒物及び劇物取締法,Poisonous and Deleterious Substances Control Act,NITE-CHRIP RJ_03_001 法律又は政令番号: 政令第2条第1項第22号,340CO0000000002
6923-22-4,deleterious,劇物,Deleterious Substance,毒物及び劇物取締法,Poisonous and Deleterious Substances Control Act,NITE-CHRIP RJ_03_001 法律又は政令番号: 政令第2条第1項第59号の2,340CO0000000002
6923-52-0,deleterious,劇物,Deleterious Substance,毒物及び劇物取締法,Poisonous and Deleterious Substances Control Act,NITE-CHRIP RJ_03_001 法律又は政令番号: 政令第2条第1項第7号,340CO0000000002
693-05-0,deleterious,劇物,Deleterious Substance,毒物及び劇物取締法,Poisonous and Deleterious Substances Control Act,NITE-CHRIP RJ_03_001 法律又は政令番号: 政令第2条第1項第32号,340CO0000000002
69409-94-5,deleterious,劇物,Deleterious Substance,毒物及び劇物取締法,Poisonous and Deleterious Substances Control Act,NITE-CHRIP RJ_03_001 法律又は政令番号: 政令第2条第1項第32号,340CO0000000002
6952-59-6,deleterious,劇物,Deleterious Substance,毒物及び劇物取締法,Poisonous and Deleterious Substances Control Act,NITE-CHRIP RJ_03_001 法律又は政令番号: 政令第2条第1項第32号,340CO0000000002
69584-87-8,deleterious,劇物,Deleterious Substance,毒物及び劇物取締法,Poisonous and Deleterious Substances Control Act,NITE-CHRIP RJ_03_001 法律又は政令番号: 政令第2条第1項第32号,340CO0000000002
696-44-6,deleterious,劇物,Deleterious Substance,毒物及び劇物取締法,Poisonous and Deleterious Substances Control Act,NITE-CHRIP RJ_03_001 法律又は政令番号: 政令第2条第1項第6号,340CO0000000002
69637-83-8,deleterious,劇物,Deleterious Substance,毒物及び劇物取締法,Poisonous and Deleterious Substances Control Act,NITE-CHRIP RJ_03_001 法律又は政令番号: 政令第2条第1項第77号,340CO0000000002
6975-71-9,deleterious,劇物,Deleterious Substance,毒物及び劇物取締法,Poisonous and Deleterious Substances Control Act,NITE-CHRIP RJ_03_001 法律又は政令番号: 政令第2条第1項第32号,340CO0000000002
6988-21-2,deleterious,劇物,Deleterious Substance,毒物及び劇物取締法,Poisonous and Deleterious Substances Control Act,NITE-CHRIP RJ_03_001 法律又は政令番号: 政令第2条第1項第38号の2,340CO0000000002
6988-21-2,deleterious,劇物,Deleterious Substance,毒物及び劇物取締法,Poisonous and Deleterious Substances Control Act,毒物及び劇物指定令 第二条（劇物）,340CO0000000002
702-03-4,deleterious,劇物,Deleterious Substance,毒物及び劇物取締法,Poisonous and Deleterious Substances Control Act,NITE-CHRIP RJ_03_001 法律又は政令番号: 政令第2条第1項第32号,340CO0000000002
7035-03-2,deleterious,劇物,Deleterious Substance,毒物及び劇物取締法,Poisonous and Deleterious Substances Control Act,NITE-CHRIP RJ_03_001 法律又は政令番号: 政令第2条第1項第32号,340CO0000000002
7047-99-6,deleterious,劇物,Deleterious Substance,毒物及び劇物取締法,Poisonous and Deleterious Substances Control Act,NITE-CHRIP RJ_03_001 法律又は政令番号: 政令第2条第1項第62号,340CO0000000002
7057-72-9,deleterious,劇物,Deleterious Substance,毒物及び劇物取締法,Poisonous and Deleterious Substances Control Act,NITE-CHRIP RJ_03_001 法律又は政令番号: 政令第2条第1項第72号,340CO0000000002
70591-20-7,deleterious,劇物,Deleterious Substance,毒物及び劇物取締法,Poisonous and Deleterious Substances Control Act,NITE-CHRIP RJ_03_001 法律又は政令番号: 政令第2条第1項第32号,340CO0000000002
706-03-6,deleterious,劇物,Deleterious Substance,毒物及び劇物取締法,Poisonous and Deleterious Substances Control Act,NITE-CHRIP RJ_03_001 法律又は政令番号: 政令第2条第1項第32号,340CO0000000002
70714-64-6,deleterious,劇物,Deleterious Substance,毒物及び劇物取締法,Poisonous and Deleterious Substances Control Act,NITE-CHRIP RJ_03_001 法律又は政令番号: 政令第2条第1項第72号,340CO0000000002
70727-02-5,deleterious,劇物,Deleterious Substance,毒物及び劇物取締法,Poisonous and Deleterious Substances Control Act,NITE-CHRIP RJ_03_001 法律又は政令番号: 政令第2条第1項第77号,340CO0000000002
70995-63-0,deleterious,劇物,Deleterious Substance,毒物及び劇物取締法,Poisonous and Deleterious Substances Control Act,NITE-CHRIP RJ_03_001 法律又は政令番号: 政令第2条第1項第77号,340CO0000000002
71048-99-2,deleterious,劇物,Deleterious Substance,毒物及び劇物取締法,Poisonous and Deleterious Substances Control Act,NITE-CHRIP RJ_03_001 法律又は政令番号: 政令第2条第1項第4号の6,340CO0000000002
712-74-3,deleterious,劇物,Deleterious Substance,毒物及び劇物取締法,Poisonous and Deleterious Substances Control Act,NITE-CHRIP RJ_03_001 法律又は政令番号: 政令第2条第1項第32号,340CO0000000002
71258-18-9,deleterious,劇物,Deleterious Substance,毒物及び劇物取締法,Poisonous and Deleterious Substances Control Act,NITE-CHRIP RJ_03_001 法律又は政令番号: 政令第2条第1項第32号,340CO0000000002
71449-78-0,deleterious,劇物,Deleterious Substance,毒物及び劇物取締法,Poisonous and Deleterious Substances Control Act,NITE-CHRIP RJ_03_001 法律又は政令番号: 政令第2条第1項第7号,340CO0000000002
7152-40-1,deleterious,劇物,Deleterious Substance,毒物及び劇物取締法,Poisonous and Deleterious Substances Control Act,NITE-CHRIP RJ_03_001 法律又は政令番号: 政令第2条第1項第32号,340CO0000000002
7153-22-2,deleterious,劇物,Deleterious Substance,毒物及び劇物取締法,Poisonous and Deleterious Substances Control Act,NITE-CHRIP RJ_03_001 法律又は政令番号: 政令第2条第1項第32号,340CO0000000002
71599-06-9,deleterious,劇物,Deleterious Substance,毒物及び劇物取締法,Poisonous and Deleterious Substances Control Act,NITE-CHRIP RJ_03_001 法律又は政令番号: 政令第2条第1項第22号,340CO0000000002
71684-29-2,deleterious,劇物,Deleterious Substance,毒物及び劇物取締法,Poisonous and Deleterious Substances Control Act,NITE-CHRIP RJ_03_001 法律又は政令番号: 政令第2条第1項第77号,340CO0000000002
7173-51-5,deleterious,劇物,Deleterious Substance,毒物及び劇物取締法,Poisonous and Deleterious Substances Control Act,NITE-CHRIP RJ_03_001 法律又は政令番号: 政令第2条第1項第42号の3,340CO0000000002
7173-51-5,deleterious,劇物,Deleterious Substance,毒物及び劇物取締法,Poisonous and Deleterious Substances Control Act,毒物及び劇物指定令 第二条（劇物）,340CO0000000002
71735-31-4,deleterious,劇物,Deleterious Substance,毒物及び劇物取締法,Poisonous and Deleterious Substances Control Act,NITE-CHRIP RJ_03_001 法律又は政令番号: 政令第2条第1項第79号,340CO0000000002
7187-01-1,deleterious,劇物,Deleterious Substance,毒物及び劇物取締法,Poisonous and Deleterious Substances Control Act,NITE-CHRIP RJ_03_001 法律又は政令番号: 政令第2条第1項第32号,340CO0000000002
72204-44-5,deleterious,劇物,Deleterious Substance,毒物及び劇物取締法,Poisonous and Deleterious Substances Control Act,NITE-CHRIP RJ_03_001 法律又は政令番号: 政令第2条第1項第32号,340CO0000000002
72437-77-5,deleterious,劇物,Deleterious Substance,毒物及び劇物取締法,Poisonous and Deleterious Substances Control Act,NITE-CHRIP RJ_03_001 法律又は政令番号: 政令第2条第1項第77号,340CO0000000002
72586-00-6,deleterious,劇物,Deleterious Substance,毒物及び劇物取締法,Poisonous and Deleterious Substances Control Act,NITE-CHRIP RJ_03_001 法律又は政令番号: 政令第2条第1項第77号,340CO0000000002
7277-86-3,deleterious,劇物,Deleterious Substance,毒物及び劇物取締法,Poisonous and Deleterious Substances Control Act,NITE-CHRIP RJ_03_001 法律又は政令番号: 政令第2条第1項第5号,340CO0000000002
7292-16-2,deleterious,劇物,Deleterious Substance,毒物及び劇物取締法,Poisonous and Deleterious Substances Control Act,NITE-CHRIP RJ_03_001 法律又は政令番号: 政令第2条第1項第47号の4,340CO0000000002
7292-16-2,deleterious,劇物,Deleterious Substance,毒物及び劇物取締法,Poisonous and Deleterious Substances Control Act,毒物及び劇物指定令 第二条（劇物）,340CO0000000002
7315-17-5,deleterious,劇物,Deleterious Substance,毒物及び劇物取締法,Poisonous and Deleterious Substances Control Act,NITE-CHRIP RJ_03_001 法律又は政令番号: 政令第2条第1項第32号,340CO0000000002
7319-86-0,deleterious,劇物,Deleterious Substance,毒物及び劇物取締法,Poisonous and Deleterious Substances Control Act,NITE-CHRIP RJ_03_001 法律又は政令番号: 政令第2条第1項第77号,340CO0000000002
732-11-6,deleterious,劇物,Deleterious Substance,毒物及び劇物取締法,Poisonous and Deleterious Substances Control Act,NITE-CHRIP RJ_03_001 法律又は政令番号: 政令第2条第1項第56号,340CO0000000002
732-11-6,deleterious,劇物,Deleterious Substance,毒物及び劇物取締法,Poisonous and Deleterious Substances Control Act,NITE-CHRIP RJ_03_001 法律又は政令番号: 法律別表第2の43,340CO0000000002
732-11-6,deleterious,劇物,Deleterious Substance,毒物及び劇物取締法,Poisonous and Deleterious Substances Control Act,毒物及び劇物指定令 第二条（劇物）,340CO0000000002
7327-60-8,deleterious,劇物,Deleterious Substance,毒物及び劇物取締法,Poisonous and Deleterious Substances Control Act,NITE-CHRIP RJ_03_001 法律又は政令番号: 政令第2条第1項第32号,340CO0000000002
7342-47-4,deleterious,劇物,Deleterious Substance,毒物及び劇物取締法,Poisonous and Deleterious Substances Control Act,NITE-CHRIP RJ_03_001 法律又は政令番号: 政令第2条第1項第67号,340CO0000000002
73520-82-8,deleterious,劇物,Deleterious Substance,毒物及び劇物取締法,Poisonous and Deleterious Substances Control Act,NITE-CHRIP RJ_03_001 法律又は政令番号: 政令第2条第1項第69号,340CO0000000002
7357-70-2,deleterious,劇物,Deleterious Substance,毒物及び劇物取締法,Poisonous and Deleterious Substances Control Act,NITE-CHRIP RJ_03_001 法律又は政令番号: 政令第2条第1項第32号,340CO0000000002
73640-07-0,deleterious,劇物,Deleterious Substance,毒物及び劇物取締法,Poisonous and Deleterious Substances Control Act,NITE-CHRIP RJ_03_001 法律又は政令番号: 政令第2条第1項第1号,340CO0000000002
73825-69-1,deleterious,劇物,Deleterious Substance,毒物及び劇物取締法,Poisonous and Deleterious Substances Control Act,NITE-CHRIP RJ_03_001 法律又は政令番号: 政令第2条第1項第32号,340CO0000000002
73907-82-1,deleterious,劇物,Deleterious Substance,毒物及び劇物取締法,Poisonous and Deleterious Substances Control Act,NITE-CHRIP RJ_03_001 法律又は政令番号: 政令第2条第1項第32号,340CO0000000002
74-83-9,deleterious,劇物,Deleterious Substance,毒物及び劇物取締法,Poisonous and Deleterious Substances Control Act,NITE-CHRIP RJ_03_001 法律又は政令番号: 政令第2条第1項第88号の2,340CO0000000002
74-83-9,deleterious,劇物,Deleterious Substance,毒物及び劇物取締法,Poisonous and Deleterious Substances Control Act,NITE-CHRIP RJ_03_001 法律又は政令番号: 法律別表第2の74,340CO0000000002
74-83-9,deleterious,劇物,Deleterious Substance,毒物及び劇物取締法,Poisonous and Deleterious Substances Control Act,毒物及び劇物指定令 第二条（劇物）,340CO0000000002
74-87-3,deleterious,劇物,Deleterious Substance,毒物及び劇物取締法,Poisonous and Deleterious Substances Control Act,NITE-CHRIP RJ_03_001 法律又は政令番号: 政令第2条第1項第28号,340CO0000000002
74-87-3,deleterious,劇物,Deleterious Substance,毒物及び劇物取締法,Poisonous and Deleterious Substances Control Act,NITE-CHRIP RJ_03_001 法律又は政令番号: 法律別表第2の19,340CO0000000002
74-87-3,deleterious,劇物,Deleterious Substance,毒物及び劇物取締法,Poisonous and Deleterious Substances Control Act,毒物及び劇物指定令 第二条（劇物）,340CO0000000002
74-88-4,deleterious,劇物,Deleterious Substance,毒物及び劇物取締法,Poisonous and Deleterious Substances Control Act,NITE-CHRIP RJ_03_001 法律又は政令番号: 政令第2条第1項第102号の2,340CO0000000002
74-89-5,deleterious,劇物,Deleterious Substance,毒物及び劇物取締法,Poisonous and Deleterious Substances Control Act,NITE-CHRIP RJ_03_001 法律又は政令番号: 政令第2条第1項第98号の10,340CO0000000002
74-89-5,deleterious,劇物,Deleterious Substance,毒物及び劇物取締法,Poisonous and Deleterious Substances Control Act,毒物及び劇物指定令 第二条（劇物）,340CO0000000002
74-96-4,deleterious,劇物,Deleterious Substance,毒物及び劇物取締法,Poisonous and Deleterious Substances Control Act,NITE-CHRIP RJ_03_001 法律又は政令番号: 法律別表第2の72,340CO0000000002
74077-58-0,deleterious,劇物,Deleterious Substance,毒物及び劇物取締法,Poisonous and Deleterious Substances Control Act,NITE-CHRIP RJ_03_001 法律又は政令番号: 政令第2条第1項第32号,340CO0000000002
74173-38-9,deleterious,劇物,Deleterious Substance,毒物及び劇物取締法,Poisonous and Deleterious Substances Control Act,NITE-CHRIP RJ_03_001 法律又は政令番号: 政令第2条第1項第1号,340CO0000000002
74182-35-7,deleterious,劇物,Deleterious Substance,毒物及び劇物取締法,Poisonous and Deleterious Substances Control Act,NITE-CHRIP RJ_03_001 法律又は政令番号: 政令第2条第1項第1号,340CO0000000002
7423-27-0,deleterious,劇物,Deleterious Substance,毒物及び劇物取締法,Poisonous and Deleterious Substances Control Act,NITE-CHRIP RJ_03_001 法律又は政令番号: 政令第2条第1項第69号,340CO0000000002
7428-48-0,deleterious,劇物,Deleterious Substance,毒物及び劇物取締法,Poisonous and Deleterious Substances Control Act,NITE-CHRIP RJ_03_001 法律又は政令番号: 政令第2条第1項第77号,340CO0000000002
74365-27-8,deleterious,劇物,Deleterious Substance,毒物及び劇物取締法,Poisonous and Deleterious Substances Control Act,NITE-CHRIP RJ_03_001 法律又は政令番号: 政令第2条第1項第7号,340CO0000000002
7440-09-7,deleterious,劇物,Deleterious Substance,毒物及び劇物取締法,Poisonous and Deleterious Substances Control Act,NITE-CHRIP RJ_03_001 法律又は政令番号: 法律別表第2の13,340CO0000000002
7440-23-5,deleterious,劇物,Deleterious Substance,毒物及び劇物取締法,Poisonous and Deleterious Substances Control Act,NITE-CHRIP RJ_03_001 法律又は政令番号: 法律別表第2の62,340CO0000000002
7446-10-8,deleterious,劇物,Deleterious Substance,毒物及び劇物取締法,Poisonous and Deleterious Substances Control Act,NITE-CHRIP RJ_03_001 法律又は政令番号: 政令第2条第1項第77号,340CO0000000002
7446-18-6,deleterious,劇物,Deleterious Substance,毒物及び劇物取締法,Poisonous and Deleterious Substances Control Act,NITE-CHRIP RJ_03_001 法律又は政令番号: 法律別表第2の90,340CO0000000002
7446-19-7,deleterious,劇物,Deleterious Substance,毒物及び劇物取締法,Poisonous and Deleterious Substances Control Act,NITE-CHRIP RJ_03_001 法律又は政令番号: 政令第2条第1項第1号,340CO0000000002
7446-20-0,deleterious,劇物,Deleterious Substance,毒物及び劇物取締法,Poisonous and Deleterious Substances Control Act,NITE-CHRIP RJ_03_001 法律又は政令番号: 政令第2条第1項第1号,340CO0000000002
7446-26-6,deleterious,劇物,Deleterious Substance,毒物及び劇物取締法,Poisonous and Deleterious Substances Control Act,NITE-CHRIP RJ_03_001 法律又は政令番号: 政令第2条第1項第1号,340CO0000000002
7446-27-7,deleterious,劇物,Deleterious Substance,毒物及び劇物取締法,Poisonous and Deleterious Substances Control Act,NITE-CHRIP RJ_03_001 法律又は政令番号: 政令第2条第1項第77号,340CO0000000002
7446-32-4,deleterious,劇物,Deleterious Substance,毒物及び劇物取締法,Poisonous and Deleterious Substances Control Act,NITE-CHRIP RJ_03_001 法律又は政令番号: 政令第2条第1項第7号,340CO0000000002
7446-70-0,deleterious,劇物,Deleterious Substance,毒物及び劇物取締法,Poisonous and Deleterious Substances Control Act,NITE-CHRIP RJ_03_001 法律又は政令番号: 政令第2条第1項第30号の6,340CO0000000002
7447-39-4,deleterious,劇物,Deleterious Substance,毒物及び劇物取締法,Poisonous and Deleterious Substances Control Act,NITE-CHRIP RJ_03_001 法律又は政令番号: 政令第2条第1項第72号,340CO0000000002
7468-67-9,deleterious,劇物,Deleterious Substance,毒物及び劇物取締法,Poisonous and Deleterious Substances Control Act,NITE-CHRIP RJ_03_001 法律又は政令番号: 政令第2条第1項第32号,340CO0000000002
74765-09-6,deleterious,劇物,Deleterious Substance,毒物及び劇物取締法,Poisonous and Deleterious Substances Control Act,NITE-CHRIP RJ_03_001 法律又は政令番号: 政令第2条第1項第77号,340CO0000000002
7488-52-0,deleterious,劇物,Deleterious Substance,毒物及び劇物取締法,Poisonous and Deleterious Substances Control Act,NITE-CHRIP RJ_03_001 法律又は政令番号: 政令第2条第1項第1号,340CO0000000002
7488-55-3,deleterious,劇物,Deleterious Substance,毒物及び劇物取締法,Poisonous and Deleterious Substances Control Act,NITE-CHRIP RJ_03_001 法律又は政令番号: 政令第2条第1項第69号,340CO0000000002
74912-23-5,deleterious,劇物,Deleterious Substance,毒物及び劇物取締法,Poisonous and Deleterious Substances Control Act,NITE-CHRIP RJ_03_001 法律又は政令番号: 政令第2条第1項第96号,340CO0000000002
74925-56-7,deleterious,劇物,Deleterious Substance,毒物及び劇物取締法,Poisonous and Deleterious Substances Control Act,NITE-CHRIP RJ_03_001 法律又は政令番号: 政令第2条第1項第69号,340CO0000000002
7498-57-9,deleterious,劇物,Deleterious Substance,毒物及び劇物取締法,Poisonous and Deleterious Substances Control Act,NITE-CHRIP RJ_03_001 法律又は政令番号: 政令第2条第1項第32号,340CO0000000002
75-00-3,deleterious,劇物,Deleterious Substance,毒物及び劇物取締法,Poisonous and Deleterious Substances Control Act,NITE-CHRIP RJ_03_001 法律又は政令番号: 法律別表第2の16,340CO0000000002
75-05-8,deleterious,劇物,Deleterious Substance,毒物及び劇物取締法,Poisonous and Deleterious Substances Control Act,NITE-CHRIP RJ_03_001 法律又は政令番号: 政令第2条第1項第32号,340CO0000000002
75-15-0,deleterious,劇物,Deleterious Substance,毒物及び劇物取締法,Poisonous and Deleterious Substances Control Act,NITE-CHRIP RJ_03_001 法律又は政令番号: 政令第2条第1項第78号,340CO0000000002
75-15-0,deleterious,劇物,Deleterious Substance,毒物及び劇物取締法,Poisonous and Deleterious Substances Control Act,NITE-CHRIP RJ_03_001 法律又は政令番号: 法律別表第2の64,340CO0000000002
75-15-0,deleterious,劇物,Deleterious Substance,毒物及び劇物取締法,Poisonous and Deleterious Substances Control Act,毒物及び劇物指定令 第二条（劇物）,340CO0000000002
75-21-8,deleterious,劇物,Deleterious Substance,毒物及び劇物取締法,Poisonous and Deleterious Substances Control Act,NITE-CHRIP RJ_03_001 法律又は政令番号: 政令第2条第1項第14号の7,340CO0000000002
75-21-8,deleterious,劇物,Deleterious Substance,毒物及び劇物取締法,Poisonous and Deleterious Substances Control Act,毒物及び劇物指定令 第二条（劇物）,340CO0000000002
75-75-2,deleterious,劇物,Deleterious Substance,毒物及び劇物取締法,Poisonous and Deleterious Substances Control Act,NITE-CHRIP RJ_03_001 法律又は政令番号: 政令第2条第1項第98号の8,340CO0000000002
75-75-2,deleterious,劇物,Deleterious Substance,毒物及び劇物取締法,Poisonous and Deleterious Substances Control Act,毒物及び劇物指定令 第二条（劇物）,340CO0000000002
75-86-5,deleterious,劇物,Deleterious Substance,毒物及び劇物取締法,Poisonous and Deleterious Substances Control Act,NITE-CHRIP RJ_03_001 法律又は政令番号: 政令第2条第1項第32号,340CO0000000002
75279-55-9,deleterious,劇物,Deleterious Substance,毒物及び劇物取締法,Poisonous and Deleterious Substances Control Act,NITE-CHRIP RJ_03_001 法律又は政令番号: 政令第2条第1項第32号,340CO0000000002
7546-30-7,deleterious,劇物,Deleterious Substance,毒物及び劇物取締法,Poisonous and Deleterious Substances Control Act,NITE-CHRIP RJ_03_001 法律又は政令番号: 政令第2条第1項第17号,340CO0000000002
7546-30-7,deleterious,劇物,Deleterious Substance,毒物及び劇物取締法,Poisonous and Deleterious Substances Control Act,NITE-CHRIP RJ_03_001 法律又は政令番号: 法律別表第2の9,340CO0000000002
7546-30-7,deleterious,劇物,Deleterious Substance,毒物及び劇物取締法,Poisonous and Deleterious Substances Control Act,毒物及び劇物指定令 第二条（劇物）,340CO0000000002
7553-56-2,deleterious,劇物,Deleterious Substance,毒物及び劇物取締法,Poisonous and Deleterious Substances Control Act,NITE-CHRIP RJ_03_001 法律又は政令番号: 法律別表第2の88,340CO0000000002
756-79-6,deleterious,劇物,Deleterious Substance,毒物及び劇物取締法,Poisonous and Deleterious Substances Control Act,NITE-CHRIP RJ_03_001 法律又は政令番号: 政令第2条第1項第100号の9,340CO0000000002
756-79-6,deleterious,劇物,Deleterious Substance,毒物及び劇物取締法,Poisonous and Deleterious Substances Control Act,毒物及び劇物指定令 第二条（劇物）,340CO0000000002
75942-37-9,deleterious,劇物,Deleterious Substance,毒物及び劇物取締法,Poisonous and Deleterious Substances Control Act,NITE-CHRIP RJ_03_001 法律又は政令番号: 政令第2条第1項第32号,340CO0000000002
76-03-9,deleterious,劇物,Deleterious Substance,毒物及び劇物取締法,Poisonous and Deleterious Substances Control Act,NITE-CHRIP RJ_03_001 法律又は政令番号: 法律別表第2の58,340CO0000000002
76-06-2,deleterious,劇物,Deleterious Substance,毒物及び劇物取締法,Poisonous and Deleterious Substances Control Act,NITE-CHRIP RJ_03_001 法律又は政令番号: 政令第2条第1項第27号,340CO0000000002
76-06-2,deleterious,劇物,Deleterious Substance,毒物及び劇物取締法,Poisonous and Deleterious Substances Control Act,NITE-CHRIP RJ_03_001 法律又は政令番号: 法律別表第2の18,340CO0000000002
76-06-2,deleterious,劇物,Deleterious Substance,毒物及び劇物取締法,Poisonous and Deleterious Substances Control Act,毒物及び劇物指定令 第二条（劇物）,340CO0000000002
76-20-0,deleterious,劇物,Deleterious Substance,毒物及び劇物取締法,Poisonous and Deleterious Substances Control Act,NITE-CHRIP RJ_03_001 法律又は政令番号: 法律別表第2の84,340CO0000000002
76-44-8,deleterious,劇物,Deleterious Substance,毒物及び劇物取締法,Poisonous and Deleterious Substances Control Act,NITE-CHRIP RJ_03_001 法律又は政令番号: 政令第2条第1項第93号,340CO0000000002
76-44-8,deleterious,劇物,Deleterious Substance,毒物及び劇物取締法,Poisonous and Deleterious Substances Control Act,NITE-CHRIP RJ_03_001 法律又は政令番号: 法律別表第2の79,340CO0000000002
76-44-8,deleterious,劇物,Deleterious Substance,毒物及び劇物取締法,Poisonous and Deleterious Substances Control Act,毒物及び劇物指定令 第二条（劇物）,340CO0000000002
76-87-9,deleterious,劇物,Deleterious Substance,毒物及び劇物取締法,Poisonous and Deleterious Substances Control Act,NITE-CHRIP RJ_03_001 法律又は政令番号: 政令第2条第1項第66号,340CO0000000002
7605-28-9,deleterious,劇物,Deleterious Substance,毒物及び劇物取締法,Poisonous and Deleterious Substances Control Act,NITE-CHRIP RJ_03_001 法律又は政令番号: 政令第2条第1項第32号,340CO0000000002
7632-00-0,deleterious,劇物,Deleterious Substance,毒物及び劇物取締法,Poisonous and Deleterious Substances Control Act,NITE-CHRIP RJ_03_001 法律又は政令番号: 政令第2条第1項第2号,340CO0000000002
764-42-1,deleterious,劇物,Deleterious Substance,毒物及び劇物取締法,Poisonous and Deleterious Substances Control Act,NITE-CHRIP RJ_03_001 法律又は政令番号: 政令第2条第1項第32号,340CO0000000002
7646-78-8,deleterious,劇物,Deleterious Substance,毒物及び劇物取締法,Poisonous and Deleterious Substances Control Act,NITE-CHRIP RJ_03_001 法律又は政令番号: 政令第2条第1項第69号,340CO0000000002
7646-85-7,deleterious,劇物,Deleterious Substance,毒物及び劇物取締法,Poisonous and Deleterious Substances Control Act,NITE-CHRIP RJ_03_001 法律又は政令番号: 政令第2条第1項第1号,340CO0000000002
7647-01-0,deleterious,劇物,Deleterious Substance,毒物及び劇物取締法,Poisonous and Deleterious Substances Control Act,NITE-CHRIP RJ_03_001 法律又は政令番号: 政令第2条第1項第16号,340CO0000000002
7647-01-0,deleterious,劇物,Deleterious Substance,毒物及び劇物取締法,Poisonous and Deleterious Substances Control Act,NITE-CHRIP RJ_03_001 法律又は政令番号: 法律別表第2の8,340CO0000000002
7647-01-0,deleterious,劇物,Deleterious Substance,毒物及び劇物取締法,Poisonous and Deleterious Substances Control Act,毒物及び劇物指定令 第二条（劇物）,340CO0000000002
7647-18-9,deleterious,劇物,Deleterious Substance,毒物及び劇物取締法,Poisonous and Deleterious Substances Control Act,NITE-CHRIP RJ_03_001 法律又は政令番号: 政令第2条第1項第7号,340CO0000000002
76494-22-9,deleterious,劇物,Deleterious Substance,毒物及び劇物取締法,Poisonous and Deleterious Substances Control Act,NITE-CHRIP RJ_03_001 法律又は政令番号: 政令第2条第1項第72号,340CO0000000002
7659-45-2,deleterious,劇物,Deleterious Substance,毒物及び劇物取締法,Poisonous and Deleterious Substances Control Act,NITE-CHRIP RJ_03_001 法律又は政令番号: 政令第2条第1項第32号,340CO0000000002
766-05-2,deleterious,劇物,Deleterious Substance,毒物及び劇物取締法,Poisonous and Deleterious Substances Control Act,NITE-CHRIP RJ_03_001 法律又は政令番号: 政令第2条第1項第32号,340CO0000000002
766-84-7,deleterious,劇物,Deleterious Substance,毒物及び劇物取締法,Poisonous and Deleterious Substances Control Act,NITE-CHRIP RJ_03_001 法律又は政令番号: 政令第2条第1項第32号,340CO0000000002
7663-76-5,deleterious,劇物,Deleterious Substance,毒物及び劇物取締法,Poisonous and Deleterious Substances Control Act,NITE-CHRIP RJ_03_001 法律又は政令番号: 政令第2条第1項第32号,340CO0000000002
7664-41-7,deleterious,劇物,Deleterious Substance,毒物及び劇物取締法,Poisonous and Deleterious Substances Control Act,NITE-CHRIP RJ_03_001 法律又は政令番号: 政令第2条第1項第8号,340CO0000000002
7664-41-7,deleterious,劇物,Deleterious Substance,毒物及び劇物取締法,Poisonous and Deleterious Substances Control Act,NITE-CHRIP RJ_03_001 法律又は政令番号: 法律別表第2の4,340CO0000000002
7664-41-7,deleterious,劇物,Deleterious Substance,毒物及び劇物取締法,Poisonous and Deleterious Substances Control Act,毒物及び劇物指定令 第二条（劇物）,340CO0000000002
7664-93-9,deleterious,劇物,Deleterious Substance,毒物及び劇物取締法,Poisonous and Deleterious Substances Control Act,NITE-CHRIP RJ_03_001 法律又は政令番号: 政令第2条第1項第104号,340CO0000000002
7664-93-9,deleterious,劇物,Deleterious Substance,毒物及び劇物取締法,Poisonous and Deleterious Substances Control Act,NITE-CHRIP RJ_03_001 法律又は政令番号: 法律別表第2の89,340CO0000000002
7664-93-9,deleterious,劇物,Deleterious Substance,毒物及び劇物取締法,Poisonous and Deleterious Substances Control Act,毒物及び劇物指定令 第二条（劇物）,340CO0000000002
767-00-0,deleterious,劇物,Deleterious Substance,毒物及び劇物取締法,Poisonous and Deleterious Substances Control Act,NITE-CHRIP RJ_03_001 法律又は政令番号: 政令第2条第1項第32号,340CO0000000002
767-10-2,deleterious,劇物,Deleterious Substance,毒物及び劇物取締法,Poisonous and Deleterious Substances Control Act,NITE-CHRIP RJ_03_001 法律又は政令番号: 政令第2条第1項第85号の6,340CO0000000002
767-10-2,deleterious,劇物,Deleterious Substance,毒物及び劇物取締法,Poisonous and Deleterious Substances Control Act,毒物及び劇物指定令 第二条（劇物）,340CO0000000002
768-52-5,deleterious,劇物,Deleterious Substance,毒物及び劇物取締法,Poisonous and Deleterious Substances Control Act,NITE-CHRIP RJ_03_001 法律又は政令番号: 政令第2条第1項第5号,340CO0000000002
7681-49-4,deleterious,劇物,Deleterious Substance,毒物及び劇物取締法,Poisonous and Deleterious Substances Control Act,NITE-CHRIP RJ_03_001 法律又は政令番号: 政令第2条第1項第85号の15,340CO0000000002
7681-49-4,deleterious,劇物,Deleterious Substance,毒物及び劇物取締法,Poisonous and Deleterious Substances Control Act,毒物及び劇物指定令 第二条（劇物）,340CO0000000002
7681-65-4,deleterious,劇物,Deleterious Substance,毒物及び劇物取締法,Poisonous and Deleterious Substances Control Act,NITE-CHRIP RJ_03_001 法律又は政令番号: 政令第2条第1項第72号,340CO0000000002
76835-97-7,deleterious,劇物,Deleterious Substance,毒物及び劇物取締法,Poisonous and Deleterious Substances Control Act,NITE-CHRIP RJ_03_001 法律又は政令番号: 政令第2条第1項第22号,340CO0000000002
76835-98-8,deleterious,劇物,Deleterious Substance,毒物及び劇物取締法,Poisonous and Deleterious Substances Control Act,NITE-CHRIP RJ_03_001 法律又は政令番号: 政令第2条第1項第77号,340CO0000000002
769-28-8,deleterious,劇物,Deleterious Substance,毒物及び劇物取締法,Poisonous and Deleterious Substances Control Act,NITE-CHRIP RJ_03_001 法律又は政令番号: 政令第2条第1項第32号,340CO0000000002
769-68-6,deleterious,劇物,Deleterious Substance,毒物及び劇物取締法,Poisonous and Deleterious Substances Control Act,NITE-CHRIP RJ_03_001 法律又は政令番号: 政令第2条第1項第32号,340CO0000000002
76925-97-8,deleterious,劇物,Deleterious Substance,毒物及び劇物取締法,Poisonous and Deleterious Substances Control Act,NITE-CHRIP RJ_03_001 法律又は政令番号: 政令第2条第1項第77号,340CO0000000002
7697-37-2,deleterious,劇物,Deleterious Substance,毒物及び劇物取締法,Poisonous and Deleterious Substances Control Act,NITE-CHRIP RJ_03_001 法律又は政令番号: 政令第2条第1項第63号,340CO0000000002
7697-37-2,deleterious,劇物,Deleterious Substance,毒物及び劇物取締法,Poisonous and Deleterious Substances Control Act,NITE-CHRIP RJ_03_001 法律又は政令番号: 法律別表第2の51,340CO0000000002
7697-37-2,deleterious,劇物,Deleterious Substance,毒物及び劇物取締法,Poisonous and Deleterious Substances Control Act,毒物及び劇物指定令 第二条（劇物）,340CO0000000002
7699-45-8,deleterious,劇物,Deleterious Substance,毒物及び劇物取締法,Poisonous and Deleterious Substances Control Act,NITE-CHRIP RJ_03_001 法律又は政令番号: 政令第2条第1項第1号,340CO0000000002
77-57-6,deleterious,劇物,Deleterious Substance,毒物及び劇物取締法,Poisonous and Deleterious Substances Control Act,NITE-CHRIP RJ_03_001 法律又は政令番号: 政令第2条第1項第32号,340CO0000000002
77-78-1,deleterious,劇物,Deleterious Substance,毒物及び劇物取締法,Poisonous and Deleterious Substances Control Act,NITE-CHRIP RJ_03_001 法律又は政令番号: 法律別表第2の47,340CO0000000002
7700-17-6,deleterious,劇物,Deleterious Substance,毒物及び劇物取締法,Poisonous and Deleterious Substances Control Act,NITE-CHRIP RJ_03_001 法律又は政令番号: 政令第2条第1項第58号の2,340CO0000000002
7705-07-9,deleterious,劇物,Deleterious Substance,毒物及び劇物取締法,Poisonous and Deleterious Substances Control Act,NITE-CHRIP RJ_03_001 法律又は政令番号: 政令第2条第1項第30号の7,340CO0000000002
7705-07-9,deleterious,劇物,Deleterious Substance,毒物及び劇物取締法,Poisonous and Deleterious Substances Control Act,毒物及び劇物指定令 第二条（劇物）,340CO0000000002
771-51-7,deleterious,劇物,Deleterious Substance,毒物及び劇物取締法,Poisonous and Deleterious Substances Control Act,NITE-CHRIP RJ_03_001 法律又は政令番号: 政令第2条第1項第32号,340CO0000000002
7717-46-6,deleterious,劇物,Deleterious Substance,毒物及び劇物取締法,Poisonous and Deleterious Substances Control Act,NITE-CHRIP RJ_03_001 法律又は政令番号: 政令第2条第1項第77号,340CO0000000002
7719-09-7,deleterious,劇物,Deleterious Substance,毒物及び劇物取締法,Poisonous and Deleterious Substances Control Act,NITE-CHRIP RJ_03_001 法律又は政令番号: 政令第2条第1項第17号の2,340CO0000000002
7719-09-7,deleterious,劇物,Deleterious Substance,毒物及び劇物取締法,Poisonous and Deleterious Substances Control Act,毒物及び劇物指定令 第二条（劇物）,340CO0000000002
7722-84-1,deleterious,劇物,Deleterious Substance,毒物及び劇物取締法,Poisonous and Deleterious Substances Control Act,NITE-CHRIP RJ_03_001 法律又は政令番号: 政令第2条第1項第19号,340CO0000000002
7722-84-1,deleterious,劇物,Deleterious Substance,毒物及び劇物取締法,Poisonous and Deleterious Substances Control Act,NITE-CHRIP RJ_03_001 法律又は政令番号: 法律別表第2の10,340CO0000000002
7722-84-1,deleterious,劇物,Deleterious Substance,毒物及び劇物取締法,Poisonous and Deleterious Substances Control Act,毒物及び劇物指定令 第二条（劇物）,340CO0000000002
7726-95-6,deleterious,劇物,Deleterious Substance,毒物及び劇物取締法,Poisonous and Deleterious Substances Control Act,NITE-CHRIP RJ_03_001 法律又は政令番号: 法律別表第2の50,340CO0000000002
7727-18-6,deleterious,劇物,Deleterious Substance,毒物及び劇物取締法,Poisonous and Deleterious Substances Control Act,NITE-CHRIP RJ_03_001 法律又は政令番号: 政令第2条第1項第18号の3,340CO0000000002
7727-18-6,deleterious,劇物,Deleterious Substance,毒物及び劇物取締法,Poisonous and Deleterious Substances Control Act,毒物及び劇物指定令 第二条（劇物）,340CO0000000002
77289-75-9,deleterious,劇物,Deleterious Substance,毒物及び劇物取締法,Poisonous and Deleterious Substances Control Act,NITE-CHRIP RJ_03_001 法律又は政令番号: 政令第2条第1項第22号,340CO0000000002
773-82-0,deleterious,劇物,Deleterious Substance,毒物及び劇物取締法,Poisonous and Deleterious Substances Control Act,NITE-CHRIP RJ_03_001 法律又は政令番号: 政令第2条第1項第32号,340CO0000000002
77326-36-4,deleterious,劇物,Deleterious Substance,毒物及び劇物取締法,Poisonous and Deleterious Substances Control Act,NITE-CHRIP RJ_03_001 法律又は政令番号: 政令第2条第1項第32号,340CO0000000002
7733-02-0,deleterious,劇物,Deleterious Substance,毒物及び劇物取締法,Poisonous and Deleterious Substances Control Act,NITE-CHRIP RJ_03_001 法律又は政令番号: 政令第2条第1項第1号,340CO0000000002
77458-01-6,deleterious,劇物,Deleterious Substance,毒物及び劇物取締法,Poisonous and Deleterious Substances Control Act,NITE-CHRIP RJ_03_001 法律又は政令番号: 政令第2条第1項第28号の14,340CO0000000002
77458-01-6,deleterious,劇物,Deleterious Substance,毒物及び劇物取締法,Poisonous and Deleterious Substances Control Act,毒物及び劇物指定令 第二条（劇物）,340CO0000000002
77474-62-5,deleterious,劇物,Deleterious Substance,毒物及び劇物取締法,Poisonous and Deleterious Substances Control Act,NITE-CHRIP RJ_03_001 法律又は政令番号: 政令第2条第1項第32号,340CO0000000002
77474-63-6,deleterious,劇物,Deleterious Substance,毒物及び劇物取締法,Poisonous and Deleterious Substances Control Act,NITE-CHRIP RJ_03_001 法律又は政令番号: 政令第2条第1項第32号,340CO0000000002
77532-79-7,deleterious,劇物,Deleterious Substance,毒物及び劇物取締法,Poisonous and Deleterious Substances Control Act,NITE-CHRIP RJ_03_001 法律又は政令番号: 政令第2条第1項第32号,340CO0000000002
7758-09-0,deleterious,劇物,Deleterious Substance,毒物及び劇物取締法,Poisonous and Deleterious Substances Control Act,NITE-CHRIP RJ_03_001 法律又は政令番号: 政令第2条第1項第2号,340CO0000000002
7758-19-2,deleterious,劇物,Deleterious Substance,毒物及び劇物取締法,Poisonous and Deleterious Substances Control Act,NITE-CHRIP RJ_03_001 法律又は政令番号: 政令第2条第1項第1号の2,340CO0000000002
7758-19-2,deleterious,劇物,Deleterious Substance,毒物及び劇物取締法,Poisonous and Deleterious Substances Control Act,毒物及び劇物指定令 第二条（劇物）,340CO0000000002
7758-89-6,deleterious,劇物,Deleterious Substance,毒物及び劇物取締法,Poisonous and Deleterious Substances Control Act,NITE-CHRIP RJ_03_001 法律又は政令番号: 政令第2条第1項第72号,340CO0000000002
7758-95-4,deleterious,劇物,Deleterious Substance,毒物及び劇物取締法,Poisonous and Deleterious Substances Control Act,NITE-CHRIP RJ_03_001 法律又は政令番号: 政令第2条第1項第77号,340CO0000000002
7758-97-6,deleterious,劇物,Deleterious Substance,毒物及び劇物取締法,Poisonous and Deleterious Substances Control Act,NITE-CHRIP RJ_03_001 法律又は政令番号: 政令第2条第1項第26号,340CO0000000002
7758-98-7,deleterious,劇物,Deleterious Substance,毒物及び劇物取締法,Poisonous and Deleterious Substances Control Act,NITE-CHRIP RJ_03_001 法律又は政令番号: 政令第2条第1項第72号,340CO0000000002
7758-99-8,deleterious,劇物,Deleterious Substance,毒物及び劇物取締法,Poisonous and Deleterious Substances Control Act,NITE-CHRIP RJ_03_001 法律又は政令番号: 政令第2条第1項第72号,340CO0000000002
7759-01-5,deleterious,劇物,Deleterious Substance,毒物及び劇物取締法,Poisonous and Deleterious Substances Control Act,NITE-CHRIP RJ_03_001 法律又は政令番号: 政令第2条第1項第77号,340CO0000000002
7761-88-8,deleterious,劇物,Deleterious Substance,毒物及び劇物取締法,Poisonous and Deleterious Substances Control Act,NITE-CHRIP RJ_03_001 法律又は政令番号: 政令第2条第1項第24号,340CO0000000002
7772-99-8,deleterious,劇物,Deleterious Substance,毒物及び劇物取締法,Poisonous and Deleterious Substances Control Act,NITE-CHRIP RJ_03_001 法律又は政令番号: 政令第2条第1項第69号,340CO0000000002
7775-09-9,deleterious,劇物,Deleterious Substance,毒物及び劇物取締法,Poisonous and Deleterious Substances Control Act,NITE-CHRIP RJ_03_001 法律又は政令番号: 政令第2条第1項第18号,340CO0000000002
7775-11-3,deleterious,劇物,Deleterious Substance,毒物及び劇物取締法,Poisonous and Deleterious Substances Control Act,NITE-CHRIP RJ_03_001 法律又は政令番号: 政令第2条第1項第26号,340CO0000000002
7775-41-9,deleterious,劇物,Deleterious Substance,毒物及び劇物取締法,Poisonous and Deleterious Substances Control Act,NITE-CHRIP RJ_03_001 法律又は政令番号: 政令第2条第1項第24号,340CO0000000002
7778-50-9,deleterious,劇物,Deleterious Substance,毒物及び劇物取締法,Poisonous and Deleterious Substances Control Act,NITE-CHRIP RJ_03_001 法律又は政令番号: 政令第2条第1項第60号,340CO0000000002
7779-86-4,deleterious,劇物,Deleterious Substance,毒物及び劇物取締法,Poisonous and Deleterious Substances Control Act,NITE-CHRIP RJ_03_001 法律又は政令番号: 政令第2条第1項第1号,340CO0000000002
7779-88-6,deleterious,劇物,Deleterious Substance,毒物及び劇物取締法,Poisonous and Deleterious Substances Control Act,NITE-CHRIP RJ_03_001 法律又は政令番号: 政令第2条第1項第1号,340CO0000000002
7779-90-0,deleterious,劇物,Deleterious Substance,毒物及び劇物取締法,Poisonous and Deleterious Substances Control Act,NITE-CHRIP RJ_03_001 法律又は政令番号: 政令第2条第1項第1号,340CO0000000002
77794-93-5,deleterious,劇物,Deleterious Substance,毒物及び劇物取締法,Poisonous and Deleterious Substances Control Act,NITE-CHRIP RJ_03_001 法律又は政令番号: 政令第2条第1項第96号,340CO0000000002
778-94-9,deleterious,劇物,Deleterious Substance,毒物及び劇物取締法,Poisonous and Deleterious Substances Control Act,NITE-CHRIP RJ_03_001 法律又は政令番号: 政令第2条第1項第32号,340CO0000000002
7782-50-5,deleterious,劇物,Deleterious Substance,毒物及び劇物取締法,Poisonous and Deleterious Substances Control Act,NITE-CHRIP RJ_03_001 法律又は政令番号: 政令第2条第1項第17号の3,340CO0000000002
7782-50-5,deleterious,劇物,Deleterious Substance,毒物及び劇物取締法,Poisonous and Deleterious Substances Control Act,毒物及び劇物指定令 第二条（劇物）,340CO0000000002
7782-65-2,deleterious,劇物,Deleterious Substance,毒物及び劇物取締法,Poisonous and Deleterious Substances Control Act,NITE-CHRIP RJ_03_001 法律又は政令番号: 政令第2条第1項第100号の20,340CO0000000002
7783-22-4,deleterious,劇物,Deleterious Substance,毒物及び劇物取締法,Poisonous and Deleterious Substances Control Act,NITE-CHRIP RJ_03_001 法律又は政令番号: 政令第2条第1項第11号,340CO0000000002
7783-24-6,deleterious,劇物,Deleterious Substance,毒物及び劇物取締法,Poisonous and Deleterious Substances Control Act,NITE-CHRIP RJ_03_001 法律又は政令番号: 政令第2条第1項第1号,340CO0000000002
7783-46-2,deleterious,劇物,Deleterious Substance,毒物及び劇物取締法,Poisonous and Deleterious Substances Control Act,NITE-CHRIP RJ_03_001 法律又は政令番号: 政令第2条第1項第77号,340CO0000000002
7783-47-3,deleterious,劇物,Deleterious Substance,毒物及び劇物取締法,Poisonous and Deleterious Substances Control Act,NITE-CHRIP RJ_03_001 法律又は政令番号: 政令第2条第1項第69号,340CO0000000002
7783-49-5,deleterious,劇物,Deleterious Substance,毒物及び劇物取締法,Poisonous and Deleterious Substances Control Act,NITE-CHRIP RJ_03_001 法律又は政令番号: 政令第2条第1項第1号,340CO0000000002
7783-56-4,deleterious,劇物,Deleterious Substance,毒物及び劇物取締法,Poisonous and Deleterious Substances Control Act,NITE-CHRIP RJ_03_001 法律又は政令番号: 政令第2条第1項第7号,340CO0000000002
7783-59-7,deleterious,劇物,Deleterious Substance,毒物及び劇物取締法,Poisonous and Deleterious Substances Control Act,NITE-CHRIP RJ_03_001 法律又は政令番号: 政令第2条第1項第77号,340CO0000000002
7783-62-2,deleterious,劇物,Deleterious Substance,毒物及び劇物取締法,Poisonous and Deleterious Substances Control Act,NITE-CHRIP RJ_03_001 法律又は政令番号: 政令第2条第1項第69号,340CO0000000002
7783-70-2,deleterious,劇物,Deleterious Substance,毒物及び劇物取締法,Poisonous and Deleterious Substances Control Act,NITE-CHRIP RJ_03_001 法律又は政令番号: 政令第2条第1項第7号,340CO0000000002
7783-81-5,deleterious,劇物,Deleterious Substance,毒物及び劇物取締法,Poisonous and Deleterious Substances Control Act,NITE-CHRIP RJ_03_001 法律又は政令番号: 政令第2条第1項第11号,340CO0000000002
7783-89-3,deleterious,劇物,Deleterious Substance,毒物及び劇物取締法,Poisonous and Deleterious Substances Control Act,NITE-CHRIP RJ_03_001 法律又は政令番号: 政令第2条第1項第24号,340CO0000000002
7783-91-7,deleterious,劇物,Deleterious Substance,毒物及び劇物取締法,Poisonous and Deleterious Substances Control Act,NITE-CHRIP RJ_03_001 法律又は政令番号: 政令第2条第1項第24号,340CO0000000002
7783-92-8,deleterious,劇物,Deleterious Substance,毒物及び劇物取締法,Poisonous and Deleterious Substances Control Act,NITE-CHRIP RJ_03_001 法律又は政令番号: 政令第2条第1項第24号,340CO0000000002
7783-93-9,deleterious,劇物,Deleterious Substance,毒物及び劇物取締法,Poisonous and Deleterious Substances Control Act,NITE-CHRIP RJ_03_001 法律又は政令番号: 政令第2条第1項第24号,340CO0000000002
7783-95-1,deleterious,劇物,Deleterious Substance,毒物及び劇物取締法,Poisonous and Deleterious Substances Control Act,NITE-CHRIP RJ_03_001 法律又は政令番号: 政令第2条第1項第24号,340CO0000000002
7783-96-2,deleterious,劇物,Deleterious Substance,毒物及び劇物取締法,Poisonous and Deleterious Substances Control Act,NITE-CHRIP RJ_03_001 法律又は政令番号: 政令第2条第1項第24号,340CO0000000002
7783-97-3,deleterious,劇物,Deleterious Substance,毒物及び劇物取締法,Poisonous and Deleterious Substances Control Act,NITE-CHRIP RJ_03_001 法律又は政令番号: 政令第2条第1項第24号,340CO0000000002
7783-98-4,deleterious,劇物,Deleterious Substance,毒物及び劇物取締法,Poisonous and Deleterious Substances Control Act,NITE-CHRIP RJ_03_001 法律又は政令番号: 政令第2条第1項第24号,340CO0000000002
7783-99-5,deleterious,劇物,Deleterious Substance,毒物及び劇物取締法,Poisonous and Deleterious Substances Control Act,NITE-CHRIP RJ_03_001 法律又は政令番号: 政令第2条第1項第24号,340CO0000000002
7784-01-2,deleterious,劇物,Deleterious Substance,毒物及び劇物取締法,Poisonous and Deleterious Substances Control Act,NITE-CHRIP RJ_03_001 法律又は政令番号: 政令第2条第1項第26号,340CO0000000002
7784-02-3,deleterious,劇物,Deleterious Substance,毒物及び劇物取締法,Poisonous and Deleterious Substances Control Act,NITE-CHRIP RJ_03_001 法律又は政令番号: 政令第2条第1項第60号,340CO0000000002
7784-09-0,deleterious,劇物,Deleterious Substance,毒物及び劇物取締法,Poisonous and Deleterious Substances Control Act,NITE-CHRIP RJ_03_001 法律又は政令番号: 政令第2条第1項第24号,340CO0000000002
7785-23-1,deleterious,劇物,Deleterious Substance,毒物及び劇物取締法,Poisonous and Deleterious Substances Control Act,NITE-CHRIP RJ_03_001 法律又は政令番号: 政令第2条第1項第24号,340CO0000000002
7787-32-8,deleterious,劇物,Deleterious Substance,毒物及び劇物取締法,Poisonous and Deleterious Substances Control Act,NITE-CHRIP RJ_03_001 法律又は政令番号: 政令第2条第1項第79号,340CO0000000002
7787-33-9,deleterious,劇物,Deleterious Substance,毒物及び劇物取締法,Poisonous and Deleterious Substances Control Act,NITE-CHRIP RJ_03_001 法律又は政令番号: 政令第2条第1項第79号,340CO0000000002
7787-35-1,deleterious,劇物,Deleterious Substance,毒物及び劇物取締法,Poisonous and Deleterious Substances Control Act,NITE-CHRIP RJ_03_001 法律又は政令番号: 政令第2条第1項第79号,340CO0000000002
7787-36-2,deleterious,劇物,Deleterious Substance,毒物及び劇物取締法,Poisonous and Deleterious Substances Control Act,NITE-CHRIP RJ_03_001 法律又は政令番号: 政令第2条第1項第79号,340CO0000000002
7787-37-3,deleterious,劇物,Deleterious Substance,毒物及び劇物取締法,Poisonous and Deleterious Substances Control Act,NITE-CHRIP RJ_03_001 法律又は政令番号: 政令第2条第1項第79号,340CO0000000002
7787-39-5,deleterious,劇物,Deleterious Substance,毒物及び劇物取締法,Poisonous and Deleterious Substances Control Act,NITE-CHRIP RJ_03_001 法律又は政令番号: 政令第2条第1項第79号,340CO0000000002
7787-42-0,deleterious,劇物,Deleterious Substance,毒物及び劇物取締法,Poisonous and Deleterious Substances Control Act,NITE-CHRIP RJ_03_001 法律又は政令番号: 政令第2条第1項第79号,340CO0000000002
7787-70-4,deleterious,劇物,Deleterious Substance,毒物及び劇物取締法,Poisonous and Deleterious Substances Control Act,NITE-CHRIP RJ_03_001 法律又は政令番号: 政令第2条第1項第72号,340CO0000000002
7788-98-9,deleterious,劇物,Deleterious Substance,毒物及び劇物取締法,Poisonous and Deleterious Substances Control Act,NITE-CHRIP RJ_03_001 法律又は政令番号: 政令第2条第1項第26号,340CO0000000002
7789-00-6,deleterious,劇物,Deleterious Substance,毒物及び劇物取締法,Poisonous and Deleterious Substances Control Act,NITE-CHRIP RJ_03_001 法律又は政令番号: 政令第2条第1項第26号,340CO0000000002
7789-06-2,deleterious,劇物,Deleterious Substance,毒物及び劇物取締法,Poisonous and Deleterious Substances Control Act,NITE-CHRIP RJ_03_001 法律又は政令番号: 政令第2条第1項第26号,340CO0000000002
7789-09-5,deleterious,劇物,Deleterious Substance,毒物及び劇物取締法,Poisonous and Deleterious Substances Control Act,NITE-CHRIP RJ_03_001 法律又は政令番号: 政令第2条第1項第60号,340CO0000000002
7789-12-0,deleterious,劇物,Deleterious Substance,毒物及び劇物取締法,Poisonous and Deleterious Substances Control Act,NITE-CHRIP RJ_03_001 法律又は政令番号: 政令第2条第1項第60号,340CO0000000002
7789-19-7,deleterious,劇物,Deleterious Substance,毒物及び劇物取締法,Poisonous and Deleterious Substances Control Act,NITE-CHRIP RJ_03_001 法律又は政令番号: 政令第2条第1項第72号,340CO0000000002
7789-42-6,deleterious,劇物,Deleterious Substance,毒物及び劇物取締法,Poisonous and Deleterious Substances Control Act,NITE-CHRIP RJ_03_001 法律又は政令番号: 政令第2条第1項第22号,340CO0000000002
7789-45-9,deleterious,劇物,Deleterious Substance,毒物及び劇物取締法,Poisonous and Deleterious Substances Control Act,NITE-CHRIP RJ_03_001 法律又は政令番号: 政令第2条第1項第72号,340CO0000000002
7789-61-9,deleterious,劇物,Deleterious Substance,毒物及び劇物取締法,Poisonous and Deleterious Substances Control Act,NITE-CHRIP RJ_03_001 法律又は政令番号: 政令第2条第1項第7号,340CO0000000002
7789-67-5,deleterious,劇物,Deleterious Substance,毒物及び劇物取締法,Poisonous and Deleterious Substances Control Act,NITE-CHRIP RJ_03_001 法律又は政令番号: 政令第2条第1項第69号,340CO0000000002
7789-73-3,deleterious,劇物,Deleterious Substance,毒物及び劇物取締法,Poisonous and Deleterious Substances Control Act,NITE-CHRIP RJ_03_001 法律又は政令番号: 政令第2条第1項第60号,340CO0000000002
7790-01-4,deleterious,劇物,Deleterious Substance,毒物及び劇物取締法,Poisonous and Deleterious Substances Control Act,NITE-CHRIP RJ_03_001 法律又は政令番号: 政令第2条第1項第32号,340CO0000000002
7790-37-6,deleterious,劇物,Deleterious Substance,毒物及び劇物取締法,Poisonous and Deleterious Substances Control Act,NITE-CHRIP RJ_03_001 法律又は政令番号: 政令第2条第1項第1号,340CO0000000002
7790-44-5,deleterious,劇物,Deleterious Substance,毒物及び劇物取締法,Poisonous and Deleterious Substances Control Act,NITE-CHRIP RJ_03_001 法律又は政令番号: 政令第2条第1項第7号,340CO0000000002
7790-47-8,deleterious,劇物,Deleterious Substance,毒物及び劇物取締法,Poisonous and Deleterious Substances Control Act,NITE-CHRIP RJ_03_001 法律又は政令番号: 政令第2条第1項第69号,340CO0000000002
7790-65-0,deleterious,劇物,Deleterious Substance,毒物及び劇物取締法,Poisonous and Deleterious Substances Control Act,NITE-CHRIP RJ_03_001 法律又は政令番号: 政令第2条第1項第1号,340CO0000000002
7790-78-5,deleterious,劇物,Deleterious Substance,毒物及び劇物取締法,Poisonous and Deleterious Substances Control Act,NITE-CHRIP RJ_03_001 法律又は政令番号: 政令第2条第1項第22号,340CO0000000002
7790-79-6,deleterious,劇物,Deleterious Substance,毒物及び劇物取締法,Poisonous and Deleterious Substances Control Act,NITE-CHRIP RJ_03_001 法律又は政令番号: 政令第2条第1項第22号,340CO0000000002
7790-80-9,deleterious,劇物,Deleterious Substance,毒物及び劇物取締法,Poisonous and Deleterious Substances Control Act,NITE-CHRIP RJ_03_001 法律又は政令番号: 政令第2条第1項第22号,340CO0000000002
7790-81-0,deleterious,劇物,Deleterious Substance,毒物及び劇物取締法,Poisonous and Deleterious Substances Control Act,NITE-CHRIP RJ_03_001 法律又は政令番号: 政令第2条第1項第22号,340CO0000000002
7790-84-3,deleterious,劇物,Deleterious Substance,毒物及び劇物取締法,Poisonous and Deleterious Substances Control Act,NITE-CHRIP RJ_03_001 法律又は政令番号: 政令第2条第1項第22号,340CO0000000002
7790-85-4,deleterious,劇物,Deleterious Substance,毒物及び劇物取締法,Poisonous and Deleterious Substances Control Act,NITE-CHRIP RJ_03_001 法律又は政令番号: 政令第2条第1項第22号,340CO0000000002
7790-94-5,deleterious,劇物,Deleterious Substance,毒物及び劇物取締法,Poisonous and Deleterious Substances Control Act,NITE-CHRIP RJ_03_001 法律又は政令番号: 法律別表第2の17,340CO0000000002
7791-08-4,deleterious,劇物,Deleterious Substance,毒物及び劇物取締法,Poisonous and Deleterious Substances Control Act,NITE-CHRIP RJ_03_001 法律又は政令番号: 政令第2条第1項第7号,340CO0000000002
7791-10-8,deleterious,劇物,Deleterious Substance,毒物及び劇物取締法,Poisonous and Deleterious Substances Control Act,NITE-CHRIP RJ_03_001 法律又は政令番号: 政令第2条第1項第18号,340CO0000000002
7791-28-8,deleterious,劇物,Deleterious Substance,毒物及び劇物取締法,Poisonous and Deleterious Substances Control Act,NITE-CHRIP RJ_03_001 法律又は政令番号: 政令第2条第1項第79号,340CO0000000002
7798-23-4,deleterious,劇物,Deleterious Substance,毒物及び劇物取締法,Poisonous and Deleterious Substances Control Act,NITE-CHRIP RJ_03_001 法律又は政令番号: 政令第2条第1項第72号,340CO0000000002
78-34-2,deleterious,劇物,Deleterious Substance,毒物及び劇物取締法,Poisonous and Deleterious Substances Control Act,NITE-CHRIP RJ_03_001 法律又は政令番号: 法律別表第2の30,340CO0000000002
78-48-8,deleterious,劇物,Deleterious Substance,毒物及び劇物取締法,Poisonous and Deleterious Substances Control Act,NITE-CHRIP RJ_03_001 法律又は政令番号: 政令第2条第1項第74号の6,340CO0000000002
78-48-8,deleterious,劇物,Deleterious Substance,毒物及び劇物取締法,Poisonous and Deleterious Substances Control Act,毒物及び劇物指定令 第二条（劇物）,340CO0000000002
78-67-1,deleterious,劇物,Deleterious Substance,毒物及び劇物取締法,Poisonous and Deleterious Substances Control Act,NITE-CHRIP RJ_03_001 法律又は政令番号: 政令第2条第1項第32号,340CO0000000002
78-82-0,deleterious,劇物,Deleterious Substance,毒物及び劇物取締法,Poisonous and Deleterious Substances Control Act,NITE-CHRIP RJ_03_001 法律又は政令番号: 政令第2条第1項第32号,340CO0000000002
78-93-3,deleterious,劇物,Deleterious Substance,毒物及び劇物取締法,Poisonous and Deleterious Substances Control Act,NITE-CHRIP RJ_03_001 法律又は政令番号: 政令第2条第1項第98号の13,340CO0000000002
78-93-3,deleterious,劇物,Deleterious Substance,毒物及び劇物取締法,Poisonous and Deleterious Substances Control Act,毒物及び劇物指定令 第二条（劇物）,340CO0000000002
78-96-6,deleterious,劇物,Deleterious Substance,毒物及び劇物取締法,Poisonous and Deleterious Substances Control Act,NITE-CHRIP RJ_03_001 法律又は政令番号: 政令第2条第1項第4号の7,340CO0000000002
78-96-6,deleterious,劇物,Deleterious Substance,毒物及び劇物取締法,Poisonous and Deleterious Substances Control Act,毒物及び劇物指定令 第二条（劇物）,340CO0000000002
78-97-7,deleterious,劇物,Deleterious Substance,毒物及び劇物取締法,Poisonous and Deleterious Substances Control Act,NITE-CHRIP RJ_03_001 法律又は政令番号: 政令第2条第1項第32号,340CO0000000002
7803-49-8,deleterious,劇物,Deleterious Substance,毒物及び劇物取締法,Poisonous and Deleterious Substances Control Act,NITE-CHRIP RJ_03_001 法律又は政令番号: 政令第2条第1項第81号,340CO0000000002
7803-49-8,deleterious,劇物,Deleterious Substance,毒物及び劇物取締法,Poisonous and Deleterious Substances Control Act,NITE-CHRIP RJ_03_001 法律又は政令番号: 法律別表第2の69,340CO0000000002
7803-49-8,deleterious,劇物,Deleterious Substance,毒物及び劇物取締法,Poisonous and Deleterious Substances Control Act,毒物及び劇物指定令 第二条（劇物）,340CO0000000002
7803-52-3,deleterious,劇物,Deleterious Substance,毒物及び劇物取締法,Poisonous and Deleterious Substances Control Act,NITE-CHRIP RJ_03_001 法律又は政令番号: 政令第2条第1項第7号,340CO0000000002
7803-55-6,deleterious,劇物,Deleterious Substance,毒物及び劇物取締法,Poisonous and Deleterious Substances Control Act,NITE-CHRIP RJ_03_001 法律又は政令番号: 政令第2条第1項第98号の5,340CO0000000002
7803-55-6,deleterious,劇物,Deleterious Substance,毒物及び劇物取締法,Poisonous and Deleterious Substances Control Act,毒物及び劇物指定令 第二条（劇物）,340CO0000000002
7803-57-8,deleterious,劇物,Deleterious Substance,毒物及び劇物取締法,Poisonous and Deleterious Substances Control Act,NITE-CHRIP RJ_03_001 法律又は政令番号: 政令第2条第1項第80号の5,340CO0000000002
7803-57-8,deleterious,劇物,Deleterious Substance,毒物及び劇物取締法,Poisonous and Deleterious Substances Control Act,毒物及び劇物指定令 第二条（劇物）,340CO0000000002
78056-67-4,deleterious,劇物,Deleterious Substance,毒物及び劇物取締法,Poisonous and Deleterious Substances Control Act,NITE-CHRIP RJ_03_001 法律又は政令番号: 政令第2条第1項第32号,340CO0000000002
78415-72-2,deleterious,劇物,Deleterious Substance,毒物及び劇物取締法,Poisonous and Deleterious Substances Control Act,NITE-CHRIP RJ_03_001 法律又は政令番号: 政令第2条第1項第32号,340CO0000000002
78473-00-4,deleterious,劇物,Deleterious Substance,毒物及び劇物取締法,Poisonous and Deleterious Substances Control Act,NITE-CHRIP RJ_03_001 法律又は政令番号: 政令第2条第1項第32号,340CO0000000002
786-19-6,deleterious,劇物,Deleterious Substance,毒物及び劇物取締法,Poisonous and Deleterious Substances Control Act,NITE-CHRIP RJ_03_001 法律又は政令番号: 政令第2条第1項第35号,340CO0000000002
786-19-6,deleterious,劇物,Deleterious Substance,毒物及び劇物取締法,Poisonous and Deleterious Substances Control Act,NITE-CHRIP RJ_03_001 法律又は政令番号: 法律別表第2の23,340CO0000000002
786-19-6,deleterious,劇物,Deleterious Substance,毒物及び劇物取締法,Poisonous and Deleterious Substances Control Act,毒物及び劇物指定令 第二条（劇物）,340CO0000000002
79-04-9,deleterious,劇物,Deleterious Substance,毒物及び劇物取締法,Poisonous and Deleterious Substances Control Act,NITE-CHRIP RJ_03_001 法律又は政令番号: 政令第2条第1項第28号の2,340CO0000000002
79-06-1,deleterious,劇物,Deleterious Substance,毒物及び劇物取締法,Poisonous and Deleterious Substances Control Act,NITE-CHRIP RJ_03_001 法律又は政令番号: 政令第2条第1項第1号の3,340CO0000000002
79-06-1,deleterious,劇物,Deleterious Substance,毒物及び劇物取締法,Poisonous and Deleterious Substances Control Act,毒物及び劇物指定令 第二条（劇物）,340CO0000000002
79-10-7,deleterious,劇物,Deleterious Substance,毒物及び劇物取締法,Poisonous and Deleterious Substances Control Act,NITE-CHRIP RJ_03_001 法律又は政令番号: 政令第2条第1項第1号の4,340CO0000000002
79-10-7,deleterious,劇物,Deleterious Substance,毒物及び劇物取締法,Poisonous and Deleterious Substances Control Act,毒物及び劇物指定令 第二条（劇物）,340CO0000000002
79-11-8,deleterious,劇物,Deleterious Substance,毒物及び劇物取締法,Poisonous and Deleterious Substances Control Act,NITE-CHRIP RJ_03_001 法律又は政令番号: 法律別表第2の86,340CO0000000002
79-14-1,deleterious,劇物,Deleterious Substance,毒物及び劇物取締法,Poisonous and Deleterious Substances Control Act,NITE-CHRIP RJ_03_001 法律又は政令番号: 政令第2条第1項第24号の2,340CO0000000002
79-14-1,deleterious,劇物,Deleterious Substance,毒物及び劇物取締法,Poisonous and Deleterious Substances Control Act,毒物及び劇物指定令 第二条（劇物）,340CO0000000002
79-19-6,deleterious,劇物,Deleterious Substance,毒物及び劇物取締法,Poisonous and Deleterious Substances Control Act,NITE-CHRIP RJ_03_001 法律又は政令番号: 政令第2条第1項第70号,340CO0000000002
79-19-6,deleterious,劇物,Deleterious Substance,毒物及び劇物取締法,Poisonous and Deleterious Substances Control Act,毒物及び劇物指定令 第二条（劇物）,340CO0000000002
79-41-4,deleterious,劇物,Deleterious Substance,毒物及び劇物取締法,Poisonous and Deleterious Substances Control Act,NITE-CHRIP RJ_03_001 法律又は政令番号: 政令第2条第1項第98号の4,340CO0000000002
79-41-4,deleterious,劇物,Deleterious Substance,毒物及び劇物取締法,Poisonous and Deleterious Substances Control Act,毒物及び劇物指定令 第二条（劇物）,340CO0000000002
79-43-6,deleterious,劇物,Deleterious Substance,毒物及び劇物取締法,Poisonous and Deleterious Substances Control Act,NITE-CHRIP RJ_03_001 法律又は政令番号: 法律別表第2の28,340CO0000000002
79225-55-1,deleterious,劇物,Deleterious Substance,毒物及び劇物取締法,Poisonous and Deleterious Substances Control Act,NITE-CHRIP RJ_03_001 法律又は政令番号: 政令第2条第1項第32号,340CO0000000002
79255-71-3,deleterious,劇物,Deleterious Substance,毒物及び劇物取締法,Poisonous and Deleterious Substances Control Act,NITE-CHRIP RJ_03_001 法律又は政令番号: 政令第2条第1項第96号,340CO0000000002
79288-94-1,deleterious,劇物,Deleterious Substance,毒物及び劇物取締法,Poisonous and Deleterious Substances Control Act,NITE-CHRIP RJ_03_001 法律又は政令番号: 政令第2条第1項第96号,340CO0000000002
79463-77-7,deleterious,劇物,Deleterious Substance,毒物及び劇物取締法,Poisonous and Deleterious Substances Control Act,NITE-CHRIP RJ_03_001 法律又は政令番号: 政令第2条第1項第32号,340CO0000000002
79490-00-9,deleterious,劇物,Deleterious Substance,毒物及び劇物取締法,Poisonous and Deleterious Substances Control Act,NITE-CHRIP RJ_03_001 法律又は政令番号: 政令第2条第1項第22号,340CO0000000002
79538-32-2,deleterious,劇物,Deleterious Substance,毒物及び劇物取締法,Poisonous and Deleterious Substances Control Act,NITE-CHRIP RJ_03_001 法律又は政令番号: 政令第2条第1項第71号の4,340CO0000000002
79538-32-2,deleterious,劇物,Deleterious Substance,毒物及び劇物取締法,Poisonous and Deleterious Substances Control Act,毒物及び劇物指定令 第二条（劇物）,340CO0000000002
79630-23-2,deleterious,劇物,Deleterious Substance,毒物及び劇物取締法,Poisonous and Deleterious Substances Control Act,NITE-CHRIP RJ_03_001 法律又は政令番号: 政令第2条第1項第32号,340CO0000000002
80060-09-9,deleterious,劇物,Deleterious Substance,毒物及び劇物取締法,Poisonous and Deleterious Substances Control Act,NITE-CHRIP RJ_03_001 法律又は政令番号: 政令第2条第1項第85号の2,340CO0000000002
80060-09-9,deleterious,劇物,Deleterious Substance,毒物及び劇物取締法,Poisonous and Deleterious Substances Control Act,毒物及び劇物指定令 第二条（劇物）,340CO0000000002
8014-95-7,deleterious,劇物,Deleterious Substance,毒物及び劇物取締法,Poisonous and Deleterious Substances Control Act,NITE-CHRIP RJ_03_001 法律又は政令番号: 法律別表第2の65,340CO0000000002
8048-07-5,deleterious,劇物,Deleterious Substance,毒物及び劇物取締法,Poisonous and Deleterious Substances Control Act,NITE-CHRIP RJ_03_001 法律又は政令番号: 政令第2条第1項第22号,340CO0000000002
80546-49-2,deleterious,劇物,Deleterious Substance,毒物及び劇物取締法,Poisonous and Deleterious Substances Control Act,NITE-CHRIP RJ_03_001 法律又は政令番号: 政令第2条第1項第18号,340CO0000000002
80625-07-6,deleterious,劇物,Deleterious Substance,毒物及び劇物取締法,Poisonous and Deleterious Substances Control Act,NITE-CHRIP RJ_03_001,340CO0000000002
8071-14-5,deleterious,劇物,Deleterious Substance,毒物及び劇物取締法,Poisonous and Deleterious Substances Control Act,NITE-CHRIP RJ_03_001 法律又は政令番号: 政令第2条第1項第40号の4,340CO0000000002
80866-78-0,deleterious,劇物,Deleterious Substance,毒物及び劇物取締法,Poisonous and Deleterious Substances Control Act,NITE-CHRIP RJ_03_001 法律又は政令番号: 政令第2条第1項第32号,340CO0000000002
80997-84-8,deleterious,劇物,Deleterious Substance,毒物及び劇物取締法,Poisonous and Deleterious Substances Control Act,NITE-CHRIP RJ_03_001 法律又は政令番号: 政令第2条第1項第32号,340CO0000000002
814-87-9,deleterious,劇物,Deleterious Substance,毒物及び劇物取締法,Poisonous and Deleterious Substances Control Act,NITE-CHRIP RJ_03_001 法律又は政令番号: 政令第2条第1項第62号,340CO0000000002
814-89-1,deleterious,劇物,Deleterious Substance,毒物及び劇物取締法,Poisonous and Deleterious Substances Control Act,NITE-CHRIP RJ_03_001 法律又は政令番号: 政令第2条第1項第62号,340CO0000000002
814-91-5,deleterious,劇物,Deleterious Substance,毒物及び劇物取締法,Poisonous and Deleterious Substances Control Act,NITE-CHRIP RJ_03_001 法律又は政令番号: 政令第2条第1項第72号,340CO0000000002
814-93-7,deleterious,劇物,Deleterious Substance,毒物及び劇物取締法,Poisonous and Deleterious Substances Control Act,NITE-CHRIP RJ_03_001 法律又は政令番号: 政令第2条第1項第77号,340CO0000000002
814-94-8,deleterious,劇物,Deleterious Substance,毒物及び劇物取締法,Poisonous and Deleterious Substances Control Act,NITE-CHRIP RJ_03_001 法律又は政令番号: 政令第2条第1項第69号,340CO0000000002
814-95-9,deleterious,劇物,Deleterious Substance,毒物及び劇物取締法,Poisonous and Deleterious Substances Control Act,NITE-CHRIP RJ_03_001 法律又は政令番号: 政令第2条第1項第62号,340CO0000000002
815-84-9,deleterious,劇物,Deleterious Substance,毒物及び劇物取締法,Poisonous and Deleterious Substances Control Act,NITE-CHRIP RJ_03_001 法律又は政令番号: 政令第2条第1項第77号,340CO0000000002
821-10-3,deleterious,劇物,Deleterious Substance,毒物及び劇物取締法,Poisonous and Deleterious Substances Control Act,NITE-CHRIP RJ_03_001 法律又は政令番号: 政令第2条第1項第41号,340CO0000000002
821-10-3,deleterious,劇物,Deleterious Substance,毒物及び劇物取締法,Poisonous and Deleterious Substances Control Act,NITE-CHRIP RJ_03_001 法律又は政令番号: 法律別表第2の29,340CO0000000002
821-10-3,deleterious,劇物,Deleterious Substance,毒物及び劇物取締法,Poisonous and Deleterious Substances Control Act,毒物及び劇物指定令 第二条（劇物）,340CO0000000002
822-06-0,deleterious,劇物,Deleterious Substance,毒物及び劇物取締法,Poisonous and Deleterious Substances Control Act,NITE-CHRIP RJ_03_001 法律又は政令番号: 政令第2条第1項第91号の2,340CO0000000002
82246-45-5,deleterious,劇物,Deleterious Substance,毒物及び劇物取締法,Poisonous and Deleterious Substances Control Act,NITE-CHRIP RJ_03_001 法律又は政令番号: 政令第2条第1項第60号,340CO0000000002
823-40-5,deleterious,劇物,Deleterious Substance,毒物及び劇物取締法,Poisonous and Deleterious Substances Control Act,NITE-CHRIP RJ_03_001 法律又は政令番号: 政令第2条第1項第76号,340CO0000000002
82380-18-5,deleterious,劇物,Deleterious Substance,毒物及び劇物取締法,Poisonous and Deleterious Substances Control Act,NITE-CHRIP RJ_03_001 法律又は政令番号: 政令第2条第1項第32号,340CO0000000002
825-52-5,deleterious,劇物,Deleterious Substance,毒物及び劇物取締法,Poisonous and Deleterious Substances Control Act,NITE-CHRIP RJ_03_001 法律又は政令番号: 政令第2条第1項第32号,340CO0000000002
82560-54-1,deleterious,劇物,Deleterious Substance,毒物及び劇物取締法,Poisonous and Deleterious Substances Control Act,NITE-CHRIP RJ_03_001 法律又は政令番号: 政令第2条第1項第54号の3,340CO0000000002
82560-54-1,deleterious,劇物,Deleterious Substance,毒物及び劇物取締法,Poisonous and Deleterious Substances Control Act,毒物及び劇物指定令 第二条（劇物）,340CO0000000002
82657-04-3,deleterious,劇物,Deleterious Substance,毒物及び劇物取締法,Poisonous and Deleterious Substances Control Act,NITE-CHRIP RJ_03_001 法律又は政令番号: 政令第2条第1項第100号の3,340CO0000000002
82696-30-8,deleterious,劇物,Deleterious Substance,毒物及び劇物取締法,Poisonous and Deleterious Substances Control Act,NITE-CHRIP RJ_03_001 法律又は政令番号: 政令第2条第1項第77号,340CO0000000002
83-79-4,deleterious,劇物,Deleterious Substance,毒物及び劇物取締法,Poisonous and Deleterious Substances Control Act,NITE-CHRIP RJ_03_001 法律又は政令番号: 政令第2条第1項第110号,340CO0000000002
83-79-4,deleterious,劇物,Deleterious Substance,毒物及び劇物取締法,Poisonous and Deleterious Substances Control Act,NITE-CHRIP RJ_03_001 法律又は政令番号: 法律別表第2の93,340CO0000000002
83-79-4,deleterious,劇物,Deleterious Substance,毒物及び劇物取締法,Poisonous and Deleterious Substances Control Act,毒物及び劇物指定令 第二条（劇物）,340CO0000000002
83130-01-2,deleterious,劇物,Deleterious Substance,毒物及び劇物取締法,Poisonous and Deleterious Substances Control Act,NITE-CHRIP RJ_03_001 法律又は政令番号: 政令第2条第1項第14号の3,340CO0000000002
83178-46-5,deleterious,劇物,Deleterious Substance,毒物及び劇物取締法,Poisonous and Deleterious Substances Control Act,NITE-CHRIP RJ_03_001 法律又は政令番号: 政令第2条第1項第62号,340CO0000000002
83333-20-4,deleterious,劇物,Deleterious Substance,毒物及び劇物取締法,Poisonous and Deleterious Substances Control Act,NITE-CHRIP RJ_03_001 法律又は政令番号: 政令第2条第1項第62号,340CO0000000002
83482-57-9,deleterious,劇物,Deleterious Substance,毒物及び劇物取締法,Poisonous and Deleterious Substances Control Act,NITE-CHRIP RJ_03_001 法律又は政令番号: 政令第2条第1項第32号,340CO0000000002
83627-55-8,deleterious,劇物,Deleterious Substance,毒物及び劇物取締法,Poisonous and Deleterious Substances Control Act,NITE-CHRIP RJ_03_001 法律又は政令番号: 政令第2条第1項第6号,340CO0000000002
83689-82-1,deleterious,劇物,Deleterious Substance,毒物及び劇物取締法,Poisonous and Deleterious Substances Control Act,NITE-CHRIP RJ_03_001 法律又は政令番号: 政令第2条第1項第77号,340CO0000000002
83896-77-9,deleterious,劇物,Deleterious Substance,毒物及び劇物取締法,Poisonous and Deleterious Substances Control Act,NITE-CHRIP RJ_03_001 法律又は政令番号: 政令第2条第1項第77号,340CO0000000002
84-58-2,deleterious,劇物,Deleterious Substance,毒物及び劇物取締法,Poisonous and Deleterious Substances Control Act,NITE-CHRIP RJ_03_001 法律又は政令番号: 政令第2条第1項第32号,340CO0000000002
84145-43-7,deleterious,劇物,Deleterious Substance,毒物及び劇物取締法,Poisonous and Deleterious Substances Control Act,NITE-CHRIP RJ_03_001 法律又は政令番号: 政令第2条第1項第100号の13,340CO0000000002
84196-04-3,deleterious,劇物,Deleterious Substance,毒物及び劇物取締法,Poisonous and Deleterious Substances Control Act,NITE-CHRIP RJ_03_001 法律又は政令番号: 政令第2条第1項第96号,340CO0000000002
84696-56-0,deleterious,劇物,Deleterious Substance,毒物及び劇物取締法,Poisonous and Deleterious Substances Control Act,NITE-CHRIP RJ_03_001 法律又は政令番号: 政令第2条第1項第22号,340CO0000000002
84852-34-6,deleterious,劇物,Deleterious Substance,毒物及び劇物取締法,Poisonous and Deleterious Substances Control Act,NITE-CHRIP RJ_03_001 法律又は政令番号: 政令第2条第1項第77号,340CO0000000002
84875-83-2,deleterious,劇物,Deleterious Substance,毒物及び劇物取締法,Poisonous and Deleterious Substances Control Act,NITE-CHRIP RJ_03_001 法律又は政令番号: 政令第2条第1項第6号,340CO0000000002
84878-36-4,deleterious,劇物,Deleterious Substance,毒物及び劇物取締法,Poisonous and Deleterious Substances Control Act,NITE-CHRIP RJ_03_001 法律又は政令番号: 政令第2条第1項第22号,340CO0000000002
84878-37-5,deleterious,劇物,Deleterious Substance,毒物及び劇物取締法,Poisonous and Deleterious Substances Control Act,NITE-CHRIP RJ_03_001 法律又は政令番号: 政令第2条第1項第22号,340CO0000000002
84878-48-8,deleterious,劇物,Deleterious Substance,毒物及び劇物取締法,Poisonous and Deleterious Substances Control Act,NITE-CHRIP RJ_03_001 法律又は政令番号: 政令第2条第1項第22号,340CO0000000002
84878-51-3,deleterious,劇物,Deleterious Substance,毒物及び劇物取締法,Poisonous and Deleterious Substances Control Act,NITE-CHRIP RJ_03_001 法律又は政令番号: 政令第2条第1項第22号,340CO0000000002
85-00-7,deleterious,劇物,Deleterious Substance,毒物及び劇物取締法,Poisonous and Deleterious Substances Control Act,NITE-CHRIP RJ_03_001 法律又は政令番号: 法律別表第2の34,340CO0000000002
85-43-8,deleterious,劇物,Deleterious Substance,毒物及び劇物取締法,Poisonous and Deleterious Substances Control Act,NITE-CHRIP RJ_03_001 法律又は政令番号: 政令第2条第1項第39号の2,340CO0000000002
85-43-8,deleterious,劇物,Deleterious Substance,毒物及び劇物取締法,Poisonous and Deleterious Substances Control Act,毒物及び劇物指定令 第二条（劇物）,340CO0000000002
85068-32-2,deleterious,劇物,Deleterious Substance,毒物及び劇物取締法,Poisonous and Deleterious Substances Control Act,NITE-CHRIP RJ_03_001 法律又は政令番号: 政令第2条第1項第32号,340CO0000000002
85292-77-9,deleterious,劇物,Deleterious Substance,毒物及び劇物取締法,Poisonous and Deleterious Substances Control Act,NITE-CHRIP RJ_03_001 法律又は政令番号: 政令第2条第1項第77号,340CO0000000002
85371-59-1,deleterious,劇物,Deleterious Substance,毒物及び劇物取締法,Poisonous and Deleterious Substances Control Act,NITE-CHRIP RJ_03_001 法律又は政令番号: 政令第2条第1項第96号,340CO0000000002
85588-12-1,deleterious,劇物,Deleterious Substance,毒物及び劇物取締法,Poisonous and Deleterious Substances Control Act,NITE-CHRIP RJ_03_001 法律又は政令番号: 政令第2条第1項第62号,340CO0000000002
85938-52-9,deleterious,劇物,Deleterious Substance,毒物及び劇物取締法,Poisonous and Deleterious Substances Control Act,NITE-CHRIP RJ_03_001 法律又は政令番号: 政令第2条第1項第67号,340CO0000000002
86-29-3,deleterious,劇物,Deleterious Substance,毒物及び劇物取締法,Poisonous and Deleterious Substances Control Act,NITE-CHRIP RJ_03_001 法律又は政令番号: 政令第2条第1項第32号,340CO0000000002
86-53-3,deleterious,劇物,Deleterious Substance,毒物及び劇物取締法,Poisonous and Deleterious Substances Control Act,NITE-CHRIP RJ_03_001 法律又は政令番号: 政令第2条第1項第32号,340CO0000000002
865-38-3,deleterious,劇物,Deleterious Substance,毒物及び劇物取締法,Poisonous and Deleterious Substances Control Act,NITE-CHRIP RJ_03_001 法律又は政令番号: 政令第2条第1項第22号,340CO0000000002
865-50-9,deleterious,劇物,Deleterious Substance,毒物及び劇物取締法,Poisonous and Deleterious Substances Control Act,NITE-CHRIP RJ_03_001 法律又は政令番号: 政令第2条第1項第102号の2,340CO0000000002
867-47-0,deleterious,劇物,Deleterious Substance,毒物及び劇物取締法,Poisonous and Deleterious Substances Control Act,NITE-CHRIP RJ_03_001 法律又は政令番号: 政令第2条第1項第77号,340CO0000000002
867-62-9,deleterious,劇物,Deleterious Substance,毒物及び劇物取締法,Poisonous and Deleterious Substances Control Act,NITE-CHRIP RJ_03_001 法律又は政令番号: 政令第2条第1項第62号,340CO0000000002
867-63-0,deleterious,劇物,Deleterious Substance,毒物及び劇物取締法,Poisonous and Deleterious Substances Control Act,NITE-CHRIP RJ_03_001 法律又は政令番号: 政令第2条第1項第62号,340CO0000000002
867-64-1,deleterious,劇物,Deleterious Substance,毒物及び劇物取締法,Poisonous and Deleterious Substances Control Act,NITE-CHRIP RJ_03_001 法律又は政令番号: 政令第2条第1項第62号,340CO0000000002
867-68-5,deleterious,劇物,Deleterious Substance,毒物及び劇物取締法,Poisonous and Deleterious Substances Control Act,NITE-CHRIP RJ_03_001 法律又は政令番号: 政令第2条第1項第62号,340CO0000000002
868-54-2,deleterious,劇物,Deleterious Substance,毒物及び劇物取締法,Poisonous and Deleterious Substances Control Act,NITE-CHRIP RJ_03_001 法律又は政令番号: 政令第2条第1項第32号,340CO0000000002
87-86-5,deleterious,劇物,Deleterious Substance,毒物及び劇物取締法,Poisonous and Deleterious Substances Control Act,NITE-CHRIP RJ_03_001 法律又は政令番号: 政令第2条第1項第94号,340CO0000000002
87-86-5,deleterious,劇物,Deleterious Substance,毒物及び劇物取締法,Poisonous and Deleterious Substances Control Act,NITE-CHRIP RJ_03_001 法律又は政令番号: 法律別表第2の80,340CO0000000002
87-86-5,deleterious,劇物,Deleterious Substance,毒物及び劇物取締法,Poisonous and Deleterious Substances Control Act,毒物及び劇物指定令 第二条（劇物）,340CO0000000002
873-32-5,deleterious,劇物,Deleterious Substance,毒物及び劇物取締法,Poisonous and Deleterious Substances Control Act,NITE-CHRIP RJ_03_001 法律又は政令番号: 政令第2条第1項第32号,340CO0000000002
873-54-1,deleterious,劇物,Deleterious Substance,毒物及び劇物取締法,Poisonous and Deleterious Substances Control Act,NITE-CHRIP RJ_03_001 法律又は政令番号: 政令第2条第1項第77号,340CO0000000002
873-62-1,deleterious,劇物,Deleterious Substance,毒物及び劇物取締法,Poisonous and Deleterious Substances Control Act,NITE-CHRIP RJ_03_001 法律又は政令番号: 政令第2条第1項第32号,340CO0000000002
873-74-5,deleterious,劇物,Deleterious Substance,毒物及び劇物取締法,Poisonous and Deleterious Substances Control Act,NITE-CHRIP RJ_03_001 法律又は政令番号: 政令第2条第1項第32号,340CO0000000002
874-90-8,deleterious,劇物,Deleterious Substance,毒物及び劇物取締法,Poisonous and Deleterious Substances Control Act,NITE-CHRIP RJ_03_001 法律又は政令番号: 政令第2条第1項第32号,340CO0000000002
875775-74-9,deleterious,劇物,Deleterious Substance,毒物及び劇物取締法,Poisonous and Deleterious Substances Control Act,NITE-CHRIP RJ_03_001 法律又は政令番号: 政令第2条第1項第13号の4,340CO0000000002
87813-07-8,deleterious,劇物,Deleterious Substance,毒物及び劇物取締法,Poisonous and Deleterious Substances Control Act,NITE-CHRIP RJ_03_001 法律又は政令番号: 政令第2条第1項第32号,340CO0000000002
87835-30-1,deleterious,劇物,Deleterious Substance,毒物及び劇物取締法,Poisonous and Deleterious Substances Control Act,NITE-CHRIP RJ_03_001 法律又は政令番号: 政令第2条第1項第22号,340CO0000000002
87835-32-3,deleterious,劇物,Deleterious Substance,毒物及び劇物取締法,Poisonous and Deleterious Substances Control Act,NITE-CHRIP RJ_03_001 法律又は政令番号: 政令第2条第1項第77号,340CO0000000002
88-12-0,deleterious,劇物,Deleterious Substance,毒物及び劇物取締法,Poisonous and Deleterious Substances Control Act,NITE-CHRIP RJ_03_001 法律又は政令番号: 政令第2条第1項第82号の2,340CO0000000002
88-18-6,deleterious,劇物,Deleterious Substance,毒物及び劇物取締法,Poisonous and Deleterious Substances Control Act,NITE-CHRIP RJ_03_001 法律又は政令番号: 政令第2条第1項第85号の9,340CO0000000002
88-60-8,deleterious,劇物,Deleterious Substance,毒物及び劇物取締法,Poisonous and Deleterious Substances Control Act,NITE-CHRIP RJ_03_001,340CO0000000002
88-73-3,deleterious,劇物,Deleterious Substance,毒物及び劇物取締法,Poisonous and Deleterious Substances Control Act,NITE-CHRIP RJ_03_001 法律又は政令番号: 政令第2条第1項第28号の10,340CO0000000002
88-73-3,deleterious,劇物,Deleterious Substance,毒物及び劇物取締法,Poisonous and Deleterious Substances Control Act,毒物及び劇物指定令 第二条（劇物）,340CO0000000002
88-89-1,deleterious,劇物,Deleterious Substance,毒物及び劇物取締法,Poisonous and Deleterious Substances Control Act,NITE-CHRIP RJ_03_001 法律又は政令番号: 法律別表第2の68,340CO0000000002
88103-06-4,deleterious,劇物,Deleterious Substance,毒物及び劇物取締法,Poisonous and Deleterious Substances Control Act,NITE-CHRIP RJ_03_001 法律又は政令番号: 政令第2条第1項第1号,340CO0000000002
89-72-5,deleterious,劇物,Deleterious Substance,毒物及び劇物取締法,Poisonous and Deleterious Substances Control Act,NITE-CHRIP RJ_03_001 法律又は政令番号: 政令第2条第1項第85号の8,340CO0000000002
89038-03-9,deleterious,劇物,Deleterious Substance,毒物及び劇物取締法,Poisonous and Deleterious Substances Control Act,NITE-CHRIP RJ_03_001 法律又は政令番号: 政令第2条第1項第72号,340CO0000000002
89087-78-5,deleterious,劇物,Deleterious Substance,毒物及び劇物取締法,Poisonous and Deleterious Substances Control Act,NITE-CHRIP RJ_03_001 法律又は政令番号: 政令第2条第1項第62号,340CO0000000002
89128-08-5,deleterious,劇物,Deleterious Substance,毒物及び劇物取締法,Poisonous and Deleterious Substances Control Act,NITE-CHRIP RJ_03_001 法律又は政令番号: 政令第2条第1項第32号,340CO0000000002
89452-37-9,deleterious,劇物,Deleterious Substance,毒物及び劇物取締法,Poisonous and Deleterious Substances Control Act,NITE-CHRIP RJ_03_001 法律又は政令番号: 政令第2条第1項第7号,340CO0000000002
89759-80-8,deleterious,劇物,Deleterious Substance,毒物及び劇物取締法,Poisonous and Deleterious Substances Control Act,NITE-CHRIP RJ_03_001 法律又は政令番号: 政令第2条第1項第22号,340CO0000000002
89784-60-1,deleterious,劇物,Deleterious Substance,毒物及び劇物取締法,Poisonous and Deleterious Substances Control Act,NITE-CHRIP RJ_03_001 法律又は政令番号: 政令第2条第1項第28号の14,340CO0000000002
89784-60-1,deleterious,劇物,Deleterious Substance,毒物及び劇物取締法,Poisonous and Deleterious Substances Control Act,毒物及び劇物指定令 第二条（劇物）,340CO0000000002
89952-87-4,deleterious,劇物,Deleterious Substance,毒物及び劇物取締法,Poisonous and Deleterious Substances Control Act,NITE-CHRIP RJ_03_001 法律又は政令番号: 政令第2条第1項第60号,340CO0000000002
900-95-8,deleterious,劇物,Deleterious Substance,毒物及び劇物取締法,Poisonous and Deleterious Substances Control Act,NITE-CHRIP RJ_03_001 法律又は政令番号: 政令第2条第1項第66号,340CO0000000002
90014-70-3,deleterious,劇物,Deleterious Substance,毒物及び劇物取締法,Poisonous and Deleterious Substances Control Act,NITE-CHRIP RJ_03_001 法律又は政令番号: 政令第2条第1項第26号,340CO0000000002
9004-41-5,deleterious,劇物,Deleterious Substance,毒物及び劇物取締法,Poisonous and Deleterious Substances Control Act,NITE-CHRIP RJ_03_001 法律又は政令番号: 政令第2条第1項第32号,340CO0000000002
9008-26-8,deleterious,劇物,Deleterious Substance,毒物及び劇物取締法,Poisonous and Deleterious Substances Control Act,NITE-CHRIP RJ_03_001 法律又は政令番号: 政令第2条第1項第77号,340CO0000000002
90583-37-2,deleterious,劇物,Deleterious Substance,毒物及び劇物取締法,Poisonous and Deleterious Substances Control Act,NITE-CHRIP RJ_03_001 法律又は政令番号: 政令第2条第1項第77号,340CO0000000002
91-15-6,deleterious,劇物,Deleterious Substance,毒物及び劇物取締法,Poisonous and Deleterious Substances Control Act,NITE-CHRIP RJ_03_001 法律又は政令番号: 政令第2条第1項第32号,340CO0000000002
91-22-5,deleterious,劇物,Deleterious Substance,毒物及び劇物取締法,Poisonous and Deleterious Substances Control Act,NITE-CHRIP RJ_03_001 法律又は政令番号: 政令第2条第1項第22号の5,340CO0000000002
91-22-5,deleterious,劇物,Deleterious Substance,毒物及び劇物取締法,Poisonous and Deleterious Substances Control Act,毒物及び劇物指定令 第二条（劇物）,340CO0000000002
91187-55-2,deleterious,劇物,Deleterious Substance,毒物及び劇物取締法,Poisonous and Deleterious Substances Control Act,NITE-CHRIP RJ_03_001 法律又は政令番号: 政令第2条第1項第77号,340CO0000000002
91388-81-7,deleterious,劇物,Deleterious Substance,毒物及び劇物取締法,Poisonous and Deleterious Substances Control Act,NITE-CHRIP RJ_03_001 法律又は政令番号: 政令第2条第1項第77号,340CO0000000002
91465-08-6,deleterious,劇物,Deleterious Substance,毒物及び劇物取締法,Poisonous and Deleterious Substances Control Act,NITE-CHRIP RJ_03_001 法律又は政令番号: 政令第2条第1項第32号,340CO0000000002
917-61-3,deleterious,劇物,Deleterious Substance,毒物及び劇物取締法,Poisonous and Deleterious Substances Control Act,NITE-CHRIP RJ_03_001 法律又は政令番号: 法律別表第2の22,340CO0000000002
91754-36-8,deleterious,劇物,Deleterious Substance,毒物及び劇物取締法,Poisonous and Deleterious Substances Control Act,NITE-CHRIP RJ_03_001 法律又は政令番号: 政令第2条第1項第62号,340CO0000000002
919-31-3,deleterious,劇物,Deleterious Substance,毒物及び劇物取締法,Poisonous and Deleterious Substances Control Act,NITE-CHRIP RJ_03_001 法律又は政令番号: 政令第2条第1項第32号,340CO0000000002
92-64-8,deleterious,劇物,Deleterious Substance,毒物及び劇物取締法,Poisonous and Deleterious Substances Control Act,NITE-CHRIP RJ_03_001 法律又は政令番号: 政令第2条第1項第32号,340CO0000000002
920-37-6,deleterious,劇物,Deleterious Substance,毒物及び劇物取締法,Poisonous and Deleterious Substances Control Act,NITE-CHRIP RJ_03_001 法律又は政令番号: 政令第2条第1項第32号,340CO0000000002
926-64-7,deleterious,劇物,Deleterious Substance,毒物及び劇物取締法,Poisonous and Deleterious Substances Control Act,NITE-CHRIP RJ_03_001 法律又は政令番号: 政令第2条第1項第32号,340CO0000000002
93-17-4,deleterious,劇物,Deleterious Substance,毒物及び劇物取締法,Poisonous and Deleterious Substances Control Act,NITE-CHRIP RJ_03_001 法律又は政令番号: 政令第2条第1項第32号,340CO0000000002
93-76-5,deleterious,劇物,Deleterious Substance,毒物及び劇物取締法,Poisonous and Deleterious Substances Control Act,NITE-CHRIP RJ_03_001 法律又は政令番号: 政令第2条第1項第74号の2,340CO0000000002
93-78-7,deleterious,劇物,Deleterious Substance,毒物及び劇物取締法,Poisonous and Deleterious Substances Control Act,NITE-CHRIP RJ_03_001,340CO0000000002
931-97-5,deleterious,劇物,Deleterious Substance,毒物及び劇物取締法,Poisonous and Deleterious Substances Control Act,NITE-CHRIP RJ_03_001 法律又は政令番号: 政令第2条第1項第32号,340CO0000000002
935-44-4,deleterious,劇物,Deleterious Substance,毒物及び劇物取締法,Poisonous and Deleterious Substances Control Act,NITE-CHRIP RJ_03_001 法律又は政令番号: 政令第2条第1項第32号,340CO0000000002
93820-02-1,deleterious,劇物,Deleterious Substance,毒物及び劇物取締法,Poisonous and Deleterious Substances Control Act,NITE-CHRIP RJ_03_001 法律又は政令番号: 政令第2条第1項第22号,340CO0000000002
93892-65-0,deleterious,劇物,Deleterious Substance,毒物及び劇物取締法,Poisonous and Deleterious Substances Control Act,NITE-CHRIP RJ_03_001 法律又は政令番号: 政令第2条第1項第77号,340CO0000000002
93894-08-7,deleterious,劇物,Deleterious Substance,毒物及び劇物取締法,Poisonous and Deleterious Substances Control Act,NITE-CHRIP RJ_03_001 法律又は政令番号: 政令第2条第1項第22号,340CO0000000002
93894-09-8,deleterious,劇物,Deleterious Substance,毒物及び劇物取締法,Poisonous and Deleterious Substances Control Act,NITE-CHRIP RJ_03_001 法律又は政令番号: 政令第2条第1項第22号,340CO0000000002
93894-48-5,deleterious,劇物,Deleterious Substance,毒物及び劇物取締法,Poisonous and Deleterious Substances Control Act,NITE-CHRIP RJ_03_001 法律又は政令番号: 政令第2条第1項第77号,340CO0000000002
93894-49-6,deleterious,劇物,Deleterious Substance,毒物及び劇物取締法,Poisonous and Deleterious Substances Control Act,NITE-CHRIP RJ_03_001 法律又は政令番号: 政令第2条第1項第77号,340CO0000000002
939-80-0,deleterious,劇物,Deleterious Substance,毒物及び劇物取締法,Poisonous and Deleterious Substances Control Act,NITE-CHRIP RJ_03_001 法律又は政令番号: 政令第2条第1項第32号,340CO0000000002
93965-24-3,deleterious,劇物,Deleterious Substance,毒物及び劇物取締法,Poisonous and Deleterious Substances Control Act,NITE-CHRIP RJ_03_001 法律又は政令番号: 政令第2条第1項第22号,340CO0000000002
93965-29-8,deleterious,劇物,Deleterious Substance,毒物及び劇物取締法,Poisonous and Deleterious Substances Control Act,NITE-CHRIP RJ_03_001 法律又は政令番号: 政令第2条第1項第77号,340CO0000000002
93965-30-1,deleterious,劇物,Deleterious Substance,毒物及び劇物取締法,Poisonous and Deleterious Substances Control Act,NITE-CHRIP RJ_03_001 法律又は政令番号: 政令第2条第1項第22号,340CO0000000002
93965-35-6,deleterious,劇物,Deleterious Substance,毒物及び劇物取締法,Poisonous and Deleterious Substances Control Act,NITE-CHRIP RJ_03_001 法律又は政令番号: 政令第2条第1項第79号,340CO0000000002
93966-38-2,deleterious,劇物,Deleterious Substance,毒物及び劇物取締法,Poisonous and Deleterious Substances Control Act,NITE-CHRIP RJ_03_001 法律又は政令番号: 政令第2条第1項第77号,340CO0000000002
93966-74-6,deleterious,劇物,Deleterious Substance,毒物及び劇物取締法,Poisonous and Deleterious Substances Control Act,NITE-CHRIP RJ_03_001 法律又は政令番号: 政令第2条第1項第77号,340CO0000000002
93981-67-0,deleterious,劇物,Deleterious Substance,毒物及び劇物取締法,Poisonous and Deleterious Substances Control Act,NITE-CHRIP RJ_03_001 法律又は政令番号: 政令第2条第1項第77号,340CO0000000002
93983-65-4,deleterious,劇物,Deleterious Substance,毒物及び劇物取締法,Poisonous and Deleterious Substances Control Act,NITE-CHRIP RJ_03_001 法律又は政令番号: 政令第2条第1項第22号,340CO0000000002
94-05-3,deleterious,劇物,Deleterious Substance,毒物及び劇物取締法,Poisonous and Deleterious Substances Control Act,NITE-CHRIP RJ_03_001 法律又は政令番号: 政令第2条第1項第32号,340CO0000000002
94-34-8,deleterious,劇物,Deleterious Substance,毒物及び劇物取締法,Poisonous and Deleterious Substances Control Act,NITE-CHRIP RJ_03_001 法律又は政令番号: 政令第2条第1項第5号,340CO0000000002
94-68-8,deleterious,劇物,Deleterious Substance,毒物及び劇物取締法,Poisonous and Deleterious Substances Control Act,NITE-CHRIP RJ_03_001 法律又は政令番号: 政令第2条第1項第5号,340CO0000000002
94088-46-7,deleterious,劇物,Deleterious Substance,毒物及び劇物取締法,Poisonous and Deleterious Substances Control Act,NITE-CHRIP RJ_03_001 法律又は政令番号: 政令第2条第1項第32号,340CO0000000002
943-03-3,deleterious,劇物,Deleterious Substance,毒物及び劇物取締法,Poisonous and Deleterious Substances Control Act,NITE-CHRIP RJ_03_001 法律又は政令番号: 政令第2条第1項第32号,340CO0000000002
95-11-4,deleterious,劇物,Deleterious Substance,毒物及び劇物取締法,Poisonous and Deleterious Substances Control Act,NITE-CHRIP RJ_03_001 法律又は政令番号: 政令第2条第1項第32号,340CO0000000002
95-47-6,deleterious,劇物,Deleterious Substance,毒物及び劇物取締法,Poisonous and Deleterious Substances Control Act,NITE-CHRIP RJ_03_001 法律又は政令番号: 政令第2条第1項第22号の4,340CO0000000002
95-48-7,deleterious,劇物,Deleterious Substance,毒物及び劇物取締法,Poisonous and Deleterious Substances Control Act,NITE-CHRIP RJ_03_001 法律又は政令番号: 法律別表第2の15,340CO0000000002
95-51-2,deleterious,劇物,Deleterious Substance,毒物及び劇物取締法,Poisonous and Deleterious Substances Control Act,NITE-CHRIP RJ_03_001 法律又は政令番号: 政令第2条第1項第28号の3,340CO0000000002
95-51-2,deleterious,劇物,Deleterious Substance,毒物及び劇物取締法,Poisonous and Deleterious Substances Control Act,毒物及び劇物指定令 第二条（劇物）,340CO0000000002
95-53-4,deleterious,劇物,Deleterious Substance,毒物及び劇物取締法,Poisonous and Deleterious Substances Control Act,NITE-CHRIP RJ_03_001 法律又は政令番号: 法律別表第2の61,340CO0000000002
95-54-5,deleterious,劇物,Deleterious Substance,毒物及び劇物取締法,Poisonous and Deleterious Substances Control Act,NITE-CHRIP RJ_03_001 法律又は政令番号: 政令第2条第1項第84号,340CO0000000002
95-70-5,deleterious,劇物,Deleterious Substance,毒物及び劇物取締法,Poisonous and Deleterious Substances Control Act,NITE-CHRIP RJ_03_001 法律又は政令番号: 法律別表第2の66,340CO0000000002
95-80-7,deleterious,劇物,Deleterious Substance,毒物及び劇物取締法,Poisonous and Deleterious Substances Control Act,NITE-CHRIP RJ_03_001 法律又は政令番号: 政令第2条第1項第76号,340CO0000000002
950-37-8,deleterious,劇物,Deleterious Substance,毒物及び劇物取締法,Poisonous and Deleterious Substances Control Act,NITE-CHRIP RJ_03_001 法律又は政令番号: 政令第2条第1項第54号の2,340CO0000000002
95465-99-9,deleterious,劇物,Deleterious Substance,毒物及び劇物取締法,Poisonous and Deleterious Substances Control Act,NITE-CHRIP RJ_03_001 法律又は政令番号: 政令第2条第1項第80号の4,340CO0000000002
95465-99-9,deleterious,劇物,Deleterious Substance,毒物及び劇物取締法,Poisonous and Deleterious Substances Control Act,毒物及び劇物指定令 第二条（劇物）,340CO0000000002
95860-12-1,deleterious,劇物,Deleterious Substance,毒物及び劇物取締法,Poisonous and Deleterious Substances Control Act,NITE-CHRIP RJ_03_001 法律又は政令番号: 政令第2条第1項第77号,340CO0000000002
95892-12-9,deleterious,劇物,Deleterious Substance,毒物及び劇物取締法,Poisonous and Deleterious Substances Control Act,NITE-CHRIP RJ_03_001 法律又は政令番号: 政令第2条第1項第22号,340CO0000000002
95892-13-0,deleterious,劇物,Deleterious Substance,毒物及び劇物取締法,Poisonous and Deleterious Substances Control Act,NITE-CHRIP RJ_03_001 法律又は政令番号: 政令第2条第1項第77号,340CO0000000002
96-12-8,deleterious,劇物,Deleterious Substance,毒物及び劇物取締法,Poisonous and Deleterious Substances Control Act,NITE-CHRIP RJ_03_001 法律又は政令番号: 法律別表第2の36,340CO0000000002
96-13-9,deleterious,劇物,Deleterious Substance,毒物及び劇物取締法,Poisonous and Deleterious Substances Control Act,NITE-CHRIP RJ_03_001 法律又は政令番号: 政令第2条第1項第50号の2,340CO0000000002
96-18-4,deleterious,劇物,Deleterious Substance,毒物及び劇物取締法,Poisonous and Deleterious Substances Control Act,NITE-CHRIP RJ_03_001 法律又は政令番号: 政令第2条第1項第74号の5,340CO0000000002
96-18-4,deleterious,劇物,Deleterious Substance,毒物及び劇物取締法,Poisonous and Deleterious Substances Control Act,毒物及び劇物指定令 第二条（劇物）,340CO0000000002
96489-71-3,deleterious,劇物,Deleterious Substance,毒物及び劇物取締法,Poisonous and Deleterious Substances Control Act,NITE-CHRIP RJ_03_001 法律又は政令番号: 政令第2条第1項第85号の10,340CO0000000002
97-17-6,deleterious,劇物,Deleterious Substance,毒物及び劇物取締法,Poisonous and Deleterious Substances Control Act,NITE-CHRIP RJ_03_001 法律又は政令番号: 法律別表第2の24,340CO0000000002
97-65-4,deleterious,劇物,Deleterious Substance,毒物及び劇物取締法,Poisonous and Deleterious Substances Control Act,NITE-CHRIP RJ_03_001 法律又は政令番号: 政令第2条第1項第98号の9,340CO0000000002
97-65-4,deleterious,劇物,Deleterious Substance,毒物及び劇物取締法,Poisonous and Deleterious Substances Control Act,毒物及び劇物指定令 第二条（劇物）,340CO0000000002
97259-82-0,deleterious,劇物,Deleterious Substance,毒物及び劇物取締法,Poisonous and Deleterious Substances Control Act,NITE-CHRIP RJ_03_001 法律又は政令番号: 政令第2条第1項第22号,340CO0000000002
97952-39-1,deleterious,劇物,Deleterious Substance,毒物及び劇物取締法,Poisonous and Deleterious Substances Control Act,NITE-CHRIP RJ_03_001 法律又は政令番号: 政令第2条第1項第77号,340CO0000000002
98-13-5,deleterious,劇物,Deleterious Substance,毒物及び劇物取締法,Poisonous and Deleterious Substances Control Act,NITE-CHRIP RJ_03_001 法律又は政令番号: 政令第2条第1項第74号の4,340CO0000000002
98-13-5,deleterious,劇物,Deleterious Substance,毒物及び劇物取締法,Poisonous and Deleterious Substances Control Act,毒物及び劇物指定令 第二条（劇物）,340CO0000000002
98-88-4,deleterious,劇物,Deleterious Substance,毒物及び劇物取締法,Poisonous and Deleterious Substances Control Act,NITE-CHRIP RJ_03_001 法律又は政令番号: 政令第2条第1項第92号の4,340CO0000000002
98-95-3,deleterious,劇物,Deleterious Substance,毒物及び劇物取締法,Poisonous and Deleterious Substances Control Act,NITE-CHRIP RJ_03_001 法律又は政令番号: 法律別表第2の63,340CO0000000002
98349-22-5,deleterious,劇物,Deleterious Substance,毒物及び劇物取締法,Poisonous and Deleterious Substances Control Act,NITE-CHRIP RJ_03_001 法律又は政令番号: 政令第2条第1項第32号,340CO0000000002
98886-44-3,deleterious,劇物,Deleterious Substance,毒物及び劇物取締法,Poisonous and Deleterious Substances Control Act,NITE-CHRIP RJ_03_001 法律又は政令番号: 政令第2条第1項第14号の5,340CO0000000002
98886-44-3,deleterious,劇物,Deleterious Substance,毒物及び劇物取締法,Poisonous and Deleterious Substances Control Act,毒物及び劇物指定令 第二条（劇物）,340CO0000000002
99-18-3,deleterious,劇物,Deleterious Substance,毒物及び劇物取締法,Poisonous and Deleterious Substances Control Act,NITE-CHRIP RJ_03_001 法律又は政令番号: 政令第2条第1項第32号,340CO0000000002
993-50-0,deleterious,劇物,Deleterious Substance,毒物及び劇物取締法,Poisonous and Deleterious Substances Control Act,NITE-CHRIP RJ_03_001 法律又は政令番号: 政令第2条第1項第67号,340CO0000000002
996-33-8,deleterious,劇物,Deleterious Substance,毒物及び劇物取締法,Poisonous and Deleterious Substances Control Act,NITE-CHRIP RJ_03_001 法律又は政令番号: 政令第2条第1項第62号,340CO0000000002
996-34-9,deleterious,劇物,Deleterious Substance,毒物及び劇物取締法,Poisonous and Deleterious Substances Control Act,NITE-CHRIP RJ_03_001 法律又は政令番号: 政令第2条第1項第62号,340CO0000000002
999-81-5,deleterious,劇物,Deleterious Substance,毒物及び劇物取締法,Poisonous and Deleterious Substances Control Act,NITE-CHRIP RJ_03_001 法律又は政令番号: 政令第2条第1項第26号の2,340CO0000000002
nocas-0017,deleterious,劇物,Deleterious Substance,毒物及び劇物取締法,Poisonous and Deleterious Substances Control Act,毒物及び劇物指定令 第二条（劇物）,340CO0000000002
100-44-7,poison,毒物,Poison,毒物及び劇物取締法,Poisonous and Deleterious Substances Control Act,NITE-CHRIP RJ_03_001 法律又は政令番号: 政令第1条第6号の9,340CO0000000002
100-56-1,poison,毒物,Poison,毒物及び劇物取締法,Poisonous and Deleterious Substances Control Act,NITE-CHRIP RJ_03_001 法律又は政令番号: 政令第1条第17号,340CO0000000002
100-57-2,poison,毒物,Poison,毒物及び劇物取締法,Poisonous and Deleterious Substances Control Act,NITE-CHRIP RJ_03_001 法律又は政令番号: 政令第1条第17号,340CO0000000002
10025-68-0,poison,毒物,Poison,毒物及び劇物取締法,Poisonous and Deleterious Substances Control Act,NITE-CHRIP RJ_03_001 法律又は政令番号: 政令第1条第18号,340CO0000000002
10025-87-3,poison,毒物,Poison,毒物及び劇物取締法,Poisonous and Deleterious Substances Control Act,NITE-CHRIP RJ_03_001 法律又は政令番号: 政令第1条第2号の4,340CO0000000002
10025-87-3,poison,毒物,Poison,毒物及び劇物取締法,Poisonous and Deleterious Substances Control Act,毒物及び劇物指定令 第一条（毒物）,340CO0000000002
10026-03-6,poison,毒物,Poison,毒物及び劇物取締法,Poisonous and Deleterious Substances Control Act,NITE-CHRIP RJ_03_001 法律又は政令番号: 政令第1条第18号,340CO0000000002
10026-13-8,poison,毒物,Poison,毒物及び劇物取締法,Poisonous and Deleterious Substances Control Act,NITE-CHRIP RJ_03_001 法律又は政令番号: 政令第1条第6号の10,340CO0000000002
10031-13-7,poison,毒物,Poison,毒物及び劇物取締法,Poisonous and Deleterious Substances Control Act,NITE-CHRIP RJ_03_001 法律又は政令番号: 政令第1条第23号,340CO0000000002
10031-45-5,poison,毒物,Poison,毒物及び劇物取締法,Poisonous and Deleterious Substances Control Act,NITE-CHRIP RJ_03_001 法律又は政令番号: 政令第1条第18号,340CO0000000002
10045-94-0,poison,毒物,Poison,毒物及び劇物取締法,Poisonous and Deleterious Substances Control Act,NITE-CHRIP RJ_03_001 法律又は政令番号: 政令第1条第17号,340CO0000000002
10048-95-0,poison,毒物,Poison,毒物及び劇物取締法,Poisonous and Deleterious Substances Control Act,NITE-CHRIP RJ_03_001 法律又は政令番号: 政令第1条第23号,340CO0000000002
10048-99-4,poison,毒物,Poison,毒物及び劇物取締法,Poisonous and Deleterious Substances Control Act,NITE-CHRIP RJ_03_001 法律又は政令番号: 政令第1条第17号,340CO0000000002
10060-09-0,poison,毒物,Poison,毒物及び劇物取締法,Poisonous and Deleterious Substances Control Act,NITE-CHRIP RJ_03_001 法律又は政令番号: 政令第1条第18号,340CO0000000002
10101-96-9,poison,毒物,Poison,毒物及び劇物取締法,Poisonous and Deleterious Substances Control Act,NITE-CHRIP RJ_03_001 法律又は政令番号: 政令第1条第18号,340CO0000000002
10101-99-2,poison,毒物,Poison,毒物及び劇物取締法,Poisonous and Deleterious Substances Control Act,NITE-CHRIP RJ_03_001 法律又は政令番号: 政令第1条第18号,340CO0000000002
10102-18-8,poison,毒物,Poison,毒物及び劇物取締法,Poisonous and Deleterious Substances Control Act,NITE-CHRIP RJ_03_001 法律又は政令番号: 政令第1条第18号,340CO0000000002
10102-23-5,poison,毒物,Poison,毒物及び劇物取締法,Poisonous and Deleterious Substances Control Act,NITE-CHRIP RJ_03_001 法律又は政令番号: 政令第1条第18号,340CO0000000002
10102-48-4,poison,毒物,Poison,毒物及び劇物取締法,Poisonous and Deleterious Substances Control Act,NITE-CHRIP RJ_03_001 法律又は政令番号: 政令第1条第23号,340CO0000000002
10102-49-5,poison,毒物,Poison,毒物及び劇物取締法,Poisonous and Deleterious Substances Control Act,NITE-CHRIP RJ_03_001 法律又は政令番号: 政令第1条第23号,340CO0000000002
10102-50-8,poison,毒物,Poison,毒物及び劇物取締法,Poisonous and Deleterious Substances Control Act,NITE-CHRIP RJ_03_001 法律又は政令番号: 政令第1条第23号,340CO0000000002
10102-53-1,poison,毒物,Poison,毒物及び劇物取締法,Poisonous and Deleterious Substances Control Act,NITE-CHRIP RJ_03_001 法律又は政令番号: 政令第1条第23号,340CO0000000002
10103-50-1,poison,毒物,Poison,毒物及び劇物取締法,Poisonous and Deleterious Substances Control Act,NITE-CHRIP RJ_03_001 法律又は政令番号: 政令第1条第23号,340CO0000000002
10103-61-4,poison,毒物,Poison,毒物及び劇物取締法,Poisonous and Deleterious Substances Control Act,NITE-CHRIP RJ_03_001 法律又は政令番号: 政令第1条第23号,340CO0000000002
10103-62-5,poison,毒物,Poison,毒物及び劇物取締法,Poisonous and Deleterious Substances Control Act,NITE-CHRIP RJ_03_001 法律又は政令番号: 政令第1条第23号,340CO0000000002
10124-50-2,poison,毒物,Poison,毒物及び劇物取締法,Poisonous and Deleterious Substances Control Act,NITE-CHRIP RJ_03_001 法律又は政令番号: 政令第1条第23号,340CO0000000002
102-82-9,poison,毒物,Poison,毒物及び劇物取締法,Poisonous and Deleterious Substances Control Act,NITE-CHRIP RJ_03_001 法律又は政令番号: 政令第1条第19号の6,340CO0000000002
102-82-9,poison,毒物,Poison,毒物及び劇物取締法,Poisonous and Deleterious Substances Control Act,毒物及び劇物指定令 第一条（毒物）,340CO0000000002
102-98-7,poison,毒物,Poison,毒物及び劇物取締法,Poisonous and Deleterious Substances Control Act,NITE-CHRIP RJ_03_001 法律又は政令番号: 政令第1条第17号,340CO0000000002
10214-40-1,poison,毒物,Poison,毒物及び劇物取締法,Poisonous and Deleterious Substances Control Act,NITE-CHRIP RJ_03_001 法律又は政令番号: 政令第1条第18号,340CO0000000002
10290-12-7,poison,毒物,Poison,毒物及び劇物取締法,Poisonous and Deleterious Substances Control Act,NITE-CHRIP RJ_03_001 法律又は政令番号: 政令第1条第23号,340CO0000000002
10294-34-5,poison,毒物,Poison,毒物及び劇物取締法,Poisonous and Deleterious Substances Control Act,NITE-CHRIP RJ_03_001 法律又は政令番号: 政令第1条第6号の11,340CO0000000002
10311-84-9,poison,毒物,Poison,毒物及び劇物取締法,Poisonous and Deleterious Substances Control Act,NITE-CHRIP RJ_03_001 法律又は政令番号: 政令第1条第9号の2,340CO0000000002
10311-84-9,poison,毒物,Poison,毒物及び劇物取締法,Poisonous and Deleterious Substances Control Act,毒物及び劇物指定令 第一条（毒物）,340CO0000000002
10326-24-6,poison,毒物,Poison,毒物及び劇物取締法,Poisonous and Deleterious Substances Control Act,NITE-CHRIP RJ_03_001 法律又は政令番号: 政令第1条第23号,340CO0000000002
104-60-9,poison,毒物,Poison,毒物及び劇物取締法,Poisonous and Deleterious Substances Control Act,NITE-CHRIP RJ_03_001 法律又は政令番号: 政令第1条第17号,340CO0000000002
10415-75-5,poison,毒物,Poison,毒物及び劇物取締法,Poisonous and Deleterious Substances Control Act,NITE-CHRIP RJ_03_001 法律又は政令番号: 政令第1条第17号,340CO0000000002
10431-47-7,poison,毒物,Poison,毒物及び劇物取締法,Poisonous and Deleterious Substances Control Act,NITE-CHRIP RJ_03_001 法律又は政令番号: 政令第1条第18号,340CO0000000002
10442-39-4,poison,毒物,Poison,毒物及び劇物取締法,Poisonous and Deleterious Substances Control Act,NITE-CHRIP RJ_03_001 法律又は政令番号: 政令第1条第8号,340CO0000000002
10451-12-4,poison,毒物,Poison,毒物及び劇物取締法,Poisonous and Deleterious Substances Control Act,NITE-CHRIP RJ_03_001 法律又は政令番号: 政令第1条第17号,340CO0000000002
1049-38-3,poison,毒物,Poison,毒物及び劇物取締法,Poisonous and Deleterious Substances Control Act,NITE-CHRIP RJ_03_001 法律又は政令番号: 政令第1条第18号,340CO0000000002
105-36-2,poison,毒物,Poison,毒物及び劇物取締法,Poisonous and Deleterious Substances Control Act,NITE-CHRIP RJ_03_001 法律又は政令番号: 政令第1条第24号の6,340CO0000000002
105-36-2,poison,毒物,Poison,毒物及び劇物取締法,Poisonous and Deleterious Substances Control Act,毒物及び劇物指定令 第一条（毒物）,340CO0000000002
107-11-9,poison,毒物,Poison,毒物及び劇物取締法,Poisonous and Deleterious Substances Control Act,NITE-CHRIP RJ_03_001 法律又は政令番号: 政令第1条第1号の5,340CO0000000002
107-11-9,poison,毒物,Poison,毒物及び劇物取締法,Poisonous and Deleterious Substances Control Act,毒物及び劇物指定令 第一条（毒物）,340CO0000000002
107-18-6,poison,毒物,Poison,毒物及び劇物取締法,Poisonous and Deleterious Substances Control Act,NITE-CHRIP RJ_03_001 法律又は政令番号: 政令第1条第1号の6,340CO0000000002
107-18-6,poison,毒物,Poison,毒物及び劇物取締法,Poisonous and Deleterious Substances Control Act,毒物及び劇物指定令 第一条（毒物）,340CO0000000002
107-20-0,poison,毒物,Poison,毒物及び劇物取締法,Poisonous and Deleterious Substances Control Act,NITE-CHRIP RJ_03_001 法律又は政令番号: 政令第1条第6号の3,340CO0000000002
107-20-0,poison,毒物,Poison,毒物及び劇物取締法,Poisonous and Deleterious Substances Control Act,毒物及び劇物指定令 第一条（毒物）,340CO0000000002
107-26-6,poison,毒物,Poison,毒物及び劇物取締法,Poisonous and Deleterious Substances Control Act,NITE-CHRIP RJ_03_001 法律又は政令番号: 政令第1条第17号,340CO0000000002
107-27-7,poison,毒物,Poison,毒物及び劇物取締法,Poisonous and Deleterious Substances Control Act,NITE-CHRIP RJ_03_001 法律又は政令番号: 政令第1条第17号,340CO0000000002
107-49-3,poison,毒物,Poison,毒物及び劇物取締法,Poisonous and Deleterious Substances Control Act,NITE-CHRIP RJ_03_001 法律又は政令番号: 政令第1条第19号,340CO0000000002
107-49-3,poison,毒物,Poison,毒物及び劇物取締法,Poisonous and Deleterious Substances Control Act,NITE-CHRIP RJ_03_001 法律又は政令番号: 法律別表第1の18,340CO0000000002
107-49-3,poison,毒物,Poison,毒物及び劇物取締法,Poisonous and Deleterious Substances Control Act,毒物及び劇物指定令 第一条（毒物）,340CO0000000002
109-09-1,poison,毒物,Poison,毒物及び劇物取締法,Poisonous and Deleterious Substances Control Act,NITE-CHRIP RJ_03_001 法律又は政令番号: 政令第1条第6号の7,340CO0000000002
109-09-1,poison,毒物,Poison,毒物及び劇物取締法,Poisonous and Deleterious Substances Control Act,毒物及び劇物指定令 第一条（毒物）,340CO0000000002
11115-99-4,poison,毒物,Poison,毒物及び劇物取締法,Poisonous and Deleterious Substances Control Act,NITE-CHRIP RJ_03_001 法律又は政令番号: 政令第1条第18号,340CO0000000002
1122-90-3,poison,毒物,Poison,毒物及び劇物取締法,Poisonous and Deleterious Substances Control Act,NITE-CHRIP RJ_03_001 法律又は政令番号: 政令第1条第23号,340CO0000000002
112285-95-7,poison,毒物,Poison,毒物及び劇物取締法,Poisonous and Deleterious Substances Control Act,NITE-CHRIP RJ_03_001 法律又は政令番号: 政令第1条第18号,340CO0000000002
112965-42-1,poison,毒物,Poison,毒物及び劇物取締法,Poisonous and Deleterious Substances Control Act,NITE-CHRIP RJ_03_001 法律又は政令番号: 政令第1条第18号,340CO0000000002
1132-39-4,poison,毒物,Poison,毒物及び劇物取締法,Poisonous and Deleterious Substances Control Act,NITE-CHRIP RJ_03_001 法律又は政令番号: 政令第1条第18号,340CO0000000002
113229-01-9,poison,毒物,Poison,毒物及び劇物取締法,Poisonous and Deleterious Substances Control Act,NITE-CHRIP RJ_03_001 法律又は政令番号: 政令第1条第18号,340CO0000000002
115-09-3,poison,毒物,Poison,毒物及び劇物取締法,Poisonous and Deleterious Substances Control Act,NITE-CHRIP RJ_03_001 法律又は政令番号: 政令第1条第17号,340CO0000000002
115-29-7,poison,毒物,Poison,毒物及び劇物取締法,Poisonous and Deleterious Substances Control Act,NITE-CHRIP RJ_03_001 法律又は政令番号: 政令第1条第26号,340CO0000000002
115-29-7,poison,毒物,Poison,毒物及び劇物取締法,Poisonous and Deleterious Substances Control Act,NITE-CHRIP RJ_03_001 法律又は政令番号: 法律別表第1の24,340CO0000000002
115-29-7,poison,毒物,Poison,毒物及び劇物取締法,Poisonous and Deleterious Substances Control Act,毒物及び劇物指定令 第一条（毒物）,340CO0000000002
115-90-2,poison,毒物,Poison,毒物及び劇物取締法,Poisonous and Deleterious Substances Control Act,NITE-CHRIP RJ_03_001,340CO0000000002
1153-05-5,poison,毒物,Poison,毒物及び劇物取締法,Poisonous and Deleterious Substances Control Act,NITE-CHRIP RJ_03_001 法律又は政令番号: 政令第1条第23号,340CO0000000002
115493-57-7,poison,毒物,Poison,毒物及び劇物取締法,Poisonous and Deleterious Substances Control Act,NITE-CHRIP RJ_03_001 法律又は政令番号: 政令第1条第18号,340CO0000000002
116065-96-4,poison,毒物,Poison,毒物及び劇物取締法,Poisonous and Deleterious Substances Control Act,NITE-CHRIP RJ_03_001 法律又は政令番号: 政令第1条第18号,340CO0000000002
116099-09-3,poison,毒物,Poison,毒物及び劇物取締法,Poisonous and Deleterious Substances Control Act,NITE-CHRIP RJ_03_001 法律又は政令番号: 政令第1条第18号,340CO0000000002
116473-38-2,poison,毒物,Poison,毒物及び劇物取締法,Poisonous and Deleterious Substances Control Act,NITE-CHRIP RJ_03_001 法律又は政令番号: 政令第1条第18号,340CO0000000002
118340-36-6,poison,毒物,Poison,毒物及び劇物取締法,Poisonous and Deleterious Substances Control Act,NITE-CHRIP RJ_03_001 法律又は政令番号: 政令第1条第18号,340CO0000000002
1184-57-2,poison,毒物,Poison,毒物及び劇物取締法,Poisonous and Deleterious Substances Control Act,NITE-CHRIP RJ_03_001 法律又は政令番号: 政令第1条第17号,340CO0000000002
118499-69-7,poison,毒物,Poison,毒物及び劇物取締法,Poisonous and Deleterious Substances Control Act,NITE-CHRIP RJ_03_001 法律又は政令番号: 政令第1条第8号,340CO0000000002
119107-37-8,poison,毒物,Poison,毒物及び劇物取締法,Poisonous and Deleterious Substances Control Act,NITE-CHRIP RJ_03_001 法律又は政令番号: 政令第1条第8号,340CO0000000002
1192-89-8,poison,毒物,Poison,毒物及び劇物取締法,Poisonous and Deleterious Substances Control Act,NITE-CHRIP RJ_03_001 法律又は政令番号: 政令第1条第17号,340CO0000000002
12002-03-8,poison,毒物,Poison,毒物及び劇物取締法,Poisonous and Deleterious Substances Control Act,NITE-CHRIP RJ_03_001 法律又は政令番号: 政令第1条第23号,340CO0000000002
12005-69-5,poison,毒物,Poison,毒物及び劇物取締法,Poisonous and Deleterious Substances Control Act,NITE-CHRIP RJ_03_001 法律又は政令番号: 政令第1条第23号,340CO0000000002
12005-70-8,poison,毒物,Poison,毒物及び劇物取締法,Poisonous and Deleterious Substances Control Act,NITE-CHRIP RJ_03_001 法律又は政令番号: 政令第1条第23号,340CO0000000002
12005-75-3,poison,毒物,Poison,毒物及び劇物取締法,Poisonous and Deleterious Substances Control Act,NITE-CHRIP RJ_03_001 法律又は政令番号: 政令第1条第23号,340CO0000000002
12005-82-2,poison,毒物,Poison,毒物及び劇物取締法,Poisonous and Deleterious Substances Control Act,NITE-CHRIP RJ_03_001 法律又は政令番号: 政令第1条第23号,340CO0000000002
12005-86-6,poison,毒物,Poison,毒物及び劇物取締法,Poisonous and Deleterious Substances Control Act,NITE-CHRIP RJ_03_001 法律又は政令番号: 政令第1条第23号,340CO0000000002
12005-88-8,poison,毒物,Poison,毒物及び劇物取締法,Poisonous and Deleterious Substances Control Act,NITE-CHRIP RJ_03_001 法律又は政令番号: 政令第1条第23号,340CO0000000002
12005-95-7,poison,毒物,Poison,毒物及び劇物取締法,Poisonous and Deleterious Substances Control Act,NITE-CHRIP RJ_03_001 法律又は政令番号: 政令第1条第23号,340CO0000000002
12006-05-2,poison,毒物,Poison,毒物及び劇物取締法,Poisonous and Deleterious Substances Control Act,NITE-CHRIP RJ_03_001 法律又は政令番号: 政令第1条第18号,340CO0000000002
12006-06-3,poison,毒物,Poison,毒物及び劇物取締法,Poisonous and Deleterious Substances Control Act,NITE-CHRIP RJ_03_001 法律又は政令番号: 政令第1条第18号,340CO0000000002
12006-09-6,poison,毒物,Poison,毒物及び劇物取締法,Poisonous and Deleterious Substances Control Act,NITE-CHRIP RJ_03_001 法律又は政令番号: 政令第1条第23号,340CO0000000002
12006-15-4,poison,毒物,Poison,毒物及び劇物取締法,Poisonous and Deleterious Substances Control Act,NITE-CHRIP RJ_03_001 法律又は政令番号: 政令第1条第23号,340CO0000000002
12006-21-2,poison,毒物,Poison,毒物及び劇物取締法,Poisonous and Deleterious Substances Control Act,NITE-CHRIP RJ_03_001 法律又は政令番号: 政令第1条第23号,340CO0000000002
12006-40-5,poison,毒物,Poison,毒物及び劇物取締法,Poisonous and Deleterious Substances Control Act,NITE-CHRIP RJ_03_001 法律又は政令番号: 政令第1条第23号,340CO0000000002
120148-08-5,poison,毒物,Poison,毒物及び劇物取締法,Poisonous and Deleterious Substances Control Act,NITE-CHRIP RJ_03_001 法律又は政令番号: 政令第1条第18号,340CO0000000002
120149-75-9,poison,毒物,Poison,毒物及び劇物取締法,Poisonous and Deleterious Substances Control Act,NITE-CHRIP RJ_03_001 法律又は政令番号: 政令第1条第18号,340CO0000000002
120149-76-0,poison,毒物,Poison,毒物及び劇物取締法,Poisonous and Deleterious Substances Control Act,NITE-CHRIP RJ_03_001 法律又は政令番号: 政令第1条第18号,340CO0000000002
12024-11-2,poison,毒物,Poison,毒物及び劇物取締法,Poisonous and Deleterious Substances Control Act,NITE-CHRIP RJ_03_001 法律又は政令番号: 政令第1条第18号,340CO0000000002
12024-24-7,poison,毒物,Poison,毒物及び劇物取締法,Poisonous and Deleterious Substances Control Act,NITE-CHRIP RJ_03_001 法律又は政令番号: 政令第1条第18号,340CO0000000002
12034-77-4,poison,毒物,Poison,毒物及び劇物取締法,Poisonous and Deleterious Substances Control Act,NITE-CHRIP RJ_03_001 法律又は政令番号: 政令第1条第18号,340CO0000000002
12039-55-3,poison,毒物,Poison,毒物及び劇物取締法,Poisonous and Deleterious Substances Control Act,NITE-CHRIP RJ_03_001 法律又は政令番号: 政令第1条第18号,340CO0000000002
12044-16-5,poison,毒物,Poison,毒物及び劇物取締法,Poisonous and Deleterious Substances Control Act,NITE-CHRIP RJ_03_001 法律又は政令番号: 政令第1条第23号,340CO0000000002
12044-20-1,poison,毒物,Poison,毒物及び劇物取締法,Poisonous and Deleterious Substances Control Act,NITE-CHRIP RJ_03_001 法律又は政令番号: 政令第1条第23号,340CO0000000002
12044-21-2,poison,毒物,Poison,毒物及び劇物取締法,Poisonous and Deleterious Substances Control Act,NITE-CHRIP RJ_03_001 法律又は政令番号: 政令第1条第23号,340CO0000000002
12044-25-6,poison,毒物,Poison,毒物及び劇物取締法,Poisonous and Deleterious Substances Control Act,NITE-CHRIP RJ_03_001 法律又は政令番号: 政令第1条第23号,340CO0000000002
12044-31-4,poison,毒物,Poison,毒物及び劇物取締法,Poisonous and Deleterious Substances Control Act,NITE-CHRIP RJ_03_001 法律又は政令番号: 政令第1条第18号,340CO0000000002
12044-32-5,poison,毒物,Poison,毒物及び劇物取締法,Poisonous and Deleterious Substances Control Act,NITE-CHRIP RJ_03_001 法律又は政令番号: 政令第1条第23号,340CO0000000002
12044-49-4,poison,毒物,Poison,毒物及び劇物取締法,Poisonous and Deleterious Substances Control Act,NITE-CHRIP RJ_03_001 法律又は政令番号: 政令第1条第23号,340CO0000000002
12044-50-7,poison,毒物,Poison,毒物及び劇物取締法,Poisonous and Deleterious Substances Control Act,NITE-CHRIP RJ_03_001 法律又は政令番号: 政令第1条第23号,340CO0000000002
12044-52-9,poison,毒物,Poison,毒物及び劇物取締法,Poisonous and Deleterious Substances Control Act,NITE-CHRIP RJ_03_001 法律又は政令番号: 政令第1条第23号,340CO0000000002
12044-54-1,poison,毒物,Poison,毒物及び劇物取締法,Poisonous and Deleterious Substances Control Act,NITE-CHRIP RJ_03_001 法律又は政令番号: 政令第1条第23号,340CO0000000002
12044-55-2,poison,毒物,Poison,毒物及び劇物取締法,Poisonous and Deleterious Substances Control Act,NITE-CHRIP RJ_03_001 法律又は政令番号: 政令第1条第23号,340CO0000000002
12044-57-4,poison,毒物,Poison,毒物及び劇物取締法,Poisonous and Deleterious Substances Control Act,NITE-CHRIP RJ_03_001 法律又は政令番号: 政令第1条第18号,340CO0000000002
12044-79-0,poison,毒物,Poison,毒物及び劇物取締法,Poisonous and Deleterious Substances Control Act,NITE-CHRIP RJ_03_001 法律又は政令番号: 政令第1条第23号,340CO0000000002
12053-13-3,poison,毒物,Poison,毒物及び劇物取締法,Poisonous and Deleterious Substances Control Act,NITE-CHRIP RJ_03_001 法律又は政令番号: 政令第1条第18号,340CO0000000002
12056-07-4,poison,毒物,Poison,毒物及び劇物取締法,Poisonous and Deleterious Substances Control Act,NITE-CHRIP RJ_03_001 法律又は政令番号: 政令第1条第18号,340CO0000000002
12058-18-3,poison,毒物,Poison,毒物及び劇物取締法,Poisonous and Deleterious Substances Control Act,NITE-CHRIP RJ_03_001 法律又は政令番号: 政令第1条第18号,340CO0000000002
12065-10-0,poison,毒物,Poison,毒物及び劇物取締法,Poisonous and Deleterious Substances Control Act,NITE-CHRIP RJ_03_001 法律又は政令番号: 政令第1条第18号,340CO0000000002
12067-45-7,poison,毒物,Poison,毒物及び劇物取締法,Poisonous and Deleterious Substances Control Act,NITE-CHRIP RJ_03_001 法律又は政令番号: 政令第1条第18号,340CO0000000002
12067-46-8,poison,毒物,Poison,毒物及び劇物取締法,Poisonous and Deleterious Substances Control Act,NITE-CHRIP RJ_03_001 法律又は政令番号: 政令第1条第18号,340CO0000000002
12068-61-0,poison,毒物,Poison,毒物及び劇物取締法,Poisonous and Deleterious Substances Control Act,NITE-CHRIP RJ_03_001 法律又は政令番号: 政令第1条第23号,340CO0000000002
12068-69-8,poison,毒物,Poison,毒物及び劇物取締法,Poisonous and Deleterious Substances Control Act,NITE-CHRIP RJ_03_001 法律又は政令番号: 政令第1条第18号,340CO0000000002
12068-90-5,poison,毒物,Poison,毒物及び劇物取締法,Poisonous and Deleterious Substances Control Act,NITE-CHRIP RJ_03_001 法律又は政令番号: 政令第1条第17号,340CO0000000002
12069-00-0,poison,毒物,Poison,毒物及び劇物取締法,Poisonous and Deleterious Substances Control Act,NITE-CHRIP RJ_03_001 法律又は政令番号: 政令第1条第18号,340CO0000000002
121-19-7,poison,毒物,Poison,毒物及び劇物取締法,Poisonous and Deleterious Substances Control Act,NITE-CHRIP RJ_03_001 法律又は政令番号: 政令第1条第23号,340CO0000000002
12136-60-6,poison,毒物,Poison,毒物及び劇物取締法,Poisonous and Deleterious Substances Control Act,NITE-CHRIP RJ_03_001 法律又は政令番号: 政令第1条第18号,340CO0000000002
12137-13-2,poison,毒物,Poison,毒物及び劇物取締法,Poisonous and Deleterious Substances Control Act,NITE-CHRIP RJ_03_001 法律又は政令番号: 政令第1条第18号,340CO0000000002
12164-90-8,poison,毒物,Poison,毒物及び劇物取締法,Poisonous and Deleterious Substances Control Act,NITE-CHRIP RJ_03_001 法律又は政令番号: 政令第1条第18号,340CO0000000002
12166-47-1,poison,毒物,Poison,毒物及び劇物取締法,Poisonous and Deleterious Substances Control Act,NITE-CHRIP RJ_03_001 法律又は政令番号: 政令第1条第18号,340CO0000000002
12185-10-3,poison,毒物,Poison,毒物及び劇物取締法,Poisonous and Deleterious Substances Control Act,NITE-CHRIP RJ_03_001 法律又は政令番号: 政令第1条第3号,340CO0000000002
12185-10-3,poison,毒物,Poison,毒物及び劇物取締法,Poisonous and Deleterious Substances Control Act,NITE-CHRIP RJ_03_001 法律又は政令番号: 法律別表第1の2,340CO0000000002
12211-52-8,poison,毒物,Poison,毒物及び劇物取締法,Poisonous and Deleterious Substances Control Act,NITE-CHRIP RJ_03_001 法律又は政令番号: 政令第1条第8号,340CO0000000002
12214-12-9,poison,毒物,Poison,毒物及び劇物取締法,Poisonous and Deleterious Substances Control Act,NITE-CHRIP RJ_03_001 法律又は政令番号: 政令第1条第18号,340CO0000000002
12254-85-2,poison,毒物,Poison,毒物及び劇物取締法,Poisonous and Deleterious Substances Control Act,NITE-CHRIP RJ_03_001 法律又は政令番号: 政令第1条第23号,340CO0000000002
12255-36-6,poison,毒物,Poison,毒物及び劇物取締法,Poisonous and Deleterious Substances Control Act,NITE-CHRIP RJ_03_001 法律又は政令番号: 政令第1条第23号,340CO0000000002
12255-50-4,poison,毒物,Poison,毒物及び劇物取締法,Poisonous and Deleterious Substances Control Act,NITE-CHRIP RJ_03_001 法律又は政令番号: 政令第1条第23号,340CO0000000002
12255-99-1,poison,毒物,Poison,毒物及び劇物取締法,Poisonous and Deleterious Substances Control Act,NITE-CHRIP RJ_03_001 法律又は政令番号: 政令第1条第23号,340CO0000000002
12279-90-2,poison,毒物,Poison,毒物及び劇物取締法,Poisonous and Deleterious Substances Control Act,NITE-CHRIP RJ_03_001 法律又は政令番号: 政令第1条第23号,340CO0000000002
12299-51-3,poison,毒物,Poison,毒物及び劇物取締法,Poisonous and Deleterious Substances Control Act,NITE-CHRIP RJ_03_001 法律又は政令番号: 政令第1条第18号,340CO0000000002
123-73-9,poison,毒物,Poison,毒物及び劇物取締法,Poisonous and Deleterious Substances Control Act,NITE-CHRIP RJ_03_001 法律又は政令番号: 政令第1条第6号の2,340CO0000000002
123334-18-9,poison,毒物,Poison,毒物及び劇物取締法,Poisonous and Deleterious Substances Control Act,NITE-CHRIP RJ_03_001 法律又は政令番号: 政令第1条第23号,340CO0000000002
12344-40-0,poison,毒物,Poison,毒物及び劇物取締法,Poisonous and Deleterious Substances Control Act,NITE-CHRIP RJ_03_001 法律又は政令番号: 政令第1条第17号,340CO0000000002
12344-68-2,poison,毒物,Poison,毒物及び劇物取締法,Poisonous and Deleterious Substances Control Act,NITE-CHRIP RJ_03_001 法律又は政令番号: 政令第1条第23号,340CO0000000002
124-58-3,poison,毒物,Poison,毒物及び劇物取締法,Poisonous and Deleterious Substances Control Act,NITE-CHRIP RJ_03_001 法律又は政令番号: 政令第1条第23号,340CO0000000002
124-63-0,poison,毒物,Poison,毒物及び劇物取締法,Poisonous and Deleterious Substances Control Act,NITE-CHRIP RJ_03_001 法律又は政令番号: 政令第1条第26号の5,340CO0000000002
124-63-0,poison,毒物,Poison,毒物及び劇物取締法,Poisonous and Deleterious Substances Control Act,毒物及び劇物指定令 第一条（毒物）,340CO0000000002
124-65-2,poison,毒物,Poison,毒物及び劇物取締法,Poisonous and Deleterious Substances Control Act,NITE-CHRIP RJ_03_001 法律又は政令番号: 政令第1条第23号,340CO0000000002
12414-94-7,poison,毒物,Poison,毒物及び劇物取締法,Poisonous and Deleterious Substances Control Act,NITE-CHRIP RJ_03_001 法律又は政令番号: 政令第1条第23号,340CO0000000002
12417-99-1,poison,毒物,Poison,毒物及び劇物取締法,Poisonous and Deleterious Substances Control Act,NITE-CHRIP RJ_03_001 法律又は政令番号: 政令第1条第23号,340CO0000000002
12511-97-6,poison,毒物,Poison,毒物及び劇物取締法,Poisonous and Deleterious Substances Control Act,NITE-CHRIP RJ_03_001 法律又は政令番号: 政令第1条第23号,340CO0000000002
12534-09-7,poison,毒物,Poison,毒物及び劇物取締法,Poisonous and Deleterious Substances Control Act,NITE-CHRIP RJ_03_001 法律又は政令番号: 政令第1条第18号,340CO0000000002
125694-36-2,poison,毒物,Poison,毒物及び劇物取締法,Poisonous and Deleterious Substances Control Act,NITE-CHRIP RJ_03_001 法律又は政令番号: 政令第1条第18号,340CO0000000002
12626-31-2,poison,毒物,Poison,毒物及び劇物取締法,Poisonous and Deleterious Substances Control Act,NITE-CHRIP RJ_03_001 法律又は政令番号: 政令第1条第18号,340CO0000000002
12626-36-7,poison,毒物,Poison,毒物及び劇物取締法,Poisonous and Deleterious Substances Control Act,NITE-CHRIP RJ_03_001 法律又は政令番号: 政令第1条第18号,340CO0000000002
126999-21-1,poison,毒物,Poison,毒物及び劇物取締法,Poisonous and Deleterious Substances Control Act,NITE-CHRIP RJ_03_001 法律又は政令番号: 政令第1条第18号,340CO0000000002
1273-75-2,poison,毒物,Poison,毒物及び劇物取締法,Poisonous and Deleterious Substances Control Act,NITE-CHRIP RJ_03_001 法律又は政令番号: 政令第1条第17号,340CO0000000002
127764-45-8,poison,毒物,Poison,毒物及び劇物取締法,Poisonous and Deleterious Substances Control Act,NITE-CHRIP RJ_03_001 法律又は政令番号: 政令第1条第18号,340CO0000000002
12777-38-7,poison,毒物,Poison,毒物及び劇物取締法,Poisonous and Deleterious Substances Control Act,NITE-CHRIP RJ_03_001 法律又は政令番号: 政令第1条第23号,340CO0000000002
12795-30-1,poison,毒物,Poison,毒物及び劇物取締法,Poisonous and Deleterious Substances Control Act,NITE-CHRIP RJ_03_001 法律又は政令番号: 政令第1条第23号,340CO0000000002
129-16-8,poison,毒物,Poison,毒物及び劇物取締法,Poisonous and Deleterious Substances Control Act,NITE-CHRIP RJ_03_001 法律又は政令番号: 政令第1条第17号,340CO0000000002
13004-83-6,poison,毒物,Poison,毒物及び劇物取締法,Poisonous and Deleterious Substances Control Act,NITE-CHRIP RJ_03_001 法律又は政令番号: 政令第1条第17号,340CO0000000002
1302-09-6,poison,毒物,Poison,毒物及び劇物取締法,Poisonous and Deleterious Substances Control Act,NITE-CHRIP RJ_03_001 法律又は政令番号: 政令第1条第18号,340CO0000000002
1302-82-5,poison,毒物,Poison,毒物及び劇物取締法,Poisonous and Deleterious Substances Control Act,NITE-CHRIP RJ_03_001 法律又は政令番号: 政令第1条第18号,340CO0000000002
1303-28-2,poison,毒物,Poison,毒物及び劇物取締法,Poisonous and Deleterious Substances Control Act,NITE-CHRIP RJ_03_001 法律又は政令番号: 政令第1条第23号,340CO0000000002
1303-32-8,poison,毒物,Poison,毒物及び劇物取締法,Poisonous and Deleterious Substances Control Act,NITE-CHRIP RJ_03_001 法律又は政令番号: 政令第1条第23号,340CO0000000002
1303-33-9,poison,毒物,Poison,毒物及び劇物取締法,Poisonous and Deleterious Substances Control Act,NITE-CHRIP RJ_03_001 法律又は政令番号: 政令第1条第23号,340CO0000000002
1303-34-0,poison,毒物,Poison,毒物及び劇物取締法,Poisonous and Deleterious Substances Control Act,NITE-CHRIP RJ_03_001 法律又は政令番号: 政令第1条第23号,340CO0000000002
1303-36-2,poison,毒物,Poison,毒物及び劇物取締法,Poisonous and Deleterious Substances Control Act,NITE-CHRIP RJ_03_001 法律又は政令番号: 政令第1条第18号,340CO0000000002
1303-37-3,poison,毒物,Poison,毒物及び劇物取締法,Poisonous and Deleterious Substances Control Act,NITE-CHRIP RJ_03_001 法律又は政令番号: 政令第1条第18号,340CO0000000002
1303-39-5,poison,毒物,Poison,毒物及び劇物取締法,Poisonous and Deleterious Substances Control Act,NITE-CHRIP RJ_03_001 法律又は政令番号: 政令第1条第23号,340CO0000000002
1303-62-4,poison,毒物,Poison,毒物及び劇物取締法,Poisonous and Deleterious Substances Control Act,NITE-CHRIP RJ_03_001 法律又は政令番号: 政令第1条第18号,340CO0000000002
1304-39-8,poison,毒物,Poison,毒物及び劇物取締法,Poisonous and Deleterious Substances Control Act,NITE-CHRIP RJ_03_001 法律又は政令番号: 政令第1条第18号,340CO0000000002
1305-84-6,poison,毒物,Poison,毒物及び劇物取締法,Poisonous and Deleterious Substances Control Act,NITE-CHRIP RJ_03_001 法律又は政令番号: 政令第1条第18号,340CO0000000002
1306-24-7,poison,毒物,Poison,毒物及び劇物取締法,Poisonous and Deleterious Substances Control Act,NITE-CHRIP RJ_03_001 法律又は政令番号: 政令第1条第18号,340CO0000000002
1307-96-6,poison,毒物,Poison,毒物及び劇物取締法,Poisonous and Deleterious Substances Control Act,NITE-CHRIP RJ_03_001 法律又は政令番号: 政令第1条第6号の13,340CO0000000002
1307-96-6,poison,毒物,Poison,毒物及び劇物取締法,Poisonous and Deleterious Substances Control Act,毒物及び劇物指定令 第一条（毒物）,340CO0000000002
1307-99-9,poison,毒物,Poison,毒物及び劇物取締法,Poisonous and Deleterious Substances Control Act,NITE-CHRIP RJ_03_001 法律又は政令番号: 政令第1条第18号,340CO0000000002
1310-32-3,poison,毒物,Poison,毒物及び劇物取締法,Poisonous and Deleterious Substances Control Act,NITE-CHRIP RJ_03_001 法律又は政令番号: 政令第1条第18号,340CO0000000002
1312-74-9,poison,毒物,Poison,毒物及び劇物取締法,Poisonous and Deleterious Substances Control Act,NITE-CHRIP RJ_03_001 法律又は政令番号: 政令第1条第18号,340CO0000000002
1313-04-8,poison,毒物,Poison,毒物及び劇物取締法,Poisonous and Deleterious Substances Control Act,NITE-CHRIP RJ_03_001 法律又は政令番号: 政令第1条第18号,340CO0000000002
1313-22-0,poison,毒物,Poison,毒物及び劇物取締法,Poisonous and Deleterious Substances Control Act,NITE-CHRIP RJ_03_001 法律又は政令番号: 政令第1条第18号,340CO0000000002
1313-85-5,poison,毒物,Poison,毒物及び劇物取締法,Poisonous and Deleterious Substances Control Act,NITE-CHRIP RJ_03_001 法律又は政令番号: 政令第1条第18号,340CO0000000002
1314-05-2,poison,毒物,Poison,毒物及び劇物取締法,Poisonous and Deleterious Substances Control Act,NITE-CHRIP RJ_03_001 法律又は政令番号: 政令第1条第18号,340CO0000000002
1314-80-3,poison,毒物,Poison,毒物及び劇物取締法,Poisonous and Deleterious Substances Control Act,NITE-CHRIP RJ_03_001 法律又は政令番号: 法律別表第1の27,340CO0000000002
1314-85-8,poison,毒物,Poison,毒物及び劇物取締法,Poisonous and Deleterious Substances Control Act,NITE-CHRIP RJ_03_001 法律又は政令番号: 法律別表第1の27,340CO0000000002
1315-05-5,poison,毒物,Poison,毒物及び劇物取締法,Poisonous and Deleterious Substances Control Act,NITE-CHRIP RJ_03_001 法律又は政令番号: 政令第1条第18号,340CO0000000002
1315-06-6,poison,毒物,Poison,毒物及び劇物取締法,Poisonous and Deleterious Substances Control Act,NITE-CHRIP RJ_03_001 法律又は政令番号: 政令第1条第18号,340CO0000000002
1315-07-7,poison,毒物,Poison,毒物及び劇物取締法,Poisonous and Deleterious Substances Control Act,NITE-CHRIP RJ_03_001 法律又は政令番号: 政令第1条第18号,340CO0000000002
1315-09-9,poison,毒物,Poison,毒物及び劇物取締法,Poisonous and Deleterious Substances Control Act,NITE-CHRIP RJ_03_001 法律又は政令番号: 政令第1条第18号,340CO0000000002
131599-73-0,poison,毒物,Poison,毒物及び劇物取締法,Poisonous and Deleterious Substances Control Act,NITE-CHRIP RJ_03_001 法律又は政令番号: 政令第1条第18号,340CO0000000002
131599-74-1,poison,毒物,Poison,毒物及び劇物取締法,Poisonous and Deleterious Substances Control Act,NITE-CHRIP RJ_03_001 法律又は政令番号: 政令第1条第18号,340CO0000000002
131599-76-3,poison,毒物,Poison,毒物及び劇物取締法,Poisonous and Deleterious Substances Control Act,NITE-CHRIP RJ_03_001 法律又は政令番号: 政令第1条第18号,340CO0000000002
1317-41-5,poison,毒物,Poison,毒物及び劇物取締法,Poisonous and Deleterious Substances Control Act,NITE-CHRIP RJ_03_001 法律又は政令番号: 政令第1条第18号,340CO0000000002
13171-21-6,poison,毒物,Poison,毒物及び劇物取締法,Poisonous and Deleterious Substances Control Act,NITE-CHRIP RJ_03_001 法律又は政令番号: 政令第1条第15号,340CO0000000002
13171-21-6,poison,毒物,Poison,毒物及び劇物取締法,Poisonous and Deleterious Substances Control Act,NITE-CHRIP RJ_03_001 法律又は政令番号: 法律別表第1の13,340CO0000000002
13171-21-6,poison,毒物,Poison,毒物及び劇物取締法,Poisonous and Deleterious Substances Control Act,毒物及び劇物指定令 第一条（毒物）,340CO0000000002
13194-48-4,poison,毒物,Poison,毒物及び劇物取締法,Poisonous and Deleterious Substances Control Act,NITE-CHRIP RJ_03_001 法律又は政令番号: 政令第1条第1号の10,340CO0000000002
13194-48-4,poison,毒物,Poison,毒物及び劇物取締法,Poisonous and Deleterious Substances Control Act,毒物及び劇物指定令 第一条（毒物）,340CO0000000002
132-33-2,poison,毒物,Poison,毒物及び劇物取締法,Poisonous and Deleterious Substances Control Act,NITE-CHRIP RJ_03_001 法律又は政令番号: 政令第1条第23号,340CO0000000002
13246-32-7,poison,毒物,Poison,毒物及び劇物取締法,Poisonous and Deleterious Substances Control Act,NITE-CHRIP RJ_03_001 法律又は政令番号: 政令第1条第23号,340CO0000000002
13257-51-7,poison,毒物,Poison,毒物及び劇物取締法,Poisonous and Deleterious Substances Control Act,NITE-CHRIP RJ_03_001 法律又は政令番号: 政令第1条第17号,340CO0000000002
1327-52-2,poison,毒物,Poison,毒物及び劇物取締法,Poisonous and Deleterious Substances Control Act,NITE-CHRIP RJ_03_001 法律又は政令番号: 政令第1条第23号,340CO0000000002
1327-53-3,poison,毒物,Poison,毒物及び劇物取締法,Poisonous and Deleterious Substances Control Act,NITE-CHRIP RJ_03_001 法律又は政令番号: 政令第1条第23号,340CO0000000002
13294-23-0,poison,毒物,Poison,毒物及び劇物取締法,Poisonous and Deleterious Substances Control Act,NITE-CHRIP RJ_03_001 法律又は政令番号: 政令第1条第17号,340CO0000000002
1335-31-5,poison,毒物,Poison,毒物及び劇物取締法,Poisonous and Deleterious Substances Control Act,NITE-CHRIP RJ_03_001 法律又は政令番号: 政令第1条第8号,340CO0000000002
1335-85-9,poison,毒物,Poison,毒物及び劇物取締法,Poisonous and Deleterious Substances Control Act,NITE-CHRIP RJ_03_001 法律又は政令番号: 法律別表第1の10,340CO0000000002
13356-08-6,poison,毒物,Poison,毒物及び劇物取締法,Poisonous and Deleterious Substances Control Act,NITE-CHRIP RJ_03_001 法律又は政令番号: 政令第1条第24号の7,340CO0000000002
13356-08-6,poison,毒物,Poison,毒物及び劇物取締法,Poisonous and Deleterious Substances Control Act,毒物及び劇物指定令 第一条（毒物）,340CO0000000002
133927-17-0,poison,毒物,Poison,毒物及び劇物取締法,Poisonous and Deleterious Substances Control Act,NITE-CHRIP RJ_03_001 法律又は政令番号: 政令第1条第18号,340CO0000000002
13410-01-0,poison,毒物,Poison,毒物及び劇物取締法,Poisonous and Deleterious Substances Control Act,NITE-CHRIP RJ_03_001 法律又は政令番号: 政令第1条第18号,340CO0000000002
13435-20-6,poison,毒物,Poison,毒物及び劇物取締法,Poisonous and Deleterious Substances Control Act,NITE-CHRIP RJ_03_001 法律又は政令番号: 政令第1条第8号,340CO0000000002
13444-75-2,poison,毒物,Poison,毒物及び劇物取締法,Poisonous and Deleterious Substances Control Act,NITE-CHRIP RJ_03_001 法律又は政令番号: 政令第1条第17号,340CO0000000002
13446-28-1,poison,毒物,Poison,毒物及び劇物取締法,Poisonous and Deleterious Substances Control Act,NITE-CHRIP RJ_03_001 法律又は政令番号: 政令第1条第18号,340CO0000000002
13453-15-1,poison,毒物,Poison,毒物及び劇物取締法,Poisonous and Deleterious Substances Control Act,NITE-CHRIP RJ_03_001 法律又は政令番号: 政令第1条第23号,340CO0000000002
13453-34-4,poison,毒物,Poison,毒物及び劇物取締法,Poisonous and Deleterious Substances Control Act,NITE-CHRIP RJ_03_001 法律又は政令番号: 政令第1条第8号,340CO0000000002
13462-93-6,poison,毒物,Poison,毒物及び劇物取締法,Poisonous and Deleterious Substances Control Act,NITE-CHRIP RJ_03_001 法律又は政令番号: 政令第1条第23号,340CO0000000002
13463-39-3,poison,毒物,Poison,毒物及び劇物取締法,Poisonous and Deleterious Substances Control Act,NITE-CHRIP RJ_03_001 法律又は政令番号: 政令第1条第22号,340CO0000000002
13463-39-3,poison,毒物,Poison,毒物及び劇物取締法,Poisonous and Deleterious Substances Control Act,NITE-CHRIP RJ_03_001 法律又は政令番号: 法律別表第1の20,340CO0000000002
13463-39-3,poison,毒物,Poison,毒物及び劇物取締法,Poisonous and Deleterious Substances Control Act,毒物及び劇物指定令 第一条（毒物）,340CO0000000002
13464-36-3,poison,毒物,Poison,毒物及び劇物取締法,Poisonous and Deleterious Substances Control Act,NITE-CHRIP RJ_03_001 法律又は政令番号: 政令第1条第23号,340CO0000000002
13464-37-4,poison,毒物,Poison,毒物及び劇物取締法,Poisonous and Deleterious Substances Control Act,NITE-CHRIP RJ_03_001 法律又は政令番号: 政令第1条第23号,340CO0000000002
13464-38-5,poison,毒物,Poison,毒物及び劇物取締法,Poisonous and Deleterious Substances Control Act,NITE-CHRIP RJ_03_001 法律又は政令番号: 政令第1条第23号,340CO0000000002
13464-42-1,poison,毒物,Poison,毒物及び劇物取締法,Poisonous and Deleterious Substances Control Act,NITE-CHRIP RJ_03_001 法律又は政令番号: 政令第1条第23号,340CO0000000002
13464-44-3,poison,毒物,Poison,毒物及び劇物取締法,Poisonous and Deleterious Substances Control Act,NITE-CHRIP RJ_03_001 法律又は政令番号: 政令第1条第23号,340CO0000000002
13465-37-7,poison,毒物,Poison,毒物及び劇物取締法,Poisonous and Deleterious Substances Control Act,NITE-CHRIP RJ_03_001 法律又は政令番号: 政令第1条第17号,340CO0000000002
13465-62-8,poison,毒物,Poison,毒物及び劇物取締法,Poisonous and Deleterious Substances Control Act,NITE-CHRIP RJ_03_001 法律又は政令番号: 政令第1条第18号,340CO0000000002
13465-66-2,poison,毒物,Poison,毒物及び劇物取締法,Poisonous and Deleterious Substances Control Act,NITE-CHRIP RJ_03_001 法律又は政令番号: 政令第1条第18号,340CO0000000002
13510-44-6,poison,毒物,Poison,毒物及び劇物取締法,Poisonous and Deleterious Substances Control Act,NITE-CHRIP RJ_03_001 法律又は政令番号: 政令第1条第23号,340CO0000000002
13510-46-8,poison,毒物,Poison,毒物及び劇物取締法,Poisonous and Deleterious Substances Control Act,NITE-CHRIP RJ_03_001 法律又は政令番号: 政令第1条第23号,340CO0000000002
13597-46-1,poison,毒物,Poison,毒物及び劇物取締法,Poisonous and Deleterious Substances Control Act,NITE-CHRIP RJ_03_001 法律又は政令番号: 政令第1条第18号,340CO0000000002
13601-11-1,poison,毒物,Poison,毒物及び劇物取締法,Poisonous and Deleterious Substances Control Act,NITE-CHRIP RJ_03_001 法律又は政令番号: 政令第1条第8号,340CO0000000002
136543-49-2,poison,毒物,Poison,毒物及び劇物取締法,Poisonous and Deleterious Substances Control Act,NITE-CHRIP RJ_03_001 法律又は政令番号: 政令第1条第18号,340CO0000000002
136543-50-5,poison,毒物,Poison,毒物及び劇物取締法,Poisonous and Deleterious Substances Control Act,NITE-CHRIP RJ_03_001 法律又は政令番号: 政令第1条第18号,340CO0000000002
136543-51-6,poison,毒物,Poison,毒物及び劇物取締法,Poisonous and Deleterious Substances Control Act,NITE-CHRIP RJ_03_001 法律又は政令番号: 政令第1条第18号,340CO0000000002
13682-73-0,poison,毒物,Poison,毒物及び劇物取締法,Poisonous and Deleterious Substances Control Act,NITE-CHRIP RJ_03_001 法律又は政令番号: 政令第1条第8号,340CO0000000002
13702-38-0,poison,毒物,Poison,毒物及び劇物取締法,Poisonous and Deleterious Substances Control Act,NITE-CHRIP RJ_03_001 法律又は政令番号: 政令第1条第23号,340CO0000000002
13718-59-7,poison,毒物,Poison,毒物及び劇物取締法,Poisonous and Deleterious Substances Control Act,NITE-CHRIP RJ_03_001 法律又は政令番号: 政令第1条第18号,340CO0000000002
13755-38-9,poison,毒物,Poison,毒物及び劇物取締法,Poisonous and Deleterious Substances Control Act,NITE-CHRIP RJ_03_001 法律又は政令番号: 政令第1条第8号,340CO0000000002
13766-44-4,poison,毒物,Poison,毒物及び劇物取締法,Poisonous and Deleterious Substances Control Act,NITE-CHRIP RJ_03_001 法律又は政令番号: 政令第1条第17号,340CO0000000002
13768-86-0,poison,毒物,Poison,毒物及び劇物取締法,Poisonous and Deleterious Substances Control Act,NITE-CHRIP RJ_03_001 法律又は政令番号: 政令第1条第18号,340CO0000000002
138-85-2,poison,毒物,Poison,毒物及び劇物取締法,Poisonous and Deleterious Substances Control Act,NITE-CHRIP RJ_03_001 法律又は政令番号: 政令第1条第17号,340CO0000000002
13814-59-0,poison,毒物,Poison,毒物及び劇物取締法,Poisonous and Deleterious Substances Control Act,NITE-CHRIP RJ_03_001 法律又は政令番号: 政令第1条第18号,340CO0000000002
13814-62-5,poison,毒物,Poison,毒物及び劇物取締法,Poisonous and Deleterious Substances Control Act,NITE-CHRIP RJ_03_001 法律又は政令番号: 政令第1条第18号,340CO0000000002
138608-19-2,poison,毒物,Poison,毒物及び劇物取締法,Poisonous and Deleterious Substances Control Act,NITE-CHRIP RJ_03_001 法律又は政令番号: 政令第1条第23号,340CO0000000002
13876-85-2,poison,毒物,Poison,毒物及び劇物取締法,Poisonous and Deleterious Substances Control Act,NITE-CHRIP RJ_03_001 法律又は政令番号: 政令第1条第17号,340CO0000000002
13932-02-0,poison,毒物,Poison,毒物及び劇物取締法,Poisonous and Deleterious Substances Control Act,NITE-CHRIP RJ_03_001 法律又は政令番号: 政令第1条第17号,340CO0000000002
13963-58-1,poison,毒物,Poison,毒物及び劇物取締法,Poisonous and Deleterious Substances Control Act,NITE-CHRIP RJ_03_001 法律又は政令番号: 政令第1条第8号,340CO0000000002
13967-25-4,poison,毒物,Poison,毒物及び劇物取締法,Poisonous and Deleterious Substances Control Act,NITE-CHRIP RJ_03_001 法律又は政令番号: 政令第1条第17号,340CO0000000002
13967-50-5,poison,毒物,Poison,毒物及び劇物取締法,Poisonous and Deleterious Substances Control Act,NITE-CHRIP RJ_03_001 法律又は政令番号: 政令第1条第8号,340CO0000000002
14013-56-0,poison,毒物,Poison,毒物及び劇物取締法,Poisonous and Deleterious Substances Control Act,NITE-CHRIP RJ_03_001 法律又は政令番号: 政令第1条第18号,340CO0000000002
14019-91-1,poison,毒物,Poison,毒物及び劇物取締法,Poisonous and Deleterious Substances Control Act,NITE-CHRIP RJ_03_001 法律又は政令番号: 政令第1条第18号,340CO0000000002
14049-79-7,poison,毒物,Poison,毒物及び劇物取締法,Poisonous and Deleterious Substances Control Act,NITE-CHRIP RJ_03_001 法律又は政令番号: 政令第1条第8号,340CO0000000002
14110-97-5,poison,毒物,Poison,毒物及び劇物取締法,Poisonous and Deleterious Substances Control Act,NITE-CHRIP RJ_03_001 法律又は政令番号: 政令第1条第17号,340CO0000000002
1421-86-9,poison,毒物,Poison,毒物及び劇物取締法,Poisonous and Deleterious Substances Control Act,NITE-CHRIP RJ_03_001 法律又は政令番号: 政令第1条第17号の2,340CO0000000002
14215-33-9,poison,毒物,Poison,毒物及び劇物取締法,Poisonous and Deleterious Substances Control Act,NITE-CHRIP RJ_03_001 法律又は政令番号: 政令第1条第17号,340CO0000000002
14220-17-8,poison,毒物,Poison,毒物及び劇物取締法,Poisonous and Deleterious Substances Control Act,NITE-CHRIP RJ_03_001 法律又は政令番号: 政令第1条第8号,340CO0000000002
14244-62-3,poison,毒物,Poison,毒物及び劇物取締法,Poisonous and Deleterious Substances Control Act,NITE-CHRIP RJ_03_001 法律又は政令番号: 政令第1条第8号,340CO0000000002
14263-59-3,poison,毒物,Poison,毒物及び劇物取締法,Poisonous and Deleterious Substances Control Act,NITE-CHRIP RJ_03_001 法律又は政令番号: 政令第1条第8号,340CO0000000002
14264-31-4,poison,毒物,Poison,毒物及び劇物取締法,Poisonous and Deleterious Substances Control Act,NITE-CHRIP RJ_03_001 法律又は政令番号: 政令第1条第8号,340CO0000000002
143-33-9,poison,毒物,Poison,毒物及び劇物取締法,Poisonous and Deleterious Substances Control Act,NITE-CHRIP RJ_03_001 法律又は政令番号: 法律別表第1の8,340CO0000000002
143-36-2,poison,毒物,Poison,毒物及び劇物取締法,Poisonous and Deleterious Substances Control Act,NITE-CHRIP RJ_03_001 法律又は政令番号: 政令第1条第17号,340CO0000000002
14323-36-5,poison,毒物,Poison,毒物及び劇物取締法,Poisonous and Deleterious Substances Control Act,NITE-CHRIP RJ_03_001 法律又は政令番号: 政令第1条第8号,340CO0000000002
14323-41-2,poison,毒物,Poison,毒物及び劇物取締法,Poisonous and Deleterious Substances Control Act,NITE-CHRIP RJ_03_001 法律又は政令番号: 政令第1条第8号,340CO0000000002
144-49-0,poison,毒物,Poison,毒物及び劇物取締法,Poisonous and Deleterious Substances Control Act,NITE-CHRIP RJ_03_001 法律又は政令番号: 法律別表第1の25,340CO0000000002
14402-75-6,poison,毒物,Poison,毒物及び劇物取締法,Poisonous and Deleterious Substances Control Act,NITE-CHRIP RJ_03_001 法律又は政令番号: 政令第1条第8号,340CO0000000002
14459-36-0,poison,毒物,Poison,毒物及び劇物取締法,Poisonous and Deleterious Substances Control Act,NITE-CHRIP RJ_03_001 法律又は政令番号: 政令第1条第18号,340CO0000000002
14564-70-6,poison,毒物,Poison,毒物及び劇物取締法,Poisonous and Deleterious Substances Control Act,NITE-CHRIP RJ_03_001 法律又は政令番号: 政令第1条第8号,340CO0000000002
14590-19-3,poison,毒物,Poison,毒物及び劇物取締法,Poisonous and Deleterious Substances Control Act,NITE-CHRIP RJ_03_001 法律又は政令番号: 政令第1条第18号,340CO0000000002
14644-70-3,poison,毒物,Poison,毒物及び劇物取締法,Poisonous and Deleterious Substances Control Act,NITE-CHRIP RJ_03_001 法律又は政令番号: 政令第1条第23号,340CO0000000002
1482-82-2,poison,毒物,Poison,毒物及び劇物取締法,Poisonous and Deleterious Substances Control Act,NITE-CHRIP RJ_03_001 法律又は政令番号: 政令第1条第18号,340CO0000000002
14836-60-3,poison,毒物,Poison,毒物及び劇物取締法,Poisonous and Deleterious Substances Control Act,NITE-CHRIP RJ_03_001 法律又は政令番号: 政令第1条第17号,340CO0000000002
1495-50-7,poison,毒物,Poison,毒物及び劇物取締法,Poisonous and Deleterious Substances Control Act,NITE-CHRIP RJ_03_001 法律又は政令番号: 政令第1条第8号,340CO0000000002
14965-99-2,poison,毒物,Poison,毒物及び劇物取締法,Poisonous and Deleterious Substances Control Act,NITE-CHRIP RJ_03_001 法律又は政令番号: 政令第1条第8号,340CO0000000002
14986-91-5,poison,毒物,Poison,毒物及び劇物取締法,Poisonous and Deleterious Substances Control Act,NITE-CHRIP RJ_03_001 法律又は政令番号: 政令第1条第18号,340CO0000000002
1499-33-8,poison,毒物,Poison,毒物及び劇物取締法,Poisonous and Deleterious Substances Control Act,NITE-CHRIP RJ_03_001 法律又は政令番号: 政令第1条第23号,340CO0000000002
14990-20-6,poison,毒物,Poison,毒物及び劇物取締法,Poisonous and Deleterious Substances Control Act,NITE-CHRIP RJ_03_001 法律又は政令番号: 政令第1条第17号,340CO0000000002
15002-31-0,poison,毒物,Poison,毒物及び劇物取締法,Poisonous and Deleterious Substances Control Act,NITE-CHRIP RJ_03_001 法律又は政令番号: 政令第1条第8号,340CO0000000002
15060-62-5,poison,毒物,Poison,毒物及び劇物取締法,Poisonous and Deleterious Substances Control Act,NITE-CHRIP RJ_03_001 法律又は政令番号: 政令第1条第18号,340CO0000000002
151-50-8,poison,毒物,Poison,毒物及び劇物取締法,Poisonous and Deleterious Substances Control Act,NITE-CHRIP RJ_03_001 法律又は政令番号: 政令第1条第8号,340CO0000000002
15123-69-0,poison,毒物,Poison,毒物及び劇物取締法,Poisonous and Deleterious Substances Control Act,NITE-CHRIP RJ_03_001 法律又は政令番号: 政令第1条第18号,340CO0000000002
15123-92-9,poison,毒物,Poison,毒物及び劇物取締法,Poisonous and Deleterious Substances Control Act,NITE-CHRIP RJ_03_001 法律又は政令番号: 政令第1条第18号,340CO0000000002
15194-98-6,poison,毒物,Poison,毒物及び劇物取締法,Poisonous and Deleterious Substances Control Act,NITE-CHRIP RJ_03_001 法律又は政令番号: 政令第1条第23号,340CO0000000002
152-16-9,poison,毒物,Poison,毒物及び劇物取締法,Poisonous and Deleterious Substances Control Act,NITE-CHRIP RJ_03_001 法律又は政令番号: 政令第1条第5号,340CO0000000002
152-16-9,poison,毒物,Poison,毒物及び劇物取締法,Poisonous and Deleterious Substances Control Act,NITE-CHRIP RJ_03_001 法律又は政令番号: 法律別表第1の4,340CO0000000002
152-16-9,poison,毒物,Poison,毒物及び劇物取締法,Poisonous and Deleterious Substances Control Act,毒物及び劇物指定令 第一条（毒物）,340CO0000000002
15377-79-4,poison,毒物,Poison,毒物及び劇物取締法,Poisonous and Deleterious Substances Control Act,NITE-CHRIP RJ_03_001 法律又は政令番号: 政令第1条第8号,340CO0000000002
15385-58-7,poison,毒物,Poison,毒物及び劇物取締法,Poisonous and Deleterious Substances Control Act,NITE-CHRIP RJ_03_001 法律又は政令番号: 政令第1条第17号,340CO0000000002
15572-25-5,poison,毒物,Poison,毒物及び劇物取締法,Poisonous and Deleterious Substances Control Act,NITE-CHRIP RJ_03_001 法律又は政令番号: 政令第1条第18号,340CO0000000002
15593-51-8,poison,毒物,Poison,毒物及び劇物取締法,Poisonous and Deleterious Substances Control Act,NITE-CHRIP RJ_03_001 法律又は政令番号: 政令第1条第18号,340CO0000000002
15593-52-9,poison,毒物,Poison,毒物及び劇物取締法,Poisonous and Deleterious Substances Control Act,NITE-CHRIP RJ_03_001 法律又は政令番号: 政令第1条第18号,340CO0000000002
15634-23-8,poison,毒物,Poison,毒物及び劇物取締法,Poisonous and Deleterious Substances Control Act,NITE-CHRIP RJ_03_001 法律又は政令番号: 政令第1条第8号,340CO0000000002
15634-29-4,poison,毒物,Poison,毒物及び劇物取締法,Poisonous and Deleterious Substances Control Act,NITE-CHRIP RJ_03_001 法律又は政令番号: 政令第1条第8号,340CO0000000002
15671-21-3,poison,毒物,Poison,毒物及び劇物取締法,Poisonous and Deleterious Substances Control Act,NITE-CHRIP RJ_03_001 法律又は政令番号: 政令第1条第8号,340CO0000000002
15829-53-5,poison,毒物,Poison,毒物及び劇物取締法,Poisonous and Deleterious Substances Control Act,NITE-CHRIP RJ_03_001 法律又は政令番号: 政令第1条第17号,340CO0000000002
1600-27-7,poison,毒物,Poison,毒物及び劇物取締法,Poisonous and Deleterious Substances Control Act,NITE-CHRIP RJ_03_001 法律又は政令番号: 政令第1条第17号,340CO0000000002
164170-84-7,poison,毒物,Poison,毒物及び劇物取締法,Poisonous and Deleterious Substances Control Act,NITE-CHRIP RJ_03_001 法律又は政令番号: 政令第1条第23号,340CO0000000002
1666-13-3,poison,毒物,Poison,毒物及び劇物取締法,Poisonous and Deleterious Substances Control Act,NITE-CHRIP RJ_03_001 法律又は政令番号: 政令第1条第18号,340CO0000000002
1668-00-4,poison,毒物,Poison,毒物及び劇物取締法,Poisonous and Deleterious Substances Control Act,NITE-CHRIP RJ_03_001 法律又は政令番号: 政令第1条第23号,340CO0000000002
16752-77-5,poison,毒物,Poison,毒物及び劇物取締法,Poisonous and Deleterious Substances Control Act,NITE-CHRIP RJ_03_001 法律又は政令番号: 政令第1条第26号の9,340CO0000000002
16752-77-5,poison,毒物,Poison,毒物及び劇物取締法,Poisonous and Deleterious Substances Control Act,毒物及び劇物指定令 第一条（毒物）,340CO0000000002
17029-22-0,poison,毒物,Poison,毒物及び劇物取締法,Poisonous and Deleterious Substances Control Act,NITE-CHRIP RJ_03_001 法律又は政令番号: 政令第1条第23号,340CO0000000002
17068-86-9,poison,毒物,Poison,毒物及び劇物取締法,Poisonous and Deleterious Substances Control Act,NITE-CHRIP RJ_03_001 法律又は政令番号: 政令第1条第23号,340CO0000000002
17697-12-0,poison,毒物,Poison,毒物及び劇物取締法,Poisonous and Deleterious Substances Control Act,NITE-CHRIP RJ_03_001 法律又は政令番号: 政令第1条第18号,340CO0000000002
1885-14-9,poison,毒物,Poison,毒物及び劇物取締法,Poisonous and Deleterious Substances Control Act,NITE-CHRIP RJ_03_001 法律又は政令番号: 政令第1条第6号の6,340CO0000000002
1885-14-9,poison,毒物,Poison,毒物及び劇物取締法,Poisonous and Deleterious Substances Control Act,毒物及び劇物指定令 第一条（毒物）,340CO0000000002
1910-42-5,poison,毒物,Poison,毒物及び劇物取締法,Poisonous and Deleterious Substances Control Act,NITE-CHRIP RJ_03_001 法律又は政令番号: 政令第1条第15号の2,340CO0000000002
19287-45-7,poison,毒物,Poison,毒物及び劇物取締法,Poisonous and Deleterious Substances Control Act,NITE-CHRIP RJ_03_001 法律又は政令番号: 政令第1条第13号の5,340CO0000000002
19287-45-7,poison,毒物,Poison,毒物及び劇物取締法,Poisonous and Deleterious Substances Control Act,毒物及び劇物指定令 第一条（毒物）,340CO0000000002
2035-66-7,poison,毒物,Poison,毒物及び劇物取締法,Poisonous and Deleterious Substances Control Act,NITE-CHRIP RJ_03_001 法律又は政令番号: 政令第1条第8号,340CO0000000002
2045-00-3,poison,毒物,Poison,毒物及び劇物取締法,Poisonous and Deleterious Substances Control Act,NITE-CHRIP RJ_03_001 法律又は政令番号: 政令第1条第23号,340CO0000000002
20601-83-6,poison,毒物,Poison,毒物及び劇物取締法,Poisonous and Deleterious Substances Control Act,NITE-CHRIP RJ_03_001 法律又は政令番号: 政令第1条第18号,340CO0000000002
2074-50-2,poison,毒物,Poison,毒物及び劇物取締法,Poisonous and Deleterious Substances Control Act,NITE-CHRIP RJ_03_001 法律又は政令番号: 政令第1条第15号の2,340CO0000000002
20859-73-8,poison,毒物,Poison,毒物及び劇物取締法,Poisonous and Deleterious Substances Control Act,NITE-CHRIP RJ_03_001,340CO0000000002
21006-73-5,poison,毒物,Poison,毒物及び劇物取締法,Poisonous and Deleterious Substances Control Act,NITE-CHRIP RJ_03_001 法律又は政令番号: 政令第1条第23号,340CO0000000002
2104-64-5,poison,毒物,Poison,毒物及び劇物取締法,Poisonous and Deleterious Substances Control Act,NITE-CHRIP RJ_03_001 法律又は政令番号: 政令第1条第2号,340CO0000000002
2104-64-5,poison,毒物,Poison,毒物及び劇物取締法,Poisonous and Deleterious Substances Control Act,NITE-CHRIP RJ_03_001 法律又は政令番号: 法律別表第1の1,340CO0000000002
2104-64-5,poison,毒物,Poison,毒物及び劇物取締法,Poisonous and Deleterious Substances Control Act,毒物及び劇物指定令 第一条（毒物）,340CO0000000002
21093-83-4,poison,毒物,Poison,毒物及び劇物取締法,Poisonous and Deleterious Substances Control Act,NITE-CHRIP RJ_03_001 法律又は政令番号: 政令第1条第23号,340CO0000000002
21430-69-3,poison,毒物,Poison,毒物及び劇物取締法,Poisonous and Deleterious Substances Control Act,NITE-CHRIP RJ_03_001 法律又は政令番号: 政令第1条第8号,340CO0000000002
21892-63-7,poison,毒物,Poison,毒物及び劇物取締法,Poisonous and Deleterious Substances Control Act,NITE-CHRIP RJ_03_001 法律又は政令番号: 政令第1条第23号,340CO0000000002
21908-53-2,poison,毒物,Poison,毒物及び劇物取締法,Poisonous and Deleterious Substances Control Act,NITE-CHRIP RJ_03_001 法律又は政令番号: 政令第1条第17号,340CO0000000002
22083-74-5,poison,毒物,Poison,毒物及び劇物取締法,Poisonous and Deleterious Substances Control Act,NITE-CHRIP RJ_03_001 法律又は政令番号: 政令第1条第21号,340CO0000000002
22441-45-8,poison,毒物,Poison,毒物及び劇物取締法,Poisonous and Deleterious Substances Control Act,NITE-CHRIP RJ_03_001 法律又は政令番号: 政令第1条第23号,340CO0000000002
22538-92-7,poison,毒物,Poison,毒物及び劇物取締法,Poisonous and Deleterious Substances Control Act,NITE-CHRIP RJ_03_001 法律又は政令番号: 政令第1条第23号,340CO0000000002
22781-23-3,poison,毒物,Poison,毒物及び劇物取締法,Poisonous and Deleterious Substances Control Act,NITE-CHRIP RJ_03_001 法律又は政令番号: 政令第1条第16号の4,340CO0000000002
22781-23-3,poison,毒物,Poison,毒物及び劇物取締法,Poisonous and Deleterious Substances Control Act,毒物及び劇物指定令 第一条（毒物）,340CO0000000002
22831-42-1,poison,毒物,Poison,毒物及び劇物取締法,Poisonous and Deleterious Substances Control Act,NITE-CHRIP RJ_03_001 法律又は政令番号: 政令第1条第23号,340CO0000000002
2312-76-7,poison,毒物,Poison,毒物及び劇物取締法,Poisonous and Deleterious Substances Control Act,NITE-CHRIP RJ_03_001 法律又は政令番号: 政令第1条第12号,340CO0000000002
23135-22-0,poison,毒物,Poison,毒物及び劇物取締法,Poisonous and Deleterious Substances Control Act,NITE-CHRIP RJ_03_001 法律又は政令番号: 政令第1条第26号の7,340CO0000000002
2346-99-8,poison,毒物,Poison,毒物及び劇物取締法,Poisonous and Deleterious Substances Control Act,NITE-CHRIP RJ_03_001 法律又は政令番号: 政令第1条第26号の6,340CO0000000002
2346-99-8,poison,毒物,Poison,毒物及び劇物取締法,Poisonous and Deleterious Substances Control Act,毒物及び劇物指定令 第一条（毒物）,340CO0000000002
2408-36-8,poison,毒物,Poison,毒物及び劇物取締法,Poisonous and Deleterious Substances Control Act,NITE-CHRIP RJ_03_001 法律又は政令番号: 政令第1条第8号,340CO0000000002
24151-25-5,poison,毒物,Poison,毒物及び劇物取締法,Poisonous and Deleterious Substances Control Act,NITE-CHRIP RJ_03_001 法律又は政令番号: 政令第1条第8号,340CO0000000002
2439-10-3,poison,毒物,Poison,毒物及び劇物取締法,Poisonous and Deleterious Substances Control Act,NITE-CHRIP RJ_03_001 法律又は政令番号: 政令第1条第19号の4,340CO0000000002
2439-10-3,poison,毒物,Poison,毒物及び劇物取締法,Poisonous and Deleterious Substances Control Act,毒物及び劇物指定令 第一条（毒物）,340CO0000000002
2440-34-8,poison,毒物,Poison,毒物及び劇物取締法,Poisonous and Deleterious Substances Control Act,NITE-CHRIP RJ_03_001 法律又は政令番号: 政令第1条第17号,340CO0000000002
2440-45-1,poison,毒物,Poison,毒物及び劇物取締法,Poisonous and Deleterious Substances Control Act,NITE-CHRIP RJ_03_001 法律又は政令番号: 政令第1条第17号,340CO0000000002
24579-90-6,poison,毒物,Poison,毒物及び劇物取締法,Poisonous and Deleterious Substances Control Act,NITE-CHRIP RJ_03_001 法律又は政令番号: 政令第1条第17号,340CO0000000002
24719-19-5,poison,毒物,Poison,毒物及び劇物取締法,Poisonous and Deleterious Substances Control Act,NITE-CHRIP RJ_03_001 法律又は政令番号: 政令第1条第23号,340CO0000000002
25311-71-1,poison,毒物,Poison,毒物及び劇物取締法,Poisonous and Deleterious Substances Control Act,NITE-CHRIP RJ_03_001 法律又は政令番号: 政令第1条第1号の9,340CO0000000002
25311-71-1,poison,毒物,Poison,毒物及び劇物取締法,Poisonous and Deleterious Substances Control Act,毒物及び劇物指定令 第一条（毒物）,340CO0000000002
25550-58-7,poison,毒物,Poison,毒物及び劇物取締法,Poisonous and Deleterious Substances Control Act,NITE-CHRIP RJ_03_001 法律又は政令番号: 政令第1条第12号の2,340CO0000000002
25550-58-7,poison,毒物,Poison,毒物及び劇物取締法,Poisonous and Deleterious Substances Control Act,毒物及び劇物指定令 第一条（毒物）,340CO0000000002
25584-83-2,poison,毒物,Poison,毒物及び劇物取締法,Poisonous and Deleterious Substances Control Act,NITE-CHRIP RJ_03_001 法律又は政令番号: 政令第1条第23号の4,340CO0000000002
2578-27-0,poison,毒物,Poison,毒物及び劇物取締法,Poisonous and Deleterious Substances Control Act,NITE-CHRIP RJ_03_001 法律又は政令番号: 政令第1条第18号,340CO0000000002
2578-28-1,poison,毒物,Poison,毒物及び劇物取締法,Poisonous and Deleterious Substances Control Act,NITE-CHRIP RJ_03_001 法律又は政令番号: 政令第1条第18号,340CO0000000002
26024-55-5,poison,毒物,Poison,毒物及び劇物取締法,Poisonous and Deleterious Substances Control Act,NITE-CHRIP RJ_03_001 法律又は政令番号: 政令第1条第22号,340CO0000000002
26024-55-5,poison,毒物,Poison,毒物及び劇物取締法,Poisonous and Deleterious Substances Control Act,NITE-CHRIP RJ_03_001 法律又は政令番号: 法律別表第1の20,340CO0000000002
26522-91-8,poison,毒物,Poison,毒物及び劇物取締法,Poisonous and Deleterious Substances Control Act,NITE-CHRIP RJ_03_001 法律又は政令番号: 政令第1条第17号,340CO0000000002
26628-22-8,poison,毒物,Poison,毒物及び劇物取締法,Poisonous and Deleterious Substances Control Act,NITE-CHRIP RJ_03_001 法律又は政令番号: 政令第1条第1号,340CO0000000002
26628-22-8,poison,毒物,Poison,毒物及び劇物取締法,Poisonous and Deleterious Substances Control Act,毒物及び劇物指定令 第一条（毒物）,340CO0000000002
26970-82-1,poison,毒物,Poison,毒物及び劇物取締法,Poisonous and Deleterious Substances Control Act,NITE-CHRIP RJ_03_001 法律又は政令番号: 政令第1条第18号,340CO0000000002
2699-79-8,poison,毒物,Poison,毒物及び劇物取締法,Poisonous and Deleterious Substances Control Act,NITE-CHRIP RJ_03_001 法律又は政令番号: 政令第1条第24号の2,340CO0000000002
27016-73-5,poison,毒物,Poison,毒物及び劇物取締法,Poisonous and Deleterious Substances Control Act,NITE-CHRIP RJ_03_001 法律又は政令番号: 政令第1条第23号,340CO0000000002
27016-75-7,poison,毒物,Poison,毒物及び劇物取締法,Poisonous and Deleterious Substances Control Act,NITE-CHRIP RJ_03_001 法律又は政令番号: 政令第1条第23号,340CO0000000002
27152-57-4,poison,毒物,Poison,毒物及び劇物取締法,Poisonous and Deleterious Substances Control Act,NITE-CHRIP RJ_03_001 法律又は政令番号: 政令第1条第23号,340CO0000000002
27228-67-7,poison,毒物,Poison,毒物及び劇物取締法,Poisonous and Deleterious Substances Control Act,NITE-CHRIP RJ_03_001 法律又は政令番号: 政令第1条第17号,340CO0000000002
27236-65-3,poison,毒物,Poison,毒物及び劇物取締法,Poisonous and Deleterious Substances Control Act,NITE-CHRIP RJ_03_001 法律又は政令番号: 政令第1条第17号,340CO0000000002
27526-45-0,poison,毒物,Poison,毒物及び劇物取締法,Poisonous and Deleterious Substances Control Act,NITE-CHRIP RJ_03_001 法律又は政令番号: 政令第1条第23号,340CO0000000002
27685-51-4,poison,毒物,Poison,毒物及び劇物取締法,Poisonous and Deleterious Substances Control Act,NITE-CHRIP RJ_03_001 法律又は政令番号: 政令第1条第17号,340CO0000000002
2818-88-4,poison,毒物,Poison,毒物及び劇物取締法,Poisonous and Deleterious Substances Control Act,NITE-CHRIP RJ_03_001 法律又は政令番号: 政令第1条第18号,340CO0000000002
2818-89-5,poison,毒物,Poison,毒物及び劇物取締法,Poisonous and Deleterious Substances Control Act,NITE-CHRIP RJ_03_001 法律又は政令番号: 政令第1条第18号,340CO0000000002
288-05-1,poison,毒物,Poison,毒物及び劇物取締法,Poisonous and Deleterious Substances Control Act,NITE-CHRIP RJ_03_001 法律又は政令番号: 政令第1条第18号,340CO0000000002
28953-04-0,poison,毒物,Poison,毒物及び劇物取締法,Poisonous and Deleterious Substances Control Act,NITE-CHRIP RJ_03_001 法律又は政令番号: 政令第1条第17号,340CO0000000002
2897-21-4,poison,毒物,Poison,毒物及び劇物取締法,Poisonous and Deleterious Substances Control Act,NITE-CHRIP RJ_03_001 法律又は政令番号: 政令第1条第18号,340CO0000000002
29411-74-3,poison,毒物,Poison,毒物及び劇物取締法,Poisonous and Deleterious Substances Control Act,NITE-CHRIP RJ_03_001 法律又は政令番号: 政令第1条第18号,340CO0000000002
2946-17-0,poison,毒物,Poison,毒物及び劇物取締法,Poisonous and Deleterious Substances Control Act,NITE-CHRIP RJ_03_001 法律又は政令番号: 政令第1条第18号,340CO0000000002
2946-20-5,poison,毒物,Poison,毒物及び劇物取締法,Poisonous and Deleterious Substances Control Act,NITE-CHRIP RJ_03_001 法律又は政令番号: 政令第1条第18号,340CO0000000002
2949-11-3,poison,毒物,Poison,毒物及び劇物取締法,Poisonous and Deleterious Substances Control Act,NITE-CHRIP RJ_03_001 法律又は政令番号: 政令第1条第17号,340CO0000000002
297-78-9,poison,毒物,Poison,毒物及び劇物取締法,Poisonous and Deleterious Substances Control Act,NITE-CHRIP RJ_03_001 法律又は政令番号: 政令第1条第4号,340CO0000000002
297-78-9,poison,毒物,Poison,毒物及び劇物取締法,Poisonous and Deleterious Substances Control Act,NITE-CHRIP RJ_03_001 法律又は政令番号: 法律別表第1の3,340CO0000000002
297-78-9,poison,毒物,Poison,毒物及び劇物取締法,Poisonous and Deleterious Substances Control Act,毒物及び劇物指定令 第一条（毒物）,340CO0000000002
298-00-0,poison,毒物,Poison,毒物及び劇物取締法,Poisonous and Deleterious Substances Control Act,NITE-CHRIP RJ_03_001 法律又は政令番号: 政令第1条第16号,340CO0000000002
298-00-0,poison,毒物,Poison,毒物及び劇物取締法,Poisonous and Deleterious Substances Control Act,NITE-CHRIP RJ_03_001 法律又は政令番号: 法律別表第1の14,340CO0000000002
298-00-0,poison,毒物,Poison,毒物及び劇物取締法,Poisonous and Deleterious Substances Control Act,毒物及び劇物指定令 第一条（毒物）,340CO0000000002
298-04-4,poison,毒物,Poison,毒物及び劇物取締法,Poisonous and Deleterious Substances Control Act,NITE-CHRIP RJ_03_001,340CO0000000002
29871-10-1,poison,毒物,Poison,毒物及び劇物取締法,Poisonous and Deleterious Substances Control Act,NITE-CHRIP RJ_03_001 法律又は政令番号: 政令第1条第23号,340CO0000000002
29871-13-4,poison,毒物,Poison,毒物及び劇物取締法,Poisonous and Deleterious Substances Control Act,NITE-CHRIP RJ_03_001 法律又は政令番号: 政令第1条第23号,340CO0000000002
29935-35-1,poison,毒物,Poison,毒物及び劇物取締法,Poisonous and Deleterious Substances Control Act,NITE-CHRIP RJ_03_001 法律又は政令番号: 政令第1条第23号,340CO0000000002
302-01-2,poison,毒物,Poison,毒物及び劇物取締法,Poisonous and Deleterious Substances Control Act,NITE-CHRIP RJ_03_001 法律又は政令番号: 政令第1条第23号の2,340CO0000000002
302-01-2,poison,毒物,Poison,毒物及び劇物取締法,Poisonous and Deleterious Substances Control Act,毒物及び劇物指定令 第一条（毒物）,340CO0000000002
3076-91-3,poison,毒物,Poison,毒物及び劇物取締法,Poisonous and Deleterious Substances Control Act,NITE-CHRIP RJ_03_001 法律又は政令番号: 政令第1条第17号,340CO0000000002
3078-97-5,poison,毒物,Poison,毒物及び劇物取締法,Poisonous and Deleterious Substances Control Act,NITE-CHRIP RJ_03_001 法律又は政令番号: 政令第1条第9号の4,340CO0000000002
3078-97-5,poison,毒物,Poison,毒物及び劇物取締法,Poisonous and Deleterious Substances Control Act,毒物及び劇物指定令 第一条（毒物）,340CO0000000002
31065-88-0,poison,毒物,Poison,毒物及び劇物取締法,Poisonous and Deleterious Substances Control Act,NITE-CHRIP RJ_03_001 法律又は政令番号: 政令第1条第8号,340CO0000000002
3141-12-6,poison,毒物,Poison,毒物及び劇物取締法,Poisonous and Deleterious Substances Control Act,NITE-CHRIP RJ_03_001 法律又は政令番号: 政令第1条第23号,340CO0000000002
3211-76-5,poison,毒物,Poison,毒物及び劇物取締法,Poisonous and Deleterious Substances Control Act,NITE-CHRIP RJ_03_001 法律又は政令番号: 政令第1条第18号,340CO0000000002
3282-30-2,poison,毒物,Poison,毒物及び劇物取締法,Poisonous and Deleterious Substances Control Act,NITE-CHRIP RJ_03_001 法律又は政令番号: 政令第1条第16号の3,340CO0000000002
3282-30-2,poison,毒物,Poison,毒物及び劇物取締法,Poisonous and Deleterious Substances Control Act,毒物及び劇物指定令 第一条（毒物）,340CO0000000002
329-71-5,poison,毒物,Poison,毒物及び劇物取締法,Poisonous and Deleterious Substances Control Act,NITE-CHRIP RJ_03_001 法律又は政令番号: 政令第1条第12号の2,340CO0000000002
3294-58-4,poison,毒物,Poison,毒物及び劇物取締法,Poisonous and Deleterious Substances Control Act,NITE-CHRIP RJ_03_001 法律又は政令番号: 政令第1条第17号,340CO0000000002
3294-60-8,poison,毒物,Poison,毒物及び劇物取締法,Poisonous and Deleterious Substances Control Act,NITE-CHRIP RJ_03_001 法律又は政令番号: 政令第1条第17号,340CO0000000002
333-25-5,poison,毒物,Poison,毒物及び劇物取締法,Poisonous and Deleterious Substances Control Act,NITE-CHRIP RJ_03_001 法律又は政令番号: 政令第1条第23号,340CO0000000002
333-29-9,poison,毒物,Poison,毒物及び劇物取締法,Poisonous and Deleterious Substances Control Act,NITE-CHRIP RJ_03_001 法律又は政令番号: 政令第1条第9号の3,340CO0000000002
333-29-9,poison,毒物,Poison,毒物及び劇物取締法,Poisonous and Deleterious Substances Control Act,毒物及び劇物指定令 第一条（毒物）,340CO0000000002
33382-64-8,poison,毒物,Poison,毒物及び劇物取締法,Poisonous and Deleterious Substances Control Act,NITE-CHRIP RJ_03_001 法律又は政令番号: 政令第1条第23号,340CO0000000002
3347-22-6,poison,毒物,Poison,毒物及び劇物取締法,Poisonous and Deleterious Substances Control Act,NITE-CHRIP RJ_03_001 法律又は政令番号: 政令第1条第10号の5,340CO0000000002
3347-22-6,poison,毒物,Poison,毒物及び劇物取締法,Poisonous and Deleterious Substances Control Act,毒物及び劇物指定令 第一条（毒物）,340CO0000000002
33637-76-2,poison,毒物,Poison,毒物及び劇物取締法,Poisonous and Deleterious Substances Control Act,NITE-CHRIP RJ_03_001 法律又は政令番号: 政令第1条第22号,340CO0000000002
33637-76-2,poison,毒物,Poison,毒物及び劇物取締法,Poisonous and Deleterious Substances Control Act,NITE-CHRIP RJ_03_001 法律又は政令番号: 法律別表第1の20,340CO0000000002
33637-77-3,poison,毒物,Poison,毒物及び劇物取締法,Poisonous and Deleterious Substances Control Act,NITE-CHRIP RJ_03_001 法律又は政令番号: 政令第1条第22号,340CO0000000002
33637-77-3,poison,毒物,Poison,毒物及び劇物取締法,Poisonous and Deleterious Substances Control Act,NITE-CHRIP RJ_03_001 法律又は政令番号: 法律別表第1の20,340CO0000000002
33770-60-4,poison,毒物,Poison,毒物及び劇物取締法,Poisonous and Deleterious Substances Control Act,NITE-CHRIP RJ_03_001 法律又は政令番号: 政令第1条第17号,340CO0000000002
34156-26-8,poison,毒物,Poison,毒物及び劇物取締法,Poisonous and Deleterious Substances Control Act,NITE-CHRIP RJ_03_001 法律又は政令番号: 政令第1条第8号,340CO0000000002
3425-46-5,poison,毒物,Poison,毒物及び劇物取締法,Poisonous and Deleterious Substances Control Act,NITE-CHRIP RJ_03_001 法律又は政令番号: 政令第1条第18号,340CO0000000002
34837-55-3,poison,毒物,Poison,毒物及び劇物取締法,Poisonous and Deleterious Substances Control Act,NITE-CHRIP RJ_03_001 法律又は政令番号: 政令第1条第18号,340CO0000000002
3542-13-0,poison,毒物,Poison,毒物及び劇物取締法,Poisonous and Deleterious Substances Control Act,NITE-CHRIP RJ_03_001 法律又は政令番号: 政令第1条第18号,340CO0000000002
3570-80-7,poison,毒物,Poison,毒物及び劇物取締法,Poisonous and Deleterious Substances Control Act,NITE-CHRIP RJ_03_001 法律又は政令番号: 政令第1条第17号,340CO0000000002
36614-38-7,poison,毒物,Poison,毒物及び劇物取締法,Poisonous and Deleterious Substances Control Act,NITE-CHRIP RJ_03_001 法律又は政令番号: 政令第1条第13号の6,340CO0000000002
36614-38-7,poison,毒物,Poison,毒物及び劇物取締法,Poisonous and Deleterious Substances Control Act,毒物及び劇物指定令 第一条（毒物）,340CO0000000002
3687-31-8,poison,毒物,Poison,毒物及び劇物取締法,Poisonous and Deleterious Substances Control Act,NITE-CHRIP RJ_03_001 法律又は政令番号: 政令第1条第23号,340CO0000000002
37020-93-2,poison,毒物,Poison,毒物及び劇物取締法,Poisonous and Deleterious Substances Control Act,NITE-CHRIP RJ_03_001 法律又は政令番号: 政令第1条第8号,340CO0000000002
37187-64-7,poison,毒物,Poison,毒物及び劇物取締法,Poisonous and Deleterious Substances Control Act,NITE-CHRIP RJ_03_001 法律又は政令番号: 政令第1条第8号,340CO0000000002
3772-44-9,poison,毒物,Poison,毒物及び劇物取締法,Poisonous and Deleterious Substances Control Act,NITE-CHRIP RJ_03_001 法律又は政令番号: 政令第1条第23号,340CO0000000002
38232-63-2,poison,毒物,Poison,毒物及び劇物取締法,Poisonous and Deleterious Substances Control Act,NITE-CHRIP RJ_03_001 法律又は政令番号: 政令第1条第17号,340CO0000000002
3878-44-2,poison,毒物,Poison,毒物及び劇物取締法,Poisonous and Deleterious Substances Control Act,NITE-CHRIP RJ_03_001 法律又は政令番号: 政令第1条第18号,340CO0000000002
39049-81-5,poison,毒物,Poison,毒物及び劇物取締法,Poisonous and Deleterious Substances Control Act,NITE-CHRIP RJ_03_001 法律又は政令番号: 政令第1条第8号,340CO0000000002
39310-41-3,poison,毒物,Poison,毒物及び劇物取締法,Poisonous and Deleterious Substances Control Act,NITE-CHRIP RJ_03_001 法律又は政令番号: 政令第1条第23号,340CO0000000002
39399-60-5,poison,毒物,Poison,毒物及び劇物取締法,Poisonous and Deleterious Substances Control Act,NITE-CHRIP RJ_03_001 法律又は政令番号: 政令第1条第18号,340CO0000000002
39603-48-0,poison,毒物,Poison,毒物及び劇物取締法,Poisonous and Deleterious Substances Control Act,NITE-CHRIP RJ_03_001 法律又は政令番号: 政令第1条第26号の11,340CO0000000002
39603-48-0,poison,毒物,Poison,毒物及び劇物取締法,Poisonous and Deleterious Substances Control Act,毒物及び劇物指定令 第一条（毒物）,340CO0000000002
3969-54-8,poison,毒物,Poison,毒物及び劇物取締法,Poisonous and Deleterious Substances Control Act,NITE-CHRIP RJ_03_001 法律又は政令番号: 政令第1条第23号,340CO0000000002
40093-99-0,poison,毒物,Poison,毒物及び劇物取締法,Poisonous and Deleterious Substances Control Act,NITE-CHRIP RJ_03_001 法律又は政令番号: 政令第1条第18号,340CO0000000002
4098-71-9,poison,毒物,Poison,毒物及び劇物取締法,Poisonous and Deleterious Substances Control Act,NITE-CHRIP RJ_03_001 法律又は政令番号: 政令第1条第1号の8,340CO0000000002
41292-06-2,poison,毒物,Poison,毒物及び劇物取締法,Poisonous and Deleterious Substances Control Act,NITE-CHRIP RJ_03_001 法律又は政令番号: 政令第1条第18号,340CO0000000002
4170-30-3,poison,毒物,Poison,毒物及び劇物取締法,Poisonous and Deleterious Substances Control Act,NITE-CHRIP RJ_03_001 法律又は政令番号: 政令第1条第6号の2,340CO0000000002
4367-08-2,poison,毒物,Poison,毒物及び劇物取締法,Poisonous and Deleterious Substances Control Act,NITE-CHRIP RJ_03_001 法律又は政令番号: 政令第1条第8号,340CO0000000002
4431-24-7,poison,毒物,Poison,毒物及び劇物取締法,Poisonous and Deleterious Substances Control Act,NITE-CHRIP RJ_03_001 法律又は政令番号: 政令第1条第23号,340CO0000000002
459-02-9,poison,毒物,Poison,毒物及び劇物取締法,Poisonous and Deleterious Substances Control Act,NITE-CHRIP RJ_03_001 法律又は政令番号: 政令第1条第24号の4,340CO0000000002
4685-14-7,poison,毒物,Poison,毒物及び劇物取締法,Poisonous and Deleterious Substances Control Act,NITE-CHRIP RJ_03_001 法律又は政令番号: 政令第1条第15号の2,340CO0000000002
486-67-9,poison,毒物,Poison,毒物及び劇物取締法,Poisonous and Deleterious Substances Control Act,NITE-CHRIP RJ_03_001 法律又は政令番号: 政令第1条第17号,340CO0000000002
4964-14-1,poison,毒物,Poison,毒物及び劇物取締法,Poisonous and Deleterious Substances Control Act,NITE-CHRIP RJ_03_001 法律又は政令番号: 政令第1条第23号,340CO0000000002
502-39-6,poison,毒物,Poison,毒物及び劇物取締法,Poisonous and Deleterious Substances Control Act,NITE-CHRIP RJ_03_001 法律又は政令番号: 政令第1条第17号,340CO0000000002
506-61-6,poison,毒物,Poison,毒物及び劇物取締法,Poisonous and Deleterious Substances Control Act,NITE-CHRIP RJ_03_001 法律又は政令番号: 政令第1条第8号,340CO0000000002
506-64-9,poison,毒物,Poison,毒物及び劇物取締法,Poisonous and Deleterious Substances Control Act,NITE-CHRIP RJ_03_001 法律又は政令番号: 政令第1条第8号,340CO0000000002
506-65-0,poison,毒物,Poison,毒物及び劇物取締法,Poisonous and Deleterious Substances Control Act,NITE-CHRIP RJ_03_001 法律又は政令番号: 政令第1条第8号,340CO0000000002
506-68-3,poison,毒物,Poison,毒物及び劇物取締法,Poisonous and Deleterious Substances Control Act,NITE-CHRIP RJ_03_001 法律又は政令番号: 政令第1条第8号,340CO0000000002
506-77-4,poison,毒物,Poison,毒物及び劇物取締法,Poisonous and Deleterious Substances Control Act,NITE-CHRIP RJ_03_001 法律又は政令番号: 政令第1条第8号,340CO0000000002
506-78-5,poison,毒物,Poison,毒物及び劇物取締法,Poisonous and Deleterious Substances Control Act,NITE-CHRIP RJ_03_001 法律又は政令番号: 政令第1条第8号,340CO0000000002
506-80-9,poison,毒物,Poison,毒物及び劇物取締法,Poisonous and Deleterious Substances Control Act,NITE-CHRIP RJ_03_001 法律又は政令番号: 政令第1条第18号,340CO0000000002
506-83-2,poison,毒物,Poison,毒物及び劇物取締法,Poisonous and Deleterious Substances Control Act,NITE-CHRIP RJ_03_001 法律又は政令番号: 政令第1条第17号,340CO0000000002
507-28-8,poison,毒物,Poison,毒物及び劇物取締法,Poisonous and Deleterious Substances Control Act,NITE-CHRIP RJ_03_001 法律又は政令番号: 政令第1条第23号,340CO0000000002
51-28-5,poison,毒物,Poison,毒物及び劇物取締法,Poisonous and Deleterious Substances Control Act,NITE-CHRIP RJ_03_001 法律又は政令番号: 政令第1条第12号の2,340CO0000000002
5117-16-8,poison,毒物,Poison,毒物及び劇物取締法,Poisonous and Deleterious Substances Control Act,NITE-CHRIP RJ_03_001 法律又は政令番号: 政令第1条第18号,340CO0000000002
5124-30-1,poison,毒物,Poison,毒物及び劇物取締法,Poisonous and Deleterious Substances Control Act,NITE-CHRIP RJ_03_001 法律又は政令番号: 政令第1条第22号の2,340CO0000000002
51312-24-4,poison,毒物,Poison,毒物及び劇物取締法,Poisonous and Deleterious Substances Control Act,NITE-CHRIP RJ_03_001 法律又は政令番号: 政令第1条第17号,340CO0000000002
51694-22-5,poison,毒物,Poison,毒物及び劇物取締法,Poisonous and Deleterious Substances Control Act,NITE-CHRIP RJ_03_001 法律又は政令番号: 政令第1条第18号,340CO0000000002
520-10-5,poison,毒物,Poison,毒物及び劇物取締法,Poisonous and Deleterious Substances Control Act,NITE-CHRIP RJ_03_001 法律又は政令番号: 政令第1条第23号,340CO0000000002
52126-83-7,poison,毒物,Poison,毒物及び劇物取締法,Poisonous and Deleterious Substances Control Act,NITE-CHRIP RJ_03_001 法律又は政令番号: 政令第1条第18号,340CO0000000002
5270-30-4,poison,毒物,Poison,毒物及び劇物取締法,Poisonous and Deleterious Substances Control Act,NITE-CHRIP RJ_03_001 法律又は政令番号: 政令第1条第18号,340CO0000000002
534-52-1,poison,毒物,Poison,毒物及び劇物取締法,Poisonous and Deleterious Substances Control Act,NITE-CHRIP RJ_03_001 法律又は政令番号: 法律別表第1の10,340CO0000000002
53404-12-9,poison,毒物,Poison,毒物及び劇物取締法,Poisonous and Deleterious Substances Control Act,NITE-CHRIP RJ_03_001 法律又は政令番号: 政令第1条第23号,340CO0000000002
535-37-5,poison,毒物,Poison,毒物及び劇物取締法,Poisonous and Deleterious Substances Control Act,NITE-CHRIP RJ_03_001 法律又は政令番号: 政令第1条第8号,340CO0000000002
537-64-4,poison,毒物,Poison,毒物及び劇物取締法,Poisonous and Deleterious Substances Control Act,NITE-CHRIP RJ_03_001 法律又は政令番号: 政令第1条第17号,340CO0000000002
53800-83-2,poison,毒物,Poison,毒物及び劇物取締法,Poisonous and Deleterious Substances Control Act,NITE-CHRIP RJ_03_001 法律又は政令番号: 政令第1条第18号,340CO0000000002
54-11-5,poison,毒物,Poison,毒物及び劇物取締法,Poisonous and Deleterious Substances Control Act,NITE-CHRIP RJ_03_001 法律又は政令番号: 政令第1条第20号,340CO0000000002
54-11-5,poison,毒物,Poison,毒物及び劇物取締法,Poisonous and Deleterious Substances Control Act,NITE-CHRIP RJ_03_001 法律又は政令番号: 法律別表第1の19,340CO0000000002
54-11-5,poison,毒物,Poison,毒物及び劇物取締法,Poisonous and Deleterious Substances Control Act,毒物及び劇物指定令 第一条（毒物）,340CO0000000002
541-42-4,poison,毒物,Poison,毒物及び劇物取締法,Poisonous and Deleterious Substances Control Act,NITE-CHRIP RJ_03_001 法律又は政令番号: 政令第1条第1号の2,340CO0000000002
541-42-4,poison,毒物,Poison,毒物及び劇物取締法,Poisonous and Deleterious Substances Control Act,毒物及び劇物指定令 第一条（毒物）,340CO0000000002
5410-29-7,poison,毒物,Poison,毒物及び劇物取締法,Poisonous and Deleterious Substances Control Act,NITE-CHRIP RJ_03_001 法律又は政令番号: 政令第1条第23号,340CO0000000002
54129-03-2,poison,毒物,Poison,毒物及び劇物取締法,Poisonous and Deleterious Substances Control Act,NITE-CHRIP RJ_03_001 法律又は政令番号: 政令第1条第17号,340CO0000000002
542-62-1,poison,毒物,Poison,毒物及び劇物取締法,Poisonous and Deleterious Substances Control Act,NITE-CHRIP RJ_03_001 法律又は政令番号: 政令第1条第8号,340CO0000000002
542-83-6,poison,毒物,Poison,毒物及び劇物取締法,Poisonous and Deleterious Substances Control Act,NITE-CHRIP RJ_03_001 法律又は政令番号: 政令第1条第8号,340CO0000000002
542-84-7,poison,毒物,Poison,毒物及び劇物取締法,Poisonous and Deleterious Substances Control Act,NITE-CHRIP RJ_03_001 法律又は政令番号: 政令第1条第8号,340CO0000000002
54381-26-9,poison,毒物,Poison,毒物及び劇物取締法,Poisonous and Deleterious Substances Control Act,NITE-CHRIP RJ_03_001 法律又は政令番号: 政令第1条第2号の2,340CO0000000002
54381-26-9,poison,毒物,Poison,毒物及び劇物取締法,Poisonous and Deleterious Substances Control Act,毒物及び劇物指定令 第一条（毒物）,340CO0000000002
544-16-1,poison,毒物,Poison,毒物及び劇物取締法,Poisonous and Deleterious Substances Control Act,NITE-CHRIP RJ_03_001 法律又は政令番号: 政令第1条第1号の3,340CO0000000002
544-16-1,poison,毒物,Poison,毒物及び劇物取締法,Poisonous and Deleterious Substances Control Act,毒物及び劇物指定令 第一条（毒物）,340CO0000000002
544-92-3,poison,毒物,Poison,毒物及び劇物取締法,Poisonous and Deleterious Substances Control Act,NITE-CHRIP RJ_03_001 法律又は政令番号: 政令第1条第8号,340CO0000000002
55-68-5,poison,毒物,Poison,毒物及び劇物取締法,Poisonous and Deleterious Substances Control Act,NITE-CHRIP RJ_03_001 法律又は政令番号: 政令第1条第17号,340CO0000000002
55134-13-9,poison,毒物,Poison,毒物及び劇物取締法,Poisonous and Deleterious Substances Control Act,NITE-CHRIP RJ_03_001 法律又は政令番号: 政令第1条第19号の7,340CO0000000002
55259-49-9,poison,毒物,Poison,毒物及び劇物取締法,Poisonous and Deleterious Substances Control Act,NITE-CHRIP RJ_03_001 法律又は政令番号: 政令第1条第18号,340CO0000000002
557-13-1,poison,毒物,Poison,毒物及び劇物取締法,Poisonous and Deleterious Substances Control Act,NITE-CHRIP RJ_03_001 法律又は政令番号: 政令第1条第8号,340CO0000000002
557-19-7,poison,毒物,Poison,毒物及び劇物取締法,Poisonous and Deleterious Substances Control Act,NITE-CHRIP RJ_03_001 法律又は政令番号: 政令第1条第8号,340CO0000000002
557-21-1,poison,毒物,Poison,毒物及び劇物取締法,Poisonous and Deleterious Substances Control Act,NITE-CHRIP RJ_03_001 法律又は政令番号: 政令第1条第8号,340CO0000000002
55728-51-3,poison,毒物,Poison,毒物及び劇物取締法,Poisonous and Deleterious Substances Control Act,NITE-CHRIP RJ_03_001 法律又は政令番号: 政令第1条第17号,340CO0000000002
55837-20-2,poison,毒物,Poison,毒物及び劇物取締法,Poisonous and Deleterious Substances Control Act,NITE-CHRIP RJ_03_001,340CO0000000002
56-38-2,poison,毒物,Poison,毒物及び劇物取締法,Poisonous and Deleterious Substances Control Act,NITE-CHRIP RJ_03_001 法律又は政令番号: 政令第1条第10号,340CO0000000002
56-38-2,poison,毒物,Poison,毒物及び劇物取締法,Poisonous and Deleterious Substances Control Act,NITE-CHRIP RJ_03_001 法律又は政令番号: 法律別表第1の9,340CO0000000002
56-38-2,poison,毒物,Poison,毒物及び劇物取締法,Poisonous and Deleterious Substances Control Act,毒物及び劇物指定令 第一条（毒物）,340CO0000000002
562-76-5,poison,毒物,Poison,毒物及び劇物取締法,Poisonous and Deleterious Substances Control Act,NITE-CHRIP RJ_03_001 法律又は政令番号: 政令第1条第8号,340CO0000000002
562-81-2,poison,毒物,Poison,毒物及び劇物取締法,Poisonous and Deleterious Substances Control Act,NITE-CHRIP RJ_03_001 法律又は政令番号: 政令第1条第8号,340CO0000000002
56253-60-2,poison,毒物,Poison,毒物及び劇物取締法,Poisonous and Deleterious Substances Control Act,NITE-CHRIP RJ_03_001 法律又は政令番号: 政令第1条第18号,340CO0000000002
56320-22-0,poison,毒物,Poison,毒物及び劇物取締法,Poisonous and Deleterious Substances Control Act,NITE-CHRIP RJ_03_001 法律又は政令番号: 政令第1条第23号,340CO0000000002
56450-43-2,poison,毒物,Poison,毒物及び劇物取締法,Poisonous and Deleterious Substances Control Act,NITE-CHRIP RJ_03_001 法律又は政令番号: 政令第1条第23号,340CO0000000002
57-14-7,poison,毒物,Poison,毒物及び劇物取締法,Poisonous and Deleterious Substances Control Act,NITE-CHRIP RJ_03_001 法律又は政令番号: 政令第1条第16号の2,340CO0000000002
57-14-7,poison,毒物,Poison,毒物及び劇物取締法,Poisonous and Deleterious Substances Control Act,毒物及び劇物指定令 第一条（毒物）,340CO0000000002
57-24-9,poison,毒物,Poison,毒物及び劇物取締法,Poisonous and Deleterious Substances Control Act,NITE-CHRIP RJ_03_001 法律又は政令番号: 政令第1条第17号の2,340CO0000000002
5707-04-0,poison,毒物,Poison,毒物及び劇物取締法,Poisonous and Deleterious Substances Control Act,NITE-CHRIP RJ_03_001 法律又は政令番号: 政令第1条第18号,340CO0000000002
573-56-8,poison,毒物,Poison,毒物及び劇物取締法,Poisonous and Deleterious Substances Control Act,NITE-CHRIP RJ_03_001 法律又は政令番号: 政令第1条第12号の2,340CO0000000002
57478-60-1,poison,毒物,Poison,毒物及び劇物取締法,Poisonous and Deleterious Substances Control Act,NITE-CHRIP RJ_03_001 法律又は政令番号: 政令第1条第18号,340CO0000000002
577-71-9,poison,毒物,Poison,毒物及び劇物取締法,Poisonous and Deleterious Substances Control Act,NITE-CHRIP RJ_03_001 法律又は政令番号: 政令第1条第12号の2,340CO0000000002
578-94-9,poison,毒物,Poison,毒物及び劇物取締法,Poisonous and Deleterious Substances Control Act,NITE-CHRIP RJ_03_001 法律又は政令番号: 政令第1条第23号,340CO0000000002
57900-42-2,poison,毒物,Poison,毒物及び劇物取締法,Poisonous and Deleterious Substances Control Act,NITE-CHRIP RJ_03_001 法律又は政令番号: 政令第1条第23号,340CO0000000002
58-36-6,poison,毒物,Poison,毒物及び劇物取締法,Poisonous and Deleterious Substances Control Act,NITE-CHRIP RJ_03_001 法律又は政令番号: 政令第1条第23号,340CO0000000002
5804-85-3,poison,毒物,Poison,毒物及び劇物取締法,Poisonous and Deleterious Substances Control Act,NITE-CHRIP RJ_03_001 法律又は政令番号: 政令第1条第8号,340CO0000000002
587-85-9,poison,毒物,Poison,毒物及び劇物取締法,Poisonous and Deleterious Substances Control Act,NITE-CHRIP RJ_03_001 法律又は政令番号: 政令第1条第17号,340CO0000000002
59-85-8,poison,毒物,Poison,毒物及び劇物取締法,Poisonous and Deleterious Substances Control Act,NITE-CHRIP RJ_03_001 法律又は政令番号: 政令第1条第17号,340CO0000000002
591-89-9,poison,毒物,Poison,毒物及び劇物取締法,Poisonous and Deleterious Substances Control Act,NITE-CHRIP RJ_03_001 法律又は政令番号: 政令第1条第8号,340CO0000000002
592-01-8,poison,毒物,Poison,毒物及び劇物取締法,Poisonous and Deleterious Substances Control Act,NITE-CHRIP RJ_03_001 法律又は政令番号: 政令第1条第8号,340CO0000000002
592-04-1,poison,毒物,Poison,毒物及び劇物取締法,Poisonous and Deleterious Substances Control Act,NITE-CHRIP RJ_03_001 法律又は政令番号: 政令第1条第8号,340CO0000000002
592-05-2,poison,毒物,Poison,毒物及び劇物取締法,Poisonous and Deleterious Substances Control Act,NITE-CHRIP RJ_03_001 法律又は政令番号: 政令第1条第8号,340CO0000000002
592-06-3,poison,毒物,Poison,毒物及び劇物取締法,Poisonous and Deleterious Substances Control Act,NITE-CHRIP RJ_03_001 法律又は政令番号: 政令第1条第8号,340CO0000000002
592-85-8,poison,毒物,Poison,毒物及び劇物取締法,Poisonous and Deleterious Substances Control Act,NITE-CHRIP RJ_03_001 法律又は政令番号: 政令第1条第17号,340CO0000000002
593-74-8,poison,毒物,Poison,毒物及び劇物取締法,Poisonous and Deleterious Substances Control Act,NITE-CHRIP RJ_03_001 法律又は政令番号: 政令第1条第17号,340CO0000000002
593-79-3,poison,毒物,Poison,毒物及び劇物取締法,Poisonous and Deleterious Substances Control Act,NITE-CHRIP RJ_03_001 法律又は政令番号: 政令第1条第18号,340CO0000000002
593-88-4,poison,毒物,Poison,毒物及び劇物取締法,Poisonous and Deleterious Substances Control Act,NITE-CHRIP RJ_03_001 法律又は政令番号: 政令第1条第23号,340CO0000000002
593-89-5,poison,毒物,Poison,毒物及び劇物取締法,Poisonous and Deleterious Substances Control Act,NITE-CHRIP RJ_03_001 法律又は政令番号: 政令第1条第23号,340CO0000000002
5970-32-1,poison,毒物,Poison,毒物及び劇物取締法,Poisonous and Deleterious Substances Control Act,NITE-CHRIP RJ_03_001 法律又は政令番号: 政令第1条第17号,340CO0000000002
598-14-1,poison,毒物,Poison,毒物及び劇物取締法,Poisonous and Deleterious Substances Control Act,NITE-CHRIP RJ_03_001 法律又は政令番号: 政令第1条第23号,340CO0000000002
60-24-2,poison,毒物,Poison,毒物及び劇物取締法,Poisonous and Deleterious Substances Control Act,NITE-CHRIP RJ_03_001 法律又は政令番号: 政令第1条第26号の12,340CO0000000002
60-24-2,poison,毒物,Poison,毒物及び劇物取締法,Poisonous and Deleterious Substances Control Act,毒物及び劇物指定令 第一条（毒物）,340CO0000000002
60-41-3,poison,毒物,Poison,毒物及び劇物取締法,Poisonous and Deleterious Substances Control Act,NITE-CHRIP RJ_03_001 法律又は政令番号: 政令第1条第17号の2,340CO0000000002
60120-57-2,poison,毒物,Poison,毒物及び劇物取締法,Poisonous and Deleterious Substances Control Act,NITE-CHRIP RJ_03_001 法律又は政令番号: 政令第1条第22号,340CO0000000002
60120-57-2,poison,毒物,Poison,毒物及び劇物取締法,Poisonous and Deleterious Substances Control Act,NITE-CHRIP RJ_03_001 法律又は政令番号: 法律別表第1の20,340CO0000000002
603-32-7,poison,毒物,Poison,毒物及び劇物取締法,Poisonous and Deleterious Substances Control Act,NITE-CHRIP RJ_03_001 法律又は政令番号: 政令第1条第23号,340CO0000000002
60646-36-8,poison,毒物,Poison,毒物及び劇物取締法,Poisonous and Deleterious Substances Control Act,NITE-CHRIP RJ_03_001 法律又は政令番号: 政令第1条第23号,340CO0000000002
609-93-8,poison,毒物,Poison,毒物及び劇物取締法,Poisonous and Deleterious Substances Control Act,NITE-CHRIP RJ_03_001 法律又は政令番号: 法律別表第1の10,340CO0000000002
61462-16-6,poison,毒物,Poison,毒物及び劇物取締法,Poisonous and Deleterious Substances Control Act,NITE-CHRIP RJ_03_001 法律又は政令番号: 政令第1条第23号,340CO0000000002
617-75-4,poison,毒物,Poison,毒物及び劇物取締法,Poisonous and Deleterious Substances Control Act,NITE-CHRIP RJ_03_001 法律又は政令番号: 政令第1条第23号,340CO0000000002
618-25-7,poison,毒物,Poison,毒物及び劇物取締法,Poisonous and Deleterious Substances Control Act,NITE-CHRIP RJ_03_001 法律又は政令番号: 政令第1条第23号,340CO0000000002
62-38-4,poison,毒物,Poison,毒物及び劇物取締法,Poisonous and Deleterious Substances Control Act,NITE-CHRIP RJ_03_001 法律又は政令番号: 政令第1条第17号,340CO0000000002
62638-02-2,poison,毒物,Poison,毒物及び劇物取締法,Poisonous and Deleterious Substances Control Act,NITE-CHRIP RJ_03_001 法律又は政令番号: 政令第1条第17号,340CO0000000002
627-44-1,poison,毒物,Poison,毒物及び劇物取締法,Poisonous and Deleterious Substances Control Act,NITE-CHRIP RJ_03_001 法律又は政令番号: 政令第1条第17号,340CO0000000002
627-53-2,poison,毒物,Poison,毒物及び劇物取締法,Poisonous and Deleterious Substances Control Act,NITE-CHRIP RJ_03_001 法律又は政令番号: 政令第1条第18号,340CO0000000002
62702-52-7,poison,毒物,Poison,毒物及び劇物取締法,Poisonous and Deleterious Substances Control Act,NITE-CHRIP RJ_03_001 法律又は政令番号: 政令第1条第23号,340CO0000000002
628-39-7,poison,毒物,Poison,毒物及び劇物取締法,Poisonous and Deleterious Substances Control Act,NITE-CHRIP RJ_03_001 法律又は政令番号: 政令第1条第18号,340CO0000000002
6283-24-5,poison,毒物,Poison,毒物及び劇物取締法,Poisonous and Deleterious Substances Control Act,NITE-CHRIP RJ_03_001 法律又は政令番号: 政令第1条第17号,340CO0000000002
629-35-6,poison,毒物,Poison,毒物及び劇物取締法,Poisonous and Deleterious Substances Control Act,NITE-CHRIP RJ_03_001 法律又は政令番号: 政令第1条第17号,340CO0000000002
630-10-4,poison,毒物,Poison,毒物及び劇物取締法,Poisonous and Deleterious Substances Control Act,NITE-CHRIP RJ_03_001 法律又は政令番号: 政令第1条第18号,340CO0000000002
631-60-7,poison,毒物,Poison,毒物及び劇物取締法,Poisonous and Deleterious Substances Control Act,NITE-CHRIP RJ_03_001 法律又は政令番号: 政令第1条第17号,340CO0000000002
637-03-6,poison,毒物,Poison,毒物及び劇物取締法,Poisonous and Deleterious Substances Control Act,NITE-CHRIP RJ_03_001 法律又は政令番号: 政令第1条第23号,340CO0000000002
63989-69-5,poison,毒物,Poison,毒物及び劇物取締法,Poisonous and Deleterious Substances Control Act,NITE-CHRIP RJ_03_001 法律又は政令番号: 政令第1条第23号,340CO0000000002
640-19-7,poison,毒物,Poison,毒物及び劇物取締法,Poisonous and Deleterious Substances Control Act,NITE-CHRIP RJ_03_001 法律又は政令番号: 政令第1条第28号,340CO0000000002
640-19-7,poison,毒物,Poison,毒物及び劇物取締法,Poisonous and Deleterious Substances Control Act,NITE-CHRIP RJ_03_001 法律又は政令番号: 法律別表第1の26,340CO0000000002
640-19-7,poison,毒物,Poison,毒物及び劇物取締法,Poisonous and Deleterious Substances Control Act,毒物及び劇物指定令 第一条（毒物）,340CO0000000002
645-96-5,poison,毒物,Poison,毒物及び劇物取締法,Poisonous and Deleterious Substances Control Act,NITE-CHRIP RJ_03_001 法律又は政令番号: 政令第1条第18号,340CO0000000002
64609-06-9,poison,毒物,Poison,毒物及び劇物取締法,Poisonous and Deleterious Substances Control Act,NITE-CHRIP RJ_03_001 法律又は政令番号: 政令第1条第24号の4,340CO0000000002
6486-05-1,poison,毒物,Poison,毒物及び劇物取締法,Poisonous and Deleterious Substances Control Act,NITE-CHRIP RJ_03_001 法律又は政令番号: 政令第1条第18号,340CO0000000002
65-30-5,poison,毒物,Poison,毒物及び劇物取締法,Poisonous and Deleterious Substances Control Act,NITE-CHRIP RJ_03_001 法律又は政令番号: 政令第1条第21号,340CO0000000002
65-31-6,poison,毒物,Poison,毒物及び劇物取締法,Poisonous and Deleterious Substances Control Act,NITE-CHRIP RJ_03_001 法律又は政令番号: 政令第1条第21号,340CO0000000002
65113-28-2,poison,毒物,Poison,毒物及び劇物取締法,Poisonous and Deleterious Substances Control Act,NITE-CHRIP RJ_03_001 法律又は政令番号: 政令第1条第23号,340CO0000000002
65195-55-3,poison,毒物,Poison,毒物及び劇物取締法,Poisonous and Deleterious Substances Control Act,NITE-CHRIP RJ_03_001 法律又は政令番号: 政令第1条第1号の4,340CO0000000002
65195-56-4,poison,毒物,Poison,毒物及び劇物取締法,Poisonous and Deleterious Substances Control Act,NITE-CHRIP RJ_03_001 法律又は政令番号: 政令第1条第1号の4,340CO0000000002
65580-79-2,poison,毒物,Poison,毒物及び劇物取締法,Poisonous and Deleterious Substances Control Act,NITE-CHRIP RJ_03_001 法律又は政令番号: 法律別表第1の1,340CO0000000002
65580-80-5,poison,毒物,Poison,毒物及び劇物取締法,Poisonous and Deleterious Substances Control Act,NITE-CHRIP RJ_03_001 法律又は政令番号: 法律別表第1の1,340CO0000000002
65907-30-4,poison,毒物,Poison,毒物及び劇物取締法,Poisonous and Deleterious Substances Control Act,NITE-CHRIP RJ_03_001 法律又は政令番号: 政令第1条第23号の5,340CO0000000002
65907-30-4,poison,毒物,Poison,毒物及び劇物取締法,Poisonous and Deleterious Substances Control Act,毒物及び劇物指定令 第一条（毒物）,340CO0000000002
66-32-0,poison,毒物,Poison,毒物及び劇物取締法,Poisonous and Deleterious Substances Control Act,NITE-CHRIP RJ_03_001 法律又は政令番号: 政令第1条第17号の2,340CO0000000002
66-56-8,poison,毒物,Poison,毒物及び劇物取締法,Poisonous and Deleterious Substances Control Act,NITE-CHRIP RJ_03_001 法律又は政令番号: 政令第1条第12号の2,340CO0000000002
66358-72-3,poison,毒物,Poison,毒物及び劇物取締法,Poisonous and Deleterious Substances Control Act,NITE-CHRIP RJ_03_001 法律又は政令番号: 政令第1条第8号,340CO0000000002
66375-26-6,poison,毒物,Poison,毒物及び劇物取締法,Poisonous and Deleterious Substances Control Act,NITE-CHRIP RJ_03_001 法律又は政令番号: 政令第1条第18号,340CO0000000002
676-97-1,poison,毒物,Poison,毒物及び劇物取締法,Poisonous and Deleterious Substances Control Act,NITE-CHRIP RJ_03_001 法律又は政令番号: 政令第1条第26号の8,340CO0000000002
676-97-1,poison,毒物,Poison,毒物及び劇物取締法,Poisonous and Deleterious Substances Control Act,毒物及び劇物指定令 第一条（毒物）,340CO0000000002
6795-81-9,poison,毒物,Poison,毒物及び劇物取締法,Poisonous and Deleterious Substances Control Act,NITE-CHRIP RJ_03_001 法律又は政令番号: 政令第1条第17号,340CO0000000002
681-84-5,poison,毒物,Poison,毒物及び劇物取締法,Poisonous and Deleterious Substances Control Act,NITE-CHRIP RJ_03_001 法律又は政令番号: 政令第1条第5号の2,340CO0000000002
683-18-1,poison,毒物,Poison,毒物及び劇物取締法,Poisonous and Deleterious Substances Control Act,NITE-CHRIP RJ_03_001 法律又は政令番号: 政令第1条第13号の3,340CO0000000002
696-28-6,poison,毒物,Poison,毒物及び劇物取締法,Poisonous and Deleterious Substances Control Act,NITE-CHRIP RJ_03_001 法律又は政令番号: 政令第1条第23号,340CO0000000002
6996-92-5,poison,毒物,Poison,毒物及び劇物取締法,Poisonous and Deleterious Substances Control Act,NITE-CHRIP RJ_03_001 法律又は政令番号: 政令第1条第18号,340CO0000000002
71-43-2,poison,毒物,Poison,毒物及び劇物取締法,Poisonous and Deleterious Substances Control Act,毒物及び劇物指定令 第一条（毒物）,340CO0000000002
7101-31-7,poison,毒物,Poison,毒物及び劇物取締法,Poisonous and Deleterious Substances Control Act,NITE-CHRIP RJ_03_001 法律又は政令番号: 政令第1条第18号,340CO0000000002
71098-88-9,poison,毒物,Poison,毒物及び劇物取締法,Poisonous and Deleterious Substances Control Act,NITE-CHRIP RJ_03_001 法律又は政令番号: 政令第1条第18号,340CO0000000002
712-48-1,poison,毒物,Poison,毒物及び劇物取締法,Poisonous and Deleterious Substances Control Act,NITE-CHRIP RJ_03_001 法律又は政令番号: 政令第1条第23号,340CO0000000002
71751-41-2,poison,毒物,Poison,毒物及び劇物取締法,Poisonous and Deleterious Substances Control Act,NITE-CHRIP RJ_03_001 法律又は政令番号: 政令第1条第1号の4,340CO0000000002
72-20-8,poison,毒物,Poison,毒物及び劇物取締法,Poisonous and Deleterious Substances Control Act,NITE-CHRIP RJ_03_001 法律又は政令番号: 政令第1条第25号,340CO0000000002
72-20-8,poison,毒物,Poison,毒物及び劇物取締法,Poisonous and Deleterious Substances Control Act,NITE-CHRIP RJ_03_001 法律又は政令番号: 法律別表第1の23,340CO0000000002
72-20-8,poison,毒物,Poison,毒物及び劇物取締法,Poisonous and Deleterious Substances Control Act,毒物及び劇物指定令 第一条（毒物）,340CO0000000002
73548-15-9,poison,毒物,Poison,毒物及び劇物取締法,Poisonous and Deleterious Substances Control Act,NITE-CHRIP RJ_03_001 法律又は政令番号: 政令第1条第17号,340CO0000000002
73688-85-4,poison,毒物,Poison,毒物及び劇物取締法,Poisonous and Deleterious Substances Control Act,NITE-CHRIP RJ_03_001 法律又は政令番号: 政令第1条第23号,340CO0000000002
73963-97-0,poison,毒物,Poison,毒物及び劇物取締法,Poisonous and Deleterious Substances Control Act,NITE-CHRIP RJ_03_001 法律又は政令番号: 政令第1条第8号,340CO0000000002
74-90-8,poison,毒物,Poison,毒物及び劇物取締法,Poisonous and Deleterious Substances Control Act,NITE-CHRIP RJ_03_001 法律又は政令番号: 法律別表第1の7,340CO0000000002
74-93-1,poison,毒物,Poison,毒物及び劇物取締法,Poisonous and Deleterious Substances Control Act,NITE-CHRIP RJ_03_001 法律又は政令番号: 政令第1条第26号の10,340CO0000000002
74-93-1,poison,毒物,Poison,毒物及び劇物取締法,Poisonous and Deleterious Substances Control Act,毒物及び劇物指定令 第一条（毒物）,340CO0000000002
7439-97-6,poison,毒物,Poison,毒物及び劇物取締法,Poisonous and Deleterious Substances Control Act,NITE-CHRIP RJ_03_001 法律又は政令番号: 法律別表第1の15,340CO0000000002
7440-38-2,poison,毒物,Poison,毒物及び劇物取締法,Poisonous and Deleterious Substances Control Act,NITE-CHRIP RJ_03_001 法律又は政令番号: 法律別表第1の21,340CO0000000002
7446-08-4,poison,毒物,Poison,毒物及び劇物取締法,Poisonous and Deleterious Substances Control Act,NITE-CHRIP RJ_03_001 法律又は政令番号: 政令第1条第18号,340CO0000000002
7446-34-6,poison,毒物,Poison,毒物及び劇物取締法,Poisonous and Deleterious Substances Control Act,NITE-CHRIP RJ_03_001 法律又は政令番号: 政令第1条第18号,340CO0000000002
7487-94-7,poison,毒物,Poison,毒物及び劇物取締法,Poisonous and Deleterious Substances Control Act,NITE-CHRIP RJ_03_001 法律又は政令番号: 政令第1条第17号,340CO0000000002
7488-56-4,poison,毒物,Poison,毒物及び劇物取締法,Poisonous and Deleterious Substances Control Act,NITE-CHRIP RJ_03_001 法律又は政令番号: 政令第1条第18号,340CO0000000002
75-44-5,poison,毒物,Poison,毒物及び劇物取締法,Poisonous and Deleterious Substances Control Act,NITE-CHRIP RJ_03_001 法律又は政令番号: 政令第1条第26号の4,340CO0000000002
75-44-5,poison,毒物,Poison,毒物及び劇物取締法,Poisonous and Deleterious Substances Control Act,毒物及び劇物指定令 第一条（毒物）,340CO0000000002
75-59-2,poison,毒物,Poison,毒物及び劇物取締法,Poisonous and Deleterious Substances Control Act,NITE-CHRIP RJ_03_001 法律又は政令番号: 政令第1条第19号の3,340CO0000000002
75-59-2,poison,毒物,Poison,毒物及び劇物取締法,Poisonous and Deleterious Substances Control Act,毒物及び劇物指定令 第一条（毒物）,340CO0000000002
75-60-5,poison,毒物,Poison,毒物及び劇物取締法,Poisonous and Deleterious Substances Control Act,NITE-CHRIP RJ_03_001 法律又は政令番号: 政令第1条第23号,340CO0000000002
7616-83-3,poison,毒物,Poison,毒物及び劇物取締法,Poisonous and Deleterious Substances Control Act,NITE-CHRIP RJ_03_001 法律又は政令番号: 政令第1条第17号,340CO0000000002
7631-89-2,poison,毒物,Poison,毒物及び劇物取締法,Poisonous and Deleterious Substances Control Act,NITE-CHRIP RJ_03_001 法律又は政令番号: 政令第1条第23号,340CO0000000002
7637-07-2,poison,毒物,Poison,毒物及び劇物取締法,Poisonous and Deleterious Substances Control Act,NITE-CHRIP RJ_03_001 法律又は政令番号: 政令第1条第6号の14,340CO0000000002
7645-25-2,poison,毒物,Poison,毒物及び劇物取締法,Poisonous and Deleterious Substances Control Act,NITE-CHRIP RJ_03_001 法律又は政令番号: 政令第1条第23号,340CO0000000002
7664-39-3,poison,毒物,Poison,毒物及び劇物取締法,Poisonous and Deleterious Substances Control Act,NITE-CHRIP RJ_03_001 法律又は政令番号: 政令第1条第24号,340CO0000000002
7664-39-3,poison,毒物,Poison,毒物及び劇物取締法,Poisonous and Deleterious Substances Control Act,NITE-CHRIP RJ_03_001 法律又は政令番号: 法律別表第1の22,340CO0000000002
77-47-4,poison,毒物,Poison,毒物及び劇物取締法,Poisonous and Deleterious Substances Control Act,NITE-CHRIP RJ_03_001 法律又は政令番号: 政令第1条第26号の2,340CO0000000002
77-47-4,poison,毒物,Poison,毒物及び劇物取締法,Poisonous and Deleterious Substances Control Act,毒物及び劇物指定令 第一条（毒物）,340CO0000000002
7719-12-2,poison,毒物,Poison,毒物及び劇物取締法,Poisonous and Deleterious Substances Control Act,NITE-CHRIP RJ_03_001 法律又は政令番号: 政令第1条第6号の12,340CO0000000002
7723-14-0,poison,毒物,Poison,毒物及び劇物取締法,Poisonous and Deleterious Substances Control Act,NITE-CHRIP RJ_03_001 法律又は政令番号: 法律別表第1の2,340CO0000000002
7774-29-0,poison,毒物,Poison,毒物及び劇物取締法,Poisonous and Deleterious Substances Control Act,NITE-CHRIP RJ_03_001 法律又は政令番号: 政令第1条第17号,340CO0000000002
7774-41-6,poison,毒物,Poison,毒物及び劇物取締法,Poisonous and Deleterious Substances Control Act,NITE-CHRIP RJ_03_001 法律又は政令番号: 政令第1条第23号,340CO0000000002
7778-39-4,poison,毒物,Poison,毒物及び劇物取締法,Poisonous and Deleterious Substances Control Act,NITE-CHRIP RJ_03_001 法律又は政令番号: 政令第1条第23号,340CO0000000002
7778-43-0,poison,毒物,Poison,毒物及び劇物取締法,Poisonous and Deleterious Substances Control Act,NITE-CHRIP RJ_03_001 法律又は政令番号: 政令第1条第23号,340CO0000000002
7778-44-1,poison,毒物,Poison,毒物及び劇物取締法,Poisonous and Deleterious Substances Control Act,NITE-CHRIP RJ_03_001 法律又は政令番号: 政令第1条第23号,340CO0000000002
7782-49-2,poison,毒物,Poison,毒物及び劇物取締法,Poisonous and Deleterious Substances Control Act,NITE-CHRIP RJ_03_001 法律又は政令番号: 法律別表第1の16,340CO0000000002
7782-82-3,poison,毒物,Poison,毒物及び劇物取締法,Poisonous and Deleterious Substances Control Act,NITE-CHRIP RJ_03_001 法律又は政令番号: 政令第1条第18号,340CO0000000002
7782-86-7,poison,毒物,Poison,毒物及び劇物取締法,Poisonous and Deleterious Substances Control Act,NITE-CHRIP RJ_03_001 法律又は政令番号: 政令第1条第17号,340CO0000000002
7783-00-8,poison,毒物,Poison,毒物及び劇物取締法,Poisonous and Deleterious Substances Control Act,NITE-CHRIP RJ_03_001 法律又は政令番号: 政令第1条第18号,340CO0000000002
7783-07-5,poison,毒物,Poison,毒物及び劇物取締法,Poisonous and Deleterious Substances Control Act,NITE-CHRIP RJ_03_001 法律又は政令番号: 政令第1条第18号,340CO0000000002
7783-08-6,poison,毒物,Poison,毒物及び劇物取締法,Poisonous and Deleterious Substances Control Act,NITE-CHRIP RJ_03_001 法律又は政令番号: 政令第1条第18号,340CO0000000002
7783-19-9,poison,毒物,Poison,毒物及び劇物取締法,Poisonous and Deleterious Substances Control Act,NITE-CHRIP RJ_03_001 法律又は政令番号: 政令第1条第18号,340CO0000000002
7783-21-3,poison,毒物,Poison,毒物及び劇物取締法,Poisonous and Deleterious Substances Control Act,NITE-CHRIP RJ_03_001 法律又は政令番号: 政令第1条第18号,340CO0000000002
7783-33-7,poison,毒物,Poison,毒物及び劇物取締法,Poisonous and Deleterious Substances Control Act,NITE-CHRIP RJ_03_001 法律又は政令番号: 政令第1条第17号,340CO0000000002
7783-34-8,poison,毒物,Poison,毒物及び劇物取締法,Poisonous and Deleterious Substances Control Act,NITE-CHRIP RJ_03_001 法律又は政令番号: 政令第1条第17号,340CO0000000002
7783-35-9,poison,毒物,Poison,毒物及び劇物取締法,Poisonous and Deleterious Substances Control Act,NITE-CHRIP RJ_03_001 法律又は政令番号: 政令第1条第17号,340CO0000000002
7783-36-0,poison,毒物,Poison,毒物及び劇物取締法,Poisonous and Deleterious Substances Control Act,NITE-CHRIP RJ_03_001 法律又は政令番号: 政令第1条第17号,340CO0000000002
7783-39-3,poison,毒物,Poison,毒物及び劇物取締法,Poisonous and Deleterious Substances Control Act,NITE-CHRIP RJ_03_001 法律又は政令番号: 政令第1条第17号,340CO0000000002
7783-55-3,poison,毒物,Poison,毒物及び劇物取締法,Poisonous and Deleterious Substances Control Act,NITE-CHRIP RJ_03_001 法律又は政令番号: 政令第1条第6号の15,340CO0000000002
7783-60-0,poison,毒物,Poison,毒物及び劇物取締法,Poisonous and Deleterious Substances Control Act,NITE-CHRIP RJ_03_001 法律又は政令番号: 政令第1条第13号の4,340CO0000000002
7783-79-1,poison,毒物,Poison,毒物及び劇物取締法,Poisonous and Deleterious Substances Control Act,NITE-CHRIP RJ_03_001 法律又は政令番号: 政令第1条第18号,340CO0000000002
7783-82-6,poison,毒物,Poison,毒物及び劇物取締法,Poisonous and Deleterious Substances Control Act,NITE-CHRIP RJ_03_001 法律又は政令番号: 政令第1条第31号,340CO0000000002
7784-03-4,poison,毒物,Poison,毒物及び劇物取締法,Poisonous and Deleterious Substances Control Act,NITE-CHRIP RJ_03_001 法律又は政令番号: 政令第1条第17号,340CO0000000002
7784-08-9,poison,毒物,Poison,毒物及び劇物取締法,Poisonous and Deleterious Substances Control Act,NITE-CHRIP RJ_03_001 法律又は政令番号: 政令第1条第23号,340CO0000000002
7784-33-0,poison,毒物,Poison,毒物及び劇物取締法,Poisonous and Deleterious Substances Control Act,NITE-CHRIP RJ_03_001 法律又は政令番号: 政令第1条第23号,340CO0000000002
7784-34-1,poison,毒物,Poison,毒物及び劇物取締法,Poisonous and Deleterious Substances Control Act,NITE-CHRIP RJ_03_001 法律又は政令番号: 政令第1条第23号,340CO0000000002
7784-35-2,poison,毒物,Poison,毒物及び劇物取締法,Poisonous and Deleterious Substances Control Act,NITE-CHRIP RJ_03_001 法律又は政令番号: 政令第1条第23号,340CO0000000002
7784-36-3,poison,毒物,Poison,毒物及び劇物取締法,Poisonous and Deleterious Substances Control Act,NITE-CHRIP RJ_03_001 法律又は政令番号: 政令第1条第23号,340CO0000000002
7784-37-4,poison,毒物,Poison,毒物及び劇物取締法,Poisonous and Deleterious Substances Control Act,NITE-CHRIP RJ_03_001 法律又は政令番号: 政令第1条第23号,340CO0000000002
7784-38-5,poison,毒物,Poison,毒物及び劇物取締法,Poisonous and Deleterious Substances Control Act,NITE-CHRIP RJ_03_001 法律又は政令番号: 政令第1条第23号,340CO0000000002
7784-40-9,poison,毒物,Poison,毒物及び劇物取締法,Poisonous and Deleterious Substances Control Act,NITE-CHRIP RJ_03_001 法律又は政令番号: 政令第1条第23号,340CO0000000002
7784-41-0,poison,毒物,Poison,毒物及び劇物取締法,Poisonous and Deleterious Substances Control Act,NITE-CHRIP RJ_03_001 法律又は政令番号: 政令第1条第23号,340CO0000000002
7784-42-1,poison,毒物,Poison,毒物及び劇物取締法,Poisonous and Deleterious Substances Control Act,NITE-CHRIP RJ_03_001 法律又は政令番号: 政令第1条第23号,340CO0000000002
7784-44-3,poison,毒物,Poison,毒物及び劇物取締法,Poisonous and Deleterious Substances Control Act,NITE-CHRIP RJ_03_001 法律又は政令番号: 政令第1条第23号,340CO0000000002
7784-45-4,poison,毒物,Poison,毒物及び劇物取締法,Poisonous and Deleterious Substances Control Act,NITE-CHRIP RJ_03_001 法律又は政令番号: 政令第1条第23号,340CO0000000002
7784-46-5,poison,毒物,Poison,毒物及び劇物取締法,Poisonous and Deleterious Substances Control Act,NITE-CHRIP RJ_03_001 法律又は政令番号: 政令第1条第23号,340CO0000000002
7787-41-9,poison,毒物,Poison,毒物及び劇物取締法,Poisonous and Deleterious Substances Control Act,NITE-CHRIP RJ_03_001 法律又は政令番号: 政令第1条第18号,340CO0000000002
7788-94-5,poison,毒物,Poison,毒物及び劇物取締法,Poisonous and Deleterious Substances Control Act,NITE-CHRIP RJ_03_001 法律又は政令番号: 政令第1条第18号,340CO0000000002
7789-10-8,poison,毒物,Poison,毒物及び劇物取締法,Poisonous and Deleterious Substances Control Act,NITE-CHRIP RJ_03_001 法律又は政令番号: 政令第1条第17号,340CO0000000002
7789-21-1,poison,毒物,Poison,毒物及び劇物取締法,Poisonous and Deleterious Substances Control Act,NITE-CHRIP RJ_03_001 法律又は政令番号: 政令第1条第24号の3,340CO0000000002
7789-21-1,poison,毒物,Poison,毒物及び劇物取締法,Poisonous and Deleterious Substances Control Act,毒物及び劇物指定令 第一条（毒物）,340CO0000000002
7789-47-1,poison,毒物,Poison,毒物及び劇物取締法,Poisonous and Deleterious Substances Control Act,NITE-CHRIP RJ_03_001 法律又は政令番号: 政令第1条第17号,340CO0000000002
7789-65-3,poison,毒物,Poison,毒物及び劇物取締法,Poisonous and Deleterious Substances Control Act,NITE-CHRIP RJ_03_001 法律又は政令番号: 政令第1条第18号,340CO0000000002
7790-59-2,poison,毒物,Poison,毒物及び劇物取締法,Poisonous and Deleterious Substances Control Act,NITE-CHRIP RJ_03_001 法律又は政令番号: 政令第1条第18号,340CO0000000002
7790-71-8,poison,毒物,Poison,毒物及び劇物取締法,Poisonous and Deleterious Substances Control Act,NITE-CHRIP RJ_03_001 法律又は政令番号: 政令第1条第18号,340CO0000000002
7790-74-1,poison,毒物,Poison,毒物及び劇物取締法,Poisonous and Deleterious Substances Control Act,NITE-CHRIP RJ_03_001 法律又は政令番号: 政令第1条第18号,340CO0000000002
7791-23-3,poison,毒物,Poison,毒物及び劇物取締法,Poisonous and Deleterious Substances Control Act,NITE-CHRIP RJ_03_001 法律又は政令番号: 政令第1条第18号,340CO0000000002
7803-51-2,poison,毒物,Poison,毒物及び劇物取締法,Poisonous and Deleterious Substances Control Act,NITE-CHRIP RJ_03_001 法律又は政令番号: 政令第1条第30号,340CO0000000002
79-19-6,poison,毒物,Poison,毒物及び劇物取締法,Poisonous and Deleterious Substances Control Act,NITE-CHRIP RJ_03_001 法律又は政令番号: 法律別表第1の17,340CO0000000002
79538-32-2,poison,毒物,Poison,毒物及び劇物取締法,Poisonous and Deleterious Substances Control Act,NITE-CHRIP RJ_03_001 法律又は政令番号: 政令第1条第19号の2,340CO0000000002
79538-32-2,poison,毒物,Poison,毒物及び劇物取締法,Poisonous and Deleterious Substances Control Act,毒物及び劇物指定令 第一条（毒物）,340CO0000000002
8003-05-2,poison,毒物,Poison,毒物及び劇物取締法,Poisonous and Deleterious Substances Control Act,NITE-CHRIP RJ_03_001 法律又は政令番号: 政令第1条第17号,340CO0000000002
8022-00-2,poison,毒物,Poison,毒物及び劇物取締法,Poisonous and Deleterious Substances Control Act,NITE-CHRIP RJ_03_001 法律又は政令番号: 政令第1条第14号,340CO0000000002
8022-00-2,poison,毒物,Poison,毒物及び劇物取締法,Poisonous and Deleterious Substances Control Act,NITE-CHRIP RJ_03_001 法律又は政令番号: 法律別表第1の12,340CO0000000002
8022-00-2,poison,毒物,Poison,毒物及び劇物取締法,Poisonous and Deleterious Substances Control Act,毒物及び劇物指定令 第一条（毒物）,340CO0000000002
8048-12-2,poison,毒物,Poison,毒物及び劇物取締法,Poisonous and Deleterious Substances Control Act,NITE-CHRIP RJ_03_001 法律又は政令番号: 政令第1条第1号の7,340CO0000000002
8048-12-2,poison,毒物,Poison,毒物及び劇物取締法,Poisonous and Deleterious Substances Control Act,毒物及び劇物指定令 第一条（毒物）,340CO0000000002
8063-06-7,poison,毒物,Poison,毒物及び劇物取締法,Poisonous and Deleterious Substances Control Act,NITE-CHRIP RJ_03_001 法律又は政令番号: 政令第1条第6号,340CO0000000002
8063-06-7,poison,毒物,Poison,毒物及び劇物取締法,Poisonous and Deleterious Substances Control Act,NITE-CHRIP RJ_03_001 法律又は政令番号: 法律別表第1の5,340CO0000000002
8063-06-7,poison,毒物,Poison,毒物及び劇物取締法,Poisonous and Deleterious Substances Control Act,毒物及び劇物指定令 第一条（毒物）,340CO0000000002
818-61-1,poison,毒物,Poison,毒物及び劇物取締法,Poisonous and Deleterious Substances Control Act,NITE-CHRIP RJ_03_001 法律又は政令番号: 政令第1条第23号の3,340CO0000000002
82-66-6,poison,毒物,Poison,毒物及び劇物取締法,Poisonous and Deleterious Substances Control Act,NITE-CHRIP RJ_03_001 法律又は政令番号: 政令第1条第13号の2,340CO0000000002
82-66-6,poison,毒物,Poison,毒物及び劇物取締法,Poisonous and Deleterious Substances Control Act,毒物及び劇物指定令 第一条（毒物）,340CO0000000002
869-29-4,poison,毒物,Poison,毒物及び劇物取締法,Poisonous and Deleterious Substances Control Act,NITE-CHRIP RJ_03_001 法律又は政令番号: 政令第1条第6号の16,340CO0000000002
869-29-4,poison,毒物,Poison,毒物及び劇物取締法,Poisonous and Deleterious Substances Control Act,毒物及び劇物指定令 第一条（毒物）,340CO0000000002
88-85-7,poison,毒物,Poison,毒物及び劇物取締法,Poisonous and Deleterious Substances Control Act,NITE-CHRIP RJ_03_001 法律又は政令番号: 政令第1条第13号,340CO0000000002
88-85-7,poison,毒物,Poison,毒物及び劇物取締法,Poisonous and Deleterious Substances Control Act,NITE-CHRIP RJ_03_001 法律又は政令番号: 法律別表第1の11,340CO0000000002
88-85-7,poison,毒物,Poison,毒物及び劇物取締法,Poisonous and Deleterious Substances Control Act,毒物及び劇物指定令 第一条（毒物）,340CO0000000002
88608-76-8,poison,毒物,Poison,毒物及び劇物取締法,Poisonous and Deleterious Substances Control Act,NITE-CHRIP RJ_03_001 法律又は政令番号: 政令第1条第18号,340CO0000000002
91235-82-4,poison,毒物,Poison,毒物及び劇物取締法,Poisonous and Deleterious Substances Control Act,NITE-CHRIP RJ_03_001 法律又は政令番号: 政令第1条第8号,340CO0000000002
91724-16-2,poison,毒物,Poison,毒物及び劇物取締法,Poisonous and Deleterious Substances Control Act,NITE-CHRIP RJ_03_001 法律又は政令番号: 政令第1条第23号,340CO0000000002
94238-21-8,poison,毒物,Poison,毒物及び劇物取締法,Poisonous and Deleterious Substances Control Act,NITE-CHRIP RJ_03_001 法律又は政令番号: 政令第1条第17号,340CO0000000002
95465-99-9,poison,毒物,Poison,毒物及び劇物取締法,Poisonous and Deleterious Substances Control Act,NITE-CHRIP RJ_03_001 法律又は政令番号: 政令第1条第22号の3,340CO0000000002
95465-99-9,poison,毒物,Poison,毒物及び劇物取締法,Poisonous and Deleterious Substances Control Act,毒物及び劇物指定令 第一条（毒物）,340CO0000000002
96-23-1,poison,毒物,Poison,毒物及び劇物取締法,Poisonous and Deleterious Substances Control Act,NITE-CHRIP RJ_03_001 法律又は政令番号: 政令第1条第10号の3,340CO0000000002
96-23-1,poison,毒物,Poison,毒物及び劇物取締法,Poisonous and Deleterious Substances Control Act,毒物及び劇物指定令 第一条（毒物）,340CO0000000002
96-24-2,poison,毒物,Poison,毒物及び劇物取締法,Poisonous and Deleterious Substances Control Act,NITE-CHRIP RJ_03_001 法律又は政令番号: 政令第1条第6号の8,340CO0000000002
96-24-2,poison,毒物,Poison,毒物及び劇物取締法,Poisonous and Deleterious Substances Control Act,毒物及び劇物指定令 第一条（毒物）,340CO0000000002
96-34-4,poison,毒物,Poison,毒物及び劇物取締法,Poisonous and Deleterious Substances Control Act,NITE-CHRIP RJ_03_001 法律又は政令番号: 政令第1条第6号の4,340CO0000000002
96-34-4,poison,毒物,Poison,毒物及び劇物取締法,Poisonous and Deleterious Substances Control Act,毒物及び劇物指定令 第一条（毒物）,340CO0000000002
97-00-7,poison,毒物,Poison,毒物及び劇物取締法,Poisonous and Deleterious Substances Control Act,NITE-CHRIP RJ_03_001 法律又は政令番号: 政令第1条第6号の5,340CO0000000002
97-00-7,poison,毒物,Poison,毒物及び劇物取締法,Poisonous and Deleterious Substances Control Act,毒物及び劇物指定令 第一条（毒物）,340CO0000000002
97-44-9,poison,毒物,Poison,毒物及び劇物取締法,Poisonous and Deleterious Substances Control Act,NITE-CHRIP RJ_03_001 法律又は政令番号: 政令第1条第23号,340CO0000000002
98-05-5,poison,毒物,Poison,毒物及び劇物取締法,Poisonous and Deleterious Substances Control Act,NITE-CHRIP RJ_03_001 法律又は政令番号: 政令第1条第23号,340CO0000000002
98-07-7,poison,毒物,Poison,毒物及び劇物取締法,Poisonous and Deleterious Substances Control Act,NITE-CHRIP RJ_03_001 法律又は政令番号: 政令第1条第19号の5,340CO0000000002
98-09-9,poison,毒物,Poison,毒物及び劇物取締法,Poisonous and Deleterious Substances Control Act,NITE-CHRIP RJ_03_001 法律又は政令番号: 政令第1条第2号の3,340CO0000000002
98-09-9,poison,毒物,Poison,毒物及び劇物取締法,Poisonous and Deleterious Substances Control Act,毒物及び劇物指定令 第一条（毒物）,340CO0000000002
98-50-0,poison,毒物,Poison,毒物及び劇物取締法,Poisonous and Deleterious Substances Control Act,NITE-CHRIP RJ_03_001 法律又は政令番号: 政令第1条第23号,340CO0000000002
98-87-3,poison,毒物,Poison,毒物及び劇物取締法,Poisonous and Deleterious Substances Control Act,NITE-CHRIP RJ_03_001 法律又は政令番号: 政令第1条第10号の4,340CO0000000002
999-61-1,poison,毒物,Poison,毒物及び劇物取締法,Poisonous and Deleterious Substances Control Act,NITE-CHRIP RJ_03_001 法律又は政令番号: 政令第1条第23号の4,340CO0000000002
nocas-0014,poison,毒物,Poison,毒物及び劇物取締法,Poisonous and Deleterious Substances Control Act,毒物及び劇物指定令 第一条（毒物）,340CO0000000002
107-49-3,specific_poison,特定毒物,Specific Poison,毒物及び劇物取締法,Poisonous and Deleterious Substances Control Act,NITE-CHRIP RJ_03_001 法律又は政令番号: 政令第3条第7号,340CO0000000002
107-49-3,specific_poison,特定毒物,Specific Poison,毒物及び劇物取締法,Poisonous and Deleterious Substances Control Act,NITE-CHRIP RJ_03_001 法律又は政令番号: 法律別表第3の7,340CO0000000002
107-49-3,specific_poison,特定毒物,Specific Poison,毒物及び劇物取締法,Poisonous and Deleterious Substances Control Act,毒物及び劇物指定令 第三条（特定毒物）,340CO0000000002
13171-21-6,specific_poison,特定毒物,Specific Poison,毒物及び劇物取締法,Poisonous and Deleterious Substances Control Act,NITE-CHRIP RJ_03_001 法律又は政令番号: 政令第3条第5号,340CO0000000002
13171-21-6,specific_poison,特定毒物,Specific Poison,毒物及び劇物取締法,Poisonous and Deleterious Substances Control Act,NITE-CHRIP RJ_03_001 法律又は政令番号: 法律別表第3の5,340CO0000000002
13171-21-6,specific_poison,特定毒物,Specific Poison,毒物及び劇物取締法,Poisonous and Deleterious Substances Control Act,毒物及び劇物指定令 第三条（特定毒物）,340CO0000000002
144-49-0,specific_poison,特定毒物,Specific Poison,毒物及び劇物取締法,Poisonous and Deleterious Substances Control Act,NITE-CHRIP RJ_03_001 法律又は政令番号: 法律別表第3の8,340CO0000000002
152-16-9,specific_poison,特定毒物,Specific Poison,毒物及び劇物取締法,Poisonous and Deleterious Substances Control Act,NITE-CHRIP RJ_03_001 法律又は政令番号: 政令第3条第1号,340CO0000000002
152-16-9,specific_poison,特定毒物,Specific Poison,毒物及び劇物取締法,Poisonous and Deleterious Substances Control Act,NITE-CHRIP RJ_03_001 法律又は政令番号: 法律別表第3の1,340CO0000000002
152-16-9,specific_poison,特定毒物,Specific Poison,毒物及び劇物取締法,Poisonous and Deleterious Substances Control Act,毒物及び劇物指定令 第三条（特定毒物）,340CO0000000002
1762-26-1,specific_poison,特定毒物,Specific Poison,毒物及び劇物取締法,Poisonous and Deleterious Substances Control Act,NITE-CHRIP RJ_03_001 法律又は政令番号: 法律別表第1の6,340CO0000000002
1762-27-2,specific_poison,特定毒物,Specific Poison,毒物及び劇物取締法,Poisonous and Deleterious Substances Control Act,NITE-CHRIP RJ_03_001 法律又は政令番号: 法律別表第1の6,340CO0000000002
1762-28-3,specific_poison,特定毒物,Specific Poison,毒物及び劇物取締法,Poisonous and Deleterious Substances Control Act,NITE-CHRIP RJ_03_001 法律又は政令番号: 法律別表第1の6,340CO0000000002
1920-90-7,specific_poison,特定毒物,Specific Poison,毒物及び劇物取締法,Poisonous and Deleterious Substances Control Act,NITE-CHRIP RJ_03_001 法律又は政令番号: 法律別表第1の6,340CO0000000002
298-00-0,specific_poison,特定毒物,Specific Poison,毒物及び劇物取締法,Poisonous and Deleterious Substances Control Act,NITE-CHRIP RJ_03_001 法律又は政令番号: 政令第3条第6号,340CO0000000002
298-00-0,specific_poison,特定毒物,Specific Poison,毒物及び劇物取締法,Poisonous and Deleterious Substances Control Act,NITE-CHRIP RJ_03_001 法律又は政令番号: 法律別表第3の6,340CO0000000002
298-00-0,specific_poison,特定毒物,Specific Poison,毒物及び劇物取締法,Poisonous and Deleterious Substances Control Act,毒物及び劇物指定令 第三条（特定毒物）,340CO0000000002
56-38-2,specific_poison,特定毒物,Specific Poison,毒物及び劇物取締法,Poisonous and Deleterious Substances Control Act,NITE-CHRIP RJ_03_001 法律又は政令番号: 政令第3条第3号,340CO0000000002
56-38-2,specific_poison,特定毒物,Specific Poison,毒物及び劇物取締法,Poisonous and Deleterious Substances Control Act,NITE-CHRIP RJ_03_001 法律又は政令番号: 法律別表第3の3,340CO0000000002
56-38-2,specific_poison,特定毒物,Specific Poison,毒物及び劇物取締法,Poisonous and Deleterious Substances Control Act,毒物及び劇物指定令 第三条（特定毒物）,340CO0000000002
62-74-8,specific_poison,特定毒物,Specific Poison,毒物及び劇物取締法,Poisonous and Deleterious Substances Control Act,NITE-CHRIP RJ_03_001 法律又は政令番号: 政令第1条第27号,340CO0000000002
640-19-7,specific_poison,特定毒物,Specific Poison,毒物及び劇物取締法,Poisonous and Deleterious Substances Control Act,NITE-CHRIP RJ_03_001 法律又は政令番号: 政令第3条第9号,340CO0000000002
640-19-7,specific_poison,特定毒物,Specific Poison,毒物及び劇物取締法,Poisonous and Deleterious Substances Control Act,NITE-CHRIP RJ_03_001 法律又は政令番号: 法律別表第3の9,340CO0000000002
640-19-7,specific_poison,特定毒物,Specific Poison,毒物及び劇物取締法,Poisonous and Deleterious Substances Control Act,毒物及び劇物指定令 第三条（特定毒物）,340CO0000000002
75-74-1,specific_poison,特定毒物,Specific Poison,毒物及び劇物取締法,Poisonous and Deleterious Substances Control Act,NITE-CHRIP RJ_03_001 法律又は政令番号: 法律別表第1の6,340CO0000000002
78-00-2,specific_poison,特定毒物,Specific Poison,毒物及び劇物取締法,Poisonous and Deleterious Substances Control Act,NITE-CHRIP RJ_03_001 法律又は政令番号: 法律別表第1の6,340CO0000000002
8022-00-2,specific_poison,特定毒物,Specific Poison,毒物及び劇物取締法,Poisonous and Deleterious Substances Control Act,NITE-CHRIP RJ_03_001 法律又は政令番号: 政令第3条第4号,340CO0000000002
8022-00-2,specific_poison,特定毒物,Specific Poison,毒物及び劇物取締法,Poisonous and Deleterious Substances Control Act,NITE-CHRIP RJ_03_001 法律又は政令番号: 法律別表第3の4,340CO0000000002
8022-00-2,specific_poison,特定毒物,Specific Poison,毒物及び劇物取締法,Poisonous and Deleterious Substances Control Act,毒物及び劇物指定令 第三条（特定毒物）,340CO0000000002
919-86-8,specific_poison,特定毒物,Specific Poison,毒物及び劇物取締法,Poisonous and Deleterious Substances Control Act,NITE-CHRIP RJ_03_001 法律又は政令番号: 法律別表第1の12,340CO0000000002
nocas-0014,specific_poison,特定毒物,Specific Poison,毒物及び劇物取締法,Poisonous and Deleterious Substances Control Act,毒物及び劇物指定令 第三条（特定毒物）,340CO0000000002
